========== New Cold Start Attempt (2026-08-08T00:00:02.2270973+00:00) ==========
2026-08-08T00:00:02.2270973+00:00 ContainerStream: info: Microsoft.EntityFrameworkCore.Database.Command[20101]
2026-08-08T00:00:02.2348716+00:00 ContainerStream:       Executed DbCommand (3ms) [Parameters=[], CommandType='Text', CommandTimeout='30']
2026-08-08T00:00:02.2349071+00:00 ContainerStream:       SELECT 1
2026-08-08T00:00:02.2349676+00:00 ContainerStream: info: Microsoft.EntityFrameworkCore.Database.Command[20101]
2026-08-08T00:00:02.2349731+00:00 ContainerStream:       Executed DbCommand (2ms) [Parameters=[], CommandType='Text', CommandTimeout='30']
2026-08-08T00:00:02.2349827+00:00 ContainerStream:       SELECT OBJECT_ID(N'[__EFMigrationsHistory]');
2026-08-08T00:00:02.2375798+00:00 ContainerStream: info: Microsoft.EntityFrameworkCore.Database.Command[20101]
2026-08-08T00:00:02.2376254+00:00 ContainerStream:       Executed DbCommand (2ms) [Parameters=[], CommandType='Text', CommandTimeout='30']
2026-08-08T00:00:02.2376358+00:00 ContainerStream:       SELECT [MigrationId], [ProductVersion]
2026-08-08T00:00:02.2376459+00:00 ContainerStream:       FROM [__EFMigrationsHistory]
2026-08-08T00:00:02.2376511+00:00 ContainerStream:       ORDER BY [MigrationId];
2026-08-08T00:00:02.2414721+00:00 ContainerStream: info: Microsoft.EntityFrameworkCore.Database.Command[20101]
2026-08-08T00:00:02.2415150+00:00 ContainerStream:       Executed DbCommand (3ms) [Parameters=[], CommandType='Text', CommandTimeout='30']
2026-08-08T00:00:02.2415249+00:00 ContainerStream:       SELECT TOP(1) [b].[BankAccountNumber]
2026-08-08T00:00:02.2415341+00:00 ContainerStream:       FROM [Beneficiaries] AS [b]
2026-08-08T00:00:02.2415385+00:00 ContainerStream:       ORDER BY [b].[Id]
2026-08-08T00:00:06.4812505+00:00 ContainerStream: info: Microsoft.EntityFrameworkCore.Database.Command[20101]
2026-08-08T00:00:06.4813313+00:00 ContainerStream:       Executed DbCommand (2ms) [Parameters=[], CommandType='Text', CommandTimeout='30']
2026-08-08T00:00:06.4813527+00:00 ContainerStream:       SELECT 1
2026-08-08T00:00:06.4830756+00:00 ContainerStream: info: Microsoft.EntityFrameworkCore.Database.Command[20101]
2026-08-08T00:00:06.4831589+00:00 ContainerStream:       Executed DbCommand (2ms) [Parameters=[], CommandType='Text', CommandTimeout='30']
2026-08-08T00:00:06.4831689+00:00 ContainerStream:       SELECT OBJECT_ID(N'[__EFMigrationsHistory]');
2026-08-08T00:00:06.4859009+00:00 ContainerStream: info: Microsoft.EntityFrameworkCore.Database.Command[20101]
2026-08-08T00:00:06.4861224+00:00 ContainerStream:       Executed DbCommand (1ms) [Parameters=[], CommandType='Text', CommandTimeout='30']
2026-08-08T00:00:06.4861373+00:00 ContainerStream:       SELECT [MigrationId], [ProductVersion]
2026-08-08T00:00:06.4861421+00:00 ContainerStream:       FROM [__EFMigrationsHistory]
2026-08-08T00:00:06.4866507+00:00 ContainerStream:       ORDER BY [MigrationId];
2026-08-08T00:00:06.4878453+00:00 ContainerStream: info: Microsoft.EntityFrameworkCore.Database.Command[20101]
2026-08-08T00:00:06.4878763+00:00 ContainerStream:       Executed DbCommand (1ms) [Parameters=[], CommandType='Text', CommandTimeout='30']
2026-08-08T00:00:06.4878832+00:00 ContainerStream:       SELECT TOP(1) [b].[BankAccountNumber]
2026-08-08T00:00:06.4878870+00:00 ContainerStream:       FROM [Beneficiaries] AS [b]
2026-08-08T00:00:06.4878943+00:00 ContainerStream:       ORDER BY [b].[Id]
2026-08-08T00:00:09.0587002+00:00 ContainerStream: info: Microsoft.EntityFrameworkCore.Database.Command[20101]
2026-08-08T00:00:09.0587936+00:00 ContainerStream:       Executed DbCommand (2ms) [Parameters=[], CommandType='Text', CommandTimeout='30']
2026-08-08T00:00:09.0588075+00:00 ContainerStream:       SELECT 1
2026-08-08T00:00:09.0617224+00:00 ContainerStream: info: Microsoft.EntityFrameworkCore.Database.Command[20101]
2026-08-08T00:00:09.0620364+00:00 ContainerStream:       Executed DbCommand (2ms) [Parameters=[], CommandType='Text', CommandTimeout='30']
2026-08-08T00:00:09.0620530+00:00 ContainerStream:       SELECT OBJECT_ID(N'[__EFMigrationsHistory]');
2026-08-08T00:00:09.0630554+00:00 ContainerStream: info: Microsoft.EntityFrameworkCore.Database.Command[20101]
2026-08-08T00:00:09.0630957+00:00 ContainerStream:       Executed DbCommand (1ms) [Parameters=[], CommandType='Text', CommandTimeout='30']
2026-08-08T00:00:09.0631165+00:00 ContainerStream:       SELECT [MigrationId], [ProductVersion]
2026-08-08T00:00:09.0631210+00:00 ContainerStream:       FROM [__EFMigrationsHistory]
2026-08-08T00:00:09.0637842+00:00 ContainerStream:       ORDER BY [MigrationId];
2026-08-08T00:00:09.0648818+00:00 ContainerStream: info: Microsoft.EntityFrameworkCore.Database.Command[20101]
2026-08-08T00:00:09.0649183+00:00 ContainerStream:       Executed DbCommand (1ms) [Parameters=[], CommandType='Text', CommandTimeout='30']
2026-08-08T00:00:09.0649243+00:00 ContainerStream:       SELECT TOP(1) [b].[BankAccountNumber]
2026-08-08T00:00:09.0649282+00:00 ContainerStream:       FROM [Beneficiaries] AS [b]
2026-08-08T00:00:09.0649320+00:00 ContainerStream:       ORDER BY [b].[Id]
2026-08-08T00:00:10.4795888+00:00 ContainerStream: info: Microsoft.EntityFrameworkCore.Database.Command[20101]
2026-08-08T00:00:10.4796832+00:00 ContainerStream:       Executed DbCommand (12ms) [Parameters=[], CommandType='Text', CommandTimeout='30']
2026-08-08T00:00:10.4796961+00:00 ContainerStream:       SELECT 1
2026-08-08T00:00:10.4814742+00:00 ContainerStream: info: Microsoft.EntityFrameworkCore.Database.Command[20101]
2026-08-08T00:00:10.4815252+00:00 ContainerStream:       Executed DbCommand (2ms) [Parameters=[], CommandType='Text', CommandTimeout='30']
2026-08-08T00:00:10.4815399+00:00 ContainerStream:       SELECT OBJECT_ID(N'[__EFMigrationsHistory]');
2026-08-08T00:00:10.4843308+00:00 ContainerStream: info: Microsoft.EntityFrameworkCore.Database.Command[20101]
2026-08-08T00:00:10.4843686+00:00 ContainerStream:       Executed DbCommand (1ms) [Parameters=[], CommandType='Text', CommandTimeout='30']
2026-08-08T00:00:10.4843766+00:00 ContainerStream:       SELECT [MigrationId], [ProductVersion]
2026-08-08T00:00:10.4843811+00:00 ContainerStream:       FROM [__EFMigrationsHistory]
2026-08-08T00:00:10.4843901+00:00 ContainerStream:       ORDER BY [MigrationId];
2026-08-08T00:00:10.4863585+00:00 ContainerStream: info: Microsoft.EntityFrameworkCore.Database.Command[20101]
2026-08-08T00:00:10.4863919+00:00 ContainerStream:       Executed DbCommand (1ms) [Parameters=[], CommandType='Text', CommandTimeout='30']
2026-08-08T00:00:10.4863991+00:00 ContainerStream:       SELECT TOP(1) [b].[BankAccountNumber]
2026-08-08T00:00:10.4864040+00:00 ContainerStream:       FROM [Beneficiaries] AS [b]
2026-08-08T00:00:10.4864126+00:00 ContainerStream:       ORDER BY [b].[Id]
2026-08-08T00:00:11.3362681+00:00 ContainerStream: info: Microsoft.EntityFrameworkCore.Database.Command[20101]
2026-08-08T00:00:11.3363462+00:00 ContainerStream:       Executed DbCommand (2ms) [Parameters=[], CommandType='Text', CommandTimeout='30']
2026-08-08T00:00:11.3363559+00:00 ContainerStream:       SELECT 1
2026-08-08T00:00:11.3377619+00:00 ContainerStream: info: Microsoft.EntityFrameworkCore.Database.Command[20101]
2026-08-08T00:00:11.3378116+00:00 ContainerStream:       Executed DbCommand (1ms) [Parameters=[], CommandType='Text', CommandTimeout='30']
2026-08-08T00:00:11.3378188+00:00 ContainerStream:       SELECT OBJECT_ID(N'[__EFMigrationsHistory]');
2026-08-08T00:00:11.3409707+00:00 ContainerStream: info: Microsoft.EntityFrameworkCore.Database.Command[20101]
2026-08-08T00:00:11.3410144+00:00 ContainerStream:       Executed DbCommand (2ms) [Parameters=[], CommandType='Text', CommandTimeout='30']
2026-08-08T00:00:11.3410220+00:00 ContainerStream:       SELECT [MigrationId], [ProductVersion]
2026-08-08T00:00:11.3410266+00:00 ContainerStream:       FROM [__EFMigrationsHistory]
2026-08-08T00:00:11.3410313+00:00 ContainerStream:       ORDER BY [MigrationId];
2026-08-08T00:00:11.3422916+00:00 ContainerStream: info: Microsoft.EntityFrameworkCore.Database.Command[20101]
2026-08-08T00:00:11.3423309+00:00 ContainerStream:       Executed DbCommand (1ms) [Parameters=[], CommandType='Text', CommandTimeout='30']
2026-08-08T00:00:11.3423384+00:00 ContainerStream:       SELECT TOP(1) [b].[BankAccountNumber]
2026-08-08T00:00:11.3423426+00:00 ContainerStream:       FROM [Beneficiaries] AS [b]
2026-08-08T00:00:11.3423464+00:00 ContainerStream:       ORDER BY [b].[Id]
2026-08-08T00:00:12.6790780+00:00 ContainerStream: info: Microsoft.EntityFrameworkCore.Database.Command[20101]
2026-08-08T00:00:12.6791590+00:00 ContainerStream:       Executed DbCommand (2ms) [Parameters=[], CommandType='Text', CommandTimeout='30']
2026-08-08T00:00:12.6791781+00:00 ContainerStream:       SELECT 1
2026-08-08T00:00:12.6806420+00:00 ContainerStream: info: Microsoft.EntityFrameworkCore.Database.Command[20101]
2026-08-08T00:00:12.6807094+00:00 ContainerStream:       Executed DbCommand (2ms) [Parameters=[], CommandType='Text', CommandTimeout='30']
2026-08-08T00:00:12.6807230+00:00 ContainerStream:       SELECT OBJECT_ID(N'[__EFMigrationsHistory]');
2026-08-08T00:00:12.6834596+00:00 ContainerStream: info: Microsoft.EntityFrameworkCore.Database.Command[20101]
2026-08-08T00:00:12.6834942+00:00 ContainerStream:       Executed DbCommand (2ms) [Parameters=[], CommandType='Text', CommandTimeout='30']
2026-08-08T00:00:12.6835020+00:00 ContainerStream:       SELECT [MigrationId], [ProductVersion]
2026-08-08T00:00:12.6835102+00:00 ContainerStream:       FROM [__EFMigrationsHistory]
2026-08-08T00:00:12.6839996+00:00 ContainerStream:       ORDER BY [MigrationId];
2026-08-08T00:00:12.6853640+00:00 ContainerStream: info: Microsoft.EntityFrameworkCore.Database.Command[20101]
2026-08-08T00:00:12.6853917+00:00 ContainerStream:       Executed DbCommand (1ms) [Parameters=[], CommandType='Text', CommandTimeout='30']
2026-08-08T00:00:12.6854022+00:00 ContainerStream:       SELECT TOP(1) [b].[BankAccountNumber]
2026-08-08T00:00:12.6854064+00:00 ContainerStream:       FROM [Beneficiaries] AS [b]
2026-08-08T00:00:12.6854136+00:00 ContainerStream:       ORDER BY [b].[Id]
2026-08-08T00:00:16.1467534+00:00 ContainerStream: info: Microsoft.EntityFrameworkCore.Database.Command[20101]
2026-08-08T00:00:16.1468427+00:00 ContainerStream:       Executed DbCommand (2ms) [Parameters=[], CommandType='Text', CommandTimeout='30']
2026-08-08T00:00:16.1468616+00:00 ContainerStream:       SELECT 1
2026-08-08T00:00:16.1482773+00:00 ContainerStream: info: Microsoft.EntityFrameworkCore.Database.Command[20101]
2026-08-08T00:00:16.1483266+00:00 ContainerStream:       Executed DbCommand (1ms) [Parameters=[], CommandType='Text', CommandTimeout='30']
2026-08-08T00:00:16.1483351+00:00 ContainerStream:       SELECT OBJECT_ID(N'[__EFMigrationsHistory]');
2026-08-08T00:00:16.1515979+00:00 ContainerStream: info: Microsoft.EntityFrameworkCore.Database.Command[20101]
2026-08-08T00:00:16.1516513+00:00 ContainerStream:       Executed DbCommand (2ms) [Parameters=[], CommandType='Text', CommandTimeout='30']
2026-08-08T00:00:16.1516592+00:00 ContainerStream:       SELECT [MigrationId], [ProductVersion]
2026-08-08T00:00:16.1516634+00:00 ContainerStream:       FROM [__EFMigrationsHistory]
2026-08-08T00:00:16.1516673+00:00 ContainerStream:       ORDER BY [MigrationId];
2026-08-08T00:00:16.1532597+00:00 ContainerStream: info: Microsoft.EntityFrameworkCore.Database.Command[20101]
2026-08-08T00:00:16.1533003+00:00 ContainerStream:       Executed DbCommand (1ms) [Parameters=[], CommandType='Text', CommandTimeout='30']
2026-08-08T00:00:16.1533086+00:00 ContainerStream:       SELECT TOP(1) [b].[BankAccountNumber]
2026-08-08T00:00:16.1533128+00:00 ContainerStream:       FROM [Beneficiaries] AS [b]
2026-08-08T00:00:16.1533171+00:00 ContainerStream:       ORDER BY [b].[Id]
2026-08-08T00:00:16.6051232+00:00 ContainerStream: info: Microsoft.EntityFrameworkCore.Database.Command[20101]
2026-08-08T00:00:16.6051993+00:00 ContainerStream:       Executed DbCommand (2ms) [Parameters=[], CommandType='Text', CommandTimeout='30']
2026-08-08T00:00:16.6052112+00:00 ContainerStream:       SELECT 1
2026-08-08T00:00:16.6077628+00:00 ContainerStream: info: Microsoft.EntityFrameworkCore.Database.Command[20101]
2026-08-08T00:00:16.6078166+00:00 ContainerStream:       Executed DbCommand (2ms) [Parameters=[], CommandType='Text', CommandTimeout='30']
2026-08-08T00:00:16.6078244+00:00 ContainerStream:       SELECT OBJECT_ID(N'[__EFMigrationsHistory]');
2026-08-08T00:00:16.6103043+00:00 ContainerStream: info: Microsoft.EntityFrameworkCore.Database.Command[20101]
2026-08-08T00:00:16.6103537+00:00 ContainerStream:       Executed DbCommand (1ms) [Parameters=[], CommandType='Text', CommandTimeout='30']
2026-08-08T00:00:16.6103665+00:00 ContainerStream:       SELECT [MigrationId], [ProductVersion]
2026-08-08T00:00:16.6103708+00:00 ContainerStream:       FROM [__EFMigrationsHistory]
2026-08-08T00:00:16.6103750+00:00 ContainerStream:       ORDER BY [MigrationId];
2026-08-08T00:00:16.6117722+00:00 ContainerStream: info: Microsoft.EntityFrameworkCore.Database.Command[20101]
2026-08-08T00:00:16.6118106+00:00 ContainerStream:       Executed DbCommand (1ms) [Parameters=[], CommandType='Text', CommandTimeout='30']
2026-08-08T00:00:16.6118225+00:00 ContainerStream:       SELECT TOP(1) [b].[BankAccountNumber]
2026-08-08T00:00:16.6118264+00:00 ContainerStream:       FROM [Beneficiaries] AS [b]
2026-08-08T00:00:16.6118301+00:00 ContainerStream:       ORDER BY [b].[Id]
2026-08-08T00:00:18.6317648+00:00 ContainerStream: info: Microsoft.EntityFrameworkCore.Database.Command[20101]
2026-08-08T00:00:18.6318542+00:00 ContainerStream:       Executed DbCommand (3ms) [Parameters=[], CommandType='Text', CommandTimeout='30']
2026-08-08T00:00:18.6318622+00:00 ContainerStream:       SELECT 1
2026-08-08T00:00:18.6344556+00:00 ContainerStream: info: Microsoft.EntityFrameworkCore.Database.Command[20101]
2026-08-08T00:00:18.6345563+00:00 ContainerStream:       Executed DbCommand (2ms) [Parameters=[], CommandType='Text', CommandTimeout='30']
2026-08-08T00:00:18.6345666+00:00 ContainerStream:       SELECT OBJECT_ID(N'[__EFMigrationsHistory]');
2026-08-08T00:00:18.6358216+00:00 ContainerStream: info: Microsoft.EntityFrameworkCore.Database.Command[20101]
2026-08-08T00:00:18.6358583+00:00 ContainerStream:       Executed DbCommand (1ms) [Parameters=[], CommandType='Text', CommandTimeout='30']
2026-08-08T00:00:18.6358649+00:00 ContainerStream:       SELECT [MigrationId], [ProductVersion]
2026-08-08T00:00:18.6358686+00:00 ContainerStream:       FROM [__EFMigrationsHistory]
2026-08-08T00:00:18.6363821+00:00 ContainerStream:       ORDER BY [MigrationId];
2026-08-08T00:00:18.6376186+00:00 ContainerStream: info: Microsoft.EntityFrameworkCore.Database.Command[20101]
2026-08-08T00:00:18.6376399+00:00 ContainerStream:       Executed DbCommand (1ms) [Parameters=[], CommandType='Text', CommandTimeout='30']
2026-08-08T00:00:18.6376466+00:00 ContainerStream:       SELECT TOP(1) [b].[BankAccountNumber]
2026-08-08T00:00:18.6376504+00:00 ContainerStream:       FROM [Beneficiaries] AS [b]
2026-08-08T00:00:18.6376584+00:00 ContainerStream:       ORDER BY [b].[Id]
2026-08-08T00:00:21.7504328+00:00 ContainerStream: info: Microsoft.EntityFrameworkCore.Database.Command[20101]
2026-08-08T00:00:21.7505135+00:00 ContainerStream:       Executed DbCommand (2ms) [Parameters=[], CommandType='Text', CommandTimeout='30']
2026-08-08T00:00:21.7505267+00:00 ContainerStream:       SELECT 1
2026-08-08T00:00:21.7522569+00:00 ContainerStream: info: Microsoft.EntityFrameworkCore.Database.Command[20101]
2026-08-08T00:00:21.7523183+00:00 ContainerStream:       Executed DbCommand (2ms) [Parameters=[], CommandType='Text', CommandTimeout='30']
2026-08-08T00:00:21.7523287+00:00 ContainerStream:       SELECT OBJECT_ID(N'[__EFMigrationsHistory]');
2026-08-08T00:00:21.7551618+00:00 ContainerStream: info: Microsoft.EntityFrameworkCore.Database.Command[20101]
2026-08-08T00:00:21.7552229+00:00 ContainerStream:       Executed DbCommand (1ms) [Parameters=[], CommandType='Text', CommandTimeout='30']
2026-08-08T00:00:21.7552338+00:00 ContainerStream:       SELECT [MigrationId], [ProductVersion]
2026-08-08T00:00:21.7552379+00:00 ContainerStream:       FROM [__EFMigrationsHistory]
2026-08-08T00:00:21.7552962+00:00 ContainerStream:       ORDER BY [MigrationId];
2026-08-08T00:00:21.7571909+00:00 ContainerStream: info: Microsoft.EntityFrameworkCore.Database.Command[20101]
2026-08-08T00:00:21.7572290+00:00 ContainerStream:       Executed DbCommand (1ms) [Parameters=[], CommandType='Text', CommandTimeout='30']
2026-08-08T00:00:21.7572363+00:00 ContainerStream:       SELECT TOP(1) [b].[BankAccountNumber]
2026-08-08T00:00:21.7572505+00:00 ContainerStream:       FROM [Beneficiaries] AS [b]
2026-08-08T00:00:21.7572550+00:00 ContainerStream:       ORDER BY [b].[Id]
2026-08-08T00:00:23.5935321+00:00 ContainerStream: info: Microsoft.EntityFrameworkCore.Database.Command[20101]
2026-08-08T00:00:23.5936207+00:00 ContainerStream:       Executed DbCommand (2ms) [Parameters=[], CommandType='Text', CommandTimeout='30']
2026-08-08T00:00:23.5936357+00:00 ContainerStream:       SELECT 1
2026-08-08T00:00:23.5953074+00:00 ContainerStream: info: Microsoft.EntityFrameworkCore.Database.Command[20101]
2026-08-08T00:00:23.5953601+00:00 ContainerStream:       Executed DbCommand (2ms) [Parameters=[], CommandType='Text', CommandTimeout='30']
2026-08-08T00:00:23.5953726+00:00 ContainerStream:       SELECT OBJECT_ID(N'[__EFMigrationsHistory]');
2026-08-08T00:00:23.5982269+00:00 ContainerStream: info: Microsoft.EntityFrameworkCore.Database.Command[20101]
2026-08-08T00:00:23.5982587+00:00 ContainerStream:       Executed DbCommand (1ms) [Parameters=[], CommandType='Text', CommandTimeout='30']
2026-08-08T00:00:23.5982663+00:00 ContainerStream:       SELECT [MigrationId], [ProductVersion]
2026-08-08T00:00:23.5982756+00:00 ContainerStream:       FROM [__EFMigrationsHistory]
2026-08-08T00:00:23.5982805+00:00 ContainerStream:       ORDER BY [MigrationId];
2026-08-08T00:00:23.6002208+00:00 ContainerStream: info: Microsoft.EntityFrameworkCore.Database.Command[20101]
2026-08-08T00:00:23.6002508+00:00 ContainerStream:       Executed DbCommand (1ms) [Parameters=[], CommandType='Text', CommandTimeout='30']
2026-08-08T00:00:23.6002580+00:00 ContainerStream:       SELECT TOP(1) [b].[BankAccountNumber]
2026-08-08T00:00:23.6002663+00:00 ContainerStream:       FROM [Beneficiaries] AS [b]
2026-08-08T00:00:23.6002710+00:00 ContainerStream:       ORDER BY [b].[Id]
2026-08-08T00:00:30.6430281+00:00 ContainerStream: info: Microsoft.EntityFrameworkCore.Database.Command[20101]
2026-08-08T00:00:30.6431108+00:00 ContainerStream:       Executed DbCommand (2ms) [Parameters=[], CommandType='Text', CommandTimeout='30']
2026-08-08T00:00:30.6431210+00:00 ContainerStream:       SELECT 1
2026-08-08T00:00:30.6449515+00:00 ContainerStream: info: Microsoft.EntityFrameworkCore.Database.Command[20101]
2026-08-08T00:00:30.6449997+00:00 ContainerStream:       Executed DbCommand (2ms) [Parameters=[], CommandType='Text', CommandTimeout='30']
2026-08-08T00:00:30.6450077+00:00 ContainerStream:       SELECT OBJECT_ID(N'[__EFMigrationsHistory]');
2026-08-08T00:00:30.6480484+00:00 ContainerStream: info: Microsoft.EntityFrameworkCore.Database.Command[20101]
2026-08-08T00:00:30.6480889+00:00 ContainerStream:       Executed DbCommand (1ms) [Parameters=[], CommandType='Text', CommandTimeout='30']
2026-08-08T00:00:30.6480958+00:00 ContainerStream:       SELECT [MigrationId], [ProductVersion]
2026-08-08T00:00:30.6480999+00:00 ContainerStream:       FROM [__EFMigrationsHistory]
2026-08-08T00:00:30.6481603+00:00 ContainerStream:       ORDER BY [MigrationId];
2026-08-08T00:00:30.6511621+00:00 ContainerStream: info: Microsoft.EntityFrameworkCore.Database.Command[20101]
2026-08-08T00:00:30.6512041+00:00 ContainerStream:       Executed DbCommand (2ms) [Parameters=[], CommandType='Text', CommandTimeout='30']
2026-08-08T00:00:30.6516344+00:00 ContainerStream:       SELECT TOP(1) [b].[BankAccountNumber]
2026-08-08T00:00:30.6516477+00:00 ContainerStream:       FROM [Beneficiaries] AS [b]
2026-08-08T00:00:30.6516520+00:00 ContainerStream:       ORDER BY [b].[Id]
2026-08-08T00:00:36.2248299+00:00 ContainerStream: info: Microsoft.EntityFrameworkCore.Database.Command[20101]
2026-08-08T00:00:36.2249058+00:00 ContainerStream:       Executed DbCommand (2ms) [Parameters=[], CommandType='Text', CommandTimeout='30']
2026-08-08T00:00:36.2249163+00:00 ContainerStream:       SELECT 1
2026-08-08T00:00:36.2274860+00:00 ContainerStream: info: Microsoft.EntityFrameworkCore.Database.Command[20101]
2026-08-08T00:00:36.2275505+00:00 ContainerStream:       Executed DbCommand (2ms) [Parameters=[], CommandType='Text', CommandTimeout='30']
2026-08-08T00:00:36.2275599+00:00 ContainerStream:       SELECT OBJECT_ID(N'[__EFMigrationsHistory]');
2026-08-08T00:00:36.2289267+00:00 ContainerStream: info: Microsoft.EntityFrameworkCore.Database.Command[20101]
2026-08-08T00:00:36.2289684+00:00 ContainerStream:       Executed DbCommand (2ms) [Parameters=[], CommandType='Text', CommandTimeout='30']
2026-08-08T00:00:36.2289753+00:00 ContainerStream:       SELECT [MigrationId], [ProductVersion]
2026-08-08T00:00:36.2289856+00:00 ContainerStream:       FROM [__EFMigrationsHistory]
2026-08-08T00:00:36.2290925+00:00 ContainerStream:       ORDER BY [MigrationId];
2026-08-08T00:00:36.2305933+00:00 ContainerStream: info: Microsoft.EntityFrameworkCore.Database.Command[20101]
2026-08-08T00:00:36.2306249+00:00 ContainerStream:       Executed DbCommand (1ms) [Parameters=[], CommandType='Text', CommandTimeout='30']
2026-08-08T00:00:36.2306360+00:00 ContainerStream:       SELECT TOP(1) [b].[BankAccountNumber]
2026-08-08T00:00:36.2306403+00:00 ContainerStream:       FROM [Beneficiaries] AS [b]
2026-08-08T00:00:36.2306443+00:00 ContainerStream:       ORDER BY [b].[Id]
2026-08-08T00:00:37.8569315+00:00 ContainerStream: info: Microsoft.EntityFrameworkCore.Database.Command[20101]
2026-08-08T00:00:37.8570118+00:00 ContainerStream:       Executed DbCommand (2ms) [Parameters=[], CommandType='Text', CommandTimeout='30']
2026-08-08T00:00:37.8570318+00:00 ContainerStream:       SELECT 1
2026-08-08T00:00:37.8597473+00:00 ContainerStream: info: Microsoft.EntityFrameworkCore.Database.Command[20101]
2026-08-08T00:00:37.8598160+00:00 ContainerStream:       Executed DbCommand (2ms) [Parameters=[], CommandType='Text', CommandTimeout='30']
2026-08-08T00:00:37.8598254+00:00 ContainerStream:       SELECT OBJECT_ID(N'[__EFMigrationsHistory]');
2026-08-08T00:00:37.8610000+00:00 ContainerStream: info: Microsoft.EntityFrameworkCore.Database.Command[20101]
2026-08-08T00:00:37.8610373+00:00 ContainerStream:       Executed DbCommand (1ms) [Parameters=[], CommandType='Text', CommandTimeout='30']
2026-08-08T00:00:37.8610445+00:00 ContainerStream:       SELECT [MigrationId], [ProductVersion]
2026-08-08T00:00:37.8610492+00:00 ContainerStream:       FROM [__EFMigrationsHistory]
2026-08-08T00:00:37.8610540+00:00 ContainerStream:       ORDER BY [MigrationId];
2026-08-08T00:00:37.8636974+00:00 ContainerStream: info: Microsoft.EntityFrameworkCore.Database.Command[20101]
2026-08-08T00:00:37.8637303+00:00 ContainerStream:       Executed DbCommand (1ms) [Parameters=[], CommandType='Text', CommandTimeout='30']
2026-08-08T00:00:37.8637377+00:00 ContainerStream:       SELECT TOP(1) [b].[BankAccountNumber]
2026-08-08T00:00:37.8637425+00:00 ContainerStream:       FROM [Beneficiaries] AS [b]
2026-08-08T00:00:37.8637514+00:00 ContainerStream:       ORDER BY [b].[Id]
2026-08-08T00:00:43.3852598+00:00 ContainerStream: info: Microsoft.EntityFrameworkCore.Database.Command[20101]
2026-08-08T00:00:43.3853450+00:00 ContainerStream:       Executed DbCommand (2ms) [Parameters=[], CommandType='Text', CommandTimeout='30']
2026-08-08T00:00:43.3853572+00:00 ContainerStream:       SELECT 1
2026-08-08T00:00:43.3869592+00:00 ContainerStream: info: Microsoft.EntityFrameworkCore.Database.Command[20101]
2026-08-08T00:00:43.3870156+00:00 ContainerStream:       Executed DbCommand (2ms) [Parameters=[], CommandType='Text', CommandTimeout='30']
2026-08-08T00:00:43.3870236+00:00 ContainerStream:       SELECT OBJECT_ID(N'[__EFMigrationsHistory]');
2026-08-08T00:00:43.3897156+00:00 ContainerStream: info: Microsoft.EntityFrameworkCore.Database.Command[20101]
2026-08-08T00:00:43.3897502+00:00 ContainerStream:       Executed DbCommand (2ms) [Parameters=[], CommandType='Text', CommandTimeout='30']
2026-08-08T00:00:43.3897614+00:00 ContainerStream:       SELECT [MigrationId], [ProductVersion]
2026-08-08T00:00:43.3897764+00:00 ContainerStream:       FROM [__EFMigrationsHistory]
2026-08-08T00:00:43.3902676+00:00 ContainerStream:       ORDER BY [MigrationId];
2026-08-08T00:00:43.3916117+00:00 ContainerStream: info: Microsoft.EntityFrameworkCore.Database.Command[20101]
2026-08-08T00:00:43.3916443+00:00 ContainerStream:       Executed DbCommand (1ms) [Parameters=[], CommandType='Text', CommandTimeout='30']
2026-08-08T00:00:43.3916515+00:00 ContainerStream:       SELECT TOP(1) [b].[BankAccountNumber]
2026-08-08T00:00:43.3916562+00:00 ContainerStream:       FROM [Beneficiaries] AS [b]
2026-08-08T00:00:43.3916608+00:00 ContainerStream:       ORDER BY [b].[Id]
2026-08-08T00:00:43.8130308+00:00 ContainerStream: info: Microsoft.EntityFrameworkCore.Database.Command[20101]
2026-08-08T00:00:43.8131349+00:00 ContainerStream:       Executed DbCommand (2ms) [Parameters=[], CommandType='Text', CommandTimeout='30']
2026-08-08T00:00:43.8131454+00:00 ContainerStream:       SELECT 1
2026-08-08T00:00:43.8146978+00:00 ContainerStream: info: Microsoft.EntityFrameworkCore.Database.Command[20101]
2026-08-08T00:00:43.8147590+00:00 ContainerStream:       Executed DbCommand (2ms) [Parameters=[], CommandType='Text', CommandTimeout='30']
2026-08-08T00:00:43.8147756+00:00 ContainerStream:       SELECT OBJECT_ID(N'[__EFMigrationsHistory]');
2026-08-08T00:00:43.8173983+00:00 ContainerStream: info: Microsoft.EntityFrameworkCore.Database.Command[20101]
2026-08-08T00:00:43.8174308+00:00 ContainerStream:       Executed DbCommand (1ms) [Parameters=[], CommandType='Text', CommandTimeout='30']
2026-08-08T00:00:43.8174388+00:00 ContainerStream:       SELECT [MigrationId], [ProductVersion]
2026-08-08T00:00:43.8174436+00:00 ContainerStream:       FROM [__EFMigrationsHistory]
2026-08-08T00:00:43.8177902+00:00 ContainerStream:       ORDER BY [MigrationId];
2026-08-08T00:00:43.8198600+00:00 ContainerStream: info: Microsoft.EntityFrameworkCore.Database.Command[20101]
2026-08-08T00:00:43.8198909+00:00 ContainerStream:       Executed DbCommand (1ms) [Parameters=[], CommandType='Text', CommandTimeout='30']
2026-08-08T00:00:43.8198972+00:00 ContainerStream:       SELECT TOP(1) [b].[BankAccountNumber]
2026-08-08T00:00:43.8199049+00:00 ContainerStream:       FROM [Beneficiaries] AS [b]
2026-08-08T00:00:43.8199089+00:00 ContainerStream:       ORDER BY [b].[Id]
2026-08-08T00:00:48.1095876+00:00 ContainerStream: info: Microsoft.EntityFrameworkCore.Database.Command[20101]
2026-08-08T00:00:48.1096795+00:00 ContainerStream:       Executed DbCommand (2ms) [Parameters=[], CommandType='Text', CommandTimeout='30']
2026-08-08T00:00:48.1096920+00:00 ContainerStream:       SELECT 1
2026-08-08T00:00:48.1112929+00:00 ContainerStream: info: Microsoft.EntityFrameworkCore.Database.Command[20101]
2026-08-08T00:00:48.1113453+00:00 ContainerStream:       Executed DbCommand (2ms) [Parameters=[], CommandType='Text', CommandTimeout='30']
2026-08-08T00:00:48.1113544+00:00 ContainerStream:       SELECT OBJECT_ID(N'[__EFMigrationsHistory]');
2026-08-08T00:00:48.1145082+00:00 ContainerStream: info: Microsoft.EntityFrameworkCore.Database.Command[20101]
2026-08-08T00:00:48.1145470+00:00 ContainerStream:       Executed DbCommand (1ms) [Parameters=[], CommandType='Text', CommandTimeout='30']
2026-08-08T00:00:48.1145546+00:00 ContainerStream:       SELECT [MigrationId], [ProductVersion]
2026-08-08T00:00:48.1145594+00:00 ContainerStream:       FROM [__EFMigrationsHistory]
2026-08-08T00:00:48.1145641+00:00 ContainerStream:       ORDER BY [MigrationId];
2026-08-08T00:00:48.1157614+00:00 ContainerStream: info: Microsoft.EntityFrameworkCore.Database.Command[20101]
2026-08-08T00:00:48.1157957+00:00 ContainerStream:       Executed DbCommand (1ms) [Parameters=[], CommandType='Text', CommandTimeout='30']
2026-08-08T00:00:48.1158031+00:00 ContainerStream:       SELECT TOP(1) [b].[BankAccountNumber]
2026-08-08T00:00:48.1158081+00:00 ContainerStream:       FROM [Beneficiaries] AS [b]
2026-08-08T00:00:48.1158127+00:00 ContainerStream:       ORDER BY [b].[Id]
2026-08-08T00:00:50.6351096+00:00 ContainerStream: info: Microsoft.EntityFrameworkCore.Database.Command[20101]
2026-08-08T00:00:50.6352107+00:00 ContainerStream:       Executed DbCommand (2ms) [Parameters=[], CommandType='Text', CommandTimeout='30']
2026-08-08T00:00:50.6352202+00:00 ContainerStream:       SELECT 1
2026-08-08T00:00:50.6376925+00:00 ContainerStream: info: Microsoft.EntityFrameworkCore.Database.Command[20101]
2026-08-08T00:00:50.6377617+00:00 ContainerStream:       Executed DbCommand (2ms) [Parameters=[], CommandType='Text', CommandTimeout='30']
2026-08-08T00:00:50.6377749+00:00 ContainerStream:       SELECT OBJECT_ID(N'[__EFMigrationsHistory]');
2026-08-08T00:00:50.6390471+00:00 ContainerStream: info: Microsoft.EntityFrameworkCore.Database.Command[20101]
2026-08-08T00:00:50.6390820+00:00 ContainerStream:       Executed DbCommand (1ms) [Parameters=[], CommandType='Text', CommandTimeout='30']
2026-08-08T00:00:50.6390888+00:00 ContainerStream:       SELECT [MigrationId], [ProductVersion]
2026-08-08T00:00:50.6390977+00:00 ContainerStream:       FROM [__EFMigrationsHistory]
2026-08-08T00:00:50.6391015+00:00 ContainerStream:       ORDER BY [MigrationId];
2026-08-08T00:00:50.6410041+00:00 ContainerStream: info: Microsoft.EntityFrameworkCore.Database.Command[20101]
2026-08-08T00:00:50.6410451+00:00 ContainerStream:       Executed DbCommand (1ms) [Parameters=[], CommandType='Text', CommandTimeout='30']
2026-08-08T00:00:50.6410520+00:00 ContainerStream:       SELECT TOP(1) [b].[BankAccountNumber]
2026-08-08T00:00:50.6410606+00:00 ContainerStream:       FROM [Beneficiaries] AS [b]
2026-08-08T00:00:50.6410644+00:00 ContainerStream:       ORDER BY [b].[Id]
2026-08-08T00:00:52.1714555+00:00 ContainerStream: info: Microsoft.EntityFrameworkCore.Database.Command[20101]
2026-08-08T00:00:52.1715345+00:00 ContainerStream:       Executed DbCommand (2ms) [Parameters=[], CommandType='Text', CommandTimeout='30']
2026-08-08T00:00:52.1715527+00:00 ContainerStream:       SELECT 1
2026-08-08T00:00:52.1733231+00:00 ContainerStream: info: Microsoft.EntityFrameworkCore.Database.Command[20101]
2026-08-08T00:00:52.1733685+00:00 ContainerStream:       Executed DbCommand (1ms) [Parameters=[], CommandType='Text', CommandTimeout='30']
2026-08-08T00:00:52.1733783+00:00 ContainerStream:       SELECT OBJECT_ID(N'[__EFMigrationsHistory]');
2026-08-08T00:00:52.1763600+00:00 ContainerStream: info: Microsoft.EntityFrameworkCore.Database.Command[20101]
2026-08-08T00:00:52.1764007+00:00 ContainerStream:       Executed DbCommand (1ms) [Parameters=[], CommandType='Text', CommandTimeout='30']
2026-08-08T00:00:52.1764100+00:00 ContainerStream:       SELECT [MigrationId], [ProductVersion]
2026-08-08T00:00:52.1764163+00:00 ContainerStream:       FROM [__EFMigrationsHistory]
2026-08-08T00:00:52.1764828+00:00 ContainerStream:       ORDER BY [MigrationId];
2026-08-08T00:00:52.1789277+00:00 ContainerStream: info: Microsoft.EntityFrameworkCore.Database.Command[20101]
2026-08-08T00:00:52.1789584+00:00 ContainerStream:       Executed DbCommand (1ms) [Parameters=[], CommandType='Text', CommandTimeout='30']
2026-08-08T00:00:52.1789653+00:00 ContainerStream:       SELECT TOP(1) [b].[BankAccountNumber]
2026-08-08T00:00:52.1789692+00:00 ContainerStream:       FROM [Beneficiaries] AS [b]
2026-08-08T00:00:52.1789775+00:00 ContainerStream:       ORDER BY [b].[Id]
2026-08-08T00:00:56.1505610+00:00 ContainerStream: info: Microsoft.EntityFrameworkCore.Database.Command[20101]
2026-08-08T00:00:56.1506430+00:00 ContainerStream:       Executed DbCommand (2ms) [Parameters=[], CommandType='Text', CommandTimeout='30']
2026-08-08T00:00:56.1506568+00:00 ContainerStream:       SELECT 1
2026-08-08T00:00:56.1526045+00:00 ContainerStream: info: Microsoft.EntityFrameworkCore.Database.Command[20101]
2026-08-08T00:00:56.1526632+00:00 ContainerStream:       Executed DbCommand (2ms) [Parameters=[], CommandType='Text', CommandTimeout='30']
2026-08-08T00:00:56.1526993+00:00 ContainerStream:       SELECT OBJECT_ID(N'[__EFMigrationsHistory]');
2026-08-08T00:00:56.1556625+00:00 ContainerStream: info: Microsoft.EntityFrameworkCore.Database.Command[20101]
2026-08-08T00:00:56.1557175+00:00 ContainerStream:       Executed DbCommand (2ms) [Parameters=[], CommandType='Text', CommandTimeout='30']
2026-08-08T00:00:56.1557319+00:00 ContainerStream:       SELECT [MigrationId], [ProductVersion]
2026-08-08T00:00:56.1557377+00:00 ContainerStream:       FROM [__EFMigrationsHistory]
2026-08-08T00:00:56.1557432+00:00 ContainerStream:       ORDER BY [MigrationId];
2026-08-08T00:00:56.1582471+00:00 ContainerStream: info: Microsoft.EntityFrameworkCore.Database.Command[20101]
2026-08-08T00:00:56.1583118+00:00 ContainerStream:       Executed DbCommand (1ms) [Parameters=[], CommandType='Text', CommandTimeout='30']
2026-08-08T00:00:56.1583251+00:00 ContainerStream:       SELECT TOP(1) [b].[BankAccountNumber]
2026-08-08T00:00:56.1583292+00:00 ContainerStream:       FROM [Beneficiaries] AS [b]
2026-08-08T00:00:56.1583331+00:00 ContainerStream:       ORDER BY [b].[Id]
2026-08-08T00:00:59.1527736+00:00 ContainerStream: info: Microsoft.EntityFrameworkCore.Database.Command[20101]
2026-08-08T00:00:59.1528674+00:00 ContainerStream:       Executed DbCommand (2ms) [Parameters=[], CommandType='Text', CommandTimeout='30']
2026-08-08T00:00:59.1528804+00:00 ContainerStream:       SELECT 1
2026-08-08T00:00:59.1556812+00:00 ContainerStream: info: Microsoft.EntityFrameworkCore.Database.Command[20101]
2026-08-08T00:00:59.1558481+00:00 ContainerStream:       Executed DbCommand (2ms) [Parameters=[], CommandType='Text', CommandTimeout='30']
2026-08-08T00:00:59.1558607+00:00 ContainerStream:       SELECT OBJECT_ID(N'[__EFMigrationsHistory]');
2026-08-08T00:00:59.1574679+00:00 ContainerStream: info: Microsoft.EntityFrameworkCore.Database.Command[20101]
2026-08-08T00:00:59.1575025+00:00 ContainerStream:       Executed DbCommand (1ms) [Parameters=[], CommandType='Text', CommandTimeout='30']
2026-08-08T00:00:59.1575097+00:00 ContainerStream:       SELECT [MigrationId], [ProductVersion]
2026-08-08T00:00:59.1575144+00:00 ContainerStream:       FROM [__EFMigrationsHistory]
2026-08-08T00:00:59.1575227+00:00 ContainerStream:       ORDER BY [MigrationId];
2026-08-08T00:00:59.1588381+00:00 ContainerStream: info: Microsoft.EntityFrameworkCore.Database.Command[20101]
2026-08-08T00:00:59.1588663+00:00 ContainerStream:       Executed DbCommand (1ms) [Parameters=[], CommandType='Text', CommandTimeout='30']
2026-08-08T00:00:59.1588733+00:00 ContainerStream:       SELECT TOP(1) [b].[BankAccountNumber]
2026-08-08T00:00:59.1588780+00:00 ContainerStream:       FROM [Beneficiaries] AS [b]
2026-08-08T00:00:59.1588871+00:00 ContainerStream:       ORDER BY [b].[Id]
2026-08-08T00:01:02.8514084+00:00 ContainerStream: info: Microsoft.EntityFrameworkCore.Database.Command[20101]
2026-08-08T00:01:02.8514922+00:00 ContainerStream:       Executed DbCommand (2ms) [Parameters=[], CommandType='Text', CommandTimeout='30']
2026-08-08T00:01:02.8515026+00:00 ContainerStream:       SELECT 1
2026-08-08T00:01:02.8543086+00:00 ContainerStream: info: Microsoft.EntityFrameworkCore.Database.Command[20101]
2026-08-08T00:01:02.8543594+00:00 ContainerStream:       Executed DbCommand (1ms) [Parameters=[], CommandType='Text', CommandTimeout='30']
2026-08-08T00:01:02.8543686+00:00 ContainerStream:       SELECT OBJECT_ID(N'[__EFMigrationsHistory]');
2026-08-08T00:01:02.8561472+00:00 ContainerStream: info: Microsoft.EntityFrameworkCore.Database.Command[20101]
2026-08-08T00:01:02.8561902+00:00 ContainerStream:       Executed DbCommand (2ms) [Parameters=[], CommandType='Text', CommandTimeout='30']
2026-08-08T00:01:02.8562028+00:00 ContainerStream:       SELECT [MigrationId], [ProductVersion]
2026-08-08T00:01:02.8562076+00:00 ContainerStream:       FROM [__EFMigrationsHistory]
2026-08-08T00:01:02.8562114+00:00 ContainerStream:       ORDER BY [MigrationId];
2026-08-08T00:01:02.8575143+00:00 ContainerStream: info: Microsoft.EntityFrameworkCore.Database.Command[20101]
2026-08-08T00:01:02.8575476+00:00 ContainerStream:       Executed DbCommand (1ms) [Parameters=[], CommandType='Text', CommandTimeout='30']
2026-08-08T00:01:02.8575592+00:00 ContainerStream:       SELECT TOP(1) [b].[BankAccountNumber]
2026-08-08T00:01:02.8575634+00:00 ContainerStream:       FROM [Beneficiaries] AS [b]
2026-08-08T00:01:02.8575670+00:00 ContainerStream:       ORDER BY [b].[Id]
2026-08-08T00:01:05.6960307+00:00 ContainerStream: info: Microsoft.EntityFrameworkCore.Database.Command[20101]
2026-08-08T00:01:05.6961351+00:00 ContainerStream:       Executed DbCommand (2ms) [Parameters=[], CommandType='Text', CommandTimeout='30']
2026-08-08T00:01:05.6961456+00:00 ContainerStream:       SELECT 1
2026-08-08T00:01:05.6978903+00:00 ContainerStream: info: Microsoft.EntityFrameworkCore.Database.Command[20101]
2026-08-08T00:01:05.6979575+00:00 ContainerStream:       Executed DbCommand (2ms) [Parameters=[], CommandType='Text', CommandTimeout='30']
2026-08-08T00:01:05.6979661+00:00 ContainerStream:       SELECT OBJECT_ID(N'[__EFMigrationsHistory]');
2026-08-08T00:01:05.7006342+00:00 ContainerStream: info: Microsoft.EntityFrameworkCore.Database.Command[20101]
2026-08-08T00:01:05.7007020+00:00 ContainerStream:       Executed DbCommand (1ms) [Parameters=[], CommandType='Text', CommandTimeout='30']
2026-08-08T00:01:05.7007118+00:00 ContainerStream:       SELECT [MigrationId], [ProductVersion]
2026-08-08T00:01:05.7007172+00:00 ContainerStream:       FROM [__EFMigrationsHistory]
2026-08-08T00:01:05.7012793+00:00 ContainerStream:       ORDER BY [MigrationId];
2026-08-08T00:01:05.7033947+00:00 ContainerStream: info: Microsoft.EntityFrameworkCore.Database.Command[20101]
2026-08-08T00:01:05.7034261+00:00 ContainerStream:       Executed DbCommand (2ms) [Parameters=[], CommandType='Text', CommandTimeout='30']
2026-08-08T00:01:05.7034336+00:00 ContainerStream:       SELECT TOP(1) [b].[BankAccountNumber]
2026-08-08T00:01:05.7034383+00:00 ContainerStream:       FROM [Beneficiaries] AS [b]
2026-08-08T00:01:05.7034468+00:00 ContainerStream:       ORDER BY [b].[Id]
2026-08-08T00:01:07.9116045+00:00 ContainerStream: info: Microsoft.EntityFrameworkCore.Database.Command[20101]
2026-08-08T00:01:07.9117121+00:00 ContainerStream:       Executed DbCommand (2ms) [Parameters=[], CommandType='Text', CommandTimeout='30']
2026-08-08T00:01:07.9117246+00:00 ContainerStream:       SELECT 1
2026-08-08T00:01:07.9133363+00:00 ContainerStream: info: Microsoft.EntityFrameworkCore.Database.Command[20101]
2026-08-08T00:01:07.9134010+00:00 ContainerStream:       Executed DbCommand (2ms) [Parameters=[], CommandType='Text', CommandTimeout='30']
2026-08-08T00:01:07.9134106+00:00 ContainerStream:       SELECT OBJECT_ID(N'[__EFMigrationsHistory]');
2026-08-08T00:01:07.9161901+00:00 ContainerStream: info: Microsoft.EntityFrameworkCore.Database.Command[20101]
2026-08-08T00:01:07.9162285+00:00 ContainerStream:       Executed DbCommand (2ms) [Parameters=[], CommandType='Text', CommandTimeout='30']
2026-08-08T00:01:07.9162525+00:00 ContainerStream:       SELECT [MigrationId], [ProductVersion]
2026-08-08T00:01:07.9162578+00:00 ContainerStream:       FROM [__EFMigrationsHistory]
2026-08-08T00:01:07.9169622+00:00 ContainerStream:       ORDER BY [MigrationId];
2026-08-08T00:01:07.9182442+00:00 ContainerStream: info: Microsoft.EntityFrameworkCore.Database.Command[20101]
2026-08-08T00:01:07.9183023+00:00 ContainerStream:       Executed DbCommand (1ms) [Parameters=[], CommandType='Text', CommandTimeout='30']
2026-08-08T00:01:07.9183116+00:00 ContainerStream:       SELECT TOP(1) [b].[BankAccountNumber]
2026-08-08T00:01:07.9183153+00:00 ContainerStream:       FROM [Beneficiaries] AS [b]
2026-08-08T00:01:07.9183188+00:00 ContainerStream:       ORDER BY [b].[Id]
2026-08-08T00:01:09.4176179+00:00 ContainerStream: info: Microsoft.EntityFrameworkCore.Database.Command[20101]
2026-08-08T00:01:09.4177227+00:00 ContainerStream:       Executed DbCommand (2ms) [Parameters=[], CommandType='Text', CommandTimeout='30']
2026-08-08T00:01:09.4177357+00:00 ContainerStream:       SELECT 1
2026-08-08T00:01:09.4193348+00:00 ContainerStream: info: Microsoft.EntityFrameworkCore.Database.Command[20101]
2026-08-08T00:01:09.4193976+00:00 ContainerStream:       Executed DbCommand (2ms) [Parameters=[], CommandType='Text', CommandTimeout='30']
2026-08-08T00:01:09.4194134+00:00 ContainerStream:       SELECT OBJECT_ID(N'[__EFMigrationsHistory]');
2026-08-08T00:01:09.4223089+00:00 ContainerStream: info: Microsoft.EntityFrameworkCore.Database.Command[20101]
2026-08-08T00:01:09.4223620+00:00 ContainerStream:       Executed DbCommand (2ms) [Parameters=[], CommandType='Text', CommandTimeout='30']
2026-08-08T00:01:09.4223717+00:00 ContainerStream:       SELECT [MigrationId], [ProductVersion]
2026-08-08T00:01:09.4223824+00:00 ContainerStream:       FROM [__EFMigrationsHistory]
2026-08-08T00:01:09.4223883+00:00 ContainerStream:       ORDER BY [MigrationId];
2026-08-08T00:01:09.4241675+00:00 ContainerStream: info: Microsoft.EntityFrameworkCore.Database.Command[20101]
2026-08-08T00:01:09.4242016+00:00 ContainerStream:       Executed DbCommand (2ms) [Parameters=[], CommandType='Text', CommandTimeout='30']
2026-08-08T00:01:09.4242084+00:00 ContainerStream:       SELECT TOP(1) [b].[BankAccountNumber]
2026-08-08T00:01:09.4242166+00:00 ContainerStream:       FROM [Beneficiaries] AS [b]
2026-08-08T00:01:09.4242204+00:00 ContainerStream:       ORDER BY [b].[Id]
2026-08-08T00:01:10.2508070+00:00 ContainerStream: info: Microsoft.EntityFrameworkCore.Database.Command[20101]
2026-08-08T00:01:10.2508900+00:00 ContainerStream:       Executed DbCommand (2ms) [Parameters=[], CommandType='Text', CommandTimeout='30']
2026-08-08T00:01:10.2509004+00:00 ContainerStream:       SELECT 1
2026-08-08T00:01:10.2536714+00:00 ContainerStream: info: Microsoft.EntityFrameworkCore.Database.Command[20101]
2026-08-08T00:01:10.2537403+00:00 ContainerStream:       Executed DbCommand (2ms) [Parameters=[], CommandType='Text', CommandTimeout='30']
2026-08-08T00:01:10.2537484+00:00 ContainerStream:       SELECT OBJECT_ID(N'[__EFMigrationsHistory]');
2026-08-08T00:01:10.2557591+00:00 ContainerStream: info: Microsoft.EntityFrameworkCore.Database.Command[20101]
2026-08-08T00:01:10.2558046+00:00 ContainerStream:       Executed DbCommand (2ms) [Parameters=[], CommandType='Text', CommandTimeout='30']
2026-08-08T00:01:10.2558120+00:00 ContainerStream:       SELECT [MigrationId], [ProductVersion]
2026-08-08T00:01:10.2558168+00:00 ContainerStream:       FROM [__EFMigrationsHistory]
2026-08-08T00:01:10.2558214+00:00 ContainerStream:       ORDER BY [MigrationId];
2026-08-08T00:01:10.2571131+00:00 ContainerStream: info: Microsoft.EntityFrameworkCore.Database.Command[20101]
2026-08-08T00:01:10.2571495+00:00 ContainerStream:       Executed DbCommand (1ms) [Parameters=[], CommandType='Text', CommandTimeout='30']
2026-08-08T00:01:10.2571558+00:00 ContainerStream:       SELECT TOP(1) [b].[BankAccountNumber]
2026-08-08T00:01:10.2571598+00:00 ContainerStream:       FROM [Beneficiaries] AS [b]
2026-08-08T00:01:10.2571634+00:00 ContainerStream:       ORDER BY [b].[Id]
2026-08-08T00:01:10.6132607+00:00 ContainerStream: info: Microsoft.EntityFrameworkCore.Database.Command[20101]
2026-08-08T00:01:10.6133401+00:00 ContainerStream:       Executed DbCommand (2ms) [Parameters=[], CommandType='Text', CommandTimeout='30']
2026-08-08T00:01:10.6133487+00:00 ContainerStream:       SELECT 1
2026-08-08T00:01:10.6148510+00:00 ContainerStream: info: Microsoft.EntityFrameworkCore.Database.Command[20101]
2026-08-08T00:01:10.6148949+00:00 ContainerStream:       Executed DbCommand (2ms) [Parameters=[], CommandType='Text', CommandTimeout='30']
2026-08-08T00:01:10.6149171+00:00 ContainerStream:       SELECT OBJECT_ID(N'[__EFMigrationsHistory]');
2026-08-08T00:01:10.6176824+00:00 ContainerStream: info: Microsoft.EntityFrameworkCore.Database.Command[20101]
2026-08-08T00:01:10.6177171+00:00 ContainerStream:       Executed DbCommand (1ms) [Parameters=[], CommandType='Text', CommandTimeout='30']
2026-08-08T00:01:10.6177285+00:00 ContainerStream:       SELECT [MigrationId], [ProductVersion]
2026-08-08T00:01:10.6177375+00:00 ContainerStream:       FROM [__EFMigrationsHistory]
2026-08-08T00:01:10.6177417+00:00 ContainerStream:       ORDER BY [MigrationId];
2026-08-08T00:01:10.6201535+00:00 ContainerStream: info: Microsoft.EntityFrameworkCore.Database.Command[20101]
2026-08-08T00:01:10.6201895+00:00 ContainerStream:       Executed DbCommand (2ms) [Parameters=[], CommandType='Text', CommandTimeout='30']
2026-08-08T00:01:10.6201965+00:00 ContainerStream:       SELECT TOP(1) [b].[BankAccountNumber]
2026-08-08T00:01:10.6202058+00:00 ContainerStream:       FROM [Beneficiaries] AS [b]
2026-08-08T00:01:10.6202095+00:00 ContainerStream:       ORDER BY [b].[Id]
2026-08-08T00:01:12.1886068+00:00 ContainerStream: info: Microsoft.EntityFrameworkCore.Database.Command[20101]
2026-08-08T00:01:12.1887177+00:00 ContainerStream:       Executed DbCommand (2ms) [Parameters=[], CommandType='Text', CommandTimeout='30']
2026-08-08T00:01:12.1887381+00:00 ContainerStream:       SELECT 1
2026-08-08T00:01:12.1919694+00:00 ContainerStream: info: Microsoft.EntityFrameworkCore.Database.Command[20101]
2026-08-08T00:01:12.1920321+00:00 ContainerStream:       Executed DbCommand (2ms) [Parameters=[], CommandType='Text', CommandTimeout='30']
2026-08-08T00:01:12.1920414+00:00 ContainerStream:       SELECT OBJECT_ID(N'[__EFMigrationsHistory]');
2026-08-08T00:01:12.1935959+00:00 ContainerStream: info: Microsoft.EntityFrameworkCore.Database.Command[20101]
2026-08-08T00:01:12.1936446+00:00 ContainerStream:       Executed DbCommand (1ms) [Parameters=[], CommandType='Text', CommandTimeout='30']
2026-08-08T00:01:12.1936532+00:00 ContainerStream:       SELECT [MigrationId], [ProductVersion]
2026-08-08T00:01:12.1936576+00:00 ContainerStream:       FROM [__EFMigrationsHistory]
2026-08-08T00:01:12.1936613+00:00 ContainerStream:       ORDER BY [MigrationId];
2026-08-08T00:01:12.1948655+00:00 ContainerStream: info: Microsoft.EntityFrameworkCore.Database.Command[20101]
2026-08-08T00:01:12.1949052+00:00 ContainerStream:       Executed DbCommand (1ms) [Parameters=[], CommandType='Text', CommandTimeout='30']
2026-08-08T00:01:12.1949114+00:00 ContainerStream:       SELECT TOP(1) [b].[BankAccountNumber]
2026-08-08T00:01:12.1955950+00:00 ContainerStream:       FROM [Beneficiaries] AS [b]
2026-08-08T00:01:12.1956126+00:00 ContainerStream:       ORDER BY [b].[Id]
2026-08-08T00:01:22.8042009+00:00 ContainerStream: info: Microsoft.EntityFrameworkCore.Database.Command[20101]
2026-08-08T00:01:22.8042812+00:00 ContainerStream:       Executed DbCommand (3ms) [Parameters=[], CommandType='Text', CommandTimeout='30']
2026-08-08T00:01:22.8042931+00:00 ContainerStream:       SELECT 1
2026-08-08T00:01:22.8060869+00:00 ContainerStream: info: Microsoft.EntityFrameworkCore.Database.Command[20101]
2026-08-08T00:01:22.8064301+00:00 ContainerStream:       Executed DbCommand (2ms) [Parameters=[], CommandType='Text', CommandTimeout='30']
2026-08-08T00:01:22.8064467+00:00 ContainerStream:       SELECT OBJECT_ID(N'[__EFMigrationsHistory]');
2026-08-08T00:01:22.8089276+00:00 ContainerStream: info: Microsoft.EntityFrameworkCore.Database.Command[20101]
2026-08-08T00:01:22.8089638+00:00 ContainerStream:       Executed DbCommand (1ms) [Parameters=[], CommandType='Text', CommandTimeout='30']
2026-08-08T00:01:22.8089858+00:00 ContainerStream:       SELECT [MigrationId], [ProductVersion]
2026-08-08T00:01:22.8089910+00:00 ContainerStream:       FROM [__EFMigrationsHistory]
2026-08-08T00:01:22.8095431+00:00 ContainerStream:       ORDER BY [MigrationId];
2026-08-08T00:01:22.8109390+00:00 ContainerStream: info: Microsoft.EntityFrameworkCore.Database.Command[20101]
2026-08-08T00:01:22.8109726+00:00 ContainerStream:       Executed DbCommand (1ms) [Parameters=[], CommandType='Text', CommandTimeout='30']
2026-08-08T00:01:22.8109800+00:00 ContainerStream:       SELECT TOP(1) [b].[BankAccountNumber]
2026-08-08T00:01:22.8109848+00:00 ContainerStream:       FROM [Beneficiaries] AS [b]
2026-08-08T00:01:22.8109986+00:00 ContainerStream:       ORDER BY [b].[Id]
2026-08-08T00:01:24.7811865+00:00 ContainerStream: info: Microsoft.EntityFrameworkCore.Database.Command[20101]
2026-08-08T00:01:24.7812891+00:00 ContainerStream:       Executed DbCommand (5ms) [Parameters=[], CommandType='Text', CommandTimeout='30']
2026-08-08T00:01:24.7813007+00:00 ContainerStream:       SELECT 1
2026-08-08T00:01:24.7844119+00:00 ContainerStream: info: Microsoft.EntityFrameworkCore.Database.Command[20101]
2026-08-08T00:01:24.7845656+00:00 ContainerStream:       Executed DbCommand (2ms) [Parameters=[], CommandType='Text', CommandTimeout='30']
2026-08-08T00:01:24.7845822+00:00 ContainerStream:       SELECT OBJECT_ID(N'[__EFMigrationsHistory]');
2026-08-08T00:01:24.7869830+00:00 ContainerStream: info: Microsoft.EntityFrameworkCore.Database.Command[20101]
2026-08-08T00:01:24.7870250+00:00 ContainerStream:       Executed DbCommand (2ms) [Parameters=[], CommandType='Text', CommandTimeout='30']
2026-08-08T00:01:24.7870326+00:00 ContainerStream:       SELECT [MigrationId], [ProductVersion]
2026-08-08T00:01:24.7870364+00:00 ContainerStream:       FROM [__EFMigrationsHistory]
2026-08-08T00:01:24.7870451+00:00 ContainerStream:       ORDER BY [MigrationId];
2026-08-08T00:01:24.7882697+00:00 ContainerStream: info: Microsoft.EntityFrameworkCore.Database.Command[20101]
2026-08-08T00:01:24.7883092+00:00 ContainerStream:       Executed DbCommand (1ms) [Parameters=[], CommandType='Text', CommandTimeout='30']
2026-08-08T00:01:24.7883158+00:00 ContainerStream:       SELECT TOP(1) [b].[BankAccountNumber]
2026-08-08T00:01:24.7888252+00:00 ContainerStream:       FROM [Beneficiaries] AS [b]
2026-08-08T00:01:24.7888369+00:00 ContainerStream:       ORDER BY [b].[Id]
2026-08-08T00:01:28.2541223+00:00 ContainerStream: info: Microsoft.EntityFrameworkCore.Database.Command[20101]
2026-08-08T00:01:28.2543159+00:00 ContainerStream:       Executed DbCommand (2ms) [Parameters=[], CommandType='Text', CommandTimeout='30']
2026-08-08T00:01:28.2543286+00:00 ContainerStream:       SELECT 1
2026-08-08T00:01:28.2562847+00:00 ContainerStream: info: Microsoft.EntityFrameworkCore.Database.Command[20101]
2026-08-08T00:01:28.2563424+00:00 ContainerStream:       Executed DbCommand (2ms) [Parameters=[], CommandType='Text', CommandTimeout='30']
2026-08-08T00:01:28.2563513+00:00 ContainerStream:       SELECT OBJECT_ID(N'[__EFMigrationsHistory]');
2026-08-08T00:01:28.2597808+00:00 ContainerStream: info: Microsoft.EntityFrameworkCore.Database.Command[20101]
2026-08-08T00:01:28.2599054+00:00 ContainerStream:       Executed DbCommand (2ms) [Parameters=[], CommandType='Text', CommandTimeout='30']
2026-08-08T00:01:28.2599168+00:00 ContainerStream:       SELECT [MigrationId], [ProductVersion]
2026-08-08T00:01:28.2599220+00:00 ContainerStream:       FROM [__EFMigrationsHistory]
2026-08-08T00:01:28.2599265+00:00 ContainerStream:       ORDER BY [MigrationId];
2026-08-08T00:01:28.2614469+00:00 ContainerStream: info: Microsoft.EntityFrameworkCore.Database.Command[20101]
2026-08-08T00:01:28.2614986+00:00 ContainerStream:       Executed DbCommand (2ms) [Parameters=[], CommandType='Text', CommandTimeout='30']
2026-08-08T00:01:28.2615060+00:00 ContainerStream:       SELECT TOP(1) [b].[BankAccountNumber]
2026-08-08T00:01:28.2615098+00:00 ContainerStream:       FROM [Beneficiaries] AS [b]
2026-08-08T00:01:28.2615137+00:00 ContainerStream:       ORDER BY [b].[Id]
2026-08-08T00:01:37.9520431+00:00 ContainerStream: info: Microsoft.EntityFrameworkCore.Database.Command[20101]
2026-08-08T00:01:37.9521317+00:00 ContainerStream:       Executed DbCommand (14ms) [Parameters=[], CommandType='Text', CommandTimeout='30']
2026-08-08T00:01:37.9521427+00:00 ContainerStream:       SELECT 1
2026-08-08T00:01:37.9549142+00:00 ContainerStream: info: Microsoft.EntityFrameworkCore.Database.Command[20101]
2026-08-08T00:01:37.9549827+00:00 ContainerStream:       Executed DbCommand (2ms) [Parameters=[], CommandType='Text', CommandTimeout='30']
2026-08-08T00:01:37.9550040+00:00 ContainerStream:       SELECT OBJECT_ID(N'[__EFMigrationsHistory]');
2026-08-08T00:01:37.9563600+00:00 ContainerStream: info: Microsoft.EntityFrameworkCore.Database.Command[20101]
2026-08-08T00:01:37.9564213+00:00 ContainerStream:       Executed DbCommand (1ms) [Parameters=[], CommandType='Text', CommandTimeout='30']
2026-08-08T00:01:37.9564294+00:00 ContainerStream:       SELECT [MigrationId], [ProductVersion]
2026-08-08T00:01:37.9564385+00:00 ContainerStream:       FROM [__EFMigrationsHistory]
2026-08-08T00:01:37.9564956+00:00 ContainerStream:       ORDER BY [MigrationId];
2026-08-08T00:01:37.9584938+00:00 ContainerStream: info: Microsoft.EntityFrameworkCore.Database.Command[20101]
2026-08-08T00:01:37.9585287+00:00 ContainerStream:       Executed DbCommand (1ms) [Parameters=[], CommandType='Text', CommandTimeout='30']
2026-08-08T00:01:37.9585392+00:00 ContainerStream:       SELECT TOP(1) [b].[BankAccountNumber]
2026-08-08T00:01:37.9585614+00:00 ContainerStream:       FROM [Beneficiaries] AS [b]
2026-08-08T00:01:37.9585659+00:00 ContainerStream:       ORDER BY [b].[Id]
2026-08-08T00:01:40.2934569+00:00 ContainerStream: info: Microsoft.EntityFrameworkCore.Database.Command[20101]
2026-08-08T00:01:40.2935338+00:00 ContainerStream:       Executed DbCommand (2ms) [Parameters=[], CommandType='Text', CommandTimeout='30']
2026-08-08T00:01:40.2935519+00:00 ContainerStream:       SELECT 1
2026-08-08T00:01:40.2961484+00:00 ContainerStream: info: Microsoft.EntityFrameworkCore.Database.Command[20101]
2026-08-08T00:01:40.2962102+00:00 ContainerStream:       Executed DbCommand (2ms) [Parameters=[], CommandType='Text', CommandTimeout='30']
2026-08-08T00:01:40.2962207+00:00 ContainerStream:       SELECT OBJECT_ID(N'[__EFMigrationsHistory]');
2026-08-08T00:01:40.2978875+00:00 ContainerStream: info: Microsoft.EntityFrameworkCore.Database.Command[20101]
2026-08-08T00:01:40.2979320+00:00 ContainerStream:       Executed DbCommand (1ms) [Parameters=[], CommandType='Text', CommandTimeout='30']
2026-08-08T00:01:40.2979396+00:00 ContainerStream:       SELECT [MigrationId], [ProductVersion]
2026-08-08T00:01:40.2979443+00:00 ContainerStream:       FROM [__EFMigrationsHistory]
2026-08-08T00:01:40.2979487+00:00 ContainerStream:       ORDER BY [MigrationId];
2026-08-08T00:01:40.2992949+00:00 ContainerStream: info: Microsoft.EntityFrameworkCore.Database.Command[20101]
2026-08-08T00:01:40.2993316+00:00 ContainerStream:       Executed DbCommand (1ms) [Parameters=[], CommandType='Text', CommandTimeout='30']
2026-08-08T00:01:40.2993391+00:00 ContainerStream:       SELECT TOP(1) [b].[BankAccountNumber]
2026-08-08T00:01:40.2993440+00:00 ContainerStream:       FROM [Beneficiaries] AS [b]
2026-08-08T00:01:40.2999550+00:00 ContainerStream:       ORDER BY [b].[Id]
2026-08-08T00:01:41.2391260+00:00 ContainerStream: info: Microsoft.EntityFrameworkCore.Database.Command[20101]
2026-08-08T00:01:41.2392187+00:00 ContainerStream:       Executed DbCommand (2ms) [Parameters=[], CommandType='Text', CommandTimeout='30']
2026-08-08T00:01:41.2392284+00:00 ContainerStream:       SELECT 1
2026-08-08T00:01:41.2418564+00:00 ContainerStream: info: Microsoft.EntityFrameworkCore.Database.Command[20101]
2026-08-08T00:01:41.2419089+00:00 ContainerStream:       Executed DbCommand (2ms) [Parameters=[], CommandType='Text', CommandTimeout='30']
2026-08-08T00:01:41.2419228+00:00 ContainerStream:       SELECT OBJECT_ID(N'[__EFMigrationsHistory]');
2026-08-08T00:01:41.2440435+00:00 ContainerStream: info: Microsoft.EntityFrameworkCore.Database.Command[20101]
2026-08-08T00:01:41.2440840+00:00 ContainerStream:       Executed DbCommand (2ms) [Parameters=[], CommandType='Text', CommandTimeout='30']
2026-08-08T00:01:41.2440922+00:00 ContainerStream:       SELECT [MigrationId], [ProductVersion]
2026-08-08T00:01:41.2440972+00:00 ContainerStream:       FROM [__EFMigrationsHistory]
2026-08-08T00:01:41.2441061+00:00 ContainerStream:       ORDER BY [MigrationId];
2026-08-08T00:01:41.2452604+00:00 ContainerStream: info: Microsoft.EntityFrameworkCore.Database.Command[20101]
2026-08-08T00:01:41.2452921+00:00 ContainerStream:       Executed DbCommand (1ms) [Parameters=[], CommandType='Text', CommandTimeout='30']
2026-08-08T00:01:41.2452984+00:00 ContainerStream:       SELECT TOP(1) [b].[BankAccountNumber]
2026-08-08T00:01:41.2453022+00:00 ContainerStream:       FROM [Beneficiaries] AS [b]
2026-08-08T00:01:41.2453196+00:00 ContainerStream:       ORDER BY [b].[Id]
2026-08-08T00:01:41.4292909+00:00 ContainerStream: info: Microsoft.EntityFrameworkCore.Database.Command[20101]
2026-08-08T00:01:41.4293948+00:00 ContainerStream:       Executed DbCommand (2ms) [Parameters=[], CommandType='Text', CommandTimeout='30']
2026-08-08T00:01:41.4294093+00:00 ContainerStream:       SELECT 1
2026-08-08T00:01:41.4324287+00:00 ContainerStream: info: Microsoft.EntityFrameworkCore.Database.Command[20101]
2026-08-08T00:01:41.4325970+00:00 ContainerStream:       Executed DbCommand (2ms) [Parameters=[], CommandType='Text', CommandTimeout='30']
2026-08-08T00:01:41.4326125+00:00 ContainerStream:       SELECT OBJECT_ID(N'[__EFMigrationsHistory]');
2026-08-08T00:01:41.4338337+00:00 ContainerStream: info: Microsoft.EntityFrameworkCore.Database.Command[20101]
2026-08-08T00:01:41.4338764+00:00 ContainerStream:       Executed DbCommand (1ms) [Parameters=[], CommandType='Text', CommandTimeout='30']
2026-08-08T00:01:41.4338840+00:00 ContainerStream:       SELECT [MigrationId], [ProductVersion]
2026-08-08T00:01:41.4338889+00:00 ContainerStream:       FROM [__EFMigrationsHistory]
2026-08-08T00:01:41.4345019+00:00 ContainerStream:       ORDER BY [MigrationId];
2026-08-08T00:01:41.4363365+00:00 ContainerStream: info: Microsoft.EntityFrameworkCore.Database.Command[20101]
2026-08-08T00:01:41.4363660+00:00 ContainerStream:       Executed DbCommand (1ms) [Parameters=[], CommandType='Text', CommandTimeout='30']
2026-08-08T00:01:41.4363734+00:00 ContainerStream:       SELECT TOP(1) [b].[BankAccountNumber]
2026-08-08T00:01:41.4363784+00:00 ContainerStream:       FROM [Beneficiaries] AS [b]
2026-08-08T00:01:41.4363830+00:00 ContainerStream:       ORDER BY [b].[Id]
2026-08-08T00:01:45.7097322+00:00 ContainerStream: info: Microsoft.EntityFrameworkCore.Database.Command[20101]
2026-08-08T00:01:45.7098164+00:00 ContainerStream:       Executed DbCommand (2ms) [Parameters=[], CommandType='Text', CommandTimeout='30']
2026-08-08T00:01:45.7098266+00:00 ContainerStream:       SELECT 1
2026-08-08T00:01:45.7113277+00:00 ContainerStream: info: Microsoft.EntityFrameworkCore.Database.Command[20101]
2026-08-08T00:01:45.7113867+00:00 ContainerStream:       Executed DbCommand (2ms) [Parameters=[], CommandType='Text', CommandTimeout='30']
2026-08-08T00:01:45.7113969+00:00 ContainerStream:       SELECT OBJECT_ID(N'[__EFMigrationsHistory]');
2026-08-08T00:01:45.7146298+00:00 ContainerStream: info: Microsoft.EntityFrameworkCore.Database.Command[20101]
2026-08-08T00:01:45.7146748+00:00 ContainerStream:       Executed DbCommand (2ms) [Parameters=[], CommandType='Text', CommandTimeout='30']
2026-08-08T00:01:45.7146837+00:00 ContainerStream:       SELECT [MigrationId], [ProductVersion]
2026-08-08T00:01:45.7146933+00:00 ContainerStream:       FROM [__EFMigrationsHistory]
2026-08-08T00:01:45.7146980+00:00 ContainerStream:       ORDER BY [MigrationId];
2026-08-08T00:01:45.7162002+00:00 ContainerStream: info: Microsoft.EntityFrameworkCore.Database.Command[20101]
2026-08-08T00:01:45.7162359+00:00 ContainerStream:       Executed DbCommand (2ms) [Parameters=[], CommandType='Text', CommandTimeout='30']
2026-08-08T00:01:45.7162461+00:00 ContainerStream:       SELECT TOP(1) [b].[BankAccountNumber]
2026-08-08T00:01:45.7164984+00:00 ContainerStream:       FROM [Beneficiaries] AS [b]
2026-08-08T00:01:45.7165067+00:00 ContainerStream:       ORDER BY [b].[Id]
2026-08-08T00:01:47.2295257+00:00 ContainerStream: info: Microsoft.EntityFrameworkCore.Database.Command[20101]
2026-08-08T00:01:47.2296056+00:00 ContainerStream:       Executed DbCommand (2ms) [Parameters=[], CommandType='Text', CommandTimeout='30']
2026-08-08T00:01:47.2296260+00:00 ContainerStream:       SELECT 1
2026-08-08T00:01:47.2312762+00:00 ContainerStream: info: Microsoft.EntityFrameworkCore.Database.Command[20101]
2026-08-08T00:01:47.2316212+00:00 ContainerStream:       Executed DbCommand (2ms) [Parameters=[], CommandType='Text', CommandTimeout='30']
2026-08-08T00:01:47.2316356+00:00 ContainerStream:       SELECT OBJECT_ID(N'[__EFMigrationsHistory]');
2026-08-08T00:01:47.2343268+00:00 ContainerStream: info: Microsoft.EntityFrameworkCore.Database.Command[20101]
2026-08-08T00:01:47.2343615+00:00 ContainerStream:       Executed DbCommand (2ms) [Parameters=[], CommandType='Text', CommandTimeout='30']
2026-08-08T00:01:47.2343690+00:00 ContainerStream:       SELECT [MigrationId], [ProductVersion]
2026-08-08T00:01:47.2343730+00:00 ContainerStream:       FROM [__EFMigrationsHistory]
2026-08-08T00:01:47.2348980+00:00 ContainerStream:       ORDER BY [MigrationId];
2026-08-08T00:01:47.2362236+00:00 ContainerStream: info: Microsoft.EntityFrameworkCore.Database.Command[20101]
2026-08-08T00:01:47.2362567+00:00 ContainerStream:       Executed DbCommand (2ms) [Parameters=[], CommandType='Text', CommandTimeout='30']
2026-08-08T00:01:47.2362633+00:00 ContainerStream:       SELECT TOP(1) [b].[BankAccountNumber]
2026-08-08T00:01:47.2362672+00:00 ContainerStream:       FROM [Beneficiaries] AS [b]
2026-08-08T00:01:47.2362711+00:00 ContainerStream:       ORDER BY [b].[Id]
2026-08-08T00:01:51.4340153+00:00 ContainerStream: info: Microsoft.EntityFrameworkCore.Database.Command[20101]
2026-08-08T00:01:51.4341274+00:00 ContainerStream:       Executed DbCommand (2ms) [Parameters=[], CommandType='Text', CommandTimeout='30']
2026-08-08T00:01:51.4341402+00:00 ContainerStream:       SELECT 1
2026-08-08T00:01:51.4357754+00:00 ContainerStream: info: Microsoft.EntityFrameworkCore.Database.Command[20101]
2026-08-08T00:01:51.4358460+00:00 ContainerStream:       Executed DbCommand (2ms) [Parameters=[], CommandType='Text', CommandTimeout='30']
2026-08-08T00:01:51.4358560+00:00 ContainerStream:       SELECT OBJECT_ID(N'[__EFMigrationsHistory]');
2026-08-08T00:01:51.4389728+00:00 ContainerStream: info: Microsoft.EntityFrameworkCore.Database.Command[20101]
2026-08-08T00:01:51.4390138+00:00 ContainerStream:       Executed DbCommand (2ms) [Parameters=[], CommandType='Text', CommandTimeout='30']
2026-08-08T00:01:51.4390362+00:00 ContainerStream:       SELECT [MigrationId], [ProductVersion]
2026-08-08T00:01:51.4390412+00:00 ContainerStream:       FROM [__EFMigrationsHistory]
2026-08-08T00:01:51.4391036+00:00 ContainerStream:       ORDER BY [MigrationId];
2026-08-08T00:01:51.4412392+00:00 ContainerStream: info: Microsoft.EntityFrameworkCore.Database.Command[20101]
2026-08-08T00:01:51.4412853+00:00 ContainerStream:       Executed DbCommand (2ms) [Parameters=[], CommandType='Text', CommandTimeout='30']
2026-08-08T00:01:51.4412931+00:00 ContainerStream:       SELECT TOP(1) [b].[BankAccountNumber]
2026-08-08T00:01:51.4412970+00:00 ContainerStream:       FROM [Beneficiaries] AS [b]
2026-08-08T00:01:51.4413005+00:00 ContainerStream:       ORDER BY [b].[Id]
2026-08-08T00:01:52.1699331+00:00 ContainerStream: info: Microsoft.EntityFrameworkCore.Database.Command[20101]
2026-08-08T00:01:52.1700316+00:00 ContainerStream:       Executed DbCommand (2ms) [Parameters=[], CommandType='Text', CommandTimeout='30']
2026-08-08T00:01:52.1700418+00:00 ContainerStream:       SELECT 1
2026-08-08T00:01:52.1727447+00:00 ContainerStream: info: Microsoft.EntityFrameworkCore.Database.Command[20101]
2026-08-08T00:01:52.1728141+00:00 ContainerStream:       Executed DbCommand (2ms) [Parameters=[], CommandType='Text', CommandTimeout='30']
2026-08-08T00:01:52.1728289+00:00 ContainerStream:       SELECT OBJECT_ID(N'[__EFMigrationsHistory]');
2026-08-08T00:01:52.1741908+00:00 ContainerStream: info: Microsoft.EntityFrameworkCore.Database.Command[20101]
2026-08-08T00:01:52.1742346+00:00 ContainerStream:       Executed DbCommand (2ms) [Parameters=[], CommandType='Text', CommandTimeout='30']
2026-08-08T00:01:52.1742416+00:00 ContainerStream:       SELECT [MigrationId], [ProductVersion]
2026-08-08T00:01:52.1742460+00:00 ContainerStream:       FROM [__EFMigrationsHistory]
2026-08-08T00:01:52.1742555+00:00 ContainerStream:       ORDER BY [MigrationId];
2026-08-08T00:01:52.1759314+00:00 ContainerStream: info: Microsoft.EntityFrameworkCore.Database.Command[20101]
2026-08-08T00:01:52.1759668+00:00 ContainerStream:       Executed DbCommand (1ms) [Parameters=[], CommandType='Text', CommandTimeout='30']
2026-08-08T00:01:52.1759743+00:00 ContainerStream:       SELECT TOP(1) [b].[BankAccountNumber]
2026-08-08T00:01:52.1759791+00:00 ContainerStream:       FROM [Beneficiaries] AS [b]
2026-08-08T00:01:52.1759971+00:00 ContainerStream:       ORDER BY [b].[Id]
2026-08-08T00:01:55.1937452+00:00 ContainerStream: info: Microsoft.EntityFrameworkCore.Database.Command[20101]
2026-08-08T00:01:55.1938285+00:00 ContainerStream:       Executed DbCommand (2ms) [Parameters=[], CommandType='Text', CommandTimeout='30']
2026-08-08T00:01:55.1938382+00:00 ContainerStream:       SELECT 1
2026-08-08T00:01:55.1952264+00:00 ContainerStream: info: Microsoft.EntityFrameworkCore.Database.Command[20101]
2026-08-08T00:01:55.1952721+00:00 ContainerStream:       Executed DbCommand (1ms) [Parameters=[], CommandType='Text', CommandTimeout='30']
2026-08-08T00:01:55.1952801+00:00 ContainerStream:       SELECT OBJECT_ID(N'[__EFMigrationsHistory]');
2026-08-08T00:01:55.1979014+00:00 ContainerStream: info: Microsoft.EntityFrameworkCore.Database.Command[20101]
2026-08-08T00:01:55.1979379+00:00 ContainerStream:       Executed DbCommand (2ms) [Parameters=[], CommandType='Text', CommandTimeout='30']
2026-08-08T00:01:55.1979451+00:00 ContainerStream:       SELECT [MigrationId], [ProductVersion]
2026-08-08T00:01:55.1979494+00:00 ContainerStream:       FROM [__EFMigrationsHistory]
2026-08-08T00:01:55.1982572+00:00 ContainerStream:       ORDER BY [MigrationId];
2026-08-08T00:01:55.2005868+00:00 ContainerStream: info: Microsoft.EntityFrameworkCore.Database.Command[20101]
2026-08-08T00:01:55.2006222+00:00 ContainerStream:       Executed DbCommand (2ms) [Parameters=[], CommandType='Text', CommandTimeout='30']
2026-08-08T00:01:55.2006295+00:00 ContainerStream:       SELECT TOP(1) [b].[BankAccountNumber]
2026-08-08T00:01:55.2006340+00:00 ContainerStream:       FROM [Beneficiaries] AS [b]
2026-08-08T00:01:55.2006380+00:00 ContainerStream:       ORDER BY [b].[Id]
2026-08-08T00:01:55.7347504+00:00 ContainerStream: info: Microsoft.EntityFrameworkCore.Database.Command[20101]
2026-08-08T00:01:55.7348525+00:00 ContainerStream:       Executed DbCommand (2ms) [Parameters=[], CommandType='Text', CommandTimeout='30']
2026-08-08T00:01:55.7348645+00:00 ContainerStream:       SELECT 1
2026-08-08T00:01:55.7367394+00:00 ContainerStream: info: Microsoft.EntityFrameworkCore.Database.Command[20101]
2026-08-08T00:01:55.7368034+00:00 ContainerStream:       Executed DbCommand (2ms) [Parameters=[], CommandType='Text', CommandTimeout='30']
2026-08-08T00:01:55.7368200+00:00 ContainerStream:       SELECT OBJECT_ID(N'[__EFMigrationsHistory]');
2026-08-08T00:01:55.7396118+00:00 ContainerStream: info: Microsoft.EntityFrameworkCore.Database.Command[20101]
2026-08-08T00:01:55.7396629+00:00 ContainerStream:       Executed DbCommand (2ms) [Parameters=[], CommandType='Text', CommandTimeout='30']
2026-08-08T00:01:55.7396719+00:00 ContainerStream:       SELECT [MigrationId], [ProductVersion]
2026-08-08T00:01:55.7396822+00:00 ContainerStream:       FROM [__EFMigrationsHistory]
2026-08-08T00:01:55.7399807+00:00 ContainerStream:       ORDER BY [MigrationId];
2026-08-08T00:01:55.7419207+00:00 ContainerStream: info: Microsoft.EntityFrameworkCore.Database.Command[20101]
2026-08-08T00:01:55.7419541+00:00 ContainerStream:       Executed DbCommand (1ms) [Parameters=[], CommandType='Text', CommandTimeout='30']
2026-08-08T00:01:55.7419660+00:00 ContainerStream:       SELECT TOP(1) [b].[BankAccountNumber]
2026-08-08T00:01:55.7419800+00:00 ContainerStream:       FROM [Beneficiaries] AS [b]
2026-08-08T00:01:55.7419844+00:00 ContainerStream:       ORDER BY [b].[Id]
2026-08-08T00:01:56.5951924+00:00 ContainerStream: info: Microsoft.EntityFrameworkCore.Database.Command[20101]
2026-08-08T00:01:56.5952630+00:00 ContainerStream:       Executed DbCommand (2ms) [Parameters=[], CommandType='Text', CommandTimeout='30']
2026-08-08T00:01:56.5952725+00:00 ContainerStream:       SELECT 1
2026-08-08T00:01:56.5979270+00:00 ContainerStream: info: Microsoft.EntityFrameworkCore.Database.Command[20101]
2026-08-08T00:01:56.5979806+00:00 ContainerStream:       Executed DbCommand (2ms) [Parameters=[], CommandType='Text', CommandTimeout='30']
2026-08-08T00:01:56.5979951+00:00 ContainerStream:       SELECT OBJECT_ID(N'[__EFMigrationsHistory]');
2026-08-08T00:01:56.5991886+00:00 ContainerStream: info: Microsoft.EntityFrameworkCore.Database.Command[20101]
2026-08-08T00:01:56.5992310+00:00 ContainerStream:       Executed DbCommand (1ms) [Parameters=[], CommandType='Text', CommandTimeout='30']
2026-08-08T00:01:56.5992376+00:00 ContainerStream:       SELECT [MigrationId], [ProductVersion]
2026-08-08T00:01:56.5992464+00:00 ContainerStream:       FROM [__EFMigrationsHistory]
2026-08-08T00:01:56.5992502+00:00 ContainerStream:       ORDER BY [MigrationId];
2026-08-08T00:01:56.6009423+00:00 ContainerStream: info: Microsoft.EntityFrameworkCore.Database.Command[20101]
2026-08-08T00:01:56.6009732+00:00 ContainerStream:       Executed DbCommand (1ms) [Parameters=[], CommandType='Text', CommandTimeout='30']
2026-08-08T00:01:56.6009802+00:00 ContainerStream:       SELECT TOP(1) [b].[BankAccountNumber]
2026-08-08T00:01:56.6009886+00:00 ContainerStream:       FROM [Beneficiaries] AS [b]
2026-08-08T00:01:56.6009924+00:00 ContainerStream:       ORDER BY [b].[Id]
2026-08-08T00:01:56.6175170+00:00 ContainerStream: info: Microsoft.EntityFrameworkCore.Database.Command[20101]
2026-08-08T00:01:56.6175743+00:00 ContainerStream:       Executed DbCommand (2ms) [Parameters=[], CommandType='Text', CommandTimeout='30']
2026-08-08T00:01:56.6175905+00:00 ContainerStream:       SELECT 1
2026-08-08T00:01:56.6190008+00:00 ContainerStream: info: Microsoft.EntityFrameworkCore.Database.Command[20101]
2026-08-08T00:01:56.6190357+00:00 ContainerStream:       Executed DbCommand (1ms) [Parameters=[], CommandType='Text', CommandTimeout='30']
2026-08-08T00:01:56.6190434+00:00 ContainerStream:       SELECT OBJECT_ID(N'[__EFMigrationsHistory]');
2026-08-08T00:01:56.6214853+00:00 ContainerStream: info: Microsoft.EntityFrameworkCore.Database.Command[20101]
2026-08-08T00:01:56.6215171+00:00 ContainerStream:       Executed DbCommand (1ms) [Parameters=[], CommandType='Text', CommandTimeout='30']
2026-08-08T00:01:56.6215238+00:00 ContainerStream:       SELECT [MigrationId], [ProductVersion]
2026-08-08T00:01:56.6215281+00:00 ContainerStream:       FROM [__EFMigrationsHistory]
2026-08-08T00:01:56.6223349+00:00 ContainerStream:       ORDER BY [MigrationId];
2026-08-08T00:01:56.6230305+00:00 ContainerStream: info: Microsoft.EntityFrameworkCore.Database.Command[20101]
2026-08-08T00:01:56.6230519+00:00 ContainerStream:       Executed DbCommand (1ms) [Parameters=[], CommandType='Text', CommandTimeout='30']
2026-08-08T00:01:56.6230580+00:00 ContainerStream:       SELECT TOP(1) [b].[BankAccountNumber]
2026-08-08T00:01:56.6230619+00:00 ContainerStream:       FROM [Beneficiaries] AS [b]
2026-08-08T00:01:56.6230657+00:00 ContainerStream:       ORDER BY [b].[Id]
2026-08-08T00:02:10.3799670+00:00 ContainerStream: info: Microsoft.EntityFrameworkCore.Database.Command[20101]
2026-08-08T00:02:10.3803297+00:00 ContainerStream:       Executed DbCommand (2ms) [Parameters=[], CommandType='Text', CommandTimeout='30']
2026-08-08T00:02:10.3804096+00:00 ContainerStream:       SELECT 1
2026-08-08T00:02:10.3814626+00:00 ContainerStream: info: Microsoft.EntityFrameworkCore.Database.Command[20101]
2026-08-08T00:02:10.3815025+00:00 ContainerStream:       Executed DbCommand (2ms) [Parameters=[], CommandType='Text', CommandTimeout='30']
2026-08-08T00:02:10.3828650+00:00 ContainerStream:       SELECT OBJECT_ID(N'[__EFMigrationsHistory]');
2026-08-08T00:02:10.3843659+00:00 ContainerStream: info: Microsoft.EntityFrameworkCore.Database.Command[20101]
2026-08-08T00:02:10.3843987+00:00 ContainerStream:       Executed DbCommand (2ms) [Parameters=[], CommandType='Text', CommandTimeout='30']
2026-08-08T00:02:10.3844058+00:00 ContainerStream:       SELECT [MigrationId], [ProductVersion]
2026-08-08T00:02:10.3844139+00:00 ContainerStream:       FROM [__EFMigrationsHistory]
2026-08-08T00:02:10.3849042+00:00 ContainerStream:       ORDER BY [MigrationId];
2026-08-08T00:02:10.3864026+00:00 ContainerStream: info: Microsoft.EntityFrameworkCore.Database.Command[20101]
2026-08-08T00:02:10.3864335+00:00 ContainerStream:       Executed DbCommand (1ms) [Parameters=[], CommandType='Text', CommandTimeout='30']
2026-08-08T00:02:10.3864445+00:00 ContainerStream:       SELECT TOP(1) [b].[BankAccountNumber]
2026-08-08T00:02:10.3864485+00:00 ContainerStream:       FROM [Beneficiaries] AS [b]
2026-08-08T00:02:10.3864524+00:00 ContainerStream:       ORDER BY [b].[Id]
2026-08-08T00:02:11.5341257+00:00 ContainerStream: info: Microsoft.EntityFrameworkCore.Database.Command[20101]
2026-08-08T00:02:11.5344042+00:00 ContainerStream:       Executed DbCommand (2ms) [Parameters=[], CommandType='Text', CommandTimeout='30']
2026-08-08T00:02:11.5344441+00:00 ContainerStream:       SELECT 1
2026-08-08T00:02:11.5368827+00:00 ContainerStream: info: Microsoft.EntityFrameworkCore.Database.Command[20101]
2026-08-08T00:02:11.5369425+00:00 ContainerStream:       Executed DbCommand (2ms) [Parameters=[], CommandType='Text', CommandTimeout='30']
2026-08-08T00:02:11.5369508+00:00 ContainerStream:       SELECT OBJECT_ID(N'[__EFMigrationsHistory]');
2026-08-08T00:02:11.5398195+00:00 ContainerStream: info: Microsoft.EntityFrameworkCore.Database.Command[20101]
2026-08-08T00:02:11.5398839+00:00 ContainerStream:       Executed DbCommand (2ms) [Parameters=[], CommandType='Text', CommandTimeout='30']
2026-08-08T00:02:11.5398930+00:00 ContainerStream:       SELECT [MigrationId], [ProductVersion]
2026-08-08T00:02:11.5398972+00:00 ContainerStream:       FROM [__EFMigrationsHistory]
2026-08-08T00:02:11.5402934+00:00 ContainerStream:       ORDER BY [MigrationId];
2026-08-08T00:02:11.5417498+00:00 ContainerStream: info: Microsoft.EntityFrameworkCore.Database.Command[20101]
2026-08-08T00:02:11.5417865+00:00 ContainerStream:       Executed DbCommand (1ms) [Parameters=[], CommandType='Text', CommandTimeout='30']
2026-08-08T00:02:11.5417934+00:00 ContainerStream:       SELECT TOP(1) [b].[BankAccountNumber]
2026-08-08T00:02:11.5418134+00:00 ContainerStream:       FROM [Beneficiaries] AS [b]
2026-08-08T00:02:11.5418221+00:00 ContainerStream:       ORDER BY [b].[Id]
2026-08-08T00:02:12.8053825+00:00 ContainerStream: info: Microsoft.EntityFrameworkCore.Database.Command[20101]
2026-08-08T00:02:12.8054920+00:00 ContainerStream:       Executed DbCommand (3ms) [Parameters=[], CommandType='Text', CommandTimeout='30']
2026-08-08T00:02:12.8055038+00:00 ContainerStream:       SELECT 1
2026-08-08T00:02:12.8070226+00:00 ContainerStream: info: Microsoft.EntityFrameworkCore.Database.Command[20101]
2026-08-08T00:02:12.8070878+00:00 ContainerStream:       Executed DbCommand (2ms) [Parameters=[], CommandType='Text', CommandTimeout='30']
2026-08-08T00:02:12.8070979+00:00 ContainerStream:       SELECT OBJECT_ID(N'[__EFMigrationsHistory]');
2026-08-08T00:02:12.8097962+00:00 ContainerStream: info: Microsoft.EntityFrameworkCore.Database.Command[20101]
2026-08-08T00:02:12.8098516+00:00 ContainerStream:       Executed DbCommand (1ms) [Parameters=[], CommandType='Text', CommandTimeout='30']
2026-08-08T00:02:12.8098650+00:00 ContainerStream:       SELECT [MigrationId], [ProductVersion]
2026-08-08T00:02:12.8098696+00:00 ContainerStream:       FROM [__EFMigrationsHistory]
2026-08-08T00:02:12.8098736+00:00 ContainerStream:       ORDER BY [MigrationId];
2026-08-08T00:02:12.8117042+00:00 ContainerStream: info: Microsoft.EntityFrameworkCore.Database.Command[20101]
2026-08-08T00:02:12.8117458+00:00 ContainerStream:       Executed DbCommand (1ms) [Parameters=[], CommandType='Text', CommandTimeout='30']
2026-08-08T00:02:12.8117575+00:00 ContainerStream:       SELECT TOP(1) [b].[BankAccountNumber]
2026-08-08T00:02:12.8117617+00:00 ContainerStream:       FROM [Beneficiaries] AS [b]
2026-08-08T00:02:12.8117657+00:00 ContainerStream:       ORDER BY [b].[Id]
2026-08-08T00:02:19.1397327+00:00 ContainerStream: info: Microsoft.EntityFrameworkCore.Database.Command[20101]
2026-08-08T00:02:19.1398287+00:00 ContainerStream:       Executed DbCommand (2ms) [Parameters=[], CommandType='Text', CommandTimeout='30']
2026-08-08T00:02:19.1398421+00:00 ContainerStream:       SELECT 1
2026-08-08T00:02:19.1424375+00:00 ContainerStream: info: Microsoft.EntityFrameworkCore.Database.Command[20101]
2026-08-08T00:02:19.1424891+00:00 ContainerStream:       Executed DbCommand (1ms) [Parameters=[], CommandType='Text', CommandTimeout='30']
2026-08-08T00:02:19.1425038+00:00 ContainerStream:       SELECT OBJECT_ID(N'[__EFMigrationsHistory]');
2026-08-08T00:02:19.1439182+00:00 ContainerStream: info: Microsoft.EntityFrameworkCore.Database.Command[20101]
2026-08-08T00:02:19.1439712+00:00 ContainerStream:       Executed DbCommand (2ms) [Parameters=[], CommandType='Text', CommandTimeout='30']
2026-08-08T00:02:19.1439791+00:00 ContainerStream:       SELECT [MigrationId], [ProductVersion]
2026-08-08T00:02:19.1439832+00:00 ContainerStream:       FROM [__EFMigrationsHistory]
2026-08-08T00:02:19.1439929+00:00 ContainerStream:       ORDER BY [MigrationId];
2026-08-08T00:02:19.1457120+00:00 ContainerStream: info: Microsoft.EntityFrameworkCore.Database.Command[20101]
2026-08-08T00:02:19.1457443+00:00 ContainerStream:       Executed DbCommand (1ms) [Parameters=[], CommandType='Text', CommandTimeout='30']
2026-08-08T00:02:19.1457514+00:00 ContainerStream:       SELECT TOP(1) [b].[BankAccountNumber]
2026-08-08T00:02:19.1457554+00:00 ContainerStream:       FROM [Beneficiaries] AS [b]
2026-08-08T00:02:19.1457638+00:00 ContainerStream:       ORDER BY [b].[Id]
2026-08-08T00:02:23.9779601+00:00 ContainerStream: info: Microsoft.EntityFrameworkCore.Database.Command[20101]
2026-08-08T00:02:23.9780460+00:00 ContainerStream:       Executed DbCommand (2ms) [Parameters=[], CommandType='Text', CommandTimeout='30']
2026-08-08T00:02:23.9780585+00:00 ContainerStream:       SELECT 1
2026-08-08T00:02:23.9796393+00:00 ContainerStream: info: Microsoft.EntityFrameworkCore.Database.Command[20101]
2026-08-08T00:02:23.9796902+00:00 ContainerStream:       Executed DbCommand (2ms) [Parameters=[], CommandType='Text', CommandTimeout='30']
2026-08-08T00:02:23.9796986+00:00 ContainerStream:       SELECT OBJECT_ID(N'[__EFMigrationsHistory]');
2026-08-08T00:02:23.9826848+00:00 ContainerStream: info: Microsoft.EntityFrameworkCore.Database.Command[20101]
2026-08-08T00:02:23.9827227+00:00 ContainerStream:       Executed DbCommand (2ms) [Parameters=[], CommandType='Text', CommandTimeout='30']
2026-08-08T00:02:23.9827359+00:00 ContainerStream:       SELECT [MigrationId], [ProductVersion]
2026-08-08T00:02:23.9827402+00:00 ContainerStream:       FROM [__EFMigrationsHistory]
2026-08-08T00:02:23.9828062+00:00 ContainerStream:       ORDER BY [MigrationId];
2026-08-08T00:02:23.9850096+00:00 ContainerStream: info: Microsoft.EntityFrameworkCore.Database.Command[20101]
2026-08-08T00:02:23.9850461+00:00 ContainerStream:       Executed DbCommand (1ms) [Parameters=[], CommandType='Text', CommandTimeout='30']
2026-08-08T00:02:23.9850537+00:00 ContainerStream:       SELECT TOP(1) [b].[BankAccountNumber]
2026-08-08T00:02:23.9850583+00:00 ContainerStream:       FROM [Beneficiaries] AS [b]
2026-08-08T00:02:23.9850628+00:00 ContainerStream:       ORDER BY [b].[Id]
2026-08-08T00:02:26.5846322+00:00 ContainerStream: info: Microsoft.EntityFrameworkCore.Database.Command[20101]
2026-08-08T00:02:26.5849561+00:00 ContainerStream:       Executed DbCommand (2ms) [Parameters=[], CommandType='Text', CommandTimeout='30']
2026-08-08T00:02:26.5849693+00:00 ContainerStream:       SELECT 1
2026-08-08T00:02:26.5870293+00:00 ContainerStream: info: Microsoft.EntityFrameworkCore.Database.Command[20101]
2026-08-08T00:02:26.5870721+00:00 ContainerStream:       Executed DbCommand (2ms) [Parameters=[], CommandType='Text', CommandTimeout='30']
2026-08-08T00:02:26.5870871+00:00 ContainerStream:       SELECT OBJECT_ID(N'[__EFMigrationsHistory]');
2026-08-08T00:02:26.5908591+00:00 ContainerStream: info: Microsoft.EntityFrameworkCore.Database.Command[20101]
2026-08-08T00:02:26.5909029+00:00 ContainerStream:       Executed DbCommand (1ms) [Parameters=[], CommandType='Text', CommandTimeout='30']
2026-08-08T00:02:26.5909110+00:00 ContainerStream:       SELECT [MigrationId], [ProductVersion]
2026-08-08T00:02:26.5909162+00:00 ContainerStream:       FROM [__EFMigrationsHistory]
2026-08-08T00:02:26.5909255+00:00 ContainerStream:       ORDER BY [MigrationId];
2026-08-08T00:02:26.5929194+00:00 ContainerStream: info: Microsoft.EntityFrameworkCore.Database.Command[20101]
2026-08-08T00:02:26.5929487+00:00 ContainerStream:       Executed DbCommand (1ms) [Parameters=[], CommandType='Text', CommandTimeout='30']
2026-08-08T00:02:26.5929563+00:00 ContainerStream:       SELECT TOP(1) [b].[BankAccountNumber]
2026-08-08T00:02:26.5929608+00:00 ContainerStream:       FROM [Beneficiaries] AS [b]
2026-08-08T00:02:26.5929695+00:00 ContainerStream:       ORDER BY [b].[Id]
2026-08-08T00:02:26.9899932+00:00 ContainerStream: info: Microsoft.EntityFrameworkCore.Database.Command[20101]
2026-08-08T00:02:26.9900814+00:00 ContainerStream:       Executed DbCommand (2ms) [Parameters=[], CommandType='Text', CommandTimeout='30']
2026-08-08T00:02:26.9900950+00:00 ContainerStream:       SELECT 1
2026-08-08T00:02:26.9914707+00:00 ContainerStream: info: Microsoft.EntityFrameworkCore.Database.Command[20101]
2026-08-08T00:02:26.9915308+00:00 ContainerStream:       Executed DbCommand (2ms) [Parameters=[], CommandType='Text', CommandTimeout='30']
2026-08-08T00:02:26.9915410+00:00 ContainerStream:       SELECT OBJECT_ID(N'[__EFMigrationsHistory]');
2026-08-08T00:02:26.9945417+00:00 ContainerStream: info: Microsoft.EntityFrameworkCore.Database.Command[20101]
2026-08-08T00:02:26.9945902+00:00 ContainerStream:       Executed DbCommand (1ms) [Parameters=[], CommandType='Text', CommandTimeout='30']
2026-08-08T00:02:26.9946036+00:00 ContainerStream:       SELECT [MigrationId], [ProductVersion]
2026-08-08T00:02:26.9946075+00:00 ContainerStream:       FROM [__EFMigrationsHistory]
2026-08-08T00:02:26.9955122+00:00 ContainerStream:       ORDER BY [MigrationId];
2026-08-08T00:02:26.9969179+00:00 ContainerStream: info: Microsoft.EntityFrameworkCore.Database.Command[20101]
2026-08-08T00:02:26.9969556+00:00 ContainerStream:       Executed DbCommand (1ms) [Parameters=[], CommandType='Text', CommandTimeout='30']
2026-08-08T00:02:26.9969634+00:00 ContainerStream:       SELECT TOP(1) [b].[BankAccountNumber]
2026-08-08T00:02:26.9969682+00:00 ContainerStream:       FROM [Beneficiaries] AS [b]
2026-08-08T00:02:26.9969728+00:00 ContainerStream:       ORDER BY [b].[Id]
2026-08-08T00:02:27.6739995+00:00 ContainerStream: info: Microsoft.EntityFrameworkCore.Database.Command[20101]
2026-08-08T00:02:27.6742680+00:00 ContainerStream:       Executed DbCommand (2ms) [Parameters=[], CommandType='Text', CommandTimeout='30']
2026-08-08T00:02:27.6742839+00:00 ContainerStream:       SELECT 1
2026-08-08T00:02:27.6754754+00:00 ContainerStream: info: Microsoft.EntityFrameworkCore.Database.Command[20101]
2026-08-08T00:02:27.6755147+00:00 ContainerStream:       Executed DbCommand (2ms) [Parameters=[], CommandType='Text', CommandTimeout='30']
2026-08-08T00:02:27.6755280+00:00 ContainerStream:       SELECT OBJECT_ID(N'[__EFMigrationsHistory]');
2026-08-08T00:02:27.6780226+00:00 ContainerStream: info: Microsoft.EntityFrameworkCore.Database.Command[20101]
2026-08-08T00:02:27.6780556+00:00 ContainerStream:       Executed DbCommand (1ms) [Parameters=[], CommandType='Text', CommandTimeout='30']
2026-08-08T00:02:27.6780628+00:00 ContainerStream:       SELECT [MigrationId], [ProductVersion]
2026-08-08T00:02:27.6780713+00:00 ContainerStream:       FROM [__EFMigrationsHistory]
2026-08-08T00:02:27.6783506+00:00 ContainerStream:       ORDER BY [MigrationId];
2026-08-08T00:02:27.6802637+00:00 ContainerStream: info: Microsoft.EntityFrameworkCore.Database.Command[20101]
2026-08-08T00:02:27.6802935+00:00 ContainerStream:       Executed DbCommand (1ms) [Parameters=[], CommandType='Text', CommandTimeout='30']
2026-08-08T00:02:27.6803005+00:00 ContainerStream:       SELECT TOP(1) [b].[BankAccountNumber]
2026-08-08T00:02:27.6803085+00:00 ContainerStream:       FROM [Beneficiaries] AS [b]
2026-08-08T00:02:27.6803122+00:00 ContainerStream:       ORDER BY [b].[Id]
2026-08-08T00:02:28.9322632+00:00 ContainerStream: info: Microsoft.EntityFrameworkCore.Database.Command[20101]
2026-08-08T00:02:28.9323511+00:00 ContainerStream:       Executed DbCommand (2ms) [Parameters=[], CommandType='Text', CommandTimeout='30']
2026-08-08T00:02:28.9323617+00:00 ContainerStream:       SELECT 1
2026-08-08T00:02:28.9340360+00:00 ContainerStream: info: Microsoft.EntityFrameworkCore.Database.Command[20101]
2026-08-08T00:02:28.9343484+00:00 ContainerStream:       Executed DbCommand (2ms) [Parameters=[], CommandType='Text', CommandTimeout='30']
2026-08-08T00:02:28.9343639+00:00 ContainerStream:       SELECT OBJECT_ID(N'[__EFMigrationsHistory]');
2026-08-08T00:02:28.9380319+00:00 ContainerStream: info: Microsoft.EntityFrameworkCore.Database.Command[20101]
2026-08-08T00:02:28.9380934+00:00 ContainerStream:       Executed DbCommand (2ms) [Parameters=[], CommandType='Text', CommandTimeout='30']
2026-08-08T00:02:28.9381024+00:00 ContainerStream:       SELECT [MigrationId], [ProductVersion]
2026-08-08T00:02:28.9381068+00:00 ContainerStream:       FROM [__EFMigrationsHistory]
2026-08-08T00:02:28.9381112+00:00 ContainerStream:       ORDER BY [MigrationId];
2026-08-08T00:02:28.9399143+00:00 ContainerStream: info: Microsoft.EntityFrameworkCore.Database.Command[20101]
2026-08-08T00:02:28.9399581+00:00 ContainerStream:       Executed DbCommand (2ms) [Parameters=[], CommandType='Text', CommandTimeout='30']
2026-08-08T00:02:28.9399655+00:00 ContainerStream:       SELECT TOP(1) [b].[BankAccountNumber]
2026-08-08T00:02:28.9399696+00:00 ContainerStream:       FROM [Beneficiaries] AS [b]
2026-08-08T00:02:28.9399733+00:00 ContainerStream:       ORDER BY [b].[Id]
2026-08-08T00:02:32.4833886+00:00 ContainerStream: info: Microsoft.EntityFrameworkCore.Database.Command[20101]
2026-08-08T00:02:32.4834740+00:00 ContainerStream:       Executed DbCommand (2ms) [Parameters=[], CommandType='Text', CommandTimeout='30']
2026-08-08T00:02:32.4834845+00:00 ContainerStream:       SELECT 1
2026-08-08T00:02:32.4850792+00:00 ContainerStream: info: Microsoft.EntityFrameworkCore.Database.Command[20101]
2026-08-08T00:02:32.4851339+00:00 ContainerStream:       Executed DbCommand (2ms) [Parameters=[], CommandType='Text', CommandTimeout='30']
2026-08-08T00:02:32.4851499+00:00 ContainerStream:       SELECT OBJECT_ID(N'[__EFMigrationsHistory]');
2026-08-08T00:02:32.4885355+00:00 ContainerStream: info: Microsoft.EntityFrameworkCore.Database.Command[20101]
2026-08-08T00:02:32.4885788+00:00 ContainerStream:       Executed DbCommand (2ms) [Parameters=[], CommandType='Text', CommandTimeout='30']
2026-08-08T00:02:32.4885879+00:00 ContainerStream:       SELECT [MigrationId], [ProductVersion]
2026-08-08T00:02:32.4885996+00:00 ContainerStream:       FROM [__EFMigrationsHistory]
2026-08-08T00:02:32.4886057+00:00 ContainerStream:       ORDER BY [MigrationId];
2026-08-08T00:02:32.4898488+00:00 ContainerStream: info: Microsoft.EntityFrameworkCore.Database.Command[20101]
2026-08-08T00:02:32.4898967+00:00 ContainerStream:       Executed DbCommand (1ms) [Parameters=[], CommandType='Text', CommandTimeout='30']
2026-08-08T00:02:32.4899039+00:00 ContainerStream:       SELECT TOP(1) [b].[BankAccountNumber]
2026-08-08T00:02:32.4899127+00:00 ContainerStream:       FROM [Beneficiaries] AS [b]
2026-08-08T00:02:32.4899168+00:00 ContainerStream:       ORDER BY [b].[Id]
2026-08-08T00:02:33.5587323+00:00 ContainerStream: info: Microsoft.EntityFrameworkCore.Database.Command[20101]
2026-08-08T00:02:33.5588220+00:00 ContainerStream:       Executed DbCommand (2ms) [Parameters=[], CommandType='Text', CommandTimeout='30']
2026-08-08T00:02:33.5588441+00:00 ContainerStream:       SELECT 1
2026-08-08T00:02:33.5615482+00:00 ContainerStream: info: Microsoft.EntityFrameworkCore.Database.Command[20101]
2026-08-08T00:02:33.5617092+00:00 ContainerStream:       Executed DbCommand (2ms) [Parameters=[], CommandType='Text', CommandTimeout='30']
2026-08-08T00:02:33.5617208+00:00 ContainerStream:       SELECT OBJECT_ID(N'[__EFMigrationsHistory]');
2026-08-08T00:02:33.5635723+00:00 ContainerStream: info: Microsoft.EntityFrameworkCore.Database.Command[20101]
2026-08-08T00:02:33.5636173+00:00 ContainerStream:       Executed DbCommand (2ms) [Parameters=[], CommandType='Text', CommandTimeout='30']
2026-08-08T00:02:33.5636263+00:00 ContainerStream:       SELECT [MigrationId], [ProductVersion]
2026-08-08T00:02:33.5636303+00:00 ContainerStream:       FROM [__EFMigrationsHistory]
2026-08-08T00:02:33.5636341+00:00 ContainerStream:       ORDER BY [MigrationId];
2026-08-08T00:02:33.5648849+00:00 ContainerStream: info: Microsoft.EntityFrameworkCore.Database.Command[20101]
2026-08-08T00:02:33.5649195+00:00 ContainerStream:       Executed DbCommand (1ms) [Parameters=[], CommandType='Text', CommandTimeout='30']
2026-08-08T00:02:33.5649269+00:00 ContainerStream:       SELECT TOP(1) [b].[BankAccountNumber]
2026-08-08T00:02:33.5649306+00:00 ContainerStream:       FROM [Beneficiaries] AS [b]
2026-08-08T00:02:33.5649343+00:00 ContainerStream:       ORDER BY [b].[Id]
2026-08-08T00:02:33.8545253+00:00 ContainerStream: info: Microsoft.EntityFrameworkCore.Database.Command[20101]
2026-08-08T00:02:33.8546016+00:00 ContainerStream:       Executed DbCommand (2ms) [Parameters=[], CommandType='Text', CommandTimeout='30']
2026-08-08T00:02:33.8546134+00:00 ContainerStream:       SELECT 1
2026-08-08T00:02:33.8570084+00:00 ContainerStream: info: Microsoft.EntityFrameworkCore.Database.Command[20101]
2026-08-08T00:02:33.8572479+00:00 ContainerStream:       Executed DbCommand (2ms) [Parameters=[], CommandType='Text', CommandTimeout='30']
2026-08-08T00:02:33.8572617+00:00 ContainerStream:       SELECT OBJECT_ID(N'[__EFMigrationsHistory]');
2026-08-08T00:02:33.8601613+00:00 ContainerStream: info: Microsoft.EntityFrameworkCore.Database.Command[20101]
2026-08-08T00:02:33.8602270+00:00 ContainerStream:       Executed DbCommand (2ms) [Parameters=[], CommandType='Text', CommandTimeout='30']
2026-08-08T00:02:33.8602427+00:00 ContainerStream:       SELECT [MigrationId], [ProductVersion]
2026-08-08T00:02:33.8602490+00:00 ContainerStream:       FROM [__EFMigrationsHistory]
2026-08-08T00:02:33.8603188+00:00 ContainerStream:       ORDER BY [MigrationId];
2026-08-08T00:02:33.8625687+00:00 ContainerStream: info: Microsoft.EntityFrameworkCore.Database.Command[20101]
2026-08-08T00:02:33.8626033+00:00 ContainerStream:       Executed DbCommand (2ms) [Parameters=[], CommandType='Text', CommandTimeout='30']
2026-08-08T00:02:33.8626096+00:00 ContainerStream:       SELECT TOP(1) [b].[BankAccountNumber]
2026-08-08T00:02:33.8626137+00:00 ContainerStream:       FROM [Beneficiaries] AS [b]
2026-08-08T00:02:33.8626263+00:00 ContainerStream:       ORDER BY [b].[Id]
2026-08-08T00:02:36.1255237+00:00 ContainerStream: info: Microsoft.EntityFrameworkCore.Database.Command[20101]
2026-08-08T00:02:36.1256093+00:00 ContainerStream:       Executed DbCommand (2ms) [Parameters=[], CommandType='Text', CommandTimeout='30']
2026-08-08T00:02:36.1256189+00:00 ContainerStream:       SELECT 1
2026-08-08T00:02:36.1278405+00:00 ContainerStream: info: Microsoft.EntityFrameworkCore.Database.Command[20101]
2026-08-08T00:02:36.1278860+00:00 ContainerStream:       Executed DbCommand (2ms) [Parameters=[], CommandType='Text', CommandTimeout='30']
2026-08-08T00:02:36.1279000+00:00 ContainerStream:       SELECT OBJECT_ID(N'[__EFMigrationsHistory]');
2026-08-08T00:02:36.1306498+00:00 ContainerStream: info: Microsoft.EntityFrameworkCore.Database.Command[20101]
2026-08-08T00:02:36.1306843+00:00 ContainerStream:       Executed DbCommand (1ms) [Parameters=[], CommandType='Text', CommandTimeout='30']
2026-08-08T00:02:36.1306918+00:00 ContainerStream:       SELECT [MigrationId], [ProductVersion]
2026-08-08T00:02:36.1306966+00:00 ContainerStream:       FROM [__EFMigrationsHistory]
2026-08-08T00:02:36.1307062+00:00 ContainerStream:       ORDER BY [MigrationId];
2026-08-08T00:02:36.1321460+00:00 ContainerStream: info: Microsoft.EntityFrameworkCore.Database.Command[20101]
2026-08-08T00:02:36.1321777+00:00 ContainerStream:       Executed DbCommand (1ms) [Parameters=[], CommandType='Text', CommandTimeout='30']
2026-08-08T00:02:36.1321844+00:00 ContainerStream:       SELECT TOP(1) [b].[BankAccountNumber]
2026-08-08T00:02:36.1321888+00:00 ContainerStream:       FROM [Beneficiaries] AS [b]
2026-08-08T00:02:36.1321966+00:00 ContainerStream:       ORDER BY [b].[Id]
2026-08-08T00:02:39.3451838+00:00 ContainerStream: info: Microsoft.EntityFrameworkCore.Database.Command[20101]
2026-08-08T00:02:39.3452620+00:00 ContainerStream:       Executed DbCommand (2ms) [Parameters=[], CommandType='Text', CommandTimeout='30']
2026-08-08T00:02:39.3452744+00:00 ContainerStream:       SELECT 1
2026-08-08T00:02:39.3480268+00:00 ContainerStream: info: Microsoft.EntityFrameworkCore.Database.Command[20101]
2026-08-08T00:02:39.3480808+00:00 ContainerStream:       Executed DbCommand (2ms) [Parameters=[], CommandType='Text', CommandTimeout='30']
2026-08-08T00:02:39.3480892+00:00 ContainerStream:       SELECT OBJECT_ID(N'[__EFMigrationsHistory]');
2026-08-08T00:02:39.3494540+00:00 ContainerStream: info: Microsoft.EntityFrameworkCore.Database.Command[20101]
2026-08-08T00:02:39.3495208+00:00 ContainerStream:       Executed DbCommand (1ms) [Parameters=[], CommandType='Text', CommandTimeout='30']
2026-08-08T00:02:39.3495297+00:00 ContainerStream:       SELECT [MigrationId], [ProductVersion]
2026-08-08T00:02:39.3495345+00:00 ContainerStream:       FROM [__EFMigrationsHistory]
2026-08-08T00:02:39.3500826+00:00 ContainerStream:       ORDER BY [MigrationId];
2026-08-08T00:02:39.3522346+00:00 ContainerStream: info: Microsoft.EntityFrameworkCore.Database.Command[20101]
2026-08-08T00:02:39.3522705+00:00 ContainerStream:       Executed DbCommand (2ms) [Parameters=[], CommandType='Text', CommandTimeout='30']
2026-08-08T00:02:39.3522793+00:00 ContainerStream:       SELECT TOP(1) [b].[BankAccountNumber]
2026-08-08T00:02:39.3524953+00:00 ContainerStream:       FROM [Beneficiaries] AS [b]
2026-08-08T00:02:39.3525054+00:00 ContainerStream:       ORDER BY [b].[Id]
2026-08-08T00:02:46.2705482+00:00 ContainerStream: info: Microsoft.EntityFrameworkCore.Database.Command[20101]
2026-08-08T00:02:46.2706304+00:00 ContainerStream:       Executed DbCommand (2ms) [Parameters=[], CommandType='Text', CommandTimeout='30']
2026-08-08T00:02:46.2706434+00:00 ContainerStream:       SELECT 1
2026-08-08T00:02:46.2723002+00:00 ContainerStream: info: Microsoft.EntityFrameworkCore.Database.Command[20101]
2026-08-08T00:02:46.2725542+00:00 ContainerStream:       Executed DbCommand (2ms) [Parameters=[], CommandType='Text', CommandTimeout='30']
2026-08-08T00:02:46.2725685+00:00 ContainerStream:       SELECT OBJECT_ID(N'[__EFMigrationsHistory]');
2026-08-08T00:02:46.2752468+00:00 ContainerStream: info: Microsoft.EntityFrameworkCore.Database.Command[20101]
2026-08-08T00:02:46.2752848+00:00 ContainerStream:       Executed DbCommand (1ms) [Parameters=[], CommandType='Text', CommandTimeout='30']
2026-08-08T00:02:46.2752929+00:00 ContainerStream:       SELECT [MigrationId], [ProductVersion]
2026-08-08T00:02:46.2753021+00:00 ContainerStream:       FROM [__EFMigrationsHistory]
2026-08-08T00:02:46.2753060+00:00 ContainerStream:       ORDER BY [MigrationId];
2026-08-08T00:02:46.2772378+00:00 ContainerStream: info: Microsoft.EntityFrameworkCore.Database.Command[20101]
2026-08-08T00:02:46.2772863+00:00 ContainerStream:       Executed DbCommand (1ms) [Parameters=[], CommandType='Text', CommandTimeout='30']
2026-08-08T00:02:46.2772986+00:00 ContainerStream:       SELECT TOP(1) [b].[BankAccountNumber]
2026-08-08T00:02:46.2773027+00:00 ContainerStream:       FROM [Beneficiaries] AS [b]
2026-08-08T00:02:46.2773064+00:00 ContainerStream:       ORDER BY [b].[Id]
2026-08-08T00:02:52.1669325+00:00 ContainerStream: info: Microsoft.EntityFrameworkCore.Database.Command[20101]
2026-08-08T00:02:52.1670005+00:00 ContainerStream:       Executed DbCommand (2ms) [Parameters=[], CommandType='Text', CommandTimeout='30']
2026-08-08T00:02:52.1670148+00:00 ContainerStream:       SELECT 1
2026-08-08T00:02:52.1687986+00:00 ContainerStream: info: Microsoft.EntityFrameworkCore.Database.Command[20101]
2026-08-08T00:02:52.1688492+00:00 ContainerStream:       Executed DbCommand (2ms) [Parameters=[], CommandType='Text', CommandTimeout='30']
2026-08-08T00:02:52.1688575+00:00 ContainerStream:       SELECT OBJECT_ID(N'[__EFMigrationsHistory]');
2026-08-08T00:02:52.1716210+00:00 ContainerStream: info: Microsoft.EntityFrameworkCore.Database.Command[20101]
2026-08-08T00:02:52.1716577+00:00 ContainerStream:       Executed DbCommand (2ms) [Parameters=[], CommandType='Text', CommandTimeout='30']
2026-08-08T00:02:52.1716640+00:00 ContainerStream:       SELECT [MigrationId], [ProductVersion]
2026-08-08T00:02:52.1716670+00:00 ContainerStream:       FROM [__EFMigrationsHistory]
2026-08-08T00:02:52.1716698+00:00 ContainerStream:       ORDER BY [MigrationId];
2026-08-08T00:02:52.1744129+00:00 ContainerStream: info: Microsoft.EntityFrameworkCore.Database.Command[20101]
2026-08-08T00:02:52.1744545+00:00 ContainerStream:       Executed DbCommand (3ms) [Parameters=[], CommandType='Text', CommandTimeout='30']
2026-08-08T00:02:52.1744626+00:00 ContainerStream:       SELECT TOP(1) [b].[BankAccountNumber]
2026-08-08T00:02:52.1744674+00:00 ContainerStream:       FROM [Beneficiaries] AS [b]
2026-08-08T00:02:52.1744722+00:00 ContainerStream:       ORDER BY [b].[Id]
2026-08-08T00:03:05.3989480+00:00 ContainerStream: info: Microsoft.EntityFrameworkCore.Database.Command[20101]
2026-08-08T00:03:05.3990359+00:00 ContainerStream:       Executed DbCommand (2ms) [Parameters=[], CommandType='Text', CommandTimeout='30']
2026-08-08T00:03:05.3990477+00:00 ContainerStream:       SELECT 1
2026-08-08T00:03:05.4008382+00:00 ContainerStream: info: Microsoft.EntityFrameworkCore.Database.Command[20101]
2026-08-08T00:03:05.4008956+00:00 ContainerStream:       Executed DbCommand (2ms) [Parameters=[], CommandType='Text', CommandTimeout='30']
2026-08-08T00:03:05.4009038+00:00 ContainerStream:       SELECT OBJECT_ID(N'[__EFMigrationsHistory]');
2026-08-08T00:03:05.4036304+00:00 ContainerStream: info: Microsoft.EntityFrameworkCore.Database.Command[20101]
2026-08-08T00:03:05.4036692+00:00 ContainerStream:       Executed DbCommand (2ms) [Parameters=[], CommandType='Text', CommandTimeout='30']
2026-08-08T00:03:05.4036769+00:00 ContainerStream:       SELECT [MigrationId], [ProductVersion]
2026-08-08T00:03:05.4036956+00:00 ContainerStream:       FROM [__EFMigrationsHistory]
2026-08-08T00:03:05.4037000+00:00 ContainerStream:       ORDER BY [MigrationId];
2026-08-08T00:03:05.4054326+00:00 ContainerStream: info: Microsoft.EntityFrameworkCore.Database.Command[20101]
2026-08-08T00:03:05.4054653+00:00 ContainerStream:       Executed DbCommand (1ms) [Parameters=[], CommandType='Text', CommandTimeout='30']
2026-08-08T00:03:05.4054763+00:00 ContainerStream:       SELECT TOP(1) [b].[BankAccountNumber]
2026-08-08T00:03:05.4054811+00:00 ContainerStream:       FROM [Beneficiaries] AS [b]
2026-08-08T00:03:05.4054949+00:00 ContainerStream:       ORDER BY [b].[Id]
2026-08-08T00:03:08.3455033+00:00 ContainerStream: info: Microsoft.EntityFrameworkCore.Database.Command[20101]
2026-08-08T00:03:08.3455828+00:00 ContainerStream:       Executed DbCommand (2ms) [Parameters=[], CommandType='Text', CommandTimeout='30']
2026-08-08T00:03:08.3456051+00:00 ContainerStream:       SELECT 1
2026-08-08T00:03:08.3477863+00:00 ContainerStream: info: Microsoft.EntityFrameworkCore.Database.Command[20101]
2026-08-08T00:03:08.3481389+00:00 ContainerStream:       Executed DbCommand (2ms) [Parameters=[], CommandType='Text', CommandTimeout='30']
2026-08-08T00:03:08.3481608+00:00 ContainerStream:       SELECT OBJECT_ID(N'[__EFMigrationsHistory]');
2026-08-08T00:03:08.3511522+00:00 ContainerStream: info: Microsoft.EntityFrameworkCore.Database.Command[20101]
2026-08-08T00:03:08.3511954+00:00 ContainerStream:       Executed DbCommand (2ms) [Parameters=[], CommandType='Text', CommandTimeout='30']
2026-08-08T00:03:08.3512028+00:00 ContainerStream:       SELECT [MigrationId], [ProductVersion]
2026-08-08T00:03:08.3512070+00:00 ContainerStream:       FROM [__EFMigrationsHistory]
2026-08-08T00:03:08.3512113+00:00 ContainerStream:       ORDER BY [MigrationId];
2026-08-08T00:03:08.3525813+00:00 ContainerStream: info: Microsoft.EntityFrameworkCore.Database.Command[20101]
2026-08-08T00:03:08.3526130+00:00 ContainerStream:       Executed DbCommand (1ms) [Parameters=[], CommandType='Text', CommandTimeout='30']
2026-08-08T00:03:08.3526211+00:00 ContainerStream:       SELECT TOP(1) [b].[BankAccountNumber]
2026-08-08T00:03:08.3526262+00:00 ContainerStream:       FROM [Beneficiaries] AS [b]
2026-08-08T00:03:08.3526394+00:00 ContainerStream:       ORDER BY [b].[Id]
2026-08-08T00:03:10.6053336+00:00 ContainerStream: info: Microsoft.EntityFrameworkCore.Database.Command[20101]
2026-08-08T00:03:10.6054073+00:00 ContainerStream:       Executed DbCommand (2ms) [Parameters=[], CommandType='Text', CommandTimeout='30']
2026-08-08T00:03:10.6054162+00:00 ContainerStream:       SELECT 1
2026-08-08T00:03:10.6069470+00:00 ContainerStream: info: Microsoft.EntityFrameworkCore.Database.Command[20101]
2026-08-08T00:03:10.6069971+00:00 ContainerStream:       Executed DbCommand (2ms) [Parameters=[], CommandType='Text', CommandTimeout='30']
2026-08-08T00:03:10.6070055+00:00 ContainerStream:       SELECT OBJECT_ID(N'[__EFMigrationsHistory]');
2026-08-08T00:03:10.6094902+00:00 ContainerStream: info: Microsoft.EntityFrameworkCore.Database.Command[20101]
2026-08-08T00:03:10.6095298+00:00 ContainerStream:       Executed DbCommand (1ms) [Parameters=[], CommandType='Text', CommandTimeout='30']
2026-08-08T00:03:10.6095414+00:00 ContainerStream:       SELECT [MigrationId], [ProductVersion]
2026-08-08T00:03:10.6095457+00:00 ContainerStream:       FROM [__EFMigrationsHistory]
2026-08-08T00:03:10.6095496+00:00 ContainerStream:       ORDER BY [MigrationId];
2026-08-08T00:03:10.6115272+00:00 ContainerStream: info: Microsoft.EntityFrameworkCore.Database.Command[20101]
2026-08-08T00:03:10.6115586+00:00 ContainerStream:       Executed DbCommand (1ms) [Parameters=[], CommandType='Text', CommandTimeout='30']
2026-08-08T00:03:10.6115700+00:00 ContainerStream:       SELECT TOP(1) [b].[BankAccountNumber]
2026-08-08T00:03:10.6115747+00:00 ContainerStream:       FROM [Beneficiaries] AS [b]
2026-08-08T00:03:10.6115881+00:00 ContainerStream:       ORDER BY [b].[Id]
2026-08-08T00:03:11.4329105+00:00 ContainerStream: info: Microsoft.EntityFrameworkCore.Database.Command[20101]
2026-08-08T00:03:11.4330153+00:00 ContainerStream:       Executed DbCommand (2ms) [Parameters=[], CommandType='Text', CommandTimeout='30']
2026-08-08T00:03:11.4330261+00:00 ContainerStream:       SELECT 1
2026-08-08T00:03:11.4353742+00:00 ContainerStream: info: Microsoft.EntityFrameworkCore.Database.Command[20101]
2026-08-08T00:03:11.4355517+00:00 ContainerStream:       Executed DbCommand (2ms) [Parameters=[], CommandType='Text', CommandTimeout='30']
2026-08-08T00:03:11.4355623+00:00 ContainerStream:       SELECT OBJECT_ID(N'[__EFMigrationsHistory]');
2026-08-08T00:03:11.4388810+00:00 ContainerStream: info: Microsoft.EntityFrameworkCore.Database.Command[20101]
2026-08-08T00:03:11.4389274+00:00 ContainerStream:       Executed DbCommand (1ms) [Parameters=[], CommandType='Text', CommandTimeout='30']
2026-08-08T00:03:11.4389353+00:00 ContainerStream:       SELECT [MigrationId], [ProductVersion]
2026-08-08T00:03:11.4389393+00:00 ContainerStream:       FROM [__EFMigrationsHistory]
2026-08-08T00:03:11.4389472+00:00 ContainerStream:       ORDER BY [MigrationId];
2026-08-08T00:03:11.4401624+00:00 ContainerStream: info: Microsoft.EntityFrameworkCore.Database.Command[20101]
2026-08-08T00:03:11.4401927+00:00 ContainerStream:       Executed DbCommand (1ms) [Parameters=[], CommandType='Text', CommandTimeout='30']
2026-08-08T00:03:11.4401989+00:00 ContainerStream:       SELECT TOP(1) [b].[BankAccountNumber]
2026-08-08T00:03:11.4402026+00:00 ContainerStream:       FROM [Beneficiaries] AS [b]
2026-08-08T00:03:11.4402108+00:00 ContainerStream:       ORDER BY [b].[Id]
2026-08-08T00:03:12.1659399+00:00 ContainerStream: info: Microsoft.EntityFrameworkCore.Database.Command[20101]
2026-08-08T00:03:12.1660227+00:00 ContainerStream:       Executed DbCommand (2ms) [Parameters=[], CommandType='Text', CommandTimeout='30']
2026-08-08T00:03:12.1660327+00:00 ContainerStream:       SELECT 1
2026-08-08T00:03:12.1685804+00:00 ContainerStream: info: Microsoft.EntityFrameworkCore.Database.Command[20101]
2026-08-08T00:03:12.1686298+00:00 ContainerStream:       Executed DbCommand (2ms) [Parameters=[], CommandType='Text', CommandTimeout='30']
2026-08-08T00:03:12.1686379+00:00 ContainerStream:       SELECT OBJECT_ID(N'[__EFMigrationsHistory]');
2026-08-08T00:03:12.1699745+00:00 ContainerStream: info: Microsoft.EntityFrameworkCore.Database.Command[20101]
2026-08-08T00:03:12.1700090+00:00 ContainerStream:       Executed DbCommand (1ms) [Parameters=[], CommandType='Text', CommandTimeout='30']
2026-08-08T00:03:12.1700206+00:00 ContainerStream:       SELECT [MigrationId], [ProductVersion]
2026-08-08T00:03:12.1700251+00:00 ContainerStream:       FROM [__EFMigrationsHistory]
2026-08-08T00:03:12.1700770+00:00 ContainerStream:       ORDER BY [MigrationId];
2026-08-08T00:03:12.1719023+00:00 ContainerStream: info: Microsoft.EntityFrameworkCore.Database.Command[20101]
2026-08-08T00:03:12.1719360+00:00 ContainerStream:       Executed DbCommand (1ms) [Parameters=[], CommandType='Text', CommandTimeout='30']
2026-08-08T00:03:12.1719434+00:00 ContainerStream:       SELECT TOP(1) [b].[BankAccountNumber]
2026-08-08T00:03:12.1719479+00:00 ContainerStream:       FROM [Beneficiaries] AS [b]
2026-08-08T00:03:12.1719524+00:00 ContainerStream:       ORDER BY [b].[Id]
2026-08-08T00:03:14.5027981+00:00 ContainerStream: info: Microsoft.EntityFrameworkCore.Database.Command[20101]
2026-08-08T00:03:14.5028850+00:00 ContainerStream:       Executed DbCommand (2ms) [Parameters=[], CommandType='Text', CommandTimeout='30']
2026-08-08T00:03:14.5028966+00:00 ContainerStream:       SELECT 1
2026-08-08T00:03:14.5056334+00:00 ContainerStream: info: Microsoft.EntityFrameworkCore.Database.Command[20101]
2026-08-08T00:03:14.5056961+00:00 ContainerStream:       Executed DbCommand (2ms) [Parameters=[], CommandType='Text', CommandTimeout='30']
2026-08-08T00:03:14.5057098+00:00 ContainerStream:       SELECT OBJECT_ID(N'[__EFMigrationsHistory]');
2026-08-08T00:03:14.5130623+00:00 ContainerStream: info: Microsoft.EntityFrameworkCore.Database.Command[20101]
2026-08-08T00:03:14.5131269+00:00 ContainerStream:       Executed DbCommand (7ms) [Parameters=[], CommandType='Text', CommandTimeout='30']
2026-08-08T00:03:14.5131367+00:00 ContainerStream:       SELECT [MigrationId], [ProductVersion]
2026-08-08T00:03:14.5131419+00:00 ContainerStream:       FROM [__EFMigrationsHistory]
2026-08-08T00:03:14.5131521+00:00 ContainerStream:       ORDER BY [MigrationId];
2026-08-08T00:03:14.5166848+00:00 ContainerStream: info: Microsoft.EntityFrameworkCore.Database.Command[20101]
2026-08-08T00:03:14.5167179+00:00 ContainerStream:       Executed DbCommand (2ms) [Parameters=[], CommandType='Text', CommandTimeout='30']
2026-08-08T00:03:14.5167261+00:00 ContainerStream:       SELECT TOP(1) [b].[BankAccountNumber]
2026-08-08T00:03:14.5167302+00:00 ContainerStream:       FROM [Beneficiaries] AS [b]
2026-08-08T00:03:14.5167410+00:00 ContainerStream:       ORDER BY [b].[Id]
2026-08-08T00:03:15.0719029+00:00 ContainerStream: info: Microsoft.EntityFrameworkCore.Database.Command[20101]
2026-08-08T00:03:15.0719857+00:00 ContainerStream:       Executed DbCommand (2ms) [Parameters=[], CommandType='Text', CommandTimeout='30']
2026-08-08T00:03:15.0719949+00:00 ContainerStream:       SELECT 1
2026-08-08T00:03:15.0738840+00:00 ContainerStream: info: Microsoft.EntityFrameworkCore.Database.Command[20101]
2026-08-08T00:03:15.0739389+00:00 ContainerStream:       Executed DbCommand (2ms) [Parameters=[], CommandType='Text', CommandTimeout='30']
2026-08-08T00:03:15.0739482+00:00 ContainerStream:       SELECT OBJECT_ID(N'[__EFMigrationsHistory]');
2026-08-08T00:03:15.0777459+00:00 ContainerStream: info: Microsoft.EntityFrameworkCore.Database.Command[20101]
2026-08-08T00:03:15.0777991+00:00 ContainerStream:       Executed DbCommand (2ms) [Parameters=[], CommandType='Text', CommandTimeout='30']
2026-08-08T00:03:15.0778072+00:00 ContainerStream:       SELECT [MigrationId], [ProductVersion]
2026-08-08T00:03:15.0778115+00:00 ContainerStream:       FROM [__EFMigrationsHistory]
2026-08-08T00:03:15.0778155+00:00 ContainerStream:       ORDER BY [MigrationId];
2026-08-08T00:03:15.0799236+00:00 ContainerStream: info: Microsoft.EntityFrameworkCore.Database.Command[20101]
2026-08-08T00:03:15.0799494+00:00 ContainerStream:       Executed DbCommand (1ms) [Parameters=[], CommandType='Text', CommandTimeout='30']
2026-08-08T00:03:15.0799558+00:00 ContainerStream:       SELECT TOP(1) [b].[BankAccountNumber]
2026-08-08T00:03:15.0799602+00:00 ContainerStream:       FROM [Beneficiaries] AS [b]
2026-08-08T00:03:15.0799639+00:00 ContainerStream:       ORDER BY [b].[Id]
2026-08-08T00:03:17.3010164+00:00 ContainerStream: info: Microsoft.EntityFrameworkCore.Database.Command[20101]
2026-08-08T00:03:17.3010961+00:00 ContainerStream:       Executed DbCommand (2ms) [Parameters=[], CommandType='Text', CommandTimeout='30']
2026-08-08T00:03:17.3011087+00:00 ContainerStream:       SELECT 1
2026-08-08T00:03:17.3037757+00:00 ContainerStream: info: Microsoft.EntityFrameworkCore.Database.Command[20101]
2026-08-08T00:03:17.3038321+00:00 ContainerStream:       Executed DbCommand (2ms) [Parameters=[], CommandType='Text', CommandTimeout='30']
2026-08-08T00:03:17.3038490+00:00 ContainerStream:       SELECT OBJECT_ID(N'[__EFMigrationsHistory]');
2026-08-08T00:03:17.3050545+00:00 ContainerStream: info: Microsoft.EntityFrameworkCore.Database.Command[20101]
2026-08-08T00:03:17.3051215+00:00 ContainerStream:       Executed DbCommand (1ms) [Parameters=[], CommandType='Text', CommandTimeout='30']
2026-08-08T00:03:17.3051295+00:00 ContainerStream:       SELECT [MigrationId], [ProductVersion]
2026-08-08T00:03:17.3051397+00:00 ContainerStream:       FROM [__EFMigrationsHistory]
2026-08-08T00:03:17.3051970+00:00 ContainerStream:       ORDER BY [MigrationId];
2026-08-08T00:03:17.3067511+00:00 ContainerStream: info: Microsoft.EntityFrameworkCore.Database.Command[20101]
2026-08-08T00:03:17.3067881+00:00 ContainerStream:       Executed DbCommand (1ms) [Parameters=[], CommandType='Text', CommandTimeout='30']
2026-08-08T00:03:17.3067997+00:00 ContainerStream:       SELECT TOP(1) [b].[BankAccountNumber]
2026-08-08T00:03:17.3068044+00:00 ContainerStream:       FROM [Beneficiaries] AS [b]
2026-08-08T00:03:17.3068083+00:00 ContainerStream:       ORDER BY [b].[Id]
2026-08-08T00:03:17.8764181+00:00 ContainerStream: info: Microsoft.EntityFrameworkCore.Database.Command[20101]
2026-08-08T00:03:17.8764969+00:00 ContainerStream:       Executed DbCommand (2ms) [Parameters=[], CommandType='Text', CommandTimeout='30']
2026-08-08T00:03:17.8765165+00:00 ContainerStream:       SELECT 1
2026-08-08T00:03:17.8791100+00:00 ContainerStream: info: Microsoft.EntityFrameworkCore.Database.Command[20101]
2026-08-08T00:03:17.8791713+00:00 ContainerStream:       Executed DbCommand (2ms) [Parameters=[], CommandType='Text', CommandTimeout='30']
2026-08-08T00:03:17.8791811+00:00 ContainerStream:       SELECT OBJECT_ID(N'[__EFMigrationsHistory]');
2026-08-08T00:03:17.8803972+00:00 ContainerStream: info: Microsoft.EntityFrameworkCore.Database.Command[20101]
2026-08-08T00:03:17.8804376+00:00 ContainerStream:       Executed DbCommand (1ms) [Parameters=[], CommandType='Text', CommandTimeout='30']
2026-08-08T00:03:17.8804463+00:00 ContainerStream:       SELECT [MigrationId], [ProductVersion]
2026-08-08T00:03:17.8804506+00:00 ContainerStream:       FROM [__EFMigrationsHistory]
2026-08-08T00:03:17.8804994+00:00 ContainerStream:       ORDER BY [MigrationId];
2026-08-08T00:03:17.8823064+00:00 ContainerStream: info: Microsoft.EntityFrameworkCore.Database.Command[20101]
2026-08-08T00:03:17.8823367+00:00 ContainerStream:       Executed DbCommand (1ms) [Parameters=[], CommandType='Text', CommandTimeout='30']
2026-08-08T00:03:17.8823441+00:00 ContainerStream:       SELECT TOP(1) [b].[BankAccountNumber]
2026-08-08T00:03:17.8823487+00:00 ContainerStream:       FROM [Beneficiaries] AS [b]
2026-08-08T00:03:17.8823530+00:00 ContainerStream:       ORDER BY [b].[Id]
2026-08-08T00:03:20.0040777+00:00 ContainerStream: info: Microsoft.EntityFrameworkCore.Database.Command[20101]
2026-08-08T00:03:20.0041613+00:00 ContainerStream:       Executed DbCommand (2ms) [Parameters=[], CommandType='Text', CommandTimeout='30']
2026-08-08T00:03:20.0041760+00:00 ContainerStream:       SELECT 1
2026-08-08T00:03:20.0056032+00:00 ContainerStream: info: Microsoft.EntityFrameworkCore.Database.Command[20101]
2026-08-08T00:03:20.0056708+00:00 ContainerStream:       Executed DbCommand (2ms) [Parameters=[], CommandType='Text', CommandTimeout='30']
2026-08-08T00:03:20.0056814+00:00 ContainerStream:       SELECT OBJECT_ID(N'[__EFMigrationsHistory]');
2026-08-08T00:03:20.0086261+00:00 ContainerStream: info: Microsoft.EntityFrameworkCore.Database.Command[20101]
2026-08-08T00:03:20.0092872+00:00 ContainerStream:       Executed DbCommand (1ms) [Parameters=[], CommandType='Text', CommandTimeout='30']
2026-08-08T00:03:20.0093161+00:00 ContainerStream:       SELECT [MigrationId], [ProductVersion]
2026-08-08T00:03:20.0093217+00:00 ContainerStream:       FROM [__EFMigrationsHistory]
2026-08-08T00:03:20.0093463+00:00 ContainerStream:       ORDER BY [MigrationId];
2026-08-08T00:03:20.0105396+00:00 ContainerStream: info: Microsoft.EntityFrameworkCore.Database.Command[20101]
2026-08-08T00:03:20.0105738+00:00 ContainerStream:       Executed DbCommand (1ms) [Parameters=[], CommandType='Text', CommandTimeout='30']
2026-08-08T00:03:20.0105804+00:00 ContainerStream:       SELECT TOP(1) [b].[BankAccountNumber]
2026-08-08T00:03:20.0105844+00:00 ContainerStream:       FROM [Beneficiaries] AS [b]
2026-08-08T00:03:20.0105883+00:00 ContainerStream:       ORDER BY [b].[Id]
2026-08-08T00:03:22.3821372+00:00 ContainerStream: info: Microsoft.EntityFrameworkCore.Database.Command[20101]
2026-08-08T00:03:22.3822260+00:00 ContainerStream:       Executed DbCommand (2ms) [Parameters=[], CommandType='Text', CommandTimeout='30']
2026-08-08T00:03:22.3822372+00:00 ContainerStream:       SELECT 1
2026-08-08T00:03:22.3839474+00:00 ContainerStream: info: Microsoft.EntityFrameworkCore.Database.Command[20101]
2026-08-08T00:03:22.3843335+00:00 ContainerStream:       Executed DbCommand (2ms) [Parameters=[], CommandType='Text', CommandTimeout='30']
2026-08-08T00:03:22.3843550+00:00 ContainerStream:       SELECT OBJECT_ID(N'[__EFMigrationsHistory]');
2026-08-08T00:03:22.3874455+00:00 ContainerStream: info: Microsoft.EntityFrameworkCore.Database.Command[20101]
2026-08-08T00:03:22.3876331+00:00 ContainerStream:       Executed DbCommand (2ms) [Parameters=[], CommandType='Text', CommandTimeout='30']
2026-08-08T00:03:22.3876484+00:00 ContainerStream:       SELECT [MigrationId], [ProductVersion]
2026-08-08T00:03:22.3876531+00:00 ContainerStream:       FROM [__EFMigrationsHistory]
2026-08-08T00:03:22.3876607+00:00 ContainerStream:       ORDER BY [MigrationId];
2026-08-08T00:03:22.3890334+00:00 ContainerStream: info: Microsoft.EntityFrameworkCore.Database.Command[20101]
2026-08-08T00:03:22.3890692+00:00 ContainerStream:       Executed DbCommand (1ms) [Parameters=[], CommandType='Text', CommandTimeout='30']
2026-08-08T00:03:22.3890762+00:00 ContainerStream:       SELECT TOP(1) [b].[BankAccountNumber]
2026-08-08T00:03:22.3890807+00:00 ContainerStream:       FROM [Beneficiaries] AS [b]
2026-08-08T00:03:22.3890896+00:00 ContainerStream:       ORDER BY [b].[Id]
2026-08-08T00:03:23.8632340+00:00 ContainerStream: info: Microsoft.EntityFrameworkCore.Database.Command[20101]
2026-08-08T00:03:23.8633090+00:00 ContainerStream:       Executed DbCommand (2ms) [Parameters=[], CommandType='Text', CommandTimeout='30']
2026-08-08T00:03:23.8633236+00:00 ContainerStream:       SELECT 1
2026-08-08T00:03:23.8660494+00:00 ContainerStream: info: Microsoft.EntityFrameworkCore.Database.Command[20101]
2026-08-08T00:03:23.8660980+00:00 ContainerStream:       Executed DbCommand (2ms) [Parameters=[], CommandType='Text', CommandTimeout='30']
2026-08-08T00:03:23.8661082+00:00 ContainerStream:       SELECT OBJECT_ID(N'[__EFMigrationsHistory]');
2026-08-08T00:03:23.8684288+00:00 ContainerStream: info: Microsoft.EntityFrameworkCore.Database.Command[20101]
2026-08-08T00:03:23.8684702+00:00 ContainerStream:       Executed DbCommand (1ms) [Parameters=[], CommandType='Text', CommandTimeout='30']
2026-08-08T00:03:23.8689528+00:00 ContainerStream:       SELECT [MigrationId], [ProductVersion]
2026-08-08T00:03:23.8689699+00:00 ContainerStream:       FROM [__EFMigrationsHistory]
2026-08-08T00:03:23.8689966+00:00 ContainerStream:       ORDER BY [MigrationId];
2026-08-08T00:03:23.8703981+00:00 ContainerStream: info: Microsoft.EntityFrameworkCore.Database.Command[20101]
2026-08-08T00:03:23.8704290+00:00 ContainerStream:       Executed DbCommand (1ms) [Parameters=[], CommandType='Text', CommandTimeout='30']
2026-08-08T00:03:23.8704363+00:00 ContainerStream:       SELECT TOP(1) [b].[BankAccountNumber]
2026-08-08T00:03:23.8704408+00:00 ContainerStream:       FROM [Beneficiaries] AS [b]
2026-08-08T00:03:23.8704453+00:00 ContainerStream:       ORDER BY [b].[Id]
2026-08-08T00:03:27.1280769+00:00 ContainerStream: info: Microsoft.EntityFrameworkCore.Database.Command[20101]
2026-08-08T00:03:27.1281543+00:00 ContainerStream:       Executed DbCommand (2ms) [Parameters=[], CommandType='Text', CommandTimeout='30']
2026-08-08T00:03:27.1281666+00:00 ContainerStream:       SELECT 1
2026-08-08T00:03:27.1321152+00:00 ContainerStream: info: Microsoft.EntityFrameworkCore.Database.Command[20101]
2026-08-08T00:03:27.1321975+00:00 ContainerStream:       Executed DbCommand (2ms) [Parameters=[], CommandType='Text', CommandTimeout='30']
2026-08-08T00:03:27.1322071+00:00 ContainerStream:       SELECT OBJECT_ID(N'[__EFMigrationsHistory]');
2026-08-08T00:03:27.1343278+00:00 ContainerStream: info: Microsoft.EntityFrameworkCore.Database.Command[20101]
2026-08-08T00:03:27.1344047+00:00 ContainerStream:       Executed DbCommand (2ms) [Parameters=[], CommandType='Text', CommandTimeout='30']
2026-08-08T00:03:27.1344150+00:00 ContainerStream:       SELECT 1
2026-08-08T00:03:27.1362315+00:00 ContainerStream: info: Microsoft.EntityFrameworkCore.Database.Command[20101]
2026-08-08T00:03:27.1362920+00:00 ContainerStream:       Executed DbCommand (2ms) [Parameters=[], CommandType='Text', CommandTimeout='30']
2026-08-08T00:03:27.1363018+00:00 ContainerStream:       SELECT OBJECT_ID(N'[__EFMigrationsHistory]');
2026-08-08T00:03:27.1393590+00:00 ContainerStream: info: Microsoft.EntityFrameworkCore.Database.Command[20101]
2026-08-08T00:03:27.1394881+00:00 ContainerStream:       Executed DbCommand (1ms) [Parameters=[], CommandType='Text', CommandTimeout='30']
2026-08-08T00:03:27.1394999+00:00 ContainerStream:       SELECT [MigrationId], [ProductVersion]
2026-08-08T00:03:27.1395046+00:00 ContainerStream:       FROM [__EFMigrationsHistory]
2026-08-08T00:03:27.1398119+00:00 ContainerStream:       ORDER BY [MigrationId];
2026-08-08T00:03:27.1407202+00:00 ContainerStream: info: Microsoft.EntityFrameworkCore.Database.Command[20101]
2026-08-08T00:03:27.1407701+00:00 ContainerStream:       Executed DbCommand (1ms) [Parameters=[], CommandType='Text', CommandTimeout='30']
2026-08-08T00:03:27.1407768+00:00 ContainerStream:       SELECT TOP(1) [b].[BankAccountNumber]
2026-08-08T00:03:27.1407806+00:00 ContainerStream:       FROM [Beneficiaries] AS [b]
2026-08-08T00:03:27.1407842+00:00 ContainerStream:       ORDER BY [b].[Id]
2026-08-08T00:03:27.3692466+00:00 ContainerStream: info: Microsoft.EntityFrameworkCore.Database.Command[20101]
2026-08-08T00:03:27.3693445+00:00 ContainerStream:       Executed DbCommand (8ms) [Parameters=[], CommandType='Text', CommandTimeout='30']
2026-08-08T00:03:27.3693558+00:00 ContainerStream:       SELECT [MigrationId], [ProductVersion]
2026-08-08T00:03:27.3693602+00:00 ContainerStream:       FROM [__EFMigrationsHistory]
2026-08-08T00:03:27.3693657+00:00 ContainerStream:       ORDER BY [MigrationId];
2026-08-08T00:03:27.3720306+00:00 ContainerStream: info: Microsoft.EntityFrameworkCore.Database.Command[20101]
2026-08-08T00:03:27.3720845+00:00 ContainerStream:       Executed DbCommand (2ms) [Parameters=[], CommandType='Text', CommandTimeout='30']
2026-08-08T00:03:27.3720935+00:00 ContainerStream:       SELECT TOP(1) [b].[BankAccountNumber]
2026-08-08T00:03:27.3720981+00:00 ContainerStream:       FROM [Beneficiaries] AS [b]
2026-08-08T00:03:27.3721072+00:00 ContainerStream:       ORDER BY [b].[Id]
2026-08-08T00:03:31.3134728+00:00 ContainerStream: info: Microsoft.EntityFrameworkCore.Database.Command[20101]
2026-08-08T00:03:31.3138113+00:00 ContainerStream:       Executed DbCommand (2ms) [Parameters=[], CommandType='Text', CommandTimeout='30']
2026-08-08T00:03:31.3138281+00:00 ContainerStream:       SELECT 1
2026-08-08T00:03:31.3161530+00:00 ContainerStream: info: Microsoft.EntityFrameworkCore.Database.Command[20101]
2026-08-08T00:03:31.3161977+00:00 ContainerStream:       Executed DbCommand (2ms) [Parameters=[], CommandType='Text', CommandTimeout='30']
2026-08-08T00:03:31.3162070+00:00 ContainerStream:       SELECT OBJECT_ID(N'[__EFMigrationsHistory]');
2026-08-08T00:03:31.3184906+00:00 ContainerStream: info: Microsoft.EntityFrameworkCore.Database.Command[20101]
2026-08-08T00:03:31.3185260+00:00 ContainerStream:       Executed DbCommand (2ms) [Parameters=[], CommandType='Text', CommandTimeout='30']
2026-08-08T00:03:31.3185425+00:00 ContainerStream:       SELECT [MigrationId], [ProductVersion]
2026-08-08T00:03:31.3185476+00:00 ContainerStream:       FROM [__EFMigrationsHistory]
2026-08-08T00:03:31.3185521+00:00 ContainerStream:       ORDER BY [MigrationId];
2026-08-08T00:03:31.3198020+00:00 ContainerStream: info: Microsoft.EntityFrameworkCore.Database.Command[20101]
2026-08-08T00:03:31.3198330+00:00 ContainerStream:       Executed DbCommand (1ms) [Parameters=[], CommandType='Text', CommandTimeout='30']
2026-08-08T00:03:31.3198445+00:00 ContainerStream:       SELECT TOP(1) [b].[BankAccountNumber]
2026-08-08T00:03:31.3198489+00:00 ContainerStream:       FROM [Beneficiaries] AS [b]
2026-08-08T00:03:31.3198530+00:00 ContainerStream:       ORDER BY [b].[Id]
2026-08-08T00:03:31.6955352+00:00 ContainerStream: info: Microsoft.EntityFrameworkCore.Database.Command[20101]
2026-08-08T00:03:31.6956185+00:00 ContainerStream:       Executed DbCommand (2ms) [Parameters=[], CommandType='Text', CommandTimeout='30']
2026-08-08T00:03:31.6956343+00:00 ContainerStream:       SELECT 1
2026-08-08T00:03:31.6984726+00:00 ContainerStream: info: Microsoft.EntityFrameworkCore.Database.Command[20101]
2026-08-08T00:03:31.6985251+00:00 ContainerStream:       Executed DbCommand (2ms) [Parameters=[], CommandType='Text', CommandTimeout='30']
2026-08-08T00:03:31.6985337+00:00 ContainerStream:       SELECT OBJECT_ID(N'[__EFMigrationsHistory]');
2026-08-08T00:03:31.6999317+00:00 ContainerStream: info: Microsoft.EntityFrameworkCore.Database.Command[20101]
2026-08-08T00:03:31.6999638+00:00 ContainerStream:       Executed DbCommand (1ms) [Parameters=[], CommandType='Text', CommandTimeout='30']
2026-08-08T00:03:31.6999707+00:00 ContainerStream:       SELECT [MigrationId], [ProductVersion]
2026-08-08T00:03:31.6999745+00:00 ContainerStream:       FROM [__EFMigrationsHistory]
2026-08-08T00:03:31.6999831+00:00 ContainerStream:       ORDER BY [MigrationId];
2026-08-08T00:03:31.7021383+00:00 ContainerStream: info: Microsoft.EntityFrameworkCore.Database.Command[20101]
2026-08-08T00:03:31.7021755+00:00 ContainerStream:       Executed DbCommand (1ms) [Parameters=[], CommandType='Text', CommandTimeout='30']
2026-08-08T00:03:31.7021828+00:00 ContainerStream:       SELECT TOP(1) [b].[BankAccountNumber]
2026-08-08T00:03:31.7021873+00:00 ContainerStream:       FROM [Beneficiaries] AS [b]
2026-08-08T00:03:31.7021960+00:00 ContainerStream:       ORDER BY [b].[Id]
2026-08-08T00:03:52.1709655+00:00 ContainerStream: info: Microsoft.EntityFrameworkCore.Database.Command[20101]
2026-08-08T00:03:52.1710405+00:00 ContainerStream:       Executed DbCommand (2ms) [Parameters=[], CommandType='Text', CommandTimeout='30']
2026-08-08T00:03:52.1710506+00:00 ContainerStream:       SELECT 1
2026-08-08T00:03:52.1726628+00:00 ContainerStream: info: Microsoft.EntityFrameworkCore.Database.Command[20101]
2026-08-08T00:03:52.1727465+00:00 ContainerStream:       Executed DbCommand (2ms) [Parameters=[], CommandType='Text', CommandTimeout='30']
2026-08-08T00:03:52.1727548+00:00 ContainerStream:       SELECT OBJECT_ID(N'[__EFMigrationsHistory]');
2026-08-08T00:03:52.1756041+00:00 ContainerStream: info: Microsoft.EntityFrameworkCore.Database.Command[20101]
2026-08-08T00:03:52.1756498+00:00 ContainerStream:       Executed DbCommand (1ms) [Parameters=[], CommandType='Text', CommandTimeout='30']
2026-08-08T00:03:52.1756617+00:00 ContainerStream:       SELECT [MigrationId], [ProductVersion]
2026-08-08T00:03:52.1756660+00:00 ContainerStream:       FROM [__EFMigrationsHistory]
2026-08-08T00:03:52.1757682+00:00 ContainerStream:       ORDER BY [MigrationId];
2026-08-08T00:03:52.1777174+00:00 ContainerStream: info: Microsoft.EntityFrameworkCore.Database.Command[20101]
2026-08-08T00:03:52.1777519+00:00 ContainerStream:       Executed DbCommand (1ms) [Parameters=[], CommandType='Text', CommandTimeout='30']
2026-08-08T00:03:52.1777594+00:00 ContainerStream:       SELECT TOP(1) [b].[BankAccountNumber]
2026-08-08T00:03:52.1777641+00:00 ContainerStream:       FROM [Beneficiaries] AS [b]
2026-08-08T00:03:52.1777687+00:00 ContainerStream:       ORDER BY [b].[Id]
2026-08-08T00:03:53.3897086+00:00 ContainerStream: info: Microsoft.EntityFrameworkCore.Database.Command[20101]
2026-08-08T00:03:53.3898022+00:00 ContainerStream:       Executed DbCommand (2ms) [Parameters=[], CommandType='Text', CommandTimeout='30']
2026-08-08T00:03:53.3898121+00:00 ContainerStream:       SELECT 1
2026-08-08T00:03:53.3915534+00:00 ContainerStream: info: Microsoft.EntityFrameworkCore.Database.Command[20101]
2026-08-08T00:03:53.3927497+00:00 ContainerStream:       Executed DbCommand (2ms) [Parameters=[], CommandType='Text', CommandTimeout='30']
2026-08-08T00:03:53.3927947+00:00 ContainerStream:       SELECT OBJECT_ID(N'[__EFMigrationsHistory]');
2026-08-08T00:03:53.3946277+00:00 ContainerStream: info: Microsoft.EntityFrameworkCore.Database.Command[20101]
2026-08-08T00:03:53.3946611+00:00 ContainerStream:       Executed DbCommand (2ms) [Parameters=[], CommandType='Text', CommandTimeout='30']
2026-08-08T00:03:53.3946684+00:00 ContainerStream:       SELECT [MigrationId], [ProductVersion]
2026-08-08T00:03:53.3946733+00:00 ContainerStream:       FROM [__EFMigrationsHistory]
2026-08-08T00:03:53.3946820+00:00 ContainerStream:       ORDER BY [MigrationId];
2026-08-08T00:03:53.3958130+00:00 ContainerStream: info: Microsoft.EntityFrameworkCore.Database.Command[20101]
2026-08-08T00:03:53.3958461+00:00 ContainerStream:       Executed DbCommand (1ms) [Parameters=[], CommandType='Text', CommandTimeout='30']
2026-08-08T00:03:53.3958529+00:00 ContainerStream:       SELECT TOP(1) [b].[BankAccountNumber]
2026-08-08T00:03:53.3958569+00:00 ContainerStream:       FROM [Beneficiaries] AS [b]
2026-08-08T00:03:53.3958655+00:00 ContainerStream:       ORDER BY [b].[Id]
2026-08-08T00:03:58.9056986+00:00 ContainerStream: info: Microsoft.EntityFrameworkCore.Database.Command[20101]
2026-08-08T00:03:58.9057858+00:00 ContainerStream:       Executed DbCommand (2ms) [Parameters=[], CommandType='Text', CommandTimeout='30']
2026-08-08T00:03:58.9057970+00:00 ContainerStream:       SELECT 1
2026-08-08T00:03:58.9074003+00:00 ContainerStream: info: Microsoft.EntityFrameworkCore.Database.Command[20101]
2026-08-08T00:03:58.9079210+00:00 ContainerStream:       Executed DbCommand (2ms) [Parameters=[], CommandType='Text', CommandTimeout='30']
2026-08-08T00:03:58.9079501+00:00 ContainerStream:       SELECT OBJECT_ID(N'[__EFMigrationsHistory]');
2026-08-08T00:03:58.9109246+00:00 ContainerStream: info: Microsoft.EntityFrameworkCore.Database.Command[20101]
2026-08-08T00:03:58.9109633+00:00 ContainerStream:       Executed DbCommand (2ms) [Parameters=[], CommandType='Text', CommandTimeout='30']
2026-08-08T00:03:58.9109717+00:00 ContainerStream:       SELECT [MigrationId], [ProductVersion]
2026-08-08T00:03:58.9109764+00:00 ContainerStream:       FROM [__EFMigrationsHistory]
2026-08-08T00:03:58.9109810+00:00 ContainerStream:       ORDER BY [MigrationId];
2026-08-08T00:03:58.9121937+00:00 ContainerStream: info: Microsoft.EntityFrameworkCore.Database.Command[20101]
2026-08-08T00:03:58.9122271+00:00 ContainerStream:       Executed DbCommand (1ms) [Parameters=[], CommandType='Text', CommandTimeout='30']
2026-08-08T00:03:58.9122334+00:00 ContainerStream:       SELECT TOP(1) [b].[BankAccountNumber]
2026-08-08T00:03:58.9122371+00:00 ContainerStream:       FROM [Beneficiaries] AS [b]
2026-08-08T00:03:58.9122413+00:00 ContainerStream:       ORDER BY [b].[Id]
2026-08-08T00:04:00.1670656+00:00 ContainerStream: info: Microsoft.EntityFrameworkCore.Database.Command[20101]
2026-08-08T00:04:00.1671604+00:00 ContainerStream:       Executed DbCommand (3ms) [Parameters=[], CommandType='Text', CommandTimeout='30']
2026-08-08T00:04:00.1671711+00:00 ContainerStream:       SELECT 1
2026-08-08T00:04:00.1807400+00:00 ContainerStream: info: Microsoft.EntityFrameworkCore.Database.Command[20101]
2026-08-08T00:04:00.1808196+00:00 ContainerStream:       Executed DbCommand (12ms) [Parameters=[], CommandType='Text', CommandTimeout='30']
2026-08-08T00:04:00.1808376+00:00 ContainerStream:       SELECT OBJECT_ID(N'[__EFMigrationsHistory]');
2026-08-08T00:04:00.1826665+00:00 ContainerStream: info: Microsoft.EntityFrameworkCore.Database.Command[20101]
2026-08-08T00:04:00.1827219+00:00 ContainerStream:       Executed DbCommand (2ms) [Parameters=[], CommandType='Text', CommandTimeout='30']
2026-08-08T00:04:00.1827311+00:00 ContainerStream:       SELECT [MigrationId], [ProductVersion]
2026-08-08T00:04:00.1827414+00:00 ContainerStream:       FROM [__EFMigrationsHistory]
2026-08-08T00:04:00.1827461+00:00 ContainerStream:       ORDER BY [MigrationId];
2026-08-08T00:04:00.1838940+00:00 ContainerStream: info: Microsoft.EntityFrameworkCore.Database.Command[20101]
2026-08-08T00:04:00.1839355+00:00 ContainerStream:       Executed DbCommand (1ms) [Parameters=[], CommandType='Text', CommandTimeout='30']
2026-08-08T00:04:00.1839418+00:00 ContainerStream:       SELECT TOP(1) [b].[BankAccountNumber]
2026-08-08T00:04:00.1839506+00:00 ContainerStream:       FROM [Beneficiaries] AS [b]
2026-08-08T00:04:00.1839544+00:00 ContainerStream:       ORDER BY [b].[Id]
2026-08-08T00:04:00.5021017+00:00 ContainerStream: info: Microsoft.EntityFrameworkCore.Database.Command[20101]
2026-08-08T00:04:00.5021890+00:00 ContainerStream:       Executed DbCommand (2ms) [Parameters=[], CommandType='Text', CommandTimeout='30']
2026-08-08T00:04:00.5022111+00:00 ContainerStream:       SELECT 1
2026-08-08T00:04:00.5038603+00:00 ContainerStream: info: Microsoft.EntityFrameworkCore.Database.Command[20101]
2026-08-08T00:04:00.5039248+00:00 ContainerStream:       Executed DbCommand (2ms) [Parameters=[], CommandType='Text', CommandTimeout='30']
2026-08-08T00:04:00.5039351+00:00 ContainerStream:       SELECT OBJECT_ID(N'[__EFMigrationsHistory]');
2026-08-08T00:04:00.5068924+00:00 ContainerStream: info: Microsoft.EntityFrameworkCore.Database.Command[20101]
2026-08-08T00:04:00.5069331+00:00 ContainerStream:       Executed DbCommand (2ms) [Parameters=[], CommandType='Text', CommandTimeout='30']
2026-08-08T00:04:00.5069547+00:00 ContainerStream:       SELECT [MigrationId], [ProductVersion]
2026-08-08T00:04:00.5069607+00:00 ContainerStream:       FROM [__EFMigrationsHistory]
2026-08-08T00:04:00.5075098+00:00 ContainerStream:       ORDER BY [MigrationId];
2026-08-08T00:04:00.5086155+00:00 ContainerStream: info: Microsoft.EntityFrameworkCore.Database.Command[20101]
2026-08-08T00:04:00.5086439+00:00 ContainerStream:       Executed DbCommand (1ms) [Parameters=[], CommandType='Text', CommandTimeout='30']
2026-08-08T00:04:00.5086500+00:00 ContainerStream:       SELECT TOP(1) [b].[BankAccountNumber]
2026-08-08T00:04:00.5086537+00:00 ContainerStream:       FROM [Beneficiaries] AS [b]
2026-08-08T00:04:00.5086572+00:00 ContainerStream:       ORDER BY [b].[Id]
2026-08-08T00:04:01.6162774+00:00 ContainerStream: info: Microsoft.EntityFrameworkCore.Database.Command[20101]
2026-08-08T00:04:01.6163564+00:00 ContainerStream:       Executed DbCommand (2ms) [Parameters=[], CommandType='Text', CommandTimeout='30']
2026-08-08T00:04:01.6163676+00:00 ContainerStream:       SELECT 1
2026-08-08T00:04:01.6191324+00:00 ContainerStream: info: Microsoft.EntityFrameworkCore.Database.Command[20101]
2026-08-08T00:04:01.6192955+00:00 ContainerStream:       Executed DbCommand (2ms) [Parameters=[], CommandType='Text', CommandTimeout='30']
2026-08-08T00:04:01.6193084+00:00 ContainerStream:       SELECT OBJECT_ID(N'[__EFMigrationsHistory]');
2026-08-08T00:04:01.6216121+00:00 ContainerStream: info: Microsoft.EntityFrameworkCore.Database.Command[20101]
2026-08-08T00:04:01.6216605+00:00 ContainerStream:       Executed DbCommand (1ms) [Parameters=[], CommandType='Text', CommandTimeout='30']
2026-08-08T00:04:01.6216730+00:00 ContainerStream:       SELECT [MigrationId], [ProductVersion]
2026-08-08T00:04:01.6216779+00:00 ContainerStream:       FROM [__EFMigrationsHistory]
2026-08-08T00:04:01.6217509+00:00 ContainerStream:       ORDER BY [MigrationId];
2026-08-08T00:04:01.6249972+00:00 ContainerStream: info: Microsoft.EntityFrameworkCore.Database.Command[20101]
2026-08-08T00:04:01.6250407+00:00 ContainerStream:       Executed DbCommand (2ms) [Parameters=[], CommandType='Text', CommandTimeout='30']
2026-08-08T00:04:01.6250490+00:00 ContainerStream:       SELECT TOP(1) [b].[BankAccountNumber]
2026-08-08T00:04:01.6250533+00:00 ContainerStream:       FROM [Beneficiaries] AS [b]
2026-08-08T00:04:01.6250573+00:00 ContainerStream:       ORDER BY [b].[Id]
2026-08-08T00:04:03.1634031+00:00 ContainerStream: info: Microsoft.EntityFrameworkCore.Database.Command[20101]
2026-08-08T00:04:03.1634974+00:00 ContainerStream:       Executed DbCommand (2ms) [Parameters=[], CommandType='Text', CommandTimeout='30']
2026-08-08T00:04:03.1635095+00:00 ContainerStream:       SELECT 1
2026-08-08T00:04:03.1651398+00:00 ContainerStream: info: Microsoft.EntityFrameworkCore.Database.Command[20101]
2026-08-08T00:04:03.1651967+00:00 ContainerStream:       Executed DbCommand (2ms) [Parameters=[], CommandType='Text', CommandTimeout='30']
2026-08-08T00:04:03.1652120+00:00 ContainerStream:       SELECT OBJECT_ID(N'[__EFMigrationsHistory]');
2026-08-08T00:04:03.1682647+00:00 ContainerStream: info: Microsoft.EntityFrameworkCore.Database.Command[20101]
2026-08-08T00:04:03.1683165+00:00 ContainerStream:       Executed DbCommand (1ms) [Parameters=[], CommandType='Text', CommandTimeout='30']
2026-08-08T00:04:03.1683245+00:00 ContainerStream:       SELECT [MigrationId], [ProductVersion]
2026-08-08T00:04:03.1683289+00:00 ContainerStream:       FROM [__EFMigrationsHistory]
2026-08-08T00:04:03.1683378+00:00 ContainerStream:       ORDER BY [MigrationId];
2026-08-08T00:04:03.1696279+00:00 ContainerStream: info: Microsoft.EntityFrameworkCore.Database.Command[20101]
2026-08-08T00:04:03.1696713+00:00 ContainerStream:       Executed DbCommand (1ms) [Parameters=[], CommandType='Text', CommandTimeout='30']
2026-08-08T00:04:03.1696783+00:00 ContainerStream:       SELECT TOP(1) [b].[BankAccountNumber]
2026-08-08T00:04:03.1696826+00:00 ContainerStream:       FROM [Beneficiaries] AS [b]
2026-08-08T00:04:03.1696919+00:00 ContainerStream:       ORDER BY [b].[Id]
2026-08-08T00:04:04.0801945+00:00 ContainerStream: info: Microsoft.EntityFrameworkCore.Database.Command[20101]
2026-08-08T00:04:04.0802793+00:00 ContainerStream:       Executed DbCommand (2ms) [Parameters=[], CommandType='Text', CommandTimeout='30']
2026-08-08T00:04:04.0802918+00:00 ContainerStream:       SELECT 1
2026-08-08T00:04:04.0820257+00:00 ContainerStream: info: Microsoft.EntityFrameworkCore.Database.Command[20101]
2026-08-08T00:04:04.0820775+00:00 ContainerStream:       Executed DbCommand (2ms) [Parameters=[], CommandType='Text', CommandTimeout='30']
2026-08-08T00:04:04.0820876+00:00 ContainerStream:       SELECT OBJECT_ID(N'[__EFMigrationsHistory]');
2026-08-08T00:04:04.0856086+00:00 ContainerStream: info: Microsoft.EntityFrameworkCore.Database.Command[20101]
2026-08-08T00:04:04.0856500+00:00 ContainerStream:       Executed DbCommand (2ms) [Parameters=[], CommandType='Text', CommandTimeout='30']
2026-08-08T00:04:04.0856569+00:00 ContainerStream:       SELECT [MigrationId], [ProductVersion]
2026-08-08T00:04:04.0856611+00:00 ContainerStream:       FROM [__EFMigrationsHistory]
2026-08-08T00:04:04.0856648+00:00 ContainerStream:       ORDER BY [MigrationId];
2026-08-08T00:04:04.0876033+00:00 ContainerStream: info: Microsoft.EntityFrameworkCore.Database.Command[20101]
2026-08-08T00:04:04.0876409+00:00 ContainerStream:       Executed DbCommand (1ms) [Parameters=[], CommandType='Text', CommandTimeout='30']
2026-08-08T00:04:04.0876480+00:00 ContainerStream:       SELECT TOP(1) [b].[BankAccountNumber]
2026-08-08T00:04:04.0876518+00:00 ContainerStream:       FROM [Beneficiaries] AS [b]
2026-08-08T00:04:04.0876558+00:00 ContainerStream:       ORDER BY [b].[Id]
2026-08-08T00:04:04.4982151+00:00 ContainerStream: info: Microsoft.EntityFrameworkCore.Database.Command[20101]
2026-08-08T00:04:04.4982994+00:00 ContainerStream:       Executed DbCommand (2ms) [Parameters=[], CommandType='Text', CommandTimeout='30']
2026-08-08T00:04:04.4983119+00:00 ContainerStream:       SELECT 1
2026-08-08T00:04:04.4998980+00:00 ContainerStream: info: Microsoft.EntityFrameworkCore.Database.Command[20101]
2026-08-08T00:04:04.4999599+00:00 ContainerStream:       Executed DbCommand (2ms) [Parameters=[], CommandType='Text', CommandTimeout='30']
2026-08-08T00:04:04.4999757+00:00 ContainerStream:       SELECT OBJECT_ID(N'[__EFMigrationsHistory]');
2026-08-08T00:04:04.5029198+00:00 ContainerStream: info: Microsoft.EntityFrameworkCore.Database.Command[20101]
2026-08-08T00:04:04.5029847+00:00 ContainerStream:       Executed DbCommand (2ms) [Parameters=[], CommandType='Text', CommandTimeout='30']
2026-08-08T00:04:04.5029944+00:00 ContainerStream:       SELECT [MigrationId], [ProductVersion]
2026-08-08T00:04:04.5030050+00:00 ContainerStream:       FROM [__EFMigrationsHistory]
2026-08-08T00:04:04.5030102+00:00 ContainerStream:       ORDER BY [MigrationId];
2026-08-08T00:04:04.5054557+00:00 ContainerStream: info: Microsoft.EntityFrameworkCore.Database.Command[20101]
2026-08-08T00:04:04.5054897+00:00 ContainerStream:       Executed DbCommand (1ms) [Parameters=[], CommandType='Text', CommandTimeout='30']
2026-08-08T00:04:04.5054967+00:00 ContainerStream:       SELECT TOP(1) [b].[BankAccountNumber]
2026-08-08T00:04:04.5055147+00:00 ContainerStream:       FROM [Beneficiaries] AS [b]
2026-08-08T00:04:04.5055187+00:00 ContainerStream:       ORDER BY [b].[Id]
2026-08-08T00:04:05.4134379+00:00 ContainerStream: info: Microsoft.EntityFrameworkCore.Database.Command[20101]
2026-08-08T00:04:05.4135139+00:00 ContainerStream:       Executed DbCommand (2ms) [Parameters=[], CommandType='Text', CommandTimeout='30']
2026-08-08T00:04:05.4135333+00:00 ContainerStream:       SELECT 1
2026-08-08T00:04:05.4151013+00:00 ContainerStream: info: Microsoft.EntityFrameworkCore.Database.Command[20101]
2026-08-08T00:04:05.4151526+00:00 ContainerStream:       Executed DbCommand (2ms) [Parameters=[], CommandType='Text', CommandTimeout='30']
2026-08-08T00:04:05.4151612+00:00 ContainerStream:       SELECT OBJECT_ID(N'[__EFMigrationsHistory]');
2026-08-08T00:04:05.4177590+00:00 ContainerStream: info: Microsoft.EntityFrameworkCore.Database.Command[20101]
2026-08-08T00:04:05.4177995+00:00 ContainerStream:       Executed DbCommand (1ms) [Parameters=[], CommandType='Text', CommandTimeout='30']
2026-08-08T00:04:05.4178068+00:00 ContainerStream:       SELECT [MigrationId], [ProductVersion]
2026-08-08T00:04:05.4178110+00:00 ContainerStream:       FROM [__EFMigrationsHistory]
2026-08-08T00:04:05.4178154+00:00 ContainerStream:       ORDER BY [MigrationId];
2026-08-08T00:04:05.4195368+00:00 ContainerStream: info: Microsoft.EntityFrameworkCore.Database.Command[20101]
2026-08-08T00:04:05.4195704+00:00 ContainerStream:       Executed DbCommand (1ms) [Parameters=[], CommandType='Text', CommandTimeout='30']
2026-08-08T00:04:05.4195781+00:00 ContainerStream:       SELECT TOP(1) [b].[BankAccountNumber]
2026-08-08T00:04:05.4195829+00:00 ContainerStream:       FROM [Beneficiaries] AS [b]
2026-08-08T00:04:05.4200640+00:00 ContainerStream:       ORDER BY [b].[Id]
2026-08-08T00:04:08.7921553+00:00 ContainerStream: info: Microsoft.EntityFrameworkCore.Database.Command[20101]
2026-08-08T00:04:08.7922606+00:00 ContainerStream:       Executed DbCommand (2ms) [Parameters=[], CommandType='Text', CommandTimeout='30']
2026-08-08T00:04:08.7922721+00:00 ContainerStream:       SELECT 1
2026-08-08T00:04:08.7937345+00:00 ContainerStream: info: Microsoft.EntityFrameworkCore.Database.Command[20101]
2026-08-08T00:04:08.7937853+00:00 ContainerStream:       Executed DbCommand (2ms) [Parameters=[], CommandType='Text', CommandTimeout='30']
2026-08-08T00:04:08.7937993+00:00 ContainerStream:       SELECT OBJECT_ID(N'[__EFMigrationsHistory]');
2026-08-08T00:04:08.7967319+00:00 ContainerStream: info: Microsoft.EntityFrameworkCore.Database.Command[20101]
2026-08-08T00:04:08.7967749+00:00 ContainerStream:       Executed DbCommand (1ms) [Parameters=[], CommandType='Text', CommandTimeout='30']
2026-08-08T00:04:08.7967823+00:00 ContainerStream:       SELECT [MigrationId], [ProductVersion]
2026-08-08T00:04:08.7967905+00:00 ContainerStream:       FROM [__EFMigrationsHistory]
2026-08-08T00:04:08.7967945+00:00 ContainerStream:       ORDER BY [MigrationId];
2026-08-08T00:04:08.7983307+00:00 ContainerStream: info: Microsoft.EntityFrameworkCore.Database.Command[20101]
2026-08-08T00:04:08.7983780+00:00 ContainerStream:       Executed DbCommand (1ms) [Parameters=[], CommandType='Text', CommandTimeout='30']
2026-08-08T00:04:08.7983849+00:00 ContainerStream:       SELECT TOP(1) [b].[BankAccountNumber]
2026-08-08T00:04:08.7983936+00:00 ContainerStream:       FROM [Beneficiaries] AS [b]
2026-08-08T00:04:08.7983973+00:00 ContainerStream:       ORDER BY [b].[Id]
2026-08-08T00:04:10.0679831+00:00 ContainerStream: info: Microsoft.EntityFrameworkCore.Database.Command[20101]
2026-08-08T00:04:10.0680659+00:00 ContainerStream:       Executed DbCommand (2ms) [Parameters=[], CommandType='Text', CommandTimeout='30']
2026-08-08T00:04:10.0680897+00:00 ContainerStream:       SELECT 1
2026-08-08T00:04:10.0709622+00:00 ContainerStream: info: Microsoft.EntityFrameworkCore.Database.Command[20101]
2026-08-08T00:04:10.0710369+00:00 ContainerStream:       Executed DbCommand (2ms) [Parameters=[], CommandType='Text', CommandTimeout='30']
2026-08-08T00:04:10.0710493+00:00 ContainerStream:       SELECT OBJECT_ID(N'[__EFMigrationsHistory]');
2026-08-08T00:04:10.0725216+00:00 ContainerStream: info: Microsoft.EntityFrameworkCore.Database.Command[20101]
2026-08-08T00:04:10.0725637+00:00 ContainerStream:       Executed DbCommand (2ms) [Parameters=[], CommandType='Text', CommandTimeout='30']
2026-08-08T00:04:10.0725715+00:00 ContainerStream:       SELECT [MigrationId], [ProductVersion]
2026-08-08T00:04:10.0725758+00:00 ContainerStream:       FROM [__EFMigrationsHistory]
2026-08-08T00:04:10.0725799+00:00 ContainerStream:       ORDER BY [MigrationId];
2026-08-08T00:04:10.0743800+00:00 ContainerStream: info: Microsoft.EntityFrameworkCore.Database.Command[20101]
2026-08-08T00:04:10.0750494+00:00 ContainerStream:       Executed DbCommand (1ms) [Parameters=[], CommandType='Text', CommandTimeout='30']
2026-08-08T00:04:10.0750657+00:00 ContainerStream:       SELECT TOP(1) [b].[BankAccountNumber]
2026-08-08T00:04:10.0750699+00:00 ContainerStream:       FROM [Beneficiaries] AS [b]
2026-08-08T00:04:10.0750739+00:00 ContainerStream:       ORDER BY [b].[Id]
2026-08-08T00:04:12.8047633+00:00 ContainerStream: info: Microsoft.EntityFrameworkCore.Database.Command[20101]
2026-08-08T00:04:12.8048441+00:00 ContainerStream:       Executed DbCommand (2ms) [Parameters=[], CommandType='Text', CommandTimeout='30']
2026-08-08T00:04:12.8048567+00:00 ContainerStream:       SELECT 1
2026-08-08T00:04:12.8064247+00:00 ContainerStream: info: Microsoft.EntityFrameworkCore.Database.Command[20101]
2026-08-08T00:04:12.8064825+00:00 ContainerStream:       Executed DbCommand (2ms) [Parameters=[], CommandType='Text', CommandTimeout='30']
2026-08-08T00:04:12.8064898+00:00 ContainerStream:       SELECT OBJECT_ID(N'[__EFMigrationsHistory]');
2026-08-08T00:04:12.8095762+00:00 ContainerStream: info: Microsoft.EntityFrameworkCore.Database.Command[20101]
2026-08-08T00:04:12.8096168+00:00 ContainerStream:       Executed DbCommand (2ms) [Parameters=[], CommandType='Text', CommandTimeout='30']
2026-08-08T00:04:12.8096293+00:00 ContainerStream:       SELECT [MigrationId], [ProductVersion]
2026-08-08T00:04:12.8096335+00:00 ContainerStream:       FROM [__EFMigrationsHistory]
2026-08-08T00:04:12.8096379+00:00 ContainerStream:       ORDER BY [MigrationId];
2026-08-08T00:04:12.8126994+00:00 ContainerStream: info: Microsoft.EntityFrameworkCore.Database.Command[20101]
2026-08-08T00:04:12.8127267+00:00 ContainerStream:       Executed DbCommand (1ms) [Parameters=[], CommandType='Text', CommandTimeout='30']
2026-08-08T00:04:12.8127377+00:00 ContainerStream:       SELECT TOP(1) [b].[BankAccountNumber]
2026-08-08T00:04:12.8127426+00:00 ContainerStream:       FROM [Beneficiaries] AS [b]
2026-08-08T00:04:12.8127473+00:00 ContainerStream:       ORDER BY [b].[Id]
2026-08-08T00:04:13.1540680+00:00 ContainerStream: info: Microsoft.EntityFrameworkCore.Database.Command[20101]
2026-08-08T00:04:13.1541615+00:00 ContainerStream:       Executed DbCommand (5ms) [Parameters=[], CommandType='Text', CommandTimeout='30']
2026-08-08T00:04:13.1541714+00:00 ContainerStream:       SELECT 1
2026-08-08T00:04:13.1566346+00:00 ContainerStream: info: Microsoft.EntityFrameworkCore.Database.Command[20101]
2026-08-08T00:04:13.1567167+00:00 ContainerStream:       Executed DbCommand (2ms) [Parameters=[], CommandType='Text', CommandTimeout='30']
2026-08-08T00:04:13.1567263+00:00 ContainerStream:       SELECT OBJECT_ID(N'[__EFMigrationsHistory]');
2026-08-08T00:04:13.1579861+00:00 ContainerStream: info: Microsoft.EntityFrameworkCore.Database.Command[20101]
2026-08-08T00:04:13.1580277+00:00 ContainerStream:       Executed DbCommand (1ms) [Parameters=[], CommandType='Text', CommandTimeout='30']
2026-08-08T00:04:13.1580352+00:00 ContainerStream:       SELECT [MigrationId], [ProductVersion]
2026-08-08T00:04:13.1580389+00:00 ContainerStream:       FROM [__EFMigrationsHistory]
2026-08-08T00:04:13.1580473+00:00 ContainerStream:       ORDER BY [MigrationId];
2026-08-08T00:04:13.1596792+00:00 ContainerStream: info: Microsoft.EntityFrameworkCore.Database.Command[20101]
2026-08-08T00:04:13.1597113+00:00 ContainerStream:       Executed DbCommand (1ms) [Parameters=[], CommandType='Text', CommandTimeout='30']
2026-08-08T00:04:13.1597176+00:00 ContainerStream:       SELECT TOP(1) [b].[BankAccountNumber]
2026-08-08T00:04:13.1597218+00:00 ContainerStream:       FROM [Beneficiaries] AS [b]
2026-08-08T00:04:13.1597305+00:00 ContainerStream:       ORDER BY [b].[Id]
2026-08-08T00:04:20.4046390+00:00 ContainerStream: info: Microsoft.EntityFrameworkCore.Database.Command[20101]
2026-08-08T00:04:20.4047541+00:00 ContainerStream:       Executed DbCommand (2ms) [Parameters=[], CommandType='Text', CommandTimeout='30']
2026-08-08T00:04:20.4047670+00:00 ContainerStream:       SELECT 1
2026-08-08T00:04:20.4090399+00:00 ContainerStream: info: Microsoft.EntityFrameworkCore.Database.Command[20101]
2026-08-08T00:04:20.4091284+00:00 ContainerStream:       Executed DbCommand (4ms) [Parameters=[], CommandType='Text', CommandTimeout='30']
2026-08-08T00:04:20.4091376+00:00 ContainerStream:       SELECT OBJECT_ID(N'[__EFMigrationsHistory]');
2026-08-08T00:04:20.4134050+00:00 ContainerStream: info: Microsoft.EntityFrameworkCore.Database.Command[20101]
2026-08-08T00:04:20.4134595+00:00 ContainerStream:       Executed DbCommand (2ms) [Parameters=[], CommandType='Text', CommandTimeout='30']
2026-08-08T00:04:20.4134725+00:00 ContainerStream:       SELECT [MigrationId], [ProductVersion]
2026-08-08T00:04:20.4134773+00:00 ContainerStream:       FROM [__EFMigrationsHistory]
2026-08-08T00:04:20.4141922+00:00 ContainerStream:       ORDER BY [MigrationId];
2026-08-08T00:04:20.4149229+00:00 ContainerStream: info: Microsoft.EntityFrameworkCore.Database.Command[20101]
2026-08-08T00:04:20.4149494+00:00 ContainerStream:       Executed DbCommand (1ms) [Parameters=[], CommandType='Text', CommandTimeout='30']
2026-08-08T00:04:20.4149564+00:00 ContainerStream:       SELECT TOP(1) [b].[BankAccountNumber]
2026-08-08T00:04:20.4149609+00:00 ContainerStream:       FROM [Beneficiaries] AS [b]
2026-08-08T00:04:20.4149654+00:00 ContainerStream:       ORDER BY [b].[Id]
2026-08-08T00:04:24.9691329+00:00 ContainerStream: info: Microsoft.EntityFrameworkCore.Database.Command[20101]
2026-08-08T00:04:24.9692250+00:00 ContainerStream:       Executed DbCommand (2ms) [Parameters=[], CommandType='Text', CommandTimeout='30']
2026-08-08T00:04:24.9692347+00:00 ContainerStream:       SELECT 1
2026-08-08T00:04:24.9707285+00:00 ContainerStream: info: Microsoft.EntityFrameworkCore.Database.Command[20101]
2026-08-08T00:04:24.9707791+00:00 ContainerStream:       Executed DbCommand (2ms) [Parameters=[], CommandType='Text', CommandTimeout='30']
2026-08-08T00:04:24.9707937+00:00 ContainerStream:       SELECT OBJECT_ID(N'[__EFMigrationsHistory]');
2026-08-08T00:04:24.9734781+00:00 ContainerStream: info: Microsoft.EntityFrameworkCore.Database.Command[20101]
2026-08-08T00:04:24.9735217+00:00 ContainerStream:       Executed DbCommand (2ms) [Parameters=[], CommandType='Text', CommandTimeout='30']
2026-08-08T00:04:24.9735292+00:00 ContainerStream:       SELECT [MigrationId], [ProductVersion]
2026-08-08T00:04:24.9735342+00:00 ContainerStream:       FROM [__EFMigrationsHistory]
2026-08-08T00:04:24.9740061+00:00 ContainerStream:       ORDER BY [MigrationId];
2026-08-08T00:04:24.9761488+00:00 ContainerStream: info: Microsoft.EntityFrameworkCore.Database.Command[20101]
2026-08-08T00:04:24.9761800+00:00 ContainerStream:       Executed DbCommand (1ms) [Parameters=[], CommandType='Text', CommandTimeout='30']
2026-08-08T00:04:24.9761865+00:00 ContainerStream:       SELECT TOP(1) [b].[BankAccountNumber]
2026-08-08T00:04:24.9761951+00:00 ContainerStream:       FROM [Beneficiaries] AS [b]
2026-08-08T00:04:24.9761992+00:00 ContainerStream:       ORDER BY [b].[Id]
2026-08-08T00:04:32.9146526+00:00 ContainerStream: info: Microsoft.EntityFrameworkCore.Database.Command[20101]
2026-08-08T00:04:32.9147327+00:00 ContainerStream:       Executed DbCommand (2ms) [Parameters=[], CommandType='Text', CommandTimeout='30']
2026-08-08T00:04:32.9147428+00:00 ContainerStream:       SELECT 1
2026-08-08T00:04:32.9163021+00:00 ContainerStream: info: Microsoft.EntityFrameworkCore.Database.Command[20101]
2026-08-08T00:04:32.9163616+00:00 ContainerStream:       Executed DbCommand (2ms) [Parameters=[], CommandType='Text', CommandTimeout='30']
2026-08-08T00:04:32.9163708+00:00 ContainerStream:       SELECT OBJECT_ID(N'[__EFMigrationsHistory]');
2026-08-08T00:04:32.9196952+00:00 ContainerStream: info: Microsoft.EntityFrameworkCore.Database.Command[20101]
2026-08-08T00:04:32.9197504+00:00 ContainerStream:       Executed DbCommand (2ms) [Parameters=[], CommandType='Text', CommandTimeout='30']
2026-08-08T00:04:32.9197589+00:00 ContainerStream:       SELECT [MigrationId], [ProductVersion]
2026-08-08T00:04:32.9197634+00:00 ContainerStream:       FROM [__EFMigrationsHistory]
2026-08-08T00:04:32.9198433+00:00 ContainerStream:       ORDER BY [MigrationId];
2026-08-08T00:04:32.9223938+00:00 ContainerStream: info: Microsoft.EntityFrameworkCore.Database.Command[20101]
2026-08-08T00:04:32.9224310+00:00 ContainerStream:       Executed DbCommand (1ms) [Parameters=[], CommandType='Text', CommandTimeout='30']
2026-08-08T00:04:32.9224380+00:00 ContainerStream:       SELECT TOP(1) [b].[BankAccountNumber]
2026-08-08T00:04:32.9231198+00:00 ContainerStream:       FROM [Beneficiaries] AS [b]
2026-08-08T00:04:32.9231379+00:00 ContainerStream:       ORDER BY [b].[Id]
2026-08-08T00:04:35.5330141+00:00 ContainerStream: info: Microsoft.EntityFrameworkCore.Database.Command[20101]
2026-08-08T00:04:35.5330890+00:00 ContainerStream:       Executed DbCommand (2ms) [Parameters=[], CommandType='Text', CommandTimeout='30']
2026-08-08T00:04:35.5330989+00:00 ContainerStream:       SELECT 1
2026-08-08T00:04:35.5347119+00:00 ContainerStream: info: Microsoft.EntityFrameworkCore.Database.Command[20101]
2026-08-08T00:04:35.5347802+00:00 ContainerStream:       Executed DbCommand (2ms) [Parameters=[], CommandType='Text', CommandTimeout='30']
2026-08-08T00:04:35.5347896+00:00 ContainerStream:       SELECT OBJECT_ID(N'[__EFMigrationsHistory]');
2026-08-08T00:04:35.5375876+00:00 ContainerStream: info: Microsoft.EntityFrameworkCore.Database.Command[20101]
2026-08-08T00:04:35.5376248+00:00 ContainerStream:       Executed DbCommand (2ms) [Parameters=[], CommandType='Text', CommandTimeout='30']
2026-08-08T00:04:35.5376323+00:00 ContainerStream:       SELECT [MigrationId], [ProductVersion]
2026-08-08T00:04:35.5376509+00:00 ContainerStream:       FROM [__EFMigrationsHistory]
2026-08-08T00:04:35.5382723+00:00 ContainerStream:       ORDER BY [MigrationId];
2026-08-08T00:04:35.5393012+00:00 ContainerStream: info: Microsoft.EntityFrameworkCore.Database.Command[20101]
2026-08-08T00:04:35.5393325+00:00 ContainerStream:       Executed DbCommand (1ms) [Parameters=[], CommandType='Text', CommandTimeout='30']
2026-08-08T00:04:35.5393429+00:00 ContainerStream:       SELECT TOP(1) [b].[BankAccountNumber]
2026-08-08T00:04:35.5393476+00:00 ContainerStream:       FROM [Beneficiaries] AS [b]
2026-08-08T00:04:35.5399567+00:00 ContainerStream:       ORDER BY [b].[Id]
2026-08-08T00:04:38.6742370+00:00 ContainerStream: info: Microsoft.EntityFrameworkCore.Database.Command[20101]
2026-08-08T00:04:38.6743377+00:00 ContainerStream:       Executed DbCommand (2ms) [Parameters=[], CommandType='Text', CommandTimeout='30']
2026-08-08T00:04:38.6743555+00:00 ContainerStream:       SELECT 1
2026-08-08T00:04:38.6771143+00:00 ContainerStream: info: Microsoft.EntityFrameworkCore.Database.Command[20101]
2026-08-08T00:04:38.6771677+00:00 ContainerStream:       Executed DbCommand (2ms) [Parameters=[], CommandType='Text', CommandTimeout='30']
2026-08-08T00:04:38.6771761+00:00 ContainerStream:       SELECT OBJECT_ID(N'[__EFMigrationsHistory]');
2026-08-08T00:04:38.6789321+00:00 ContainerStream: info: Microsoft.EntityFrameworkCore.Database.Command[20101]
2026-08-08T00:04:38.6789686+00:00 ContainerStream:       Executed DbCommand (2ms) [Parameters=[], CommandType='Text', CommandTimeout='30']
2026-08-08T00:04:38.6789759+00:00 ContainerStream:       SELECT [MigrationId], [ProductVersion]
2026-08-08T00:04:38.6789808+00:00 ContainerStream:       FROM [__EFMigrationsHistory]
2026-08-08T00:04:38.6789850+00:00 ContainerStream:       ORDER BY [MigrationId];
2026-08-08T00:04:38.6804141+00:00 ContainerStream: info: Microsoft.EntityFrameworkCore.Database.Command[20101]
2026-08-08T00:04:38.6804421+00:00 ContainerStream:       Executed DbCommand (2ms) [Parameters=[], CommandType='Text', CommandTimeout='30']
2026-08-08T00:04:38.6804487+00:00 ContainerStream:       SELECT TOP(1) [b].[BankAccountNumber]
2026-08-08T00:04:38.6804533+00:00 ContainerStream:       FROM [Beneficiaries] AS [b]
2026-08-08T00:04:38.6804617+00:00 ContainerStream:       ORDER BY [b].[Id]
2026-08-08T00:04:42.2324232+00:00 ContainerStream: info: Microsoft.EntityFrameworkCore.Database.Command[20101]
2026-08-08T00:04:42.2324946+00:00 ContainerStream:       Executed DbCommand (2ms) [Parameters=[], CommandType='Text', CommandTimeout='30']
2026-08-08T00:04:42.2325049+00:00 ContainerStream:       SELECT 1
2026-08-08T00:04:42.2354920+00:00 ContainerStream: info: Microsoft.EntityFrameworkCore.Database.Command[20101]
2026-08-08T00:04:42.2355499+00:00 ContainerStream:       Executed DbCommand (2ms) [Parameters=[], CommandType='Text', CommandTimeout='30']
2026-08-08T00:04:42.2355585+00:00 ContainerStream:       SELECT OBJECT_ID(N'[__EFMigrationsHistory]');
2026-08-08T00:04:42.2402147+00:00 ContainerStream: info: Microsoft.EntityFrameworkCore.Database.Command[20101]
2026-08-08T00:04:42.2407392+00:00 ContainerStream:       Executed DbCommand (5ms) [Parameters=[], CommandType='Text', CommandTimeout='30']
2026-08-08T00:04:42.2407707+00:00 ContainerStream:       SELECT [MigrationId], [ProductVersion]
2026-08-08T00:04:42.2407759+00:00 ContainerStream:       FROM [__EFMigrationsHistory]
2026-08-08T00:04:42.2408824+00:00 ContainerStream:       ORDER BY [MigrationId];
2026-08-08T00:04:42.2422820+00:00 ContainerStream: info: Microsoft.EntityFrameworkCore.Database.Command[20101]
2026-08-08T00:04:42.2423186+00:00 ContainerStream:       Executed DbCommand (2ms) [Parameters=[], CommandType='Text', CommandTimeout='30']
2026-08-08T00:04:42.2423255+00:00 ContainerStream:       SELECT TOP(1) [b].[BankAccountNumber]
2026-08-08T00:04:42.2423297+00:00 ContainerStream:       FROM [Beneficiaries] AS [b]
2026-08-08T00:04:42.2423339+00:00 ContainerStream:       ORDER BY [b].[Id]
2026-08-08T00:04:42.7881498+00:00 ContainerStream: info: Microsoft.EntityFrameworkCore.Database.Command[20101]
2026-08-08T00:04:42.7882371+00:00 ContainerStream:       Executed DbCommand (2ms) [Parameters=[], CommandType='Text', CommandTimeout='30']
2026-08-08T00:04:42.7882499+00:00 ContainerStream:       SELECT 1
2026-08-08T00:04:42.7909578+00:00 ContainerStream: info: Microsoft.EntityFrameworkCore.Database.Command[20101]
2026-08-08T00:04:42.7910195+00:00 ContainerStream:       Executed DbCommand (2ms) [Parameters=[], CommandType='Text', CommandTimeout='30']
2026-08-08T00:04:42.7910346+00:00 ContainerStream:       SELECT OBJECT_ID(N'[__EFMigrationsHistory]');
2026-08-08T00:04:42.7925463+00:00 ContainerStream: info: Microsoft.EntityFrameworkCore.Database.Command[20101]
2026-08-08T00:04:42.7925868+00:00 ContainerStream:       Executed DbCommand (1ms) [Parameters=[], CommandType='Text', CommandTimeout='30']
2026-08-08T00:04:42.7925948+00:00 ContainerStream:       SELECT [MigrationId], [ProductVersion]
2026-08-08T00:04:42.7925989+00:00 ContainerStream:       FROM [__EFMigrationsHistory]
2026-08-08T00:04:42.7926078+00:00 ContainerStream:       ORDER BY [MigrationId];
2026-08-08T00:04:42.7939437+00:00 ContainerStream: info: Microsoft.EntityFrameworkCore.Database.Command[20101]
2026-08-08T00:04:42.7939734+00:00 ContainerStream:       Executed DbCommand (1ms) [Parameters=[], CommandType='Text', CommandTimeout='30']
2026-08-08T00:04:42.7939796+00:00 ContainerStream:       SELECT TOP(1) [b].[BankAccountNumber]
2026-08-08T00:04:42.7939841+00:00 ContainerStream:       FROM [Beneficiaries] AS [b]
2026-08-08T00:04:42.7939923+00:00 ContainerStream:       ORDER BY [b].[Id]
2026-08-08T00:04:44.1793879+00:00 ContainerStream: info: Microsoft.EntityFrameworkCore.Database.Command[20101]
2026-08-08T00:04:44.1794619+00:00 ContainerStream:       Executed DbCommand (2ms) [Parameters=[], CommandType='Text', CommandTimeout='30']
2026-08-08T00:04:44.1794727+00:00 ContainerStream:       SELECT 1
2026-08-08T00:04:44.1824289+00:00 ContainerStream: info: Microsoft.EntityFrameworkCore.Database.Command[20101]
2026-08-08T00:04:44.1825704+00:00 ContainerStream:       Executed DbCommand (2ms) [Parameters=[], CommandType='Text', CommandTimeout='30']
2026-08-08T00:04:44.1825838+00:00 ContainerStream:       SELECT OBJECT_ID(N'[__EFMigrationsHistory]');
2026-08-08T00:04:44.1837030+00:00 ContainerStream: info: Microsoft.EntityFrameworkCore.Database.Command[20101]
2026-08-08T00:04:44.1837383+00:00 ContainerStream:       Executed DbCommand (1ms) [Parameters=[], CommandType='Text', CommandTimeout='30']
2026-08-08T00:04:44.1837450+00:00 ContainerStream:       SELECT [MigrationId], [ProductVersion]
2026-08-08T00:04:44.1837491+00:00 ContainerStream:       FROM [__EFMigrationsHistory]
2026-08-08T00:04:44.1838056+00:00 ContainerStream:       ORDER BY [MigrationId];
2026-08-08T00:04:44.1858119+00:00 ContainerStream: info: Microsoft.EntityFrameworkCore.Database.Command[20101]
2026-08-08T00:04:44.1858436+00:00 ContainerStream:       Executed DbCommand (1ms) [Parameters=[], CommandType='Text', CommandTimeout='30']
2026-08-08T00:04:44.1858499+00:00 ContainerStream:       SELECT TOP(1) [b].[BankAccountNumber]
2026-08-08T00:04:44.1858540+00:00 ContainerStream:       FROM [Beneficiaries] AS [b]
2026-08-08T00:04:44.1858584+00:00 ContainerStream:       ORDER BY [b].[Id]
2026-08-08T00:04:47.5132473+00:00 ContainerStream: info: Microsoft.EntityFrameworkCore.Database.Command[20101]
2026-08-08T00:04:47.5133401+00:00 ContainerStream:       Executed DbCommand (2ms) [Parameters=[], CommandType='Text', CommandTimeout='30']
2026-08-08T00:04:47.5133526+00:00 ContainerStream:       SELECT 1
2026-08-08T00:04:47.5154218+00:00 ContainerStream: info: Microsoft.EntityFrameworkCore.Database.Command[20101]
2026-08-08T00:04:47.5154870+00:00 ContainerStream:       Executed DbCommand (2ms) [Parameters=[], CommandType='Text', CommandTimeout='30']
2026-08-08T00:04:47.5154973+00:00 ContainerStream:       SELECT OBJECT_ID(N'[__EFMigrationsHistory]');
2026-08-08T00:04:47.5189693+00:00 ContainerStream: info: Microsoft.EntityFrameworkCore.Database.Command[20101]
2026-08-08T00:04:47.5190170+00:00 ContainerStream:       Executed DbCommand (2ms) [Parameters=[], CommandType='Text', CommandTimeout='30']
2026-08-08T00:04:47.5190259+00:00 ContainerStream:       SELECT [MigrationId], [ProductVersion]
2026-08-08T00:04:47.5191764+00:00 ContainerStream:       FROM [__EFMigrationsHistory]
2026-08-08T00:04:47.5191866+00:00 ContainerStream:       ORDER BY [MigrationId];
2026-08-08T00:04:47.5203408+00:00 ContainerStream: info: Microsoft.EntityFrameworkCore.Database.Command[20101]
2026-08-08T00:04:47.5203779+00:00 ContainerStream:       Executed DbCommand (1ms) [Parameters=[], CommandType='Text', CommandTimeout='30']
2026-08-08T00:04:47.5203893+00:00 ContainerStream:       SELECT TOP(1) [b].[BankAccountNumber]
2026-08-08T00:04:47.5203937+00:00 ContainerStream:       FROM [Beneficiaries] AS [b]
2026-08-08T00:04:47.5203979+00:00 ContainerStream:       ORDER BY [b].[Id]
2026-08-08T00:04:48.4537406+00:00 ContainerStream: info: Microsoft.EntityFrameworkCore.Database.Command[20101]
2026-08-08T00:04:48.4538245+00:00 ContainerStream:       Executed DbCommand (2ms) [Parameters=[], CommandType='Text', CommandTimeout='30']
2026-08-08T00:04:48.4538446+00:00 ContainerStream:       SELECT 1
2026-08-08T00:04:48.4565337+00:00 ContainerStream: info: Microsoft.EntityFrameworkCore.Database.Command[20101]
2026-08-08T00:04:48.4565954+00:00 ContainerStream:       Executed DbCommand (2ms) [Parameters=[], CommandType='Text', CommandTimeout='30']
2026-08-08T00:04:48.4566049+00:00 ContainerStream:       SELECT OBJECT_ID(N'[__EFMigrationsHistory]');
2026-08-08T00:04:48.4579944+00:00 ContainerStream: info: Microsoft.EntityFrameworkCore.Database.Command[20101]
2026-08-08T00:04:48.4580413+00:00 ContainerStream:       Executed DbCommand (1ms) [Parameters=[], CommandType='Text', CommandTimeout='30']
2026-08-08T00:04:48.4580492+00:00 ContainerStream:       SELECT [MigrationId], [ProductVersion]
2026-08-08T00:04:48.4580540+00:00 ContainerStream:       FROM [__EFMigrationsHistory]
2026-08-08T00:04:48.4585291+00:00 ContainerStream:       ORDER BY [MigrationId];
2026-08-08T00:04:48.4614944+00:00 ContainerStream: info: Microsoft.EntityFrameworkCore.Database.Command[20101]
2026-08-08T00:04:48.4615494+00:00 ContainerStream:       Executed DbCommand (2ms) [Parameters=[], CommandType='Text', CommandTimeout='30']
2026-08-08T00:04:48.4615569+00:00 ContainerStream:       SELECT TOP(1) [b].[BankAccountNumber]
2026-08-08T00:04:48.4615610+00:00 ContainerStream:       FROM [Beneficiaries] AS [b]
2026-08-08T00:04:48.4615711+00:00 ContainerStream:       ORDER BY [b].[Id]
2026-08-08T00:04:48.9414489+00:00 ContainerStream: info: Microsoft.EntityFrameworkCore.Database.Command[20101]
2026-08-08T00:04:48.9415344+00:00 ContainerStream:       Executed DbCommand (2ms) [Parameters=[], CommandType='Text', CommandTimeout='30']
2026-08-08T00:04:48.9415475+00:00 ContainerStream:       SELECT 1
2026-08-08T00:04:48.9430997+00:00 ContainerStream: info: Microsoft.EntityFrameworkCore.Database.Command[20101]
2026-08-08T00:04:48.9431582+00:00 ContainerStream:       Executed DbCommand (2ms) [Parameters=[], CommandType='Text', CommandTimeout='30']
2026-08-08T00:04:48.9431675+00:00 ContainerStream:       SELECT OBJECT_ID(N'[__EFMigrationsHistory]');
2026-08-08T00:04:48.9456007+00:00 ContainerStream: info: Microsoft.EntityFrameworkCore.Database.Command[20101]
2026-08-08T00:04:48.9456367+00:00 ContainerStream:       Executed DbCommand (1ms) [Parameters=[], CommandType='Text', CommandTimeout='30']
2026-08-08T00:04:48.9456498+00:00 ContainerStream:       SELECT [MigrationId], [ProductVersion]
2026-08-08T00:04:48.9456559+00:00 ContainerStream:       FROM [__EFMigrationsHistory]
2026-08-08T00:04:48.9462551+00:00 ContainerStream:       ORDER BY [MigrationId];
2026-08-08T00:04:48.9477509+00:00 ContainerStream: info: Microsoft.EntityFrameworkCore.Database.Command[20101]
2026-08-08T00:04:48.9477883+00:00 ContainerStream:       Executed DbCommand (1ms) [Parameters=[], CommandType='Text', CommandTimeout='30']
2026-08-08T00:04:48.9477953+00:00 ContainerStream:       SELECT TOP(1) [b].[BankAccountNumber]
2026-08-08T00:04:48.9477997+00:00 ContainerStream:       FROM [Beneficiaries] AS [b]
2026-08-08T00:04:48.9478039+00:00 ContainerStream:       ORDER BY [b].[Id]
2026-08-08T00:04:50.0109436+00:00 ContainerStream: info: Microsoft.EntityFrameworkCore.Database.Command[20101]
2026-08-08T00:04:50.0110356+00:00 ContainerStream:       Executed DbCommand (2ms) [Parameters=[], CommandType='Text', CommandTimeout='30']
2026-08-08T00:04:50.0110470+00:00 ContainerStream:       SELECT 1
2026-08-08T00:04:50.0128191+00:00 ContainerStream: info: Microsoft.EntityFrameworkCore.Database.Command[20101]
2026-08-08T00:04:50.0141023+00:00 ContainerStream:       Executed DbCommand (2ms) [Parameters=[], CommandType='Text', CommandTimeout='30']
2026-08-08T00:04:50.0141340+00:00 ContainerStream:       SELECT OBJECT_ID(N'[__EFMigrationsHistory]');
2026-08-08T00:04:50.0156138+00:00 ContainerStream: info: Microsoft.EntityFrameworkCore.Database.Command[20101]
2026-08-08T00:04:50.0156422+00:00 ContainerStream:       Executed DbCommand (2ms) [Parameters=[], CommandType='Text', CommandTimeout='30']
2026-08-08T00:04:50.0156480+00:00 ContainerStream:       SELECT [MigrationId], [ProductVersion]
2026-08-08T00:04:50.0156519+00:00 ContainerStream:       FROM [__EFMigrationsHistory]
2026-08-08T00:04:50.0161258+00:00 ContainerStream:       ORDER BY [MigrationId];
2026-08-08T00:04:50.0181472+00:00 ContainerStream: info: Microsoft.EntityFrameworkCore.Database.Command[20101]
2026-08-08T00:04:50.0181657+00:00 ContainerStream:       Executed DbCommand (1ms) [Parameters=[], CommandType='Text', CommandTimeout='30']
2026-08-08T00:04:50.0181709+00:00 ContainerStream:       SELECT TOP(1) [b].[BankAccountNumber]
2026-08-08T00:04:50.0181774+00:00 ContainerStream:       FROM [Beneficiaries] AS [b]
2026-08-08T00:04:50.0181804+00:00 ContainerStream:       ORDER BY [b].[Id]
2026-08-08T00:04:52.1680192+00:00 ContainerStream: info: Microsoft.EntityFrameworkCore.Database.Command[20101]
2026-08-08T00:04:52.1680958+00:00 ContainerStream:       Executed DbCommand (2ms) [Parameters=[], CommandType='Text', CommandTimeout='30']
2026-08-08T00:04:52.1681086+00:00 ContainerStream:       SELECT 1
2026-08-08T00:04:52.1705436+00:00 ContainerStream: info: Microsoft.EntityFrameworkCore.Database.Command[20101]
2026-08-08T00:04:52.1705957+00:00 ContainerStream:       Executed DbCommand (2ms) [Parameters=[], CommandType='Text', CommandTimeout='30']
2026-08-08T00:04:52.1706047+00:00 ContainerStream:       SELECT OBJECT_ID(N'[__EFMigrationsHistory]');
2026-08-08T00:04:52.1737459+00:00 ContainerStream: info: Microsoft.EntityFrameworkCore.Database.Command[20101]
2026-08-08T00:04:52.1737854+00:00 ContainerStream:       Executed DbCommand (2ms) [Parameters=[], CommandType='Text', CommandTimeout='30']
2026-08-08T00:04:52.1737931+00:00 ContainerStream:       SELECT [MigrationId], [ProductVersion]
2026-08-08T00:04:52.1737975+00:00 ContainerStream:       FROM [__EFMigrationsHistory]
2026-08-08T00:04:52.1738068+00:00 ContainerStream:       ORDER BY [MigrationId];
2026-08-08T00:04:52.1750335+00:00 ContainerStream: info: Microsoft.EntityFrameworkCore.Database.Command[20101]
2026-08-08T00:04:52.1750741+00:00 ContainerStream:       Executed DbCommand (1ms) [Parameters=[], CommandType='Text', CommandTimeout='30']
2026-08-08T00:04:52.1750813+00:00 ContainerStream:       SELECT TOP(1) [b].[BankAccountNumber]
2026-08-08T00:04:52.1750857+00:00 ContainerStream:       FROM [Beneficiaries] AS [b]
2026-08-08T00:04:52.1750899+00:00 ContainerStream:       ORDER BY [b].[Id]
2026-08-08T00:04:54.5654688+00:00 ContainerStream: info: Microsoft.EntityFrameworkCore.Database.Command[20101]
2026-08-08T00:04:54.5655556+00:00 ContainerStream:       Executed DbCommand (2ms) [Parameters=[], CommandType='Text', CommandTimeout='30']
2026-08-08T00:04:54.5655681+00:00 ContainerStream:       SELECT 1
2026-08-08T00:04:54.5674192+00:00 ContainerStream: info: Microsoft.EntityFrameworkCore.Database.Command[20101]
2026-08-08T00:04:54.5674674+00:00 ContainerStream:       Executed DbCommand (2ms) [Parameters=[], CommandType='Text', CommandTimeout='30']
2026-08-08T00:04:54.5674830+00:00 ContainerStream:       SELECT OBJECT_ID(N'[__EFMigrationsHistory]');
2026-08-08T00:04:54.5707176+00:00 ContainerStream: info: Microsoft.EntityFrameworkCore.Database.Command[20101]
2026-08-08T00:04:54.5707559+00:00 ContainerStream:       Executed DbCommand (1ms) [Parameters=[], CommandType='Text', CommandTimeout='30']
2026-08-08T00:04:54.5707646+00:00 ContainerStream:       SELECT [MigrationId], [ProductVersion]
2026-08-08T00:04:54.5707747+00:00 ContainerStream:       FROM [__EFMigrationsHistory]
2026-08-08T00:04:54.5709837+00:00 ContainerStream:       ORDER BY [MigrationId];
2026-08-08T00:04:54.5736503+00:00 ContainerStream: info: Microsoft.EntityFrameworkCore.Database.Command[20101]
2026-08-08T00:04:54.5736881+00:00 ContainerStream:       Executed DbCommand (1ms) [Parameters=[], CommandType='Text', CommandTimeout='30']
2026-08-08T00:04:54.5736998+00:00 ContainerStream:       SELECT TOP(1) [b].[BankAccountNumber]
2026-08-08T00:04:54.5737041+00:00 ContainerStream:       FROM [Beneficiaries] AS [b]
2026-08-08T00:04:54.5737079+00:00 ContainerStream:       ORDER BY [b].[Id]
2026-08-08T00:05:00.4687479+00:00 ContainerStream: info: Microsoft.EntityFrameworkCore.Database.Command[20101]
2026-08-08T00:05:00.4688367+00:00 ContainerStream:       Executed DbCommand (2ms) [Parameters=[], CommandType='Text', CommandTimeout='30']
2026-08-08T00:05:00.4688561+00:00 ContainerStream:       SELECT 1
2026-08-08T00:05:00.4717249+00:00 ContainerStream: info: Microsoft.EntityFrameworkCore.Database.Command[20101]
2026-08-08T00:05:00.4717943+00:00 ContainerStream:       Executed DbCommand (2ms) [Parameters=[], CommandType='Text', CommandTimeout='30']
2026-08-08T00:05:00.4718062+00:00 ContainerStream:       SELECT OBJECT_ID(N'[__EFMigrationsHistory]');
2026-08-08T00:05:00.4738453+00:00 ContainerStream: info: Microsoft.EntityFrameworkCore.Database.Command[20101]
2026-08-08T00:05:00.4738889+00:00 ContainerStream:       Executed DbCommand (1ms) [Parameters=[], CommandType='Text', CommandTimeout='30']
2026-08-08T00:05:00.4739072+00:00 ContainerStream:       SELECT [MigrationId], [ProductVersion]
2026-08-08T00:05:00.4739114+00:00 ContainerStream:       FROM [__EFMigrationsHistory]
2026-08-08T00:05:00.4739880+00:00 ContainerStream:       ORDER BY [MigrationId];
2026-08-08T00:05:00.4758682+00:00 ContainerStream: info: Microsoft.EntityFrameworkCore.Database.Command[20101]
2026-08-08T00:05:00.4759061+00:00 ContainerStream:       Executed DbCommand (1ms) [Parameters=[], CommandType='Text', CommandTimeout='30']
2026-08-08T00:05:00.4759152+00:00 ContainerStream:       SELECT TOP(1) [b].[BankAccountNumber]
2026-08-08T00:05:00.4759198+00:00 ContainerStream:       FROM [Beneficiaries] AS [b]
2026-08-08T00:05:00.4759279+00:00 ContainerStream:       ORDER BY [b].[Id]
2026-08-08T00:05:00.7144064+00:00 ContainerStream: info: Microsoft.EntityFrameworkCore.Database.Command[20101]
2026-08-08T00:05:00.7144907+00:00 ContainerStream:       Executed DbCommand (2ms) [Parameters=[], CommandType='Text', CommandTimeout='30']
2026-08-08T00:05:00.7145032+00:00 ContainerStream:       SELECT 1
2026-08-08T00:05:00.7159757+00:00 ContainerStream: info: Microsoft.EntityFrameworkCore.Database.Command[20101]
2026-08-08T00:05:00.7160395+00:00 ContainerStream:       Executed DbCommand (2ms) [Parameters=[], CommandType='Text', CommandTimeout='30']
2026-08-08T00:05:00.7160508+00:00 ContainerStream:       SELECT OBJECT_ID(N'[__EFMigrationsHistory]');
2026-08-08T00:05:00.7197202+00:00 ContainerStream: info: Microsoft.EntityFrameworkCore.Database.Command[20101]
2026-08-08T00:05:00.7197605+00:00 ContainerStream:       Executed DbCommand (2ms) [Parameters=[], CommandType='Text', CommandTimeout='30']
2026-08-08T00:05:00.7197734+00:00 ContainerStream:       SELECT [MigrationId], [ProductVersion]
2026-08-08T00:05:00.7197775+00:00 ContainerStream:       FROM [__EFMigrationsHistory]
2026-08-08T00:05:00.7197814+00:00 ContainerStream:       ORDER BY [MigrationId];
2026-08-08T00:05:00.7214451+00:00 ContainerStream: info: Microsoft.EntityFrameworkCore.Database.Command[20101]
2026-08-08T00:05:00.7214784+00:00 ContainerStream:       Executed DbCommand (1ms) [Parameters=[], CommandType='Text', CommandTimeout='30']
2026-08-08T00:05:00.7214896+00:00 ContainerStream:       SELECT TOP(1) [b].[BankAccountNumber]
2026-08-08T00:05:00.7214943+00:00 ContainerStream:       FROM [Beneficiaries] AS [b]
2026-08-08T00:05:00.7214990+00:00 ContainerStream:       ORDER BY [b].[Id]
2026-08-08T00:05:02.5377811+00:00 ContainerStream: info: Microsoft.EntityFrameworkCore.Database.Command[20101]
2026-08-08T00:05:02.5378780+00:00 ContainerStream:       Executed DbCommand (2ms) [Parameters=[], CommandType='Text', CommandTimeout='30']
2026-08-08T00:05:02.5378893+00:00 ContainerStream:       SELECT 1
2026-08-08T00:05:02.5407797+00:00 ContainerStream: info: Microsoft.EntityFrameworkCore.Database.Command[20101]
2026-08-08T00:05:02.5408393+00:00 ContainerStream:       Executed DbCommand (2ms) [Parameters=[], CommandType='Text', CommandTimeout='30']
2026-08-08T00:05:02.5408511+00:00 ContainerStream:       SELECT OBJECT_ID(N'[__EFMigrationsHistory]');
2026-08-08T00:05:02.5423001+00:00 ContainerStream: info: Microsoft.EntityFrameworkCore.Database.Command[20101]
2026-08-08T00:05:02.5423406+00:00 ContainerStream:       Executed DbCommand (2ms) [Parameters=[], CommandType='Text', CommandTimeout='30']
2026-08-08T00:05:02.5423624+00:00 ContainerStream:       SELECT [MigrationId], [ProductVersion]
2026-08-08T00:05:02.5423692+00:00 ContainerStream:       FROM [__EFMigrationsHistory]
2026-08-08T00:05:02.5424478+00:00 ContainerStream:       ORDER BY [MigrationId];
2026-08-08T00:05:02.5441841+00:00 ContainerStream: info: Microsoft.EntityFrameworkCore.Database.Command[20101]
2026-08-08T00:05:02.5442164+00:00 ContainerStream:       Executed DbCommand (1ms) [Parameters=[], CommandType='Text', CommandTimeout='30']
2026-08-08T00:05:02.5442225+00:00 ContainerStream:       SELECT TOP(1) [b].[BankAccountNumber]
2026-08-08T00:05:02.5442269+00:00 ContainerStream:       FROM [Beneficiaries] AS [b]
2026-08-08T00:05:02.5442515+00:00 ContainerStream:       ORDER BY [b].[Id]
2026-08-08T00:05:05.5232291+00:00 ContainerStream: info: Microsoft.EntityFrameworkCore.Database.Command[20101]
2026-08-08T00:05:05.5233052+00:00 ContainerStream:       Executed DbCommand (2ms) [Parameters=[], CommandType='Text', CommandTimeout='30']
2026-08-08T00:05:05.5233198+00:00 ContainerStream:       SELECT 1
2026-08-08T00:05:05.5250021+00:00 ContainerStream: info: Microsoft.EntityFrameworkCore.Database.Command[20101]
2026-08-08T00:05:05.5250562+00:00 ContainerStream:       Executed DbCommand (2ms) [Parameters=[], CommandType='Text', CommandTimeout='30']
2026-08-08T00:05:05.5250668+00:00 ContainerStream:       SELECT OBJECT_ID(N'[__EFMigrationsHistory]');
2026-08-08T00:05:05.5279909+00:00 ContainerStream: info: Microsoft.EntityFrameworkCore.Database.Command[20101]
2026-08-08T00:05:05.5280327+00:00 ContainerStream:       Executed DbCommand (2ms) [Parameters=[], CommandType='Text', CommandTimeout='30']
2026-08-08T00:05:05.5280484+00:00 ContainerStream:       SELECT [MigrationId], [ProductVersion]
2026-08-08T00:05:05.5280544+00:00 ContainerStream:       FROM [__EFMigrationsHistory]
2026-08-08T00:05:05.5290984+00:00 ContainerStream:       ORDER BY [MigrationId];
2026-08-08T00:05:05.5304455+00:00 ContainerStream: info: Microsoft.EntityFrameworkCore.Database.Command[20101]
2026-08-08T00:05:05.5304818+00:00 ContainerStream:       Executed DbCommand (1ms) [Parameters=[], CommandType='Text', CommandTimeout='30']
2026-08-08T00:05:05.5304893+00:00 ContainerStream:       SELECT TOP(1) [b].[BankAccountNumber]
2026-08-08T00:05:05.5304940+00:00 ContainerStream:       FROM [Beneficiaries] AS [b]
2026-08-08T00:05:05.5304985+00:00 ContainerStream:       ORDER BY [b].[Id]
2026-08-08T00:05:13.9331630+00:00 ContainerStream: info: Microsoft.EntityFrameworkCore.Database.Command[20101]
2026-08-08T00:05:13.9332534+00:00 ContainerStream:       Executed DbCommand (2ms) [Parameters=[], CommandType='Text', CommandTimeout='30']
2026-08-08T00:05:13.9332634+00:00 ContainerStream:       SELECT 1
2026-08-08T00:05:13.9361137+00:00 ContainerStream: info: Microsoft.EntityFrameworkCore.Database.Command[20101]
2026-08-08T00:05:13.9361724+00:00 ContainerStream:       Executed DbCommand (2ms) [Parameters=[], CommandType='Text', CommandTimeout='30']
2026-08-08T00:05:13.9361868+00:00 ContainerStream:       SELECT OBJECT_ID(N'[__EFMigrationsHistory]');
2026-08-08T00:05:13.9403709+00:00 ContainerStream: info: Microsoft.EntityFrameworkCore.Database.Command[20101]
2026-08-08T00:05:13.9404124+00:00 ContainerStream:       Executed DbCommand (2ms) [Parameters=[], CommandType='Text', CommandTimeout='30']
2026-08-08T00:05:13.9404202+00:00 ContainerStream:       SELECT [MigrationId], [ProductVersion]
2026-08-08T00:05:13.9404299+00:00 ContainerStream:       FROM [__EFMigrationsHistory]
2026-08-08T00:05:13.9404345+00:00 ContainerStream:       ORDER BY [MigrationId];
2026-08-08T00:05:13.9418753+00:00 ContainerStream: info: Microsoft.EntityFrameworkCore.Database.Command[20101]
2026-08-08T00:05:13.9420032+00:00 ContainerStream:       Executed DbCommand (2ms) [Parameters=[], CommandType='Text', CommandTimeout='30']
2026-08-08T00:05:13.9420197+00:00 ContainerStream:       SELECT TOP(1) [b].[BankAccountNumber]
2026-08-08T00:05:13.9420275+00:00 ContainerStream:       FROM [Beneficiaries] AS [b]
2026-08-08T00:05:13.9420320+00:00 ContainerStream:       ORDER BY [b].[Id]
2026-08-08T00:05:14.0428212+00:00 ContainerStream: info: Microsoft.EntityFrameworkCore.Database.Command[20101]
2026-08-08T00:05:14.0428959+00:00 ContainerStream:       Executed DbCommand (2ms) [Parameters=[], CommandType='Text', CommandTimeout='30']
2026-08-08T00:05:14.0429062+00:00 ContainerStream:       SELECT 1
2026-08-08T00:05:14.0442663+00:00 ContainerStream: info: Microsoft.EntityFrameworkCore.Database.Command[20101]
2026-08-08T00:05:14.0443578+00:00 ContainerStream:       Executed DbCommand (2ms) [Parameters=[], CommandType='Text', CommandTimeout='30']
2026-08-08T00:05:14.0443672+00:00 ContainerStream:       SELECT OBJECT_ID(N'[__EFMigrationsHistory]');
2026-08-08T00:05:14.0471280+00:00 ContainerStream: info: Microsoft.EntityFrameworkCore.Database.Command[20101]
2026-08-08T00:05:14.0471590+00:00 ContainerStream:       Executed DbCommand (1ms) [Parameters=[], CommandType='Text', CommandTimeout='30']
2026-08-08T00:05:14.0471662+00:00 ContainerStream:       SELECT [MigrationId], [ProductVersion]
2026-08-08T00:05:14.0471704+00:00 ContainerStream:       FROM [__EFMigrationsHistory]
2026-08-08T00:05:14.0471858+00:00 ContainerStream:       ORDER BY [MigrationId];
2026-08-08T00:05:14.0495748+00:00 ContainerStream: info: Microsoft.EntityFrameworkCore.Database.Command[20101]
2026-08-08T00:05:14.0496175+00:00 ContainerStream:       Executed DbCommand (2ms) [Parameters=[], CommandType='Text', CommandTimeout='30']
2026-08-08T00:05:14.0505103+00:00 ContainerStream:       SELECT TOP(1) [b].[BankAccountNumber]
2026-08-08T00:05:14.0505270+00:00 ContainerStream:       FROM [Beneficiaries] AS [b]
2026-08-08T00:05:14.0505303+00:00 ContainerStream:       ORDER BY [b].[Id]
2026-08-08T00:05:14.5028044+00:00 ContainerStream: info: Microsoft.EntityFrameworkCore.Database.Command[20101]
2026-08-08T00:05:14.5028882+00:00 ContainerStream:       Executed DbCommand (2ms) [Parameters=[], CommandType='Text', CommandTimeout='30']
2026-08-08T00:05:14.5028998+00:00 ContainerStream:       SELECT 1
2026-08-08T00:05:14.5045740+00:00 ContainerStream: info: Microsoft.EntityFrameworkCore.Database.Command[20101]
2026-08-08T00:05:14.5046264+00:00 ContainerStream:       Executed DbCommand (1ms) [Parameters=[], CommandType='Text', CommandTimeout='30']
2026-08-08T00:05:14.5046395+00:00 ContainerStream:       SELECT OBJECT_ID(N'[__EFMigrationsHistory]');
2026-08-08T00:05:14.5077270+00:00 ContainerStream: info: Microsoft.EntityFrameworkCore.Database.Command[20101]
2026-08-08T00:05:14.5077626+00:00 ContainerStream:       Executed DbCommand (2ms) [Parameters=[], CommandType='Text', CommandTimeout='30']
2026-08-08T00:05:14.5077748+00:00 ContainerStream:       SELECT [MigrationId], [ProductVersion]
2026-08-08T00:05:14.5077841+00:00 ContainerStream:       FROM [__EFMigrationsHistory]
2026-08-08T00:05:14.5077889+00:00 ContainerStream:       ORDER BY [MigrationId];
2026-08-08T00:05:14.5139560+00:00 ContainerStream: info: Microsoft.EntityFrameworkCore.Database.Command[20101]
2026-08-08T00:05:14.5140276+00:00 ContainerStream:       Executed DbCommand (6ms) [Parameters=[], CommandType='Text', CommandTimeout='30']
2026-08-08T00:05:14.5140365+00:00 ContainerStream:       SELECT TOP(1) [b].[BankAccountNumber]
2026-08-08T00:05:14.5140472+00:00 ContainerStream:       FROM [Beneficiaries] AS [b]
2026-08-08T00:05:14.5140510+00:00 ContainerStream:       ORDER BY [b].[Id]
2026-08-08T00:05:24.2662442+00:00 ContainerStream: info: Microsoft.EntityFrameworkCore.Database.Command[20101]
2026-08-08T00:05:24.2663324+00:00 ContainerStream:       Executed DbCommand (2ms) [Parameters=[], CommandType='Text', CommandTimeout='30']
2026-08-08T00:05:24.2663540+00:00 ContainerStream:       SELECT 1
2026-08-08T00:05:24.2681434+00:00 ContainerStream: info: Microsoft.EntityFrameworkCore.Database.Command[20101]
2026-08-08T00:05:24.2682132+00:00 ContainerStream:       Executed DbCommand (2ms) [Parameters=[], CommandType='Text', CommandTimeout='30']
2026-08-08T00:05:24.2682217+00:00 ContainerStream:       SELECT OBJECT_ID(N'[__EFMigrationsHistory]');
2026-08-08T00:05:24.2723584+00:00 ContainerStream: info: Microsoft.EntityFrameworkCore.Database.Command[20101]
2026-08-08T00:05:24.2724153+00:00 ContainerStream:       Executed DbCommand (3ms) [Parameters=[], CommandType='Text', CommandTimeout='30']
2026-08-08T00:05:24.2724241+00:00 ContainerStream:       SELECT [MigrationId], [ProductVersion]
2026-08-08T00:05:24.2724287+00:00 ContainerStream:       FROM [__EFMigrationsHistory]
2026-08-08T00:05:24.2733561+00:00 ContainerStream:       ORDER BY [MigrationId];
2026-08-08T00:05:24.2746979+00:00 ContainerStream: info: Microsoft.EntityFrameworkCore.Database.Command[20101]
2026-08-08T00:05:24.2747312+00:00 ContainerStream:       Executed DbCommand (1ms) [Parameters=[], CommandType='Text', CommandTimeout='30']
2026-08-08T00:05:24.2747388+00:00 ContainerStream:       SELECT TOP(1) [b].[BankAccountNumber]
2026-08-08T00:05:24.2747436+00:00 ContainerStream:       FROM [Beneficiaries] AS [b]
2026-08-08T00:05:24.2747474+00:00 ContainerStream:       ORDER BY [b].[Id]
2026-08-08T00:05:25.2142289+00:00 ContainerStream: info: Microsoft.EntityFrameworkCore.Database.Command[20101]
2026-08-08T00:05:25.2143108+00:00 ContainerStream:       Executed DbCommand (2ms) [Parameters=[], CommandType='Text', CommandTimeout='30']
2026-08-08T00:05:25.2143232+00:00 ContainerStream:       SELECT 1
2026-08-08T00:05:25.2167925+00:00 ContainerStream: info: Microsoft.EntityFrameworkCore.Database.Command[20101]
2026-08-08T00:05:25.2168541+00:00 ContainerStream:       Executed DbCommand (2ms) [Parameters=[], CommandType='Text', CommandTimeout='30']
2026-08-08T00:05:25.2168641+00:00 ContainerStream:       SELECT OBJECT_ID(N'[__EFMigrationsHistory]');
2026-08-08T00:05:25.2185479+00:00 ContainerStream: info: Microsoft.EntityFrameworkCore.Database.Command[20101]
2026-08-08T00:05:25.2185917+00:00 ContainerStream:       Executed DbCommand (1ms) [Parameters=[], CommandType='Text', CommandTimeout='30']
2026-08-08T00:05:25.2187358+00:00 ContainerStream:       SELECT [MigrationId], [ProductVersion]
2026-08-08T00:05:25.2187485+00:00 ContainerStream:       FROM [__EFMigrationsHistory]
2026-08-08T00:05:25.2187530+00:00 ContainerStream:       ORDER BY [MigrationId];
2026-08-08T00:05:25.2202807+00:00 ContainerStream: info: Microsoft.EntityFrameworkCore.Database.Command[20101]
2026-08-08T00:05:25.2203122+00:00 ContainerStream:       Executed DbCommand (1ms) [Parameters=[], CommandType='Text', CommandTimeout='30']
2026-08-08T00:05:25.2203250+00:00 ContainerStream:       SELECT TOP(1) [b].[BankAccountNumber]
2026-08-08T00:05:25.2203418+00:00 ContainerStream:       FROM [Beneficiaries] AS [b]
2026-08-08T00:05:25.2203462+00:00 ContainerStream:       ORDER BY [b].[Id]
2026-08-08T00:05:34.3412626+00:00 ContainerStream: info: Microsoft.EntityFrameworkCore.Database.Command[20101]
2026-08-08T00:05:34.3413660+00:00 ContainerStream:       Executed DbCommand (2ms) [Parameters=[], CommandType='Text', CommandTimeout='30']
2026-08-08T00:05:34.3413792+00:00 ContainerStream:       SELECT 1
2026-08-08T00:05:34.3429288+00:00 ContainerStream: info: Microsoft.EntityFrameworkCore.Database.Command[20101]
2026-08-08T00:05:34.3429817+00:00 ContainerStream:       Executed DbCommand (2ms) [Parameters=[], CommandType='Text', CommandTimeout='30']
2026-08-08T00:05:34.3429957+00:00 ContainerStream:       SELECT OBJECT_ID(N'[__EFMigrationsHistory]');
2026-08-08T00:05:34.3460186+00:00 ContainerStream: info: Microsoft.EntityFrameworkCore.Database.Command[20101]
2026-08-08T00:05:34.3460613+00:00 ContainerStream:       Executed DbCommand (2ms) [Parameters=[], CommandType='Text', CommandTimeout='30']
2026-08-08T00:05:34.3460689+00:00 ContainerStream:       SELECT [MigrationId], [ProductVersion]
2026-08-08T00:05:34.3460779+00:00 ContainerStream:       FROM [__EFMigrationsHistory]
2026-08-08T00:05:34.3469101+00:00 ContainerStream:       ORDER BY [MigrationId];
2026-08-08T00:05:34.3483892+00:00 ContainerStream: info: Microsoft.EntityFrameworkCore.Database.Command[20101]
2026-08-08T00:05:34.3484213+00:00 ContainerStream:       Executed DbCommand (1ms) [Parameters=[], CommandType='Text', CommandTimeout='30']
2026-08-08T00:05:34.3484320+00:00 ContainerStream:       SELECT TOP(1) [b].[BankAccountNumber]
2026-08-08T00:05:34.3484365+00:00 ContainerStream:       FROM [Beneficiaries] AS [b]
2026-08-08T00:05:34.3492320+00:00 ContainerStream:       ORDER BY [b].[Id]
2026-08-08T00:05:38.3658525+00:00 ContainerStream: info: Microsoft.EntityFrameworkCore.Database.Command[20101]
2026-08-08T00:05:38.3659464+00:00 ContainerStream:       Executed DbCommand (2ms) [Parameters=[], CommandType='Text', CommandTimeout='30']
2026-08-08T00:05:38.3659684+00:00 ContainerStream:       SELECT 1
2026-08-08T00:05:38.3698454+00:00 ContainerStream: info: Microsoft.EntityFrameworkCore.Database.Command[20101]
2026-08-08T00:05:38.3699471+00:00 ContainerStream:       Executed DbCommand (2ms) [Parameters=[], CommandType='Text', CommandTimeout='30']
2026-08-08T00:05:38.3699605+00:00 ContainerStream:       SELECT OBJECT_ID(N'[__EFMigrationsHistory]');
2026-08-08T00:05:38.3711541+00:00 ContainerStream: info: Microsoft.EntityFrameworkCore.Database.Command[20101]
2026-08-08T00:05:38.3711942+00:00 ContainerStream:       Executed DbCommand (1ms) [Parameters=[], CommandType='Text', CommandTimeout='30']
2026-08-08T00:05:38.3712352+00:00 ContainerStream:       SELECT [MigrationId], [ProductVersion]
2026-08-08T00:05:38.3712416+00:00 ContainerStream:       FROM [__EFMigrationsHistory]
2026-08-08T00:05:38.3712635+00:00 ContainerStream:       ORDER BY [MigrationId];
2026-08-08T00:05:38.3732704+00:00 ContainerStream: info: Microsoft.EntityFrameworkCore.Database.Command[20101]
2026-08-08T00:05:38.3733053+00:00 ContainerStream:       Executed DbCommand (1ms) [Parameters=[], CommandType='Text', CommandTimeout='30']
2026-08-08T00:05:38.3733123+00:00 ContainerStream:       SELECT TOP(1) [b].[BankAccountNumber]
2026-08-08T00:05:38.3733161+00:00 ContainerStream:       FROM [Beneficiaries] AS [b]
2026-08-08T00:05:38.3733248+00:00 ContainerStream:       ORDER BY [b].[Id]
2026-08-08T00:05:46.6937541+00:00 ContainerStream: info: Microsoft.EntityFrameworkCore.Database.Command[20101]
2026-08-08T00:05:46.6938343+00:00 ContainerStream:       Executed DbCommand (2ms) [Parameters=[], CommandType='Text', CommandTimeout='30']
2026-08-08T00:05:46.6938474+00:00 ContainerStream:       SELECT 1
2026-08-08T00:05:46.6968034+00:00 ContainerStream: info: Microsoft.EntityFrameworkCore.Database.Command[20101]
2026-08-08T00:05:46.6968567+00:00 ContainerStream:       Executed DbCommand (2ms) [Parameters=[], CommandType='Text', CommandTimeout='30']
2026-08-08T00:05:46.6968652+00:00 ContainerStream:       SELECT OBJECT_ID(N'[__EFMigrationsHistory]');
2026-08-08T00:05:46.6985628+00:00 ContainerStream: info: Microsoft.EntityFrameworkCore.Database.Command[20101]
2026-08-08T00:05:46.6986024+00:00 ContainerStream:       Executed DbCommand (1ms) [Parameters=[], CommandType='Text', CommandTimeout='30']
2026-08-08T00:05:46.6986150+00:00 ContainerStream:       SELECT [MigrationId], [ProductVersion]
2026-08-08T00:05:46.6986194+00:00 ContainerStream:       FROM [__EFMigrationsHistory]
2026-08-08T00:05:46.6986232+00:00 ContainerStream:       ORDER BY [MigrationId];
2026-08-08T00:05:46.7001503+00:00 ContainerStream: info: Microsoft.EntityFrameworkCore.Database.Command[20101]
2026-08-08T00:05:46.7001814+00:00 ContainerStream:       Executed DbCommand (2ms) [Parameters=[], CommandType='Text', CommandTimeout='30']
2026-08-08T00:05:46.7001932+00:00 ContainerStream:       SELECT TOP(1) [b].[BankAccountNumber]
2026-08-08T00:05:46.7002301+00:00 ContainerStream:       FROM [Beneficiaries] AS [b]
2026-08-08T00:05:46.7002345+00:00 ContainerStream:       ORDER BY [b].[Id]
2026-08-08T00:05:47.6680364+00:00 ContainerStream: info: Microsoft.EntityFrameworkCore.Database.Command[20101]
2026-08-08T00:05:47.6681151+00:00 ContainerStream:       Executed DbCommand (2ms) [Parameters=[], CommandType='Text', CommandTimeout='30']
2026-08-08T00:05:47.6681283+00:00 ContainerStream:       SELECT 1
2026-08-08T00:05:47.6681598+00:00 ContainerStream: info: Microsoft.EntityFrameworkCore.Database.Command[20101]
2026-08-08T00:05:47.6681648+00:00 ContainerStream:       Executed DbCommand (2ms) [Parameters=[], CommandType='Text', CommandTimeout='30']
2026-08-08T00:05:47.6681691+00:00 ContainerStream:       SELECT OBJECT_ID(N'[__EFMigrationsHistory]');
2026-08-08T00:05:47.6681764+00:00 ContainerStream: info: Microsoft.EntityFrameworkCore.Database.Command[20101]
2026-08-08T00:05:47.6681805+00:00 ContainerStream:       Executed DbCommand (1ms) [Parameters=[], CommandType='Text', CommandTimeout='30']
2026-08-08T00:05:47.6681855+00:00 ContainerStream:       SELECT [MigrationId], [ProductVersion]
2026-08-08T00:05:47.6681895+00:00 ContainerStream:       FROM [__EFMigrationsHistory]
2026-08-08T00:05:47.6681936+00:00 ContainerStream:       ORDER BY [MigrationId];
2026-08-08T00:05:47.6681997+00:00 ContainerStream: info: Microsoft.EntityFrameworkCore.Database.Command[20101]
2026-08-08T00:05:47.6682040+00:00 ContainerStream:       Executed DbCommand (1ms) [Parameters=[], CommandType='Text', CommandTimeout='30']
2026-08-08T00:05:47.6682089+00:00 ContainerStream:       SELECT TOP(1) [b].[BankAccountNumber]
2026-08-08T00:05:47.6682127+00:00 ContainerStream:       FROM [Beneficiaries] AS [b]
2026-08-08T00:05:47.6682183+00:00 ContainerStream:       ORDER BY [b].[Id]
2026-08-08T00:05:48.8315817+00:00 ContainerStream: info: Microsoft.EntityFrameworkCore.Database.Command[20101]
2026-08-08T00:05:48.8316695+00:00 ContainerStream:       Executed DbCommand (2ms) [Parameters=[], CommandType='Text', CommandTimeout='30']
2026-08-08T00:05:48.8316808+00:00 ContainerStream:       SELECT 1
2026-08-08T00:05:48.8344342+00:00 ContainerStream: info: Microsoft.EntityFrameworkCore.Database.Command[20101]
2026-08-08T00:05:48.8346115+00:00 ContainerStream:       Executed DbCommand (2ms) [Parameters=[], CommandType='Text', CommandTimeout='30']
2026-08-08T00:05:48.8346238+00:00 ContainerStream:       SELECT OBJECT_ID(N'[__EFMigrationsHistory]');
2026-08-08T00:05:48.8358124+00:00 ContainerStream: info: Microsoft.EntityFrameworkCore.Database.Command[20101]
2026-08-08T00:05:48.8358515+00:00 ContainerStream:       Executed DbCommand (2ms) [Parameters=[], CommandType='Text', CommandTimeout='30']
2026-08-08T00:05:48.8358724+00:00 ContainerStream:       SELECT [MigrationId], [ProductVersion]
2026-08-08T00:05:48.8358775+00:00 ContainerStream:       FROM [__EFMigrationsHistory]
2026-08-08T00:05:48.8359919+00:00 ContainerStream:       ORDER BY [MigrationId];
2026-08-08T00:05:48.8376528+00:00 ContainerStream: info: Microsoft.EntityFrameworkCore.Database.Command[20101]
2026-08-08T00:05:48.8376880+00:00 ContainerStream:       Executed DbCommand (1ms) [Parameters=[], CommandType='Text', CommandTimeout='30']
2026-08-08T00:05:48.8376950+00:00 ContainerStream:       SELECT TOP(1) [b].[BankAccountNumber]
2026-08-08T00:05:48.8377072+00:00 ContainerStream:       FROM [Beneficiaries] AS [b]
2026-08-08T00:05:48.8377117+00:00 ContainerStream:       ORDER BY [b].[Id]
2026-08-08T00:05:50.4676231+00:00 ContainerStream: info: Microsoft.EntityFrameworkCore.Database.Command[20101]
2026-08-08T00:05:50.4677264+00:00 ContainerStream:       Executed DbCommand (2ms) [Parameters=[], CommandType='Text', CommandTimeout='30']
2026-08-08T00:05:50.4677416+00:00 ContainerStream:       SELECT 1
2026-08-08T00:05:50.4709172+00:00 ContainerStream: info: Microsoft.EntityFrameworkCore.Database.Command[20101]
2026-08-08T00:05:50.4710421+00:00 ContainerStream:       Executed DbCommand (2ms) [Parameters=[], CommandType='Text', CommandTimeout='30']
2026-08-08T00:05:50.4710593+00:00 ContainerStream:       SELECT OBJECT_ID(N'[__EFMigrationsHistory]');
2026-08-08T00:05:50.4725622+00:00 ContainerStream: info: Microsoft.EntityFrameworkCore.Database.Command[20101]
2026-08-08T00:05:50.4725985+00:00 ContainerStream:       Executed DbCommand (2ms) [Parameters=[], CommandType='Text', CommandTimeout='30']
2026-08-08T00:05:50.4726053+00:00 ContainerStream:       SELECT [MigrationId], [ProductVersion]
2026-08-08T00:05:50.4726098+00:00 ContainerStream:       FROM [__EFMigrationsHistory]
2026-08-08T00:05:50.4730921+00:00 ContainerStream:       ORDER BY [MigrationId];
2026-08-08T00:05:50.4750217+00:00 ContainerStream: info: Microsoft.EntityFrameworkCore.Database.Command[20101]
2026-08-08T00:05:50.4750576+00:00 ContainerStream:       Executed DbCommand (1ms) [Parameters=[], CommandType='Text', CommandTimeout='30']
2026-08-08T00:05:50.4750651+00:00 ContainerStream:       SELECT TOP(1) [b].[BankAccountNumber]
2026-08-08T00:05:50.4750733+00:00 ContainerStream:       FROM [Beneficiaries] AS [b]
2026-08-08T00:05:50.4750779+00:00 ContainerStream:       ORDER BY [b].[Id]
2026-08-08T00:05:51.7001477+00:00 ContainerStream: info: Microsoft.EntityFrameworkCore.Database.Command[20101]
2026-08-08T00:05:51.7002285+00:00 ContainerStream:       Executed DbCommand (2ms) [Parameters=[], CommandType='Text', CommandTimeout='30']
2026-08-08T00:05:51.7002417+00:00 ContainerStream:       SELECT 1
2026-08-08T00:05:51.7030492+00:00 ContainerStream: info: Microsoft.EntityFrameworkCore.Database.Command[20101]
2026-08-08T00:05:51.7032317+00:00 ContainerStream:       Executed DbCommand (2ms) [Parameters=[], CommandType='Text', CommandTimeout='30']
2026-08-08T00:05:51.7032402+00:00 ContainerStream:       SELECT OBJECT_ID(N'[__EFMigrationsHistory]');
2026-08-08T00:05:51.7044037+00:00 ContainerStream: info: Microsoft.EntityFrameworkCore.Database.Command[20101]
2026-08-08T00:05:51.7044486+00:00 ContainerStream:       Executed DbCommand (1ms) [Parameters=[], CommandType='Text', CommandTimeout='30']
2026-08-08T00:05:51.7044698+00:00 ContainerStream:       SELECT [MigrationId], [ProductVersion]
2026-08-08T00:05:51.7044752+00:00 ContainerStream:       FROM [__EFMigrationsHistory]
2026-08-08T00:05:51.7050354+00:00 ContainerStream:       ORDER BY [MigrationId];
2026-08-08T00:05:51.7063869+00:00 ContainerStream: info: Microsoft.EntityFrameworkCore.Database.Command[20101]
2026-08-08T00:05:51.7064221+00:00 ContainerStream:       Executed DbCommand (1ms) [Parameters=[], CommandType='Text', CommandTimeout='30']
2026-08-08T00:05:51.7064288+00:00 ContainerStream:       SELECT TOP(1) [b].[BankAccountNumber]
2026-08-08T00:05:51.7064329+00:00 ContainerStream:       FROM [Beneficiaries] AS [b]
2026-08-08T00:05:51.7064368+00:00 ContainerStream:       ORDER BY [b].[Id]
2026-08-08T00:05:52.1706647+00:00 ContainerStream: info: Microsoft.EntityFrameworkCore.Database.Command[20101]
2026-08-08T00:05:52.1707405+00:00 ContainerStream:       Executed DbCommand (2ms) [Parameters=[], CommandType='Text', CommandTimeout='30']
2026-08-08T00:05:52.1707520+00:00 ContainerStream:       SELECT 1
2026-08-08T00:05:52.1724283+00:00 ContainerStream: info: Microsoft.EntityFrameworkCore.Database.Command[20101]
2026-08-08T00:05:52.1724817+00:00 ContainerStream:       Executed DbCommand (2ms) [Parameters=[], CommandType='Text', CommandTimeout='30']
2026-08-08T00:05:52.1724920+00:00 ContainerStream:       SELECT OBJECT_ID(N'[__EFMigrationsHistory]');
2026-08-08T00:05:52.1756082+00:00 ContainerStream: info: Microsoft.EntityFrameworkCore.Database.Command[20101]
2026-08-08T00:05:52.1756479+00:00 ContainerStream:       Executed DbCommand (1ms) [Parameters=[], CommandType='Text', CommandTimeout='30']
2026-08-08T00:05:52.1756681+00:00 ContainerStream:       SELECT [MigrationId], [ProductVersion]
2026-08-08T00:05:52.1756794+00:00 ContainerStream:       FROM [__EFMigrationsHistory]
2026-08-08T00:05:52.1756851+00:00 ContainerStream:       ORDER BY [MigrationId];
2026-08-08T00:05:52.1773322+00:00 ContainerStream: info: Microsoft.EntityFrameworkCore.Database.Command[20101]
2026-08-08T00:05:52.1773652+00:00 ContainerStream:       Executed DbCommand (2ms) [Parameters=[], CommandType='Text', CommandTimeout='30']
2026-08-08T00:05:52.1773762+00:00 ContainerStream:       SELECT TOP(1) [b].[BankAccountNumber]
2026-08-08T00:05:52.1773895+00:00 ContainerStream:       FROM [Beneficiaries] AS [b]
2026-08-08T00:05:52.1773935+00:00 ContainerStream:       ORDER BY [b].[Id]
2026-08-08T00:05:56.5090401+00:00 ContainerStream: info: Microsoft.EntityFrameworkCore.Database.Command[20101]
2026-08-08T00:05:56.5091200+00:00 ContainerStream:       Executed DbCommand (2ms) [Parameters=[], CommandType='Text', CommandTimeout='30']
2026-08-08T00:05:56.5091387+00:00 ContainerStream:       SELECT 1
2026-08-08T00:05:56.5118043+00:00 ContainerStream: info: Microsoft.EntityFrameworkCore.Database.Command[20101]
2026-08-08T00:05:56.5118561+00:00 ContainerStream:       Executed DbCommand (2ms) [Parameters=[], CommandType='Text', CommandTimeout='30']
2026-08-08T00:05:56.5118650+00:00 ContainerStream:       SELECT OBJECT_ID(N'[__EFMigrationsHistory]');
2026-08-08T00:05:56.5132329+00:00 ContainerStream: info: Microsoft.EntityFrameworkCore.Database.Command[20101]
2026-08-08T00:05:56.5132717+00:00 ContainerStream:       Executed DbCommand (1ms) [Parameters=[], CommandType='Text', CommandTimeout='30']
2026-08-08T00:05:56.5132905+00:00 ContainerStream:       SELECT [MigrationId], [ProductVersion]
2026-08-08T00:05:56.5132954+00:00 ContainerStream:       FROM [__EFMigrationsHistory]
2026-08-08T00:05:56.5133560+00:00 ContainerStream:       ORDER BY [MigrationId];
2026-08-08T00:05:56.5150709+00:00 ContainerStream: info: Microsoft.EntityFrameworkCore.Database.Command[20101]
2026-08-08T00:05:56.5151010+00:00 ContainerStream:       Executed DbCommand (1ms) [Parameters=[], CommandType='Text', CommandTimeout='30']
2026-08-08T00:05:56.5151070+00:00 ContainerStream:       SELECT TOP(1) [b].[BankAccountNumber]
2026-08-08T00:05:56.5151113+00:00 ContainerStream:       FROM [Beneficiaries] AS [b]
2026-08-08T00:05:56.5151150+00:00 ContainerStream:       ORDER BY [b].[Id]
2026-08-08T00:05:59.8384731+00:00 ContainerStream: info: Microsoft.EntityFrameworkCore.Database.Command[20101]
2026-08-08T00:05:59.8385501+00:00 ContainerStream:       Executed DbCommand (2ms) [Parameters=[], CommandType='Text', CommandTimeout='30']
2026-08-08T00:05:59.8385611+00:00 ContainerStream:       SELECT 1
2026-08-08T00:05:59.8402058+00:00 ContainerStream: info: Microsoft.EntityFrameworkCore.Database.Command[20101]
2026-08-08T00:05:59.8402563+00:00 ContainerStream:       Executed DbCommand (1ms) [Parameters=[], CommandType='Text', CommandTimeout='30']
2026-08-08T00:05:59.8402637+00:00 ContainerStream:       SELECT OBJECT_ID(N'[__EFMigrationsHistory]');
2026-08-08T00:05:59.8436263+00:00 ContainerStream: info: Microsoft.EntityFrameworkCore.Database.Command[20101]
2026-08-08T00:05:59.8436641+00:00 ContainerStream:       Executed DbCommand (1ms) [Parameters=[], CommandType='Text', CommandTimeout='30']
2026-08-08T00:05:59.8436762+00:00 ContainerStream:       SELECT [MigrationId], [ProductVersion]
2026-08-08T00:05:59.8436809+00:00 ContainerStream:       FROM [__EFMigrationsHistory]
2026-08-08T00:05:59.8436854+00:00 ContainerStream:       ORDER BY [MigrationId];
2026-08-08T00:05:59.8449602+00:00 ContainerStream: info: Microsoft.EntityFrameworkCore.Database.Command[20101]
2026-08-08T00:05:59.8449952+00:00 ContainerStream:       Executed DbCommand (1ms) [Parameters=[], CommandType='Text', CommandTimeout='30']
2026-08-08T00:05:59.8450064+00:00 ContainerStream:       SELECT TOP(1) [b].[BankAccountNumber]
2026-08-08T00:05:59.8450104+00:00 ContainerStream:       FROM [Beneficiaries] AS [b]
2026-08-08T00:05:59.8450144+00:00 ContainerStream:       ORDER BY [b].[Id]
2026-08-08T00:06:02.7663204+00:00 ContainerStream: info: Microsoft.EntityFrameworkCore.Database.Command[20101]
2026-08-08T00:06:02.7664091+00:00 ContainerStream:       Executed DbCommand (2ms) [Parameters=[], CommandType='Text', CommandTimeout='30']
2026-08-08T00:06:02.7664194+00:00 ContainerStream:       SELECT 1
2026-08-08T00:06:02.7678418+00:00 ContainerStream: info: Microsoft.EntityFrameworkCore.Database.Command[20101]
2026-08-08T00:06:02.7679024+00:00 ContainerStream:       Executed DbCommand (2ms) [Parameters=[], CommandType='Text', CommandTimeout='30']
2026-08-08T00:06:02.7679140+00:00 ContainerStream:       SELECT OBJECT_ID(N'[__EFMigrationsHistory]');
2026-08-08T00:06:02.7709913+00:00 ContainerStream: info: Microsoft.EntityFrameworkCore.Database.Command[20101]
2026-08-08T00:06:02.7710312+00:00 ContainerStream:       Executed DbCommand (2ms) [Parameters=[], CommandType='Text', CommandTimeout='30']
2026-08-08T00:06:02.7710562+00:00 ContainerStream:       SELECT [MigrationId], [ProductVersion]
2026-08-08T00:06:02.7710609+00:00 ContainerStream:       FROM [__EFMigrationsHistory]
2026-08-08T00:06:02.7711199+00:00 ContainerStream:       ORDER BY [MigrationId];
2026-08-08T00:06:02.7726576+00:00 ContainerStream: info: Microsoft.EntityFrameworkCore.Database.Command[20101]
2026-08-08T00:06:02.7727274+00:00 ContainerStream:       Executed DbCommand (1ms) [Parameters=[], CommandType='Text', CommandTimeout='30']
2026-08-08T00:06:02.7727347+00:00 ContainerStream:       SELECT TOP(1) [b].[BankAccountNumber]
2026-08-08T00:06:02.7727390+00:00 ContainerStream:       FROM [Beneficiaries] AS [b]
2026-08-08T00:06:02.7727471+00:00 ContainerStream:       ORDER BY [b].[Id]
2026-08-08T00:06:13.7956974+00:00 ContainerStream: info: Microsoft.EntityFrameworkCore.Database.Command[20101]
2026-08-08T00:06:13.7957953+00:00 ContainerStream:       Executed DbCommand (2ms) [Parameters=[], CommandType='Text', CommandTimeout='30']
2026-08-08T00:06:13.7958038+00:00 ContainerStream:       SELECT 1
2026-08-08T00:06:13.7974642+00:00 ContainerStream: info: Microsoft.EntityFrameworkCore.Database.Command[20101]
2026-08-08T00:06:13.7975232+00:00 ContainerStream:       Executed DbCommand (2ms) [Parameters=[], CommandType='Text', CommandTimeout='30']
2026-08-08T00:06:13.7975352+00:00 ContainerStream:       SELECT OBJECT_ID(N'[__EFMigrationsHistory]');
2026-08-08T00:06:13.8001986+00:00 ContainerStream: info: Microsoft.EntityFrameworkCore.Database.Command[20101]
2026-08-08T00:06:13.8002323+00:00 ContainerStream:       Executed DbCommand (1ms) [Parameters=[], CommandType='Text', CommandTimeout='30']
2026-08-08T00:06:13.8002388+00:00 ContainerStream:       SELECT [MigrationId], [ProductVersion]
2026-08-08T00:06:13.8004584+00:00 ContainerStream:       FROM [__EFMigrationsHistory]
2026-08-08T00:06:13.8008977+00:00 ContainerStream:       ORDER BY [MigrationId];
2026-08-08T00:06:13.8018639+00:00 ContainerStream: info: Microsoft.EntityFrameworkCore.Database.Command[20101]
2026-08-08T00:06:13.8018938+00:00 ContainerStream:       Executed DbCommand (1ms) [Parameters=[], CommandType='Text', CommandTimeout='30']
2026-08-08T00:06:13.8019046+00:00 ContainerStream:       SELECT TOP(1) [b].[BankAccountNumber]
2026-08-08T00:06:13.8019094+00:00 ContainerStream:       FROM [Beneficiaries] AS [b]
2026-08-08T00:06:13.8019140+00:00 ContainerStream:       ORDER BY [b].[Id]
2026-08-08T00:06:17.7096322+00:00 ContainerStream: info: Microsoft.EntityFrameworkCore.Database.Command[20101]
2026-08-08T00:06:17.7097110+00:00 ContainerStream:       Executed DbCommand (2ms) [Parameters=[], CommandType='Text', CommandTimeout='30']
2026-08-08T00:06:17.7097296+00:00 ContainerStream:       SELECT 1
2026-08-08T00:06:17.7112535+00:00 ContainerStream: info: Microsoft.EntityFrameworkCore.Database.Command[20101]
2026-08-08T00:06:17.7113003+00:00 ContainerStream:       Executed DbCommand (2ms) [Parameters=[], CommandType='Text', CommandTimeout='30']
2026-08-08T00:06:17.7113100+00:00 ContainerStream:       SELECT OBJECT_ID(N'[__EFMigrationsHistory]');
2026-08-08T00:06:17.7144987+00:00 ContainerStream: info: Microsoft.EntityFrameworkCore.Database.Command[20101]
2026-08-08T00:06:17.7145437+00:00 ContainerStream:       Executed DbCommand (1ms) [Parameters=[], CommandType='Text', CommandTimeout='30']
2026-08-08T00:06:17.7145546+00:00 ContainerStream:       SELECT [MigrationId], [ProductVersion]
2026-08-08T00:06:17.7145610+00:00 ContainerStream:       FROM [__EFMigrationsHistory]
2026-08-08T00:06:17.7145670+00:00 ContainerStream:       ORDER BY [MigrationId];
2026-08-08T00:06:17.7158847+00:00 ContainerStream: info: Microsoft.EntityFrameworkCore.Database.Command[20101]
2026-08-08T00:06:17.7159175+00:00 ContainerStream:       Executed DbCommand (1ms) [Parameters=[], CommandType='Text', CommandTimeout='30']
2026-08-08T00:06:17.7159248+00:00 ContainerStream:       SELECT TOP(1) [b].[BankAccountNumber]
2026-08-08T00:06:17.7159291+00:00 ContainerStream:       FROM [Beneficiaries] AS [b]
2026-08-08T00:06:17.7159338+00:00 ContainerStream:       ORDER BY [b].[Id]
2026-08-08T00:06:23.1423867+00:00 ContainerStream: info: Microsoft.EntityFrameworkCore.Database.Command[20101]
2026-08-08T00:06:23.1424682+00:00 ContainerStream:       Executed DbCommand (2ms) [Parameters=[], CommandType='Text', CommandTimeout='30']
2026-08-08T00:06:23.1424832+00:00 ContainerStream:       SELECT 1
2026-08-08T00:06:23.1442855+00:00 ContainerStream: info: Microsoft.EntityFrameworkCore.Database.Command[20101]
2026-08-08T00:06:23.1443664+00:00 ContainerStream:       Executed DbCommand (2ms) [Parameters=[], CommandType='Text', CommandTimeout='30']
2026-08-08T00:06:23.1443755+00:00 ContainerStream:       SELECT OBJECT_ID(N'[__EFMigrationsHistory]');
2026-08-08T00:06:23.1472431+00:00 ContainerStream: info: Microsoft.EntityFrameworkCore.Database.Command[20101]
2026-08-08T00:06:23.1472934+00:00 ContainerStream:       Executed DbCommand (1ms) [Parameters=[], CommandType='Text', CommandTimeout='30']
2026-08-08T00:06:23.1473072+00:00 ContainerStream:       SELECT [MigrationId], [ProductVersion]
2026-08-08T00:06:23.1473117+00:00 ContainerStream:       FROM [__EFMigrationsHistory]
2026-08-08T00:06:23.1473166+00:00 ContainerStream:       ORDER BY [MigrationId];
2026-08-08T00:06:23.1487152+00:00 ContainerStream: info: Microsoft.EntityFrameworkCore.Database.Command[20101]
2026-08-08T00:06:23.1487484+00:00 ContainerStream:       Executed DbCommand (1ms) [Parameters=[], CommandType='Text', CommandTimeout='30']
2026-08-08T00:06:23.1487606+00:00 ContainerStream:       SELECT TOP(1) [b].[BankAccountNumber]
2026-08-08T00:06:23.1487732+00:00 ContainerStream:       FROM [Beneficiaries] AS [b]
2026-08-08T00:06:23.1487776+00:00 ContainerStream:       ORDER BY [b].[Id]
2026-08-08T00:06:25.1536013+00:00 ContainerStream: info: Microsoft.EntityFrameworkCore.Database.Command[20101]
2026-08-08T00:06:25.1536748+00:00 ContainerStream:       Executed DbCommand (2ms) [Parameters=[], CommandType='Text', CommandTimeout='30']
2026-08-08T00:06:25.1536829+00:00 ContainerStream:       SELECT 1
2026-08-08T00:06:25.1561595+00:00 ContainerStream: info: Microsoft.EntityFrameworkCore.Database.Command[20101]
2026-08-08T00:06:25.1562398+00:00 ContainerStream:       Executed DbCommand (2ms) [Parameters=[], CommandType='Text', CommandTimeout='30']
2026-08-08T00:06:25.1562485+00:00 ContainerStream:       SELECT OBJECT_ID(N'[__EFMigrationsHistory]');
2026-08-08T00:06:25.1578457+00:00 ContainerStream: info: Microsoft.EntityFrameworkCore.Database.Command[20101]
2026-08-08T00:06:25.1578777+00:00 ContainerStream:       Executed DbCommand (2ms) [Parameters=[], CommandType='Text', CommandTimeout='30']
2026-08-08T00:06:25.1578892+00:00 ContainerStream:       SELECT [MigrationId], [ProductVersion]
2026-08-08T00:06:25.1578939+00:00 ContainerStream:       FROM [__EFMigrationsHistory]
2026-08-08T00:06:25.1578989+00:00 ContainerStream:       ORDER BY [MigrationId];
2026-08-08T00:06:25.1595952+00:00 ContainerStream: info: Microsoft.EntityFrameworkCore.Database.Command[20101]
2026-08-08T00:06:25.1596261+00:00 ContainerStream:       Executed DbCommand (1ms) [Parameters=[], CommandType='Text', CommandTimeout='30']
2026-08-08T00:06:25.1596369+00:00 ContainerStream:       SELECT TOP(1) [b].[BankAccountNumber]
2026-08-08T00:06:25.1596413+00:00 ContainerStream:       FROM [Beneficiaries] AS [b]
2026-08-08T00:06:25.1596452+00:00 ContainerStream:       ORDER BY [b].[Id]
2026-08-08T00:06:25.3560509+00:00 ContainerStream: info: Microsoft.EntityFrameworkCore.Database.Command[20101]
2026-08-08T00:06:25.3561402+00:00 ContainerStream:       Executed DbCommand (2ms) [Parameters=[], CommandType='Text', CommandTimeout='30']
2026-08-08T00:06:25.3561540+00:00 ContainerStream:       SELECT 1
2026-08-08T00:06:25.3577037+00:00 ContainerStream: info: Microsoft.EntityFrameworkCore.Database.Command[20101]
2026-08-08T00:06:25.3577513+00:00 ContainerStream:       Executed DbCommand (2ms) [Parameters=[], CommandType='Text', CommandTimeout='30']
2026-08-08T00:06:25.3577588+00:00 ContainerStream:       SELECT OBJECT_ID(N'[__EFMigrationsHistory]');
2026-08-08T00:06:25.3603667+00:00 ContainerStream: info: Microsoft.EntityFrameworkCore.Database.Command[20101]
2026-08-08T00:06:25.3604014+00:00 ContainerStream:       Executed DbCommand (1ms) [Parameters=[], CommandType='Text', CommandTimeout='30']
2026-08-08T00:06:25.3604087+00:00 ContainerStream:       SELECT [MigrationId], [ProductVersion]
2026-08-08T00:06:25.3604129+00:00 ContainerStream:       FROM [__EFMigrationsHistory]
2026-08-08T00:06:25.3607434+00:00 ContainerStream:       ORDER BY [MigrationId];
2026-08-08T00:06:25.3623000+00:00 ContainerStream: info: Microsoft.EntityFrameworkCore.Database.Command[20101]
2026-08-08T00:06:25.3623327+00:00 ContainerStream:       Executed DbCommand (1ms) [Parameters=[], CommandType='Text', CommandTimeout='30']
2026-08-08T00:06:25.3628211+00:00 ContainerStream:       SELECT TOP(1) [b].[BankAccountNumber]
2026-08-08T00:06:25.3628265+00:00 ContainerStream:       FROM [Beneficiaries] AS [b]
2026-08-08T00:06:25.3628344+00:00 ContainerStream:       ORDER BY [b].[Id]
2026-08-08T00:06:29.2365648+00:00 ContainerStream: info: Microsoft.EntityFrameworkCore.Database.Command[20101]
2026-08-08T00:06:29.2366439+00:00 ContainerStream:       Executed DbCommand (2ms) [Parameters=[], CommandType='Text', CommandTimeout='30']
2026-08-08T00:06:29.2366543+00:00 ContainerStream:       SELECT 1
2026-08-08T00:06:29.2384501+00:00 ContainerStream: info: Microsoft.EntityFrameworkCore.Database.Command[20101]
2026-08-08T00:06:29.2400206+00:00 ContainerStream:       Executed DbCommand (2ms) [Parameters=[], CommandType='Text', CommandTimeout='30']
2026-08-08T00:06:29.2400463+00:00 ContainerStream:       SELECT OBJECT_ID(N'[__EFMigrationsHistory]');
2026-08-08T00:06:29.2416364+00:00 ContainerStream: info: Microsoft.EntityFrameworkCore.Database.Command[20101]
2026-08-08T00:06:29.2416789+00:00 ContainerStream:       Executed DbCommand (2ms) [Parameters=[], CommandType='Text', CommandTimeout='30']
2026-08-08T00:06:29.2416916+00:00 ContainerStream:       SELECT [MigrationId], [ProductVersion]
2026-08-08T00:06:29.2416957+00:00 ContainerStream:       FROM [__EFMigrationsHistory]
2026-08-08T00:06:29.2421354+00:00 ContainerStream:       ORDER BY [MigrationId];
2026-08-08T00:06:29.2445095+00:00 ContainerStream: info: Microsoft.EntityFrameworkCore.Database.Command[20101]
2026-08-08T00:06:29.2445460+00:00 ContainerStream:       Executed DbCommand (2ms) [Parameters=[], CommandType='Text', CommandTimeout='30']
2026-08-08T00:06:29.2445536+00:00 ContainerStream:       SELECT TOP(1) [b].[BankAccountNumber]
2026-08-08T00:06:29.2445581+00:00 ContainerStream:       FROM [Beneficiaries] AS [b]
2026-08-08T00:06:29.2445624+00:00 ContainerStream:       ORDER BY [b].[Id]
2026-08-08T00:06:29.7898120+00:00 ContainerStream: info: Microsoft.EntityFrameworkCore.Database.Command[20101]
2026-08-08T00:06:29.7899028+00:00 ContainerStream:       Executed DbCommand (2ms) [Parameters=[], CommandType='Text', CommandTimeout='30']
2026-08-08T00:06:29.7899140+00:00 ContainerStream:       SELECT 1
2026-08-08T00:06:29.7913381+00:00 ContainerStream: info: Microsoft.EntityFrameworkCore.Database.Command[20101]
2026-08-08T00:06:29.7913877+00:00 ContainerStream:       Executed DbCommand (1ms) [Parameters=[], CommandType='Text', CommandTimeout='30']
2026-08-08T00:06:29.7914002+00:00 ContainerStream:       SELECT OBJECT_ID(N'[__EFMigrationsHistory]');
2026-08-08T00:06:29.7941082+00:00 ContainerStream: info: Microsoft.EntityFrameworkCore.Database.Command[20101]
2026-08-08T00:06:29.7941315+00:00 ContainerStream:       Executed DbCommand (1ms) [Parameters=[], CommandType='Text', CommandTimeout='30']
2026-08-08T00:06:29.7941380+00:00 ContainerStream:       SELECT [MigrationId], [ProductVersion]
2026-08-08T00:06:29.7941468+00:00 ContainerStream:       FROM [__EFMigrationsHistory]
2026-08-08T00:06:29.7942069+00:00 ContainerStream:       ORDER BY [MigrationId];
2026-08-08T00:06:29.7958470+00:00 ContainerStream: info: Microsoft.EntityFrameworkCore.Database.Command[20101]
2026-08-08T00:06:29.7958779+00:00 ContainerStream:       Executed DbCommand (1ms) [Parameters=[], CommandType='Text', CommandTimeout='30']
2026-08-08T00:06:29.7958843+00:00 ContainerStream:       SELECT TOP(1) [b].[BankAccountNumber]
2026-08-08T00:06:29.7958924+00:00 ContainerStream:       FROM [Beneficiaries] AS [b]
2026-08-08T00:06:29.7958962+00:00 ContainerStream:       ORDER BY [b].[Id]
2026-08-08T00:06:32.2468794+00:00 ContainerStream: info: Microsoft.EntityFrameworkCore.Database.Command[20101]
2026-08-08T00:06:32.2469588+00:00 ContainerStream:       Executed DbCommand (2ms) [Parameters=[], CommandType='Text', CommandTimeout='30']
2026-08-08T00:06:32.2469722+00:00 ContainerStream:       SELECT 1
2026-08-08T00:06:32.2486439+00:00 ContainerStream: info: Microsoft.EntityFrameworkCore.Database.Command[20101]
2026-08-08T00:06:32.2487155+00:00 ContainerStream:       Executed DbCommand (2ms) [Parameters=[], CommandType='Text', CommandTimeout='30']
2026-08-08T00:06:32.2487251+00:00 ContainerStream:       SELECT OBJECT_ID(N'[__EFMigrationsHistory]');
2026-08-08T00:06:32.2515542+00:00 ContainerStream: info: Microsoft.EntityFrameworkCore.Database.Command[20101]
2026-08-08T00:06:32.2515942+00:00 ContainerStream:       Executed DbCommand (2ms) [Parameters=[], CommandType='Text', CommandTimeout='30']
2026-08-08T00:06:32.2516009+00:00 ContainerStream:       SELECT [MigrationId], [ProductVersion]
2026-08-08T00:06:32.2516052+00:00 ContainerStream:       FROM [__EFMigrationsHistory]
2026-08-08T00:06:32.2519847+00:00 ContainerStream:       ORDER BY [MigrationId];
2026-08-08T00:06:32.2534484+00:00 ContainerStream: info: Microsoft.EntityFrameworkCore.Database.Command[20101]
2026-08-08T00:06:32.2534781+00:00 ContainerStream:       Executed DbCommand (2ms) [Parameters=[], CommandType='Text', CommandTimeout='30']
2026-08-08T00:06:32.2534847+00:00 ContainerStream:       SELECT TOP(1) [b].[BankAccountNumber]
2026-08-08T00:06:32.2534887+00:00 ContainerStream:       FROM [Beneficiaries] AS [b]
2026-08-08T00:06:32.2534925+00:00 ContainerStream:       ORDER BY [b].[Id]
2026-08-08T00:06:39.9371404+00:00 ContainerStream: info: Microsoft.EntityFrameworkCore.Database.Command[20101]
2026-08-08T00:06:39.9372383+00:00 ContainerStream:       Executed DbCommand (2ms) [Parameters=[], CommandType='Text', CommandTimeout='30']
2026-08-08T00:06:39.9372517+00:00 ContainerStream:       SELECT 1
2026-08-08T00:06:39.9397671+00:00 ContainerStream: info: Microsoft.EntityFrameworkCore.Database.Command[20101]
2026-08-08T00:06:39.9398417+00:00 ContainerStream:       Executed DbCommand (2ms) [Parameters=[], CommandType='Text', CommandTimeout='30']
2026-08-08T00:06:39.9398519+00:00 ContainerStream:       SELECT OBJECT_ID(N'[__EFMigrationsHistory]');
2026-08-08T00:06:39.9410945+00:00 ContainerStream: info: Microsoft.EntityFrameworkCore.Database.Command[20101]
2026-08-08T00:06:39.9411339+00:00 ContainerStream:       Executed DbCommand (1ms) [Parameters=[], CommandType='Text', CommandTimeout='30']
2026-08-08T00:06:39.9411414+00:00 ContainerStream:       SELECT [MigrationId], [ProductVersion]
2026-08-08T00:06:39.9411505+00:00 ContainerStream:       FROM [__EFMigrationsHistory]
2026-08-08T00:06:39.9411544+00:00 ContainerStream:       ORDER BY [MigrationId];
2026-08-08T00:06:39.9433727+00:00 ContainerStream: info: Microsoft.EntityFrameworkCore.Database.Command[20101]
2026-08-08T00:06:39.9434062+00:00 ContainerStream:       Executed DbCommand (2ms) [Parameters=[], CommandType='Text', CommandTimeout='30']
2026-08-08T00:06:39.9434181+00:00 ContainerStream:       SELECT TOP(1) [b].[BankAccountNumber]
2026-08-08T00:06:39.9434221+00:00 ContainerStream:       FROM [Beneficiaries] AS [b]
2026-08-08T00:06:39.9434262+00:00 ContainerStream:       ORDER BY [b].[Id]
2026-08-08T00:06:42.1076063+00:00 ContainerStream: info: Microsoft.EntityFrameworkCore.Database.Command[20101]
2026-08-08T00:06:42.1076812+00:00 ContainerStream:       Executed DbCommand (2ms) [Parameters=[], CommandType='Text', CommandTimeout='30']
2026-08-08T00:06:42.1076999+00:00 ContainerStream:       SELECT 1
2026-08-08T00:06:42.1092432+00:00 ContainerStream: info: Microsoft.EntityFrameworkCore.Database.Command[20101]
2026-08-08T00:06:42.1092816+00:00 ContainerStream:       Executed DbCommand (2ms) [Parameters=[], CommandType='Text', CommandTimeout='30']
2026-08-08T00:06:42.1092890+00:00 ContainerStream:       SELECT OBJECT_ID(N'[__EFMigrationsHistory]');
2026-08-08T00:06:42.1119944+00:00 ContainerStream: info: Microsoft.EntityFrameworkCore.Database.Command[20101]
2026-08-08T00:06:42.1120258+00:00 ContainerStream:       Executed DbCommand (1ms) [Parameters=[], CommandType='Text', CommandTimeout='30']
2026-08-08T00:06:42.1120329+00:00 ContainerStream:       SELECT [MigrationId], [ProductVersion]
2026-08-08T00:06:42.1120379+00:00 ContainerStream:       FROM [__EFMigrationsHistory]
2026-08-08T00:06:42.1120426+00:00 ContainerStream:       ORDER BY [MigrationId];
2026-08-08T00:06:42.1143299+00:00 ContainerStream: info: Microsoft.EntityFrameworkCore.Database.Command[20101]
2026-08-08T00:06:42.1143593+00:00 ContainerStream:       Executed DbCommand (1ms) [Parameters=[], CommandType='Text', CommandTimeout='30']
2026-08-08T00:06:42.1143667+00:00 ContainerStream:       SELECT TOP(1) [b].[BankAccountNumber]
2026-08-08T00:06:42.1143716+00:00 ContainerStream:       FROM [Beneficiaries] AS [b]
2026-08-08T00:06:42.1143761+00:00 ContainerStream:       ORDER BY [b].[Id]
2026-08-08T00:06:42.3503954+00:00 ContainerStream: info: Microsoft.EntityFrameworkCore.Database.Command[20101]
2026-08-08T00:06:42.3504802+00:00 ContainerStream:       Executed DbCommand (2ms) [Parameters=[], CommandType='Text', CommandTimeout='30']
2026-08-08T00:06:42.3504929+00:00 ContainerStream:       SELECT 1
2026-08-08T00:06:42.3533310+00:00 ContainerStream: info: Microsoft.EntityFrameworkCore.Database.Command[20101]
2026-08-08T00:06:42.3534052+00:00 ContainerStream:       Executed DbCommand (2ms) [Parameters=[], CommandType='Text', CommandTimeout='30']
2026-08-08T00:06:42.3534169+00:00 ContainerStream:       SELECT OBJECT_ID(N'[__EFMigrationsHistory]');
2026-08-08T00:06:42.3551146+00:00 ContainerStream: info: Microsoft.EntityFrameworkCore.Database.Command[20101]
2026-08-08T00:06:42.3551585+00:00 ContainerStream:       Executed DbCommand (2ms) [Parameters=[], CommandType='Text', CommandTimeout='30']
2026-08-08T00:06:42.3551727+00:00 ContainerStream:       SELECT [MigrationId], [ProductVersion]
2026-08-08T00:06:42.3551775+00:00 ContainerStream:       FROM [__EFMigrationsHistory]
2026-08-08T00:06:42.3551813+00:00 ContainerStream:       ORDER BY [MigrationId];
2026-08-08T00:06:42.3568137+00:00 ContainerStream: info: Microsoft.EntityFrameworkCore.Database.Command[20101]
2026-08-08T00:06:42.3568504+00:00 ContainerStream:       Executed DbCommand (2ms) [Parameters=[], CommandType='Text', CommandTimeout='30']
2026-08-08T00:06:42.3568615+00:00 ContainerStream:       SELECT TOP(1) [b].[BankAccountNumber]
2026-08-08T00:06:42.3568661+00:00 ContainerStream:       FROM [Beneficiaries] AS [b]
2026-08-08T00:06:42.3568704+00:00 ContainerStream:       ORDER BY [b].[Id]
2026-08-08T00:06:47.6211282+00:00 ContainerStream: info: Microsoft.EntityFrameworkCore.Database.Command[20101]
2026-08-08T00:06:47.6212111+00:00 ContainerStream:       Executed DbCommand (2ms) [Parameters=[], CommandType='Text', CommandTimeout='30']
2026-08-08T00:06:47.6212218+00:00 ContainerStream:       SELECT 1
2026-08-08T00:06:47.6242402+00:00 ContainerStream: info: Microsoft.EntityFrameworkCore.Database.Command[20101]
2026-08-08T00:06:47.6243006+00:00 ContainerStream:       Executed DbCommand (2ms) [Parameters=[], CommandType='Text', CommandTimeout='30']
2026-08-08T00:06:47.6243110+00:00 ContainerStream:       SELECT OBJECT_ID(N'[__EFMigrationsHistory]');
2026-08-08T00:06:47.6259067+00:00 ContainerStream: info: Microsoft.EntityFrameworkCore.Database.Command[20101]
2026-08-08T00:06:47.6259416+00:00 ContainerStream:       Executed DbCommand (1ms) [Parameters=[], CommandType='Text', CommandTimeout='30']
2026-08-08T00:06:47.6259492+00:00 ContainerStream:       SELECT [MigrationId], [ProductVersion]
2026-08-08T00:06:47.6259536+00:00 ContainerStream:       FROM [__EFMigrationsHistory]
2026-08-08T00:06:47.6259626+00:00 ContainerStream:       ORDER BY [MigrationId];
2026-08-08T00:06:47.6271315+00:00 ContainerStream: info: Microsoft.EntityFrameworkCore.Database.Command[20101]
2026-08-08T00:06:47.6271641+00:00 ContainerStream:       Executed DbCommand (1ms) [Parameters=[], CommandType='Text', CommandTimeout='30']
2026-08-08T00:06:47.6271705+00:00 ContainerStream:       SELECT TOP(1) [b].[BankAccountNumber]
2026-08-08T00:06:47.6271743+00:00 ContainerStream:       FROM [Beneficiaries] AS [b]
2026-08-08T00:06:47.6271918+00:00 ContainerStream:       ORDER BY [b].[Id]
2026-08-08T00:06:47.8981228+00:00 ContainerStream: info: Microsoft.EntityFrameworkCore.Database.Command[20101]
2026-08-08T00:06:47.8983232+00:00 ContainerStream:       Executed DbCommand (2ms) [Parameters=[], CommandType='Text', CommandTimeout='30']
2026-08-08T00:06:47.8983413+00:00 ContainerStream:       SELECT 1
2026-08-08T00:06:47.9009427+00:00 ContainerStream: info: Microsoft.EntityFrameworkCore.Database.Command[20101]
2026-08-08T00:06:47.9011434+00:00 ContainerStream:       Executed DbCommand (2ms) [Parameters=[], CommandType='Text', CommandTimeout='30']
2026-08-08T00:06:47.9011683+00:00 ContainerStream:       SELECT OBJECT_ID(N'[__EFMigrationsHistory]');
2026-08-08T00:06:47.9025289+00:00 ContainerStream: info: Microsoft.EntityFrameworkCore.Database.Command[20101]
2026-08-08T00:06:47.9025674+00:00 ContainerStream:       Executed DbCommand (2ms) [Parameters=[], CommandType='Text', CommandTimeout='30']
2026-08-08T00:06:47.9025792+00:00 ContainerStream:       SELECT [MigrationId], [ProductVersion]
2026-08-08T00:06:47.9025835+00:00 ContainerStream:       FROM [__EFMigrationsHistory]
2026-08-08T00:06:47.9025875+00:00 ContainerStream:       ORDER BY [MigrationId];
2026-08-08T00:06:47.9041923+00:00 ContainerStream: info: Microsoft.EntityFrameworkCore.Database.Command[20101]
2026-08-08T00:06:47.9042245+00:00 ContainerStream:       Executed DbCommand (1ms) [Parameters=[], CommandType='Text', CommandTimeout='30']
2026-08-08T00:06:47.9042366+00:00 ContainerStream:       SELECT TOP(1) [b].[BankAccountNumber]
2026-08-08T00:06:47.9042415+00:00 ContainerStream:       FROM [Beneficiaries] AS [b]
2026-08-08T00:06:47.9042620+00:00 ContainerStream:       ORDER BY [b].[Id]
2026-08-08T00:06:49.6234523+00:00 ContainerStream: info: Microsoft.EntityFrameworkCore.Database.Command[20101]
2026-08-08T00:06:49.6235607+00:00 ContainerStream:       Executed DbCommand (2ms) [Parameters=[], CommandType='Text', CommandTimeout='30']
2026-08-08T00:06:49.6235719+00:00 ContainerStream:       SELECT 1
2026-08-08T00:06:49.6263621+00:00 ContainerStream: info: Microsoft.EntityFrameworkCore.Database.Command[20101]
2026-08-08T00:06:49.6264261+00:00 ContainerStream:       Executed DbCommand (2ms) [Parameters=[], CommandType='Text', CommandTimeout='30']
2026-08-08T00:06:49.6264352+00:00 ContainerStream:       SELECT OBJECT_ID(N'[__EFMigrationsHistory]');
2026-08-08T00:06:49.6277904+00:00 ContainerStream: info: Microsoft.EntityFrameworkCore.Database.Command[20101]
2026-08-08T00:06:49.6278322+00:00 ContainerStream:       Executed DbCommand (1ms) [Parameters=[], CommandType='Text', CommandTimeout='30']
2026-08-08T00:06:49.6278398+00:00 ContainerStream:       SELECT [MigrationId], [ProductVersion]
2026-08-08T00:06:49.6278436+00:00 ContainerStream:       FROM [__EFMigrationsHistory]
2026-08-08T00:06:49.6278537+00:00 ContainerStream:       ORDER BY [MigrationId];
2026-08-08T00:06:49.6294271+00:00 ContainerStream: info: Microsoft.EntityFrameworkCore.Database.Command[20101]
2026-08-08T00:06:49.6294623+00:00 ContainerStream:       Executed DbCommand (1ms) [Parameters=[], CommandType='Text', CommandTimeout='30']
2026-08-08T00:06:49.6294697+00:00 ContainerStream:       SELECT TOP(1) [b].[BankAccountNumber]
2026-08-08T00:06:49.6294738+00:00 ContainerStream:       FROM [Beneficiaries] AS [b]
2026-08-08T00:06:49.6294825+00:00 ContainerStream:       ORDER BY [b].[Id]
2026-08-08T00:06:52.1686351+00:00 ContainerStream: info: Microsoft.EntityFrameworkCore.Database.Command[20101]
2026-08-08T00:06:52.1687378+00:00 ContainerStream:       Executed DbCommand (2ms) [Parameters=[], CommandType='Text', CommandTimeout='30']
2026-08-08T00:06:52.1687488+00:00 ContainerStream:       SELECT 1
2026-08-08T00:06:52.1702596+00:00 ContainerStream: info: Microsoft.EntityFrameworkCore.Database.Command[20101]
2026-08-08T00:06:52.1703117+00:00 ContainerStream:       Executed DbCommand (2ms) [Parameters=[], CommandType='Text', CommandTimeout='30']
2026-08-08T00:06:52.1703205+00:00 ContainerStream:       SELECT OBJECT_ID(N'[__EFMigrationsHistory]');
2026-08-08T00:06:52.1733821+00:00 ContainerStream: info: Microsoft.EntityFrameworkCore.Database.Command[20101]
2026-08-08T00:06:52.1734242+00:00 ContainerStream:       Executed DbCommand (1ms) [Parameters=[], CommandType='Text', CommandTimeout='30']
2026-08-08T00:06:52.1734361+00:00 ContainerStream:       SELECT [MigrationId], [ProductVersion]
2026-08-08T00:06:52.1734404+00:00 ContainerStream:       FROM [__EFMigrationsHistory]
2026-08-08T00:06:52.1734443+00:00 ContainerStream:       ORDER BY [MigrationId];
2026-08-08T00:06:52.1748217+00:00 ContainerStream: info: Microsoft.EntityFrameworkCore.Database.Command[20101]
2026-08-08T00:06:52.1748523+00:00 ContainerStream:       Executed DbCommand (1ms) [Parameters=[], CommandType='Text', CommandTimeout='30']
2026-08-08T00:06:52.1748630+00:00 ContainerStream:       SELECT TOP(1) [b].[BankAccountNumber]
2026-08-08T00:06:52.1748668+00:00 ContainerStream:       FROM [Beneficiaries] AS [b]
2026-08-08T00:06:52.1748707+00:00 ContainerStream:       ORDER BY [b].[Id]
2026-08-08T00:06:52.2257628+00:00 ContainerStream: info: Microsoft.EntityFrameworkCore.Database.Command[20101]
2026-08-08T00:06:52.2258523+00:00 ContainerStream:       Executed DbCommand (2ms) [Parameters=[], CommandType='Text', CommandTimeout='30']
2026-08-08T00:06:52.2258630+00:00 ContainerStream:       SELECT 1
2026-08-08T00:06:52.2277867+00:00 ContainerStream: info: Microsoft.EntityFrameworkCore.Database.Command[20101]
2026-08-08T00:06:52.2278324+00:00 ContainerStream:       Executed DbCommand (2ms) [Parameters=[], CommandType='Text', CommandTimeout='30']
2026-08-08T00:06:52.2278403+00:00 ContainerStream:       SELECT OBJECT_ID(N'[__EFMigrationsHistory]');
2026-08-08T00:06:52.2304101+00:00 ContainerStream: info: Microsoft.EntityFrameworkCore.Database.Command[20101]
2026-08-08T00:06:52.2304487+00:00 ContainerStream:       Executed DbCommand (2ms) [Parameters=[], CommandType='Text', CommandTimeout='30']
2026-08-08T00:06:52.2304558+00:00 ContainerStream:       SELECT [MigrationId], [ProductVersion]
2026-08-08T00:06:52.2304725+00:00 ContainerStream:       FROM [__EFMigrationsHistory]
2026-08-08T00:06:52.2307774+00:00 ContainerStream:       ORDER BY [MigrationId];
2026-08-08T00:06:52.2332822+00:00 ContainerStream: info: Microsoft.EntityFrameworkCore.Database.Command[20101]
2026-08-08T00:06:52.2333207+00:00 ContainerStream:       Executed DbCommand (2ms) [Parameters=[], CommandType='Text', CommandTimeout='30']
2026-08-08T00:06:52.2333289+00:00 ContainerStream:       SELECT TOP(1) [b].[BankAccountNumber]
2026-08-08T00:06:52.2333335+00:00 ContainerStream:       FROM [Beneficiaries] AS [b]
2026-08-08T00:06:52.2333420+00:00 ContainerStream:       ORDER BY [b].[Id]
2026-08-08T00:06:58.3017690+00:00 ContainerStream: info: Microsoft.EntityFrameworkCore.Database.Command[20101]
2026-08-08T00:06:58.3018478+00:00 ContainerStream:       Executed DbCommand (2ms) [Parameters=[], CommandType='Text', CommandTimeout='30']
2026-08-08T00:06:58.3018612+00:00 ContainerStream:       SELECT 1
2026-08-08T00:06:58.3036443+00:00 ContainerStream: info: Microsoft.EntityFrameworkCore.Database.Command[20101]
2026-08-08T00:06:58.3036935+00:00 ContainerStream:       Executed DbCommand (2ms) [Parameters=[], CommandType='Text', CommandTimeout='30']
2026-08-08T00:06:58.3037012+00:00 ContainerStream:       SELECT OBJECT_ID(N'[__EFMigrationsHistory]');
2026-08-08T00:06:58.3068213+00:00 ContainerStream: info: Microsoft.EntityFrameworkCore.Database.Command[20101]
2026-08-08T00:06:58.3068679+00:00 ContainerStream:       Executed DbCommand (2ms) [Parameters=[], CommandType='Text', CommandTimeout='30']
2026-08-08T00:06:58.3068811+00:00 ContainerStream:       SELECT [MigrationId], [ProductVersion]
2026-08-08T00:06:58.3068859+00:00 ContainerStream:       FROM [__EFMigrationsHistory]
2026-08-08T00:06:58.3068901+00:00 ContainerStream:       ORDER BY [MigrationId];
2026-08-08T00:06:58.3084927+00:00 ContainerStream: info: Microsoft.EntityFrameworkCore.Database.Command[20101]
2026-08-08T00:06:58.3086225+00:00 ContainerStream:       Executed DbCommand (1ms) [Parameters=[], CommandType='Text', CommandTimeout='30']
2026-08-08T00:06:58.3086298+00:00 ContainerStream:       SELECT TOP(1) [b].[BankAccountNumber]
2026-08-08T00:06:58.3086337+00:00 ContainerStream:       FROM [Beneficiaries] AS [b]
2026-08-08T00:06:58.3086372+00:00 ContainerStream:       ORDER BY [b].[Id]
2026-08-08T00:07:05.3839479+00:00 ContainerStream: info: Microsoft.EntityFrameworkCore.Database.Command[20101]
2026-08-08T00:07:05.3840492+00:00 ContainerStream:       Executed DbCommand (2ms) [Parameters=[], CommandType='Text', CommandTimeout='30']
2026-08-08T00:07:05.3840611+00:00 ContainerStream:       SELECT 1
2026-08-08T00:07:05.3855913+00:00 ContainerStream: info: Microsoft.EntityFrameworkCore.Database.Command[20101]
2026-08-08T00:07:05.3856358+00:00 ContainerStream:       Executed DbCommand (2ms) [Parameters=[], CommandType='Text', CommandTimeout='30']
2026-08-08T00:07:05.3856491+00:00 ContainerStream:       SELECT OBJECT_ID(N'[__EFMigrationsHistory]');
2026-08-08T00:07:05.3884759+00:00 ContainerStream: info: Microsoft.EntityFrameworkCore.Database.Command[20101]
2026-08-08T00:07:05.3885163+00:00 ContainerStream:       Executed DbCommand (2ms) [Parameters=[], CommandType='Text', CommandTimeout='30']
2026-08-08T00:07:05.3885231+00:00 ContainerStream:       SELECT [MigrationId], [ProductVersion]
2026-08-08T00:07:05.3885274+00:00 ContainerStream:       FROM [__EFMigrationsHistory]
2026-08-08T00:07:05.3885361+00:00 ContainerStream:       ORDER BY [MigrationId];
2026-08-08T00:07:05.3904169+00:00 ContainerStream: info: Microsoft.EntityFrameworkCore.Database.Command[20101]
2026-08-08T00:07:05.3904558+00:00 ContainerStream:       Executed DbCommand (1ms) [Parameters=[], CommandType='Text', CommandTimeout='30']
2026-08-08T00:07:05.3904640+00:00 ContainerStream:       SELECT TOP(1) [b].[BankAccountNumber]
2026-08-08T00:07:05.3904688+00:00 ContainerStream:       FROM [Beneficiaries] AS [b]
2026-08-08T00:07:05.3904772+00:00 ContainerStream:       ORDER BY [b].[Id]
2026-08-08T00:07:06.6623591+00:00 ContainerStream: info: Microsoft.EntityFrameworkCore.Database.Command[20101]
2026-08-08T00:07:06.6624414+00:00 ContainerStream:       Executed DbCommand (2ms) [Parameters=[], CommandType='Text', CommandTimeout='30']
2026-08-08T00:07:06.6624531+00:00 ContainerStream:       SELECT 1
2026-08-08T00:07:06.6647974+00:00 ContainerStream: info: Microsoft.EntityFrameworkCore.Database.Command[20101]
2026-08-08T00:07:06.6648513+00:00 ContainerStream:       Executed DbCommand (2ms) [Parameters=[], CommandType='Text', CommandTimeout='30']
2026-08-08T00:07:06.6648615+00:00 ContainerStream:       SELECT OBJECT_ID(N'[__EFMigrationsHistory]');
2026-08-08T00:07:06.6674632+00:00 ContainerStream: info: Microsoft.EntityFrameworkCore.Database.Command[20101]
2026-08-08T00:07:06.6674989+00:00 ContainerStream:       Executed DbCommand (1ms) [Parameters=[], CommandType='Text', CommandTimeout='30']
2026-08-08T00:07:06.6675103+00:00 ContainerStream:       SELECT [MigrationId], [ProductVersion]
2026-08-08T00:07:06.6675148+00:00 ContainerStream:       FROM [__EFMigrationsHistory]
2026-08-08T00:07:06.6675190+00:00 ContainerStream:       ORDER BY [MigrationId];
2026-08-08T00:07:06.6687776+00:00 ContainerStream: info: Microsoft.EntityFrameworkCore.Database.Command[20101]
2026-08-08T00:07:06.6688109+00:00 ContainerStream:       Executed DbCommand (1ms) [Parameters=[], CommandType='Text', CommandTimeout='30']
2026-08-08T00:07:06.6688185+00:00 ContainerStream:       SELECT TOP(1) [b].[BankAccountNumber]
2026-08-08T00:07:06.6688227+00:00 ContainerStream:       FROM [Beneficiaries] AS [b]
2026-08-08T00:07:06.6688267+00:00 ContainerStream:       ORDER BY [b].[Id]
2026-08-08T00:07:11.3514060+00:00 ContainerStream: info: Microsoft.EntityFrameworkCore.Database.Command[20101]
2026-08-08T00:07:11.3515153+00:00 ContainerStream:       Executed DbCommand (2ms) [Parameters=[], CommandType='Text', CommandTimeout='30']
2026-08-08T00:07:11.3515274+00:00 ContainerStream:       SELECT 1
2026-08-08T00:07:11.3540842+00:00 ContainerStream: info: Microsoft.EntityFrameworkCore.Database.Command[20101]
2026-08-08T00:07:11.3541533+00:00 ContainerStream:       Executed DbCommand (2ms) [Parameters=[], CommandType='Text', CommandTimeout='30']
2026-08-08T00:07:11.3543067+00:00 ContainerStream:       SELECT OBJECT_ID(N'[__EFMigrationsHistory]');
2026-08-08T00:07:11.3554430+00:00 ContainerStream: info: Microsoft.EntityFrameworkCore.Database.Command[20101]
2026-08-08T00:07:11.3554841+00:00 ContainerStream:       Executed DbCommand (1ms) [Parameters=[], CommandType='Text', CommandTimeout='30']
2026-08-08T00:07:11.3554910+00:00 ContainerStream:       SELECT [MigrationId], [ProductVersion]
2026-08-08T00:07:11.3555008+00:00 ContainerStream:       FROM [__EFMigrationsHistory]
2026-08-08T00:07:11.3555047+00:00 ContainerStream:       ORDER BY [MigrationId];
2026-08-08T00:07:11.3575622+00:00 ContainerStream: info: Microsoft.EntityFrameworkCore.Database.Command[20101]
2026-08-08T00:07:11.3575954+00:00 ContainerStream:       Executed DbCommand (1ms) [Parameters=[], CommandType='Text', CommandTimeout='30']
2026-08-08T00:07:11.3576022+00:00 ContainerStream:       SELECT TOP(1) [b].[BankAccountNumber]
2026-08-08T00:07:11.3576123+00:00 ContainerStream:       FROM [Beneficiaries] AS [b]
2026-08-08T00:07:11.3576159+00:00 ContainerStream:       ORDER BY [b].[Id]
2026-08-08T00:07:17.5474821+00:00 ContainerStream: info: Microsoft.EntityFrameworkCore.Database.Command[20101]
2026-08-08T00:07:17.5475671+00:00 ContainerStream:       Executed DbCommand (2ms) [Parameters=[], CommandType='Text', CommandTimeout='30']
2026-08-08T00:07:17.5475891+00:00 ContainerStream:       SELECT 1
2026-08-08T00:07:17.5495863+00:00 ContainerStream: info: Microsoft.EntityFrameworkCore.Database.Command[20101]
2026-08-08T00:07:17.5496298+00:00 ContainerStream:       Executed DbCommand (2ms) [Parameters=[], CommandType='Text', CommandTimeout='30']
2026-08-08T00:07:17.5496403+00:00 ContainerStream:       SELECT OBJECT_ID(N'[__EFMigrationsHistory]');
2026-08-08T00:07:17.5531295+00:00 ContainerStream: info: Microsoft.EntityFrameworkCore.Database.Command[20101]
2026-08-08T00:07:17.5531619+00:00 ContainerStream:       Executed DbCommand (2ms) [Parameters=[], CommandType='Text', CommandTimeout='30']
2026-08-08T00:07:17.5531705+00:00 ContainerStream:       SELECT [MigrationId], [ProductVersion]
2026-08-08T00:07:17.5531754+00:00 ContainerStream:       FROM [__EFMigrationsHistory]
2026-08-08T00:07:17.5539174+00:00 ContainerStream:       ORDER BY [MigrationId];
2026-08-08T00:07:17.5552224+00:00 ContainerStream: info: Microsoft.EntityFrameworkCore.Database.Command[20101]
2026-08-08T00:07:17.5552511+00:00 ContainerStream:       Executed DbCommand (1ms) [Parameters=[], CommandType='Text', CommandTimeout='30']
2026-08-08T00:07:17.5552576+00:00 ContainerStream:       SELECT TOP(1) [b].[BankAccountNumber]
2026-08-08T00:07:17.5552620+00:00 ContainerStream:       FROM [Beneficiaries] AS [b]
2026-08-08T00:07:17.5552655+00:00 ContainerStream:       ORDER BY [b].[Id]
2026-08-08T00:07:17.9120961+00:00 ContainerStream: info: Microsoft.EntityFrameworkCore.Database.Command[20101]
2026-08-08T00:07:17.9121759+00:00 ContainerStream:       Executed DbCommand (2ms) [Parameters=[], CommandType='Text', CommandTimeout='30']
2026-08-08T00:07:17.9121877+00:00 ContainerStream:       SELECT 1
2026-08-08T00:07:17.9152735+00:00 ContainerStream: info: Microsoft.EntityFrameworkCore.Database.Command[20101]
2026-08-08T00:07:17.9153252+00:00 ContainerStream:       Executed DbCommand (2ms) [Parameters=[], CommandType='Text', CommandTimeout='30']
2026-08-08T00:07:17.9153347+00:00 ContainerStream:       SELECT OBJECT_ID(N'[__EFMigrationsHistory]');
2026-08-08T00:07:17.9171463+00:00 ContainerStream: info: Microsoft.EntityFrameworkCore.Database.Command[20101]
2026-08-08T00:07:17.9171916+00:00 ContainerStream:       Executed DbCommand (2ms) [Parameters=[], CommandType='Text', CommandTimeout='30']
2026-08-08T00:07:17.9172043+00:00 ContainerStream:       SELECT [MigrationId], [ProductVersion]
2026-08-08T00:07:17.9172087+00:00 ContainerStream:       FROM [__EFMigrationsHistory]
2026-08-08T00:07:17.9172128+00:00 ContainerStream:       ORDER BY [MigrationId];
2026-08-08T00:07:17.9191382+00:00 ContainerStream: info: Microsoft.EntityFrameworkCore.Database.Command[20101]
2026-08-08T00:07:17.9191757+00:00 ContainerStream:       Executed DbCommand (1ms) [Parameters=[], CommandType='Text', CommandTimeout='30']
2026-08-08T00:07:17.9191870+00:00 ContainerStream:       SELECT TOP(1) [b].[BankAccountNumber]
2026-08-08T00:07:17.9191913+00:00 ContainerStream:       FROM [Beneficiaries] AS [b]
2026-08-08T00:07:17.9191951+00:00 ContainerStream:       ORDER BY [b].[Id]
2026-08-08T00:07:18.4195303+00:00 ContainerStream: info: Microsoft.EntityFrameworkCore.Database.Command[20101]
2026-08-08T00:07:18.4196176+00:00 ContainerStream:       Executed DbCommand (2ms) [Parameters=[], CommandType='Text', CommandTimeout='30']
2026-08-08T00:07:18.4196314+00:00 ContainerStream:       SELECT 1
2026-08-08T00:07:18.4227343+00:00 ContainerStream: info: Microsoft.EntityFrameworkCore.Database.Command[20101]
2026-08-08T00:07:18.4227939+00:00 ContainerStream:       Executed DbCommand (2ms) [Parameters=[], CommandType='Text', CommandTimeout='30']
2026-08-08T00:07:18.4228046+00:00 ContainerStream:       SELECT OBJECT_ID(N'[__EFMigrationsHistory]');
2026-08-08T00:07:18.4241285+00:00 ContainerStream: info: Microsoft.EntityFrameworkCore.Database.Command[20101]
2026-08-08T00:07:18.4241730+00:00 ContainerStream:       Executed DbCommand (1ms) [Parameters=[], CommandType='Text', CommandTimeout='30']
2026-08-08T00:07:18.4241831+00:00 ContainerStream:       SELECT [MigrationId], [ProductVersion]
2026-08-08T00:07:18.4241883+00:00 ContainerStream:       FROM [__EFMigrationsHistory]
2026-08-08T00:07:18.4244904+00:00 ContainerStream:       ORDER BY [MigrationId];
2026-08-08T00:07:18.4266760+00:00 ContainerStream: info: Microsoft.EntityFrameworkCore.Database.Command[20101]
2026-08-08T00:07:18.4267086+00:00 ContainerStream:       Executed DbCommand (1ms) [Parameters=[], CommandType='Text', CommandTimeout='30']
2026-08-08T00:07:18.4267167+00:00 ContainerStream:       SELECT TOP(1) [b].[BankAccountNumber]
2026-08-08T00:07:18.4267212+00:00 ContainerStream:       FROM [Beneficiaries] AS [b]
2026-08-08T00:07:18.4267296+00:00 ContainerStream:       ORDER BY [b].[Id]
2026-08-08T00:07:19.0209350+00:00 ContainerStream: info: Microsoft.EntityFrameworkCore.Database.Command[20101]
2026-08-08T00:07:19.0210109+00:00 ContainerStream:       Executed DbCommand (2ms) [Parameters=[], CommandType='Text', CommandTimeout='30']
2026-08-08T00:07:19.0210216+00:00 ContainerStream:       SELECT 1
2026-08-08T00:07:19.0227297+00:00 ContainerStream: info: Microsoft.EntityFrameworkCore.Database.Command[20101]
2026-08-08T00:07:19.0227796+00:00 ContainerStream:       Executed DbCommand (2ms) [Parameters=[], CommandType='Text', CommandTimeout='30']
2026-08-08T00:07:19.0227885+00:00 ContainerStream:       SELECT OBJECT_ID(N'[__EFMigrationsHistory]');
2026-08-08T00:07:19.0256504+00:00 ContainerStream: info: Microsoft.EntityFrameworkCore.Database.Command[20101]
2026-08-08T00:07:19.0256751+00:00 ContainerStream:       Executed DbCommand (2ms) [Parameters=[], CommandType='Text', CommandTimeout='30']
2026-08-08T00:07:19.0256870+00:00 ContainerStream:       SELECT [MigrationId], [ProductVersion]
2026-08-08T00:07:19.0256918+00:00 ContainerStream:       FROM [__EFMigrationsHistory]
2026-08-08T00:07:19.0256963+00:00 ContainerStream:       ORDER BY [MigrationId];
2026-08-08T00:07:19.0274158+00:00 ContainerStream: info: Microsoft.EntityFrameworkCore.Database.Command[20101]
2026-08-08T00:07:19.0274493+00:00 ContainerStream:       Executed DbCommand (1ms) [Parameters=[], CommandType='Text', CommandTimeout='30']
2026-08-08T00:07:19.0274558+00:00 ContainerStream:       SELECT TOP(1) [b].[BankAccountNumber]
2026-08-08T00:07:19.0274597+00:00 ContainerStream:       FROM [Beneficiaries] AS [b]
2026-08-08T00:07:19.0274634+00:00 ContainerStream:       ORDER BY [b].[Id]
2026-08-08T00:07:24.2878942+00:00 ContainerStream: info: Microsoft.EntityFrameworkCore.Database.Command[20101]
2026-08-08T00:07:24.2879999+00:00 ContainerStream:       Executed DbCommand (2ms) [Parameters=[], CommandType='Text', CommandTimeout='30']
2026-08-08T00:07:24.2880117+00:00 ContainerStream:       SELECT 1
2026-08-08T00:07:24.2894699+00:00 ContainerStream: info: Microsoft.EntityFrameworkCore.Database.Command[20101]
2026-08-08T00:07:24.2909051+00:00 ContainerStream:       Executed DbCommand (2ms) [Parameters=[], CommandType='Text', CommandTimeout='30']
2026-08-08T00:07:24.2909266+00:00 ContainerStream:       SELECT OBJECT_ID(N'[__EFMigrationsHistory]');
2026-08-08T00:07:24.2931718+00:00 ContainerStream: info: Microsoft.EntityFrameworkCore.Database.Command[20101]
2026-08-08T00:07:24.2932105+00:00 ContainerStream:       Executed DbCommand (2ms) [Parameters=[], CommandType='Text', CommandTimeout='30']
2026-08-08T00:07:24.2932277+00:00 ContainerStream:       SELECT [MigrationId], [ProductVersion]
2026-08-08T00:07:24.2932330+00:00 ContainerStream:       FROM [__EFMigrationsHistory]
2026-08-08T00:07:24.2932418+00:00 ContainerStream:       ORDER BY [MigrationId];
2026-08-08T00:07:24.2973884+00:00 ContainerStream: info: Microsoft.EntityFrameworkCore.Database.Command[20101]
2026-08-08T00:07:24.2974231+00:00 ContainerStream:       Executed DbCommand (4ms) [Parameters=[], CommandType='Text', CommandTimeout='30']
2026-08-08T00:07:24.2974305+00:00 ContainerStream:       SELECT TOP(1) [b].[BankAccountNumber]
2026-08-08T00:07:24.2978978+00:00 ContainerStream:       FROM [Beneficiaries] AS [b]
2026-08-08T00:07:24.2979191+00:00 ContainerStream:       ORDER BY [b].[Id]
2026-08-08T00:07:27.7262294+00:00 ContainerStream: info: Microsoft.EntityFrameworkCore.Database.Command[20101]
2026-08-08T00:07:27.7263058+00:00 ContainerStream:       Executed DbCommand (2ms) [Parameters=[], CommandType='Text', CommandTimeout='30']
2026-08-08T00:07:27.7263170+00:00 ContainerStream:       SELECT 1
2026-08-08T00:07:27.7278166+00:00 ContainerStream: info: Microsoft.EntityFrameworkCore.Database.Command[20101]
2026-08-08T00:07:27.7278720+00:00 ContainerStream:       Executed DbCommand (2ms) [Parameters=[], CommandType='Text', CommandTimeout='30']
2026-08-08T00:07:27.7278814+00:00 ContainerStream:       SELECT OBJECT_ID(N'[__EFMigrationsHistory]');
2026-08-08T00:07:27.7310628+00:00 ContainerStream: info: Microsoft.EntityFrameworkCore.Database.Command[20101]
2026-08-08T00:07:27.7311158+00:00 ContainerStream:       Executed DbCommand (2ms) [Parameters=[], CommandType='Text', CommandTimeout='30']
2026-08-08T00:07:27.7311238+00:00 ContainerStream:       SELECT [MigrationId], [ProductVersion]
2026-08-08T00:07:27.7311280+00:00 ContainerStream:       FROM [__EFMigrationsHistory]
2026-08-08T00:07:27.7311319+00:00 ContainerStream:       ORDER BY [MigrationId];
2026-08-08T00:07:27.7327083+00:00 ContainerStream: info: Microsoft.EntityFrameworkCore.Database.Command[20101]
2026-08-08T00:07:27.7327513+00:00 ContainerStream:       Executed DbCommand (1ms) [Parameters=[], CommandType='Text', CommandTimeout='30']
2026-08-08T00:07:27.7327577+00:00 ContainerStream:       SELECT TOP(1) [b].[BankAccountNumber]
2026-08-08T00:07:27.7327616+00:00 ContainerStream:       FROM [Beneficiaries] AS [b]
2026-08-08T00:07:27.7327656+00:00 ContainerStream:       ORDER BY [b].[Id]
2026-08-08T00:07:28.8195274+00:00 ContainerStream: info: Microsoft.EntityFrameworkCore.Database.Command[20101]
2026-08-08T00:07:28.8196332+00:00 ContainerStream:       Executed DbCommand (2ms) [Parameters=[], CommandType='Text', CommandTimeout='30']
2026-08-08T00:07:28.8196436+00:00 ContainerStream:       SELECT 1
2026-08-08T00:07:28.8211820+00:00 ContainerStream: info: Microsoft.EntityFrameworkCore.Database.Command[20101]
2026-08-08T00:07:28.8212296+00:00 ContainerStream:       Executed DbCommand (2ms) [Parameters=[], CommandType='Text', CommandTimeout='30']
2026-08-08T00:07:28.8212427+00:00 ContainerStream:       SELECT OBJECT_ID(N'[__EFMigrationsHistory]');
2026-08-08T00:07:28.8239029+00:00 ContainerStream: info: Microsoft.EntityFrameworkCore.Database.Command[20101]
2026-08-08T00:07:28.8239348+00:00 ContainerStream:       Executed DbCommand (1ms) [Parameters=[], CommandType='Text', CommandTimeout='30']
2026-08-08T00:07:28.8239415+00:00 ContainerStream:       SELECT [MigrationId], [ProductVersion]
2026-08-08T00:07:28.8239501+00:00 ContainerStream:       FROM [__EFMigrationsHistory]
2026-08-08T00:07:28.8245488+00:00 ContainerStream:       ORDER BY [MigrationId];
2026-08-08T00:07:28.8255369+00:00 ContainerStream: info: Microsoft.EntityFrameworkCore.Database.Command[20101]
2026-08-08T00:07:28.8255670+00:00 ContainerStream:       Executed DbCommand (1ms) [Parameters=[], CommandType='Text', CommandTimeout='30']
2026-08-08T00:07:28.8255779+00:00 ContainerStream:       SELECT TOP(1) [b].[BankAccountNumber]
2026-08-08T00:07:28.8255821+00:00 ContainerStream:       FROM [Beneficiaries] AS [b]
2026-08-08T00:07:28.8255859+00:00 ContainerStream:       ORDER BY [b].[Id]
2026-08-08T00:07:29.3725999+00:00 ContainerStream: info: Microsoft.EntityFrameworkCore.Database.Command[20101]
2026-08-08T00:07:29.3727103+00:00 ContainerStream:       Executed DbCommand (2ms) [Parameters=[], CommandType='Text', CommandTimeout='30']
2026-08-08T00:07:29.3727322+00:00 ContainerStream:       SELECT 1
2026-08-08T00:07:29.3755380+00:00 ContainerStream: info: Microsoft.EntityFrameworkCore.Database.Command[20101]
2026-08-08T00:07:29.3755901+00:00 ContainerStream:       Executed DbCommand (2ms) [Parameters=[], CommandType='Text', CommandTimeout='30']
2026-08-08T00:07:29.3755990+00:00 ContainerStream:       SELECT OBJECT_ID(N'[__EFMigrationsHistory]');
2026-08-08T00:07:29.3774068+00:00 ContainerStream: info: Microsoft.EntityFrameworkCore.Database.Command[20101]
2026-08-08T00:07:29.3774334+00:00 ContainerStream:       Executed DbCommand (2ms) [Parameters=[], CommandType='Text', CommandTimeout='30']
2026-08-08T00:07:29.3774404+00:00 ContainerStream:       SELECT [MigrationId], [ProductVersion]
2026-08-08T00:07:29.3774446+00:00 ContainerStream:       FROM [__EFMigrationsHistory]
2026-08-08T00:07:29.3774486+00:00 ContainerStream:       ORDER BY [MigrationId];
2026-08-08T00:07:29.3788627+00:00 ContainerStream: info: Microsoft.EntityFrameworkCore.Database.Command[20101]
2026-08-08T00:07:29.3788961+00:00 ContainerStream:       Executed DbCommand (1ms) [Parameters=[], CommandType='Text', CommandTimeout='30']
2026-08-08T00:07:29.3789033+00:00 ContainerStream:       SELECT TOP(1) [b].[BankAccountNumber]
2026-08-08T00:07:29.3789079+00:00 ContainerStream:       FROM [Beneficiaries] AS [b]
2026-08-08T00:07:29.3789122+00:00 ContainerStream:       ORDER BY [b].[Id]
2026-08-08T00:07:32.7327981+00:00 ContainerStream: info: Microsoft.EntityFrameworkCore.Database.Command[20101]
2026-08-08T00:07:32.7328704+00:00 ContainerStream:       Executed DbCommand (2ms) [Parameters=[], CommandType='Text', CommandTimeout='30']
2026-08-08T00:07:32.7328819+00:00 ContainerStream:       SELECT 1
2026-08-08T00:07:32.7343740+00:00 ContainerStream: info: Microsoft.EntityFrameworkCore.Database.Command[20101]
2026-08-08T00:07:32.7344275+00:00 ContainerStream:       Executed DbCommand (2ms) [Parameters=[], CommandType='Text', CommandTimeout='30']
2026-08-08T00:07:32.7344356+00:00 ContainerStream:       SELECT OBJECT_ID(N'[__EFMigrationsHistory]');
2026-08-08T00:07:32.7372489+00:00 ContainerStream: info: Microsoft.EntityFrameworkCore.Database.Command[20101]
2026-08-08T00:07:32.7372855+00:00 ContainerStream:       Executed DbCommand (1ms) [Parameters=[], CommandType='Text', CommandTimeout='30']
2026-08-08T00:07:32.7372969+00:00 ContainerStream:       SELECT [MigrationId], [ProductVersion]
2026-08-08T00:07:32.7373201+00:00 ContainerStream:       FROM [__EFMigrationsHistory]
2026-08-08T00:07:32.7373246+00:00 ContainerStream:       ORDER BY [MigrationId];
2026-08-08T00:07:32.7391622+00:00 ContainerStream: info: Microsoft.EntityFrameworkCore.Database.Command[20101]
2026-08-08T00:07:32.7391945+00:00 ContainerStream:       Executed DbCommand (2ms) [Parameters=[], CommandType='Text', CommandTimeout='30']
2026-08-08T00:07:32.7392059+00:00 ContainerStream:       SELECT TOP(1) [b].[BankAccountNumber]
2026-08-08T00:07:32.7392102+00:00 ContainerStream:       FROM [Beneficiaries] AS [b]
2026-08-08T00:07:32.7392141+00:00 ContainerStream:       ORDER BY [b].[Id]
2026-08-08T00:07:37.0860412+00:00 ContainerStream: info: Microsoft.EntityFrameworkCore.Database.Command[20101]
2026-08-08T00:07:37.0861325+00:00 ContainerStream:       Executed DbCommand (3ms) [Parameters=[], CommandType='Text', CommandTimeout='30']
2026-08-08T00:07:37.0861437+00:00 ContainerStream:       SELECT 1
2026-08-08T00:07:37.0886980+00:00 ContainerStream: info: Microsoft.EntityFrameworkCore.Database.Command[20101]
2026-08-08T00:07:37.0887534+00:00 ContainerStream:       Executed DbCommand (2ms) [Parameters=[], CommandType='Text', CommandTimeout='30']
2026-08-08T00:07:37.0887620+00:00 ContainerStream:       SELECT OBJECT_ID(N'[__EFMigrationsHistory]');
2026-08-08T00:07:37.0900050+00:00 ContainerStream: info: Microsoft.EntityFrameworkCore.Database.Command[20101]
2026-08-08T00:07:37.0900466+00:00 ContainerStream:       Executed DbCommand (1ms) [Parameters=[], CommandType='Text', CommandTimeout='30']
2026-08-08T00:07:37.0902414+00:00 ContainerStream:       SELECT [MigrationId], [ProductVersion]
2026-08-08T00:07:37.0902551+00:00 ContainerStream:       FROM [__EFMigrationsHistory]
2026-08-08T00:07:37.0902631+00:00 ContainerStream:       ORDER BY [MigrationId];
2026-08-08T00:07:37.0919261+00:00 ContainerStream: info: Microsoft.EntityFrameworkCore.Database.Command[20101]
2026-08-08T00:07:37.0919549+00:00 ContainerStream:       Executed DbCommand (1ms) [Parameters=[], CommandType='Text', CommandTimeout='30']
2026-08-08T00:07:37.0919622+00:00 ContainerStream:       SELECT TOP(1) [b].[BankAccountNumber]
2026-08-08T00:07:37.0919672+00:00 ContainerStream:       FROM [Beneficiaries] AS [b]
2026-08-08T00:07:37.0919756+00:00 ContainerStream:       ORDER BY [b].[Id]
2026-08-08T00:07:38.2458075+00:00 ContainerStream: info: Microsoft.EntityFrameworkCore.Database.Command[20101]
2026-08-08T00:07:38.2458843+00:00 ContainerStream:       Executed DbCommand (2ms) [Parameters=[], CommandType='Text', CommandTimeout='30']
2026-08-08T00:07:38.2458961+00:00 ContainerStream:       SELECT 1
2026-08-08T00:07:38.2473351+00:00 ContainerStream: info: Microsoft.EntityFrameworkCore.Database.Command[20101]
2026-08-08T00:07:38.2473824+00:00 ContainerStream:       Executed DbCommand (2ms) [Parameters=[], CommandType='Text', CommandTimeout='30']
2026-08-08T00:07:38.2473906+00:00 ContainerStream:       SELECT OBJECT_ID(N'[__EFMigrationsHistory]');
2026-08-08T00:07:38.2499946+00:00 ContainerStream: info: Microsoft.EntityFrameworkCore.Database.Command[20101]
2026-08-08T00:07:38.2500324+00:00 ContainerStream:       Executed DbCommand (2ms) [Parameters=[], CommandType='Text', CommandTimeout='30']
2026-08-08T00:07:38.2500448+00:00 ContainerStream:       SELECT [MigrationId], [ProductVersion]
2026-08-08T00:07:38.2500497+00:00 ContainerStream:       FROM [__EFMigrationsHistory]
2026-08-08T00:07:38.2500542+00:00 ContainerStream:       ORDER BY [MigrationId];
2026-08-08T00:07:38.2525164+00:00 ContainerStream: info: Microsoft.EntityFrameworkCore.Database.Command[20101]
2026-08-08T00:07:38.2525517+00:00 ContainerStream:       Executed DbCommand (2ms) [Parameters=[], CommandType='Text', CommandTimeout='30']
2026-08-08T00:07:38.2525630+00:00 ContainerStream:       SELECT TOP(1) [b].[BankAccountNumber]
2026-08-08T00:07:38.2525675+00:00 ContainerStream:       FROM [Beneficiaries] AS [b]
2026-08-08T00:07:38.2525718+00:00 ContainerStream:       ORDER BY [b].[Id]
2026-08-08T00:07:39.5991390+00:00 ContainerStream: info: Microsoft.EntityFrameworkCore.Database.Command[20101]
2026-08-08T00:07:39.5992370+00:00 ContainerStream:       Executed DbCommand (2ms) [Parameters=[], CommandType='Text', CommandTimeout='30']
2026-08-08T00:07:39.5992471+00:00 ContainerStream:       SELECT 1
2026-08-08T00:07:39.6015402+00:00 ContainerStream: info: Microsoft.EntityFrameworkCore.Database.Command[20101]
2026-08-08T00:07:39.6015926+00:00 ContainerStream:       Executed DbCommand (2ms) [Parameters=[], CommandType='Text', CommandTimeout='30']
2026-08-08T00:07:39.6016016+00:00 ContainerStream:       SELECT OBJECT_ID(N'[__EFMigrationsHistory]');
2026-08-08T00:07:39.6036817+00:00 ContainerStream: info: Microsoft.EntityFrameworkCore.Database.Command[20101]
2026-08-08T00:07:39.6037068+00:00 ContainerStream:       Executed DbCommand (1ms) [Parameters=[], CommandType='Text', CommandTimeout='30']
2026-08-08T00:07:39.6037142+00:00 ContainerStream:       SELECT [MigrationId], [ProductVersion]
2026-08-08T00:07:39.6037192+00:00 ContainerStream:       FROM [__EFMigrationsHistory]
2026-08-08T00:07:39.6037281+00:00 ContainerStream:       ORDER BY [MigrationId];
2026-08-08T00:07:39.6054820+00:00 ContainerStream: info: Microsoft.EntityFrameworkCore.Database.Command[20101]
2026-08-08T00:07:39.6055199+00:00 ContainerStream:       Executed DbCommand (1ms) [Parameters=[], CommandType='Text', CommandTimeout='30']
2026-08-08T00:07:39.6055276+00:00 ContainerStream:       SELECT TOP(1) [b].[BankAccountNumber]
2026-08-08T00:07:39.6055316+00:00 ContainerStream:       FROM [Beneficiaries] AS [b]
2026-08-08T00:07:39.6055400+00:00 ContainerStream:       ORDER BY [b].[Id]
2026-08-08T00:07:42.4014869+00:00 ContainerStream: info: Microsoft.EntityFrameworkCore.Database.Command[20101]
2026-08-08T00:07:42.4015673+00:00 ContainerStream:       Executed DbCommand (2ms) [Parameters=[], CommandType='Text', CommandTimeout='30']
2026-08-08T00:07:42.4015768+00:00 ContainerStream:       SELECT 1
2026-08-08T00:07:42.4042978+00:00 ContainerStream: info: Microsoft.EntityFrameworkCore.Database.Command[20101]
2026-08-08T00:07:42.4043634+00:00 ContainerStream:       Executed DbCommand (2ms) [Parameters=[], CommandType='Text', CommandTimeout='30']
2026-08-08T00:07:42.4043770+00:00 ContainerStream:       SELECT OBJECT_ID(N'[__EFMigrationsHistory]');
2026-08-08T00:07:42.4057572+00:00 ContainerStream: info: Microsoft.EntityFrameworkCore.Database.Command[20101]
2026-08-08T00:07:42.4057926+00:00 ContainerStream:       Executed DbCommand (1ms) [Parameters=[], CommandType='Text', CommandTimeout='30']
2026-08-08T00:07:42.4058046+00:00 ContainerStream:       SELECT [MigrationId], [ProductVersion]
2026-08-08T00:07:42.4058094+00:00 ContainerStream:       FROM [__EFMigrationsHistory]
2026-08-08T00:07:42.4058676+00:00 ContainerStream:       ORDER BY [MigrationId];
2026-08-08T00:07:42.4082952+00:00 ContainerStream: info: Microsoft.EntityFrameworkCore.Database.Command[20101]
2026-08-08T00:07:42.4083330+00:00 ContainerStream:       Executed DbCommand (1ms) [Parameters=[], CommandType='Text', CommandTimeout='30']
2026-08-08T00:07:42.4083412+00:00 ContainerStream:       SELECT TOP(1) [b].[BankAccountNumber]
2026-08-08T00:07:42.4083459+00:00 ContainerStream:       FROM [Beneficiaries] AS [b]
2026-08-08T00:07:42.4083503+00:00 ContainerStream:       ORDER BY [b].[Id]
2026-08-08T00:07:45.6143341+00:00 ContainerStream: info: Microsoft.EntityFrameworkCore.Database.Command[20101]
2026-08-08T00:07:45.6144435+00:00 ContainerStream:       Executed DbCommand (2ms) [Parameters=[], CommandType='Text', CommandTimeout='30']
2026-08-08T00:07:45.6144532+00:00 ContainerStream:       SELECT 1
2026-08-08T00:07:45.6170154+00:00 ContainerStream: info: Microsoft.EntityFrameworkCore.Database.Command[20101]
2026-08-08T00:07:45.6170882+00:00 ContainerStream:       Executed DbCommand (2ms) [Parameters=[], CommandType='Text', CommandTimeout='30']
2026-08-08T00:07:45.6171053+00:00 ContainerStream:       SELECT OBJECT_ID(N'[__EFMigrationsHistory]');
2026-08-08T00:07:45.6186764+00:00 ContainerStream: info: Microsoft.EntityFrameworkCore.Database.Command[20101]
2026-08-08T00:07:45.6187338+00:00 ContainerStream:       Executed DbCommand (2ms) [Parameters=[], CommandType='Text', CommandTimeout='30']
2026-08-08T00:07:45.6187423+00:00 ContainerStream:       SELECT [MigrationId], [ProductVersion]
2026-08-08T00:07:45.6187471+00:00 ContainerStream:       FROM [__EFMigrationsHistory]
2026-08-08T00:07:45.6188225+00:00 ContainerStream:       ORDER BY [MigrationId];
2026-08-08T00:07:45.6205878+00:00 ContainerStream: info: Microsoft.EntityFrameworkCore.Database.Command[20101]
2026-08-08T00:07:45.6206178+00:00 ContainerStream:       Executed DbCommand (1ms) [Parameters=[], CommandType='Text', CommandTimeout='30']
2026-08-08T00:07:45.6206243+00:00 ContainerStream:       SELECT TOP(1) [b].[BankAccountNumber]
2026-08-08T00:07:45.6206322+00:00 ContainerStream:       FROM [Beneficiaries] AS [b]
2026-08-08T00:07:45.6206365+00:00 ContainerStream:       ORDER BY [b].[Id]
2026-08-08T00:07:49.6399923+00:00 ContainerStream: info: Microsoft.EntityFrameworkCore.Database.Command[20101]
2026-08-08T00:07:49.6400723+00:00 ContainerStream:       Executed DbCommand (2ms) [Parameters=[], CommandType='Text', CommandTimeout='30']
2026-08-08T00:07:49.6400822+00:00 ContainerStream:       SELECT 1
2026-08-08T00:07:49.6419093+00:00 ContainerStream: info: Microsoft.EntityFrameworkCore.Database.Command[20101]
2026-08-08T00:07:49.6419521+00:00 ContainerStream:       Executed DbCommand (2ms) [Parameters=[], CommandType='Text', CommandTimeout='30']
2026-08-08T00:07:49.6419602+00:00 ContainerStream:       SELECT OBJECT_ID(N'[__EFMigrationsHistory]');
2026-08-08T00:07:49.6449446+00:00 ContainerStream: info: Microsoft.EntityFrameworkCore.Database.Command[20101]
2026-08-08T00:07:49.6449793+00:00 ContainerStream:       Executed DbCommand (2ms) [Parameters=[], CommandType='Text', CommandTimeout='30']
2026-08-08T00:07:49.6449859+00:00 ContainerStream:       SELECT [MigrationId], [ProductVersion]
2026-08-08T00:07:49.6449897+00:00 ContainerStream:       FROM [__EFMigrationsHistory]
2026-08-08T00:07:49.6450591+00:00 ContainerStream:       ORDER BY [MigrationId];
2026-08-08T00:07:49.6465668+00:00 ContainerStream: info: Microsoft.EntityFrameworkCore.Database.Command[20101]
2026-08-08T00:07:49.6465972+00:00 ContainerStream:       Executed DbCommand (1ms) [Parameters=[], CommandType='Text', CommandTimeout='30']
2026-08-08T00:07:49.6466039+00:00 ContainerStream:       SELECT TOP(1) [b].[BankAccountNumber]
2026-08-08T00:07:49.6466078+00:00 ContainerStream:       FROM [Beneficiaries] AS [b]
2026-08-08T00:07:49.6466113+00:00 ContainerStream:       ORDER BY [b].[Id]
2026-08-08T00:07:51.7667755+00:00 ContainerStream: info: Microsoft.EntityFrameworkCore.Database.Command[20101]
2026-08-08T00:07:51.7668571+00:00 ContainerStream:       Executed DbCommand (2ms) [Parameters=[], CommandType='Text', CommandTimeout='30']
2026-08-08T00:07:51.7668691+00:00 ContainerStream:       SELECT 1
2026-08-08T00:07:51.7684731+00:00 ContainerStream: info: Microsoft.EntityFrameworkCore.Database.Command[20101]
2026-08-08T00:07:51.7687882+00:00 ContainerStream:       Executed DbCommand (2ms) [Parameters=[], CommandType='Text', CommandTimeout='30']
2026-08-08T00:07:51.7688049+00:00 ContainerStream:       SELECT OBJECT_ID(N'[__EFMigrationsHistory]');
2026-08-08T00:07:51.7716832+00:00 ContainerStream: info: Microsoft.EntityFrameworkCore.Database.Command[20101]
2026-08-08T00:07:51.7717153+00:00 ContainerStream:       Executed DbCommand (2ms) [Parameters=[], CommandType='Text', CommandTimeout='30']
2026-08-08T00:07:51.7717226+00:00 ContainerStream:       SELECT [MigrationId], [ProductVersion]
2026-08-08T00:07:51.7717319+00:00 ContainerStream:       FROM [__EFMigrationsHistory]
2026-08-08T00:07:51.7723146+00:00 ContainerStream:       ORDER BY [MigrationId];
2026-08-08T00:07:51.7735498+00:00 ContainerStream: info: Microsoft.EntityFrameworkCore.Database.Command[20101]
2026-08-08T00:07:51.7735783+00:00 ContainerStream:       Executed DbCommand (1ms) [Parameters=[], CommandType='Text', CommandTimeout='30']
2026-08-08T00:07:51.7735899+00:00 ContainerStream:       SELECT TOP(1) [b].[BankAccountNumber]
2026-08-08T00:07:51.7735948+00:00 ContainerStream:       FROM [Beneficiaries] AS [b]
2026-08-08T00:07:51.7735998+00:00 ContainerStream:       ORDER BY [b].[Id]
2026-08-08T00:07:52.1714203+00:00 ContainerStream: info: Microsoft.EntityFrameworkCore.Database.Command[20101]
2026-08-08T00:07:52.1715863+00:00 ContainerStream:       Executed DbCommand (2ms) [Parameters=[], CommandType='Text', CommandTimeout='30']
2026-08-08T00:07:52.1716098+00:00 ContainerStream:       SELECT 1
2026-08-08T00:07:52.1731753+00:00 ContainerStream: info: Microsoft.EntityFrameworkCore.Database.Command[20101]
2026-08-08T00:07:52.1732168+00:00 ContainerStream:       Executed DbCommand (2ms) [Parameters=[], CommandType='Text', CommandTimeout='30']
2026-08-08T00:07:52.1732249+00:00 ContainerStream:       SELECT OBJECT_ID(N'[__EFMigrationsHistory]');
2026-08-08T00:07:52.1766903+00:00 ContainerStream: info: Microsoft.EntityFrameworkCore.Database.Command[20101]
2026-08-08T00:07:52.1767400+00:00 ContainerStream:       Executed DbCommand (2ms) [Parameters=[], CommandType='Text', CommandTimeout='30']
2026-08-08T00:07:52.1767479+00:00 ContainerStream:       SELECT [MigrationId], [ProductVersion]
2026-08-08T00:07:52.1767523+00:00 ContainerStream:       FROM [__EFMigrationsHistory]
2026-08-08T00:07:52.1767564+00:00 ContainerStream:       ORDER BY [MigrationId];
2026-08-08T00:07:52.1798554+00:00 ContainerStream: info: Microsoft.EntityFrameworkCore.Database.Command[20101]
2026-08-08T00:07:52.1798860+00:00 ContainerStream:       Executed DbCommand (2ms) [Parameters=[], CommandType='Text', CommandTimeout='30']
2026-08-08T00:07:52.1798924+00:00 ContainerStream:       SELECT TOP(1) [b].[BankAccountNumber]
2026-08-08T00:07:52.1798964+00:00 ContainerStream:       FROM [Beneficiaries] AS [b]
2026-08-08T00:07:52.1799043+00:00 ContainerStream:       ORDER BY [b].[Id]
2026-08-08T00:07:53.1453431+00:00 ContainerStream: info: Microsoft.EntityFrameworkCore.Database.Command[20101]
2026-08-08T00:07:53.1454440+00:00 ContainerStream:       Executed DbCommand (2ms) [Parameters=[], CommandType='Text', CommandTimeout='30']
2026-08-08T00:07:53.1454548+00:00 ContainerStream:       SELECT 1
2026-08-08T00:07:53.1469440+00:00 ContainerStream: info: Microsoft.EntityFrameworkCore.Database.Command[20101]
2026-08-08T00:07:53.1472869+00:00 ContainerStream:       Executed DbCommand (2ms) [Parameters=[], CommandType='Text', CommandTimeout='30']
2026-08-08T00:07:53.1473016+00:00 ContainerStream:       SELECT OBJECT_ID(N'[__EFMigrationsHistory]');
2026-08-08T00:07:53.1496463+00:00 ContainerStream: info: Microsoft.EntityFrameworkCore.Database.Command[20101]
2026-08-08T00:07:53.1496774+00:00 ContainerStream:       Executed DbCommand (1ms) [Parameters=[], CommandType='Text', CommandTimeout='30']
2026-08-08T00:07:53.1496882+00:00 ContainerStream:       SELECT [MigrationId], [ProductVersion]
2026-08-08T00:07:53.1496924+00:00 ContainerStream:       FROM [__EFMigrationsHistory]
2026-08-08T00:07:53.1497067+00:00 ContainerStream:       ORDER BY [MigrationId];
2026-08-08T00:07:53.1513368+00:00 ContainerStream: info: Microsoft.EntityFrameworkCore.Database.Command[20101]
2026-08-08T00:07:53.1513648+00:00 ContainerStream:       Executed DbCommand (1ms) [Parameters=[], CommandType='Text', CommandTimeout='30']
2026-08-08T00:07:53.1513747+00:00 ContainerStream:       SELECT TOP(1) [b].[BankAccountNumber]
2026-08-08T00:07:53.1513785+00:00 ContainerStream:       FROM [Beneficiaries] AS [b]
2026-08-08T00:07:53.1513821+00:00 ContainerStream:       ORDER BY [b].[Id]
2026-08-08T00:07:59.9308424+00:00 ContainerStream: info: Microsoft.EntityFrameworkCore.Database.Command[20101]
2026-08-08T00:07:59.9309492+00:00 ContainerStream:       Executed DbCommand (2ms) [Parameters=[], CommandType='Text', CommandTimeout='30']
2026-08-08T00:07:59.9309603+00:00 ContainerStream:       SELECT 1
2026-08-08T00:07:59.9328007+00:00 ContainerStream: info: Microsoft.EntityFrameworkCore.Database.Command[20101]
2026-08-08T00:07:59.9328643+00:00 ContainerStream:       Executed DbCommand (2ms) [Parameters=[], CommandType='Text', CommandTimeout='30']
2026-08-08T00:07:59.9328739+00:00 ContainerStream:       SELECT OBJECT_ID(N'[__EFMigrationsHistory]');
2026-08-08T00:07:59.9355615+00:00 ContainerStream: info: Microsoft.EntityFrameworkCore.Database.Command[20101]
2026-08-08T00:07:59.9356013+00:00 ContainerStream:       Executed DbCommand (2ms) [Parameters=[], CommandType='Text', CommandTimeout='30']
2026-08-08T00:07:59.9356100+00:00 ContainerStream:       SELECT [MigrationId], [ProductVersion]
2026-08-08T00:07:59.9356147+00:00 ContainerStream:       FROM [__EFMigrationsHistory]
2026-08-08T00:07:59.9356230+00:00 ContainerStream:       ORDER BY [MigrationId];
2026-08-08T00:07:59.9369625+00:00 ContainerStream: info: Microsoft.EntityFrameworkCore.Database.Command[20101]
2026-08-08T00:07:59.9369979+00:00 ContainerStream:       Executed DbCommand (1ms) [Parameters=[], CommandType='Text', CommandTimeout='30']
2026-08-08T00:07:59.9370054+00:00 ContainerStream:       SELECT TOP(1) [b].[BankAccountNumber]
2026-08-08T00:07:59.9370099+00:00 ContainerStream:       FROM [Beneficiaries] AS [b]
2026-08-08T00:07:59.9370184+00:00 ContainerStream:       ORDER BY [b].[Id]
2026-08-08T00:08:03.7608594+00:00 ContainerStream: info: Microsoft.EntityFrameworkCore.Database.Command[20101]
2026-08-08T00:08:03.7609614+00:00 ContainerStream:       Executed DbCommand (2ms) [Parameters=[], CommandType='Text', CommandTimeout='30']
2026-08-08T00:08:03.7609752+00:00 ContainerStream:       SELECT 1
2026-08-08T00:08:03.7623063+00:00 ContainerStream: info: Microsoft.EntityFrameworkCore.Database.Command[20101]
2026-08-08T00:08:03.7623616+00:00 ContainerStream:       Executed DbCommand (2ms) [Parameters=[], CommandType='Text', CommandTimeout='30']
2026-08-08T00:08:03.7623709+00:00 ContainerStream:       SELECT OBJECT_ID(N'[__EFMigrationsHistory]');
2026-08-08T00:08:03.7656163+00:00 ContainerStream: info: Microsoft.EntityFrameworkCore.Database.Command[20101]
2026-08-08T00:08:03.7656590+00:00 ContainerStream:       Executed DbCommand (2ms) [Parameters=[], CommandType='Text', CommandTimeout='30']
2026-08-08T00:08:03.7656715+00:00 ContainerStream:       SELECT [MigrationId], [ProductVersion]
2026-08-08T00:08:03.7656758+00:00 ContainerStream:       FROM [__EFMigrationsHistory]
2026-08-08T00:08:03.7656799+00:00 ContainerStream:       ORDER BY [MigrationId];
2026-08-08T00:08:03.7670715+00:00 ContainerStream: info: Microsoft.EntityFrameworkCore.Database.Command[20101]
2026-08-08T00:08:03.7671070+00:00 ContainerStream:       Executed DbCommand (1ms) [Parameters=[], CommandType='Text', CommandTimeout='30']
2026-08-08T00:08:03.7672811+00:00 ContainerStream:       SELECT TOP(1) [b].[BankAccountNumber]
2026-08-08T00:08:03.7672903+00:00 ContainerStream:       FROM [Beneficiaries] AS [b]
2026-08-08T00:08:03.7672947+00:00 ContainerStream:       ORDER BY [b].[Id]
2026-08-08T00:08:15.3481662+00:00 ContainerStream: info: Microsoft.EntityFrameworkCore.Database.Command[20101]
2026-08-08T00:08:15.3482665+00:00 ContainerStream:       Executed DbCommand (2ms) [Parameters=[], CommandType='Text', CommandTimeout='30']
2026-08-08T00:08:15.3482750+00:00 ContainerStream:       SELECT 1
2026-08-08T00:08:15.3509839+00:00 ContainerStream: info: Microsoft.EntityFrameworkCore.Database.Command[20101]
2026-08-08T00:08:15.3510455+00:00 ContainerStream:       Executed DbCommand (2ms) [Parameters=[], CommandType='Text', CommandTimeout='30']
2026-08-08T00:08:15.3510602+00:00 ContainerStream:       SELECT OBJECT_ID(N'[__EFMigrationsHistory]');
2026-08-08T00:08:15.3522379+00:00 ContainerStream: info: Microsoft.EntityFrameworkCore.Database.Command[20101]
2026-08-08T00:08:15.3522782+00:00 ContainerStream:       Executed DbCommand (1ms) [Parameters=[], CommandType='Text', CommandTimeout='30']
2026-08-08T00:08:15.3522945+00:00 ContainerStream:       SELECT [MigrationId], [ProductVersion]
2026-08-08T00:08:15.3523032+00:00 ContainerStream:       FROM [__EFMigrationsHistory]
2026-08-08T00:08:15.3524586+00:00 ContainerStream:       ORDER BY [MigrationId];
2026-08-08T00:08:15.3541494+00:00 ContainerStream: info: Microsoft.EntityFrameworkCore.Database.Command[20101]
2026-08-08T00:08:15.3541829+00:00 ContainerStream:       Executed DbCommand (1ms) [Parameters=[], CommandType='Text', CommandTimeout='30']
2026-08-08T00:08:15.3541948+00:00 ContainerStream:       SELECT TOP(1) [b].[BankAccountNumber]
2026-08-08T00:08:15.3541986+00:00 ContainerStream:       FROM [Beneficiaries] AS [b]
2026-08-08T00:08:15.3542022+00:00 ContainerStream:       ORDER BY [b].[Id]
2026-08-08T00:08:16.3770425+00:00 ContainerStream: info: Microsoft.EntityFrameworkCore.Database.Command[20101]
2026-08-08T00:08:16.3771265+00:00 ContainerStream:       Executed DbCommand (2ms) [Parameters=[], CommandType='Text', CommandTimeout='30']
2026-08-08T00:08:16.3771495+00:00 ContainerStream:       SELECT 1
2026-08-08T00:08:16.3796273+00:00 ContainerStream: info: Microsoft.EntityFrameworkCore.Database.Command[20101]
2026-08-08T00:08:16.3798670+00:00 ContainerStream:       Executed DbCommand (2ms) [Parameters=[], CommandType='Text', CommandTimeout='30']
2026-08-08T00:08:16.3798814+00:00 ContainerStream:       SELECT OBJECT_ID(N'[__EFMigrationsHistory]');
2026-08-08T00:08:16.3834857+00:00 ContainerStream: info: Microsoft.EntityFrameworkCore.Database.Command[20101]
2026-08-08T00:08:16.3835318+00:00 ContainerStream:       Executed DbCommand (2ms) [Parameters=[], CommandType='Text', CommandTimeout='30']
2026-08-08T00:08:16.3835396+00:00 ContainerStream:       SELECT [MigrationId], [ProductVersion]
2026-08-08T00:08:16.3835441+00:00 ContainerStream:       FROM [__EFMigrationsHistory]
2026-08-08T00:08:16.3835492+00:00 ContainerStream:       ORDER BY [MigrationId];
2026-08-08T00:08:16.3843612+00:00 ContainerStream: info: Microsoft.EntityFrameworkCore.Database.Command[20101]
2026-08-08T00:08:16.3843946+00:00 ContainerStream:       Executed DbCommand (1ms) [Parameters=[], CommandType='Text', CommandTimeout='30']
2026-08-08T00:08:16.3844013+00:00 ContainerStream:       SELECT TOP(1) [b].[BankAccountNumber]
2026-08-08T00:08:16.3844053+00:00 ContainerStream:       FROM [Beneficiaries] AS [b]
2026-08-08T00:08:16.3844092+00:00 ContainerStream:       ORDER BY [b].[Id]
2026-08-08T00:08:17.3629282+00:00 ContainerStream: info: Microsoft.EntityFrameworkCore.Database.Command[20101]
2026-08-08T00:08:17.3630093+00:00 ContainerStream:       Executed DbCommand (2ms) [Parameters=[], CommandType='Text', CommandTimeout='30']
2026-08-08T00:08:17.3630201+00:00 ContainerStream:       SELECT 1
2026-08-08T00:08:17.3649700+00:00 ContainerStream: info: Microsoft.EntityFrameworkCore.Database.Command[20101]
2026-08-08T00:08:17.3650283+00:00 ContainerStream:       Executed DbCommand (2ms) [Parameters=[], CommandType='Text', CommandTimeout='30']
2026-08-08T00:08:17.3650357+00:00 ContainerStream:       SELECT OBJECT_ID(N'[__EFMigrationsHistory]');
2026-08-08T00:08:17.3679357+00:00 ContainerStream: info: Microsoft.EntityFrameworkCore.Database.Command[20101]
2026-08-08T00:08:17.3679756+00:00 ContainerStream:       Executed DbCommand (1ms) [Parameters=[], CommandType='Text', CommandTimeout='30']
2026-08-08T00:08:17.3679886+00:00 ContainerStream:       SELECT [MigrationId], [ProductVersion]
2026-08-08T00:08:17.3679933+00:00 ContainerStream:       FROM [__EFMigrationsHistory]
2026-08-08T00:08:17.3679980+00:00 ContainerStream:       ORDER BY [MigrationId];
2026-08-08T00:08:17.3691540+00:00 ContainerStream: info: Microsoft.EntityFrameworkCore.Database.Command[20101]
2026-08-08T00:08:17.3691882+00:00 ContainerStream:       Executed DbCommand (1ms) [Parameters=[], CommandType='Text', CommandTimeout='30']
2026-08-08T00:08:17.3691983+00:00 ContainerStream:       SELECT TOP(1) [b].[BankAccountNumber]
2026-08-08T00:08:17.3692109+00:00 ContainerStream:       FROM [Beneficiaries] AS [b]
2026-08-08T00:08:17.3692146+00:00 ContainerStream:       ORDER BY [b].[Id]
2026-08-08T00:08:19.9575428+00:00 ContainerStream: info: Microsoft.EntityFrameworkCore.Database.Command[20101]
2026-08-08T00:08:19.9576441+00:00 ContainerStream:       Executed DbCommand (2ms) [Parameters=[], CommandType='Text', CommandTimeout='30']
2026-08-08T00:08:19.9576563+00:00 ContainerStream:       SELECT 1
2026-08-08T00:08:19.9591917+00:00 ContainerStream: info: Microsoft.EntityFrameworkCore.Database.Command[20101]
2026-08-08T00:08:19.9592663+00:00 ContainerStream:       Executed DbCommand (2ms) [Parameters=[], CommandType='Text', CommandTimeout='30']
2026-08-08T00:08:19.9592771+00:00 ContainerStream:       SELECT OBJECT_ID(N'[__EFMigrationsHistory]');
2026-08-08T00:08:19.9621647+00:00 ContainerStream: info: Microsoft.EntityFrameworkCore.Database.Command[20101]
2026-08-08T00:08:19.9622130+00:00 ContainerStream:       Executed DbCommand (2ms) [Parameters=[], CommandType='Text', CommandTimeout='30']
2026-08-08T00:08:19.9622210+00:00 ContainerStream:       SELECT [MigrationId], [ProductVersion]
2026-08-08T00:08:19.9622252+00:00 ContainerStream:       FROM [__EFMigrationsHistory]
2026-08-08T00:08:19.9622343+00:00 ContainerStream:       ORDER BY [MigrationId];
2026-08-08T00:08:19.9646888+00:00 ContainerStream: info: Microsoft.EntityFrameworkCore.Database.Command[20101]
2026-08-08T00:08:19.9647337+00:00 ContainerStream:       Executed DbCommand (1ms) [Parameters=[], CommandType='Text', CommandTimeout='30']
2026-08-08T00:08:19.9647411+00:00 ContainerStream:       SELECT TOP(1) [b].[BankAccountNumber]
2026-08-08T00:08:19.9647458+00:00 ContainerStream:       FROM [Beneficiaries] AS [b]
2026-08-08T00:08:19.9647549+00:00 ContainerStream:       ORDER BY [b].[Id]
2026-08-08T00:08:22.4074933+00:00 ContainerStream: info: Microsoft.EntityFrameworkCore.Database.Command[20101]
2026-08-08T00:08:22.4075918+00:00 ContainerStream:       Executed DbCommand (2ms) [Parameters=[], CommandType='Text', CommandTimeout='30']
2026-08-08T00:08:22.4076057+00:00 ContainerStream:       SELECT 1
2026-08-08T00:08:22.4103861+00:00 ContainerStream: info: Microsoft.EntityFrameworkCore.Database.Command[20101]
2026-08-08T00:08:22.4104635+00:00 ContainerStream:       Executed DbCommand (2ms) [Parameters=[], CommandType='Text', CommandTimeout='30']
2026-08-08T00:08:22.4104736+00:00 ContainerStream:       SELECT OBJECT_ID(N'[__EFMigrationsHistory]');
2026-08-08T00:08:22.4118123+00:00 ContainerStream: info: Microsoft.EntityFrameworkCore.Database.Command[20101]
2026-08-08T00:08:22.4118502+00:00 ContainerStream:       Executed DbCommand (1ms) [Parameters=[], CommandType='Text', CommandTimeout='30']
2026-08-08T00:08:22.4118637+00:00 ContainerStream:       SELECT [MigrationId], [ProductVersion]
2026-08-08T00:08:22.4118687+00:00 ContainerStream:       FROM [__EFMigrationsHistory]
2026-08-08T00:08:22.4121917+00:00 ContainerStream:       ORDER BY [MigrationId];
2026-08-08T00:08:22.4140486+00:00 ContainerStream: info: Microsoft.EntityFrameworkCore.Database.Command[20101]
2026-08-08T00:08:22.4140858+00:00 ContainerStream:       Executed DbCommand (1ms) [Parameters=[], CommandType='Text', CommandTimeout='30']
2026-08-08T00:08:22.4140932+00:00 ContainerStream:       SELECT TOP(1) [b].[BankAccountNumber]
2026-08-08T00:08:22.4140977+00:00 ContainerStream:       FROM [Beneficiaries] AS [b]
2026-08-08T00:08:22.4141023+00:00 ContainerStream:       ORDER BY [b].[Id]
2026-08-08T00:08:23.5799575+00:00 ContainerStream: info: Microsoft.EntityFrameworkCore.Database.Command[20101]
2026-08-08T00:08:23.5800540+00:00 ContainerStream:       Executed DbCommand (2ms) [Parameters=[], CommandType='Text', CommandTimeout='30']
2026-08-08T00:08:23.5800673+00:00 ContainerStream:       SELECT 1
2026-08-08T00:08:23.5832999+00:00 ContainerStream: info: Microsoft.EntityFrameworkCore.Database.Command[20101]
2026-08-08T00:08:23.5833661+00:00 ContainerStream:       Executed DbCommand (2ms) [Parameters=[], CommandType='Text', CommandTimeout='30']
2026-08-08T00:08:23.5833822+00:00 ContainerStream:       SELECT OBJECT_ID(N'[__EFMigrationsHistory]');
2026-08-08T00:08:23.5853357+00:00 ContainerStream: info: Microsoft.EntityFrameworkCore.Database.Command[20101]
2026-08-08T00:08:23.5854943+00:00 ContainerStream:       Executed DbCommand (2ms) [Parameters=[], CommandType='Text', CommandTimeout='30']
2026-08-08T00:08:23.5855064+00:00 ContainerStream:       SELECT [MigrationId], [ProductVersion]
2026-08-08T00:08:23.5855109+00:00 ContainerStream:       FROM [__EFMigrationsHistory]
2026-08-08T00:08:23.5857289+00:00 ContainerStream:       ORDER BY [MigrationId];
2026-08-08T00:08:23.5891071+00:00 ContainerStream: info: Microsoft.EntityFrameworkCore.Database.Command[20101]
2026-08-08T00:08:23.5891443+00:00 ContainerStream:       Executed DbCommand (3ms) [Parameters=[], CommandType='Text', CommandTimeout='30']
2026-08-08T00:08:23.5891518+00:00 ContainerStream:       SELECT TOP(1) [b].[BankAccountNumber]
2026-08-08T00:08:23.5893818+00:00 ContainerStream:       FROM [Beneficiaries] AS [b]
2026-08-08T00:08:23.5893875+00:00 ContainerStream:       ORDER BY [b].[Id]
2026-08-08T00:08:28.6992166+00:00 ContainerStream: info: Microsoft.EntityFrameworkCore.Database.Command[20101]
2026-08-08T00:08:28.6993068+00:00 ContainerStream:       Executed DbCommand (2ms) [Parameters=[], CommandType='Text', CommandTimeout='30']
2026-08-08T00:08:28.6993168+00:00 ContainerStream:       SELECT 1
2026-08-08T00:08:28.7009096+00:00 ContainerStream: info: Microsoft.EntityFrameworkCore.Database.Command[20101]
2026-08-08T00:08:28.7009511+00:00 ContainerStream:       Executed DbCommand (2ms) [Parameters=[], CommandType='Text', CommandTimeout='30']
2026-08-08T00:08:28.7009760+00:00 ContainerStream:       SELECT OBJECT_ID(N'[__EFMigrationsHistory]');
2026-08-08T00:08:28.7037856+00:00 ContainerStream: info: Microsoft.EntityFrameworkCore.Database.Command[20101]
2026-08-08T00:08:28.7038293+00:00 ContainerStream:       Executed DbCommand (1ms) [Parameters=[], CommandType='Text', CommandTimeout='30']
2026-08-08T00:08:28.7040369+00:00 ContainerStream:       SELECT [MigrationId], [ProductVersion]
2026-08-08T00:08:28.7040464+00:00 ContainerStream:       FROM [__EFMigrationsHistory]
2026-08-08T00:08:28.7040508+00:00 ContainerStream:       ORDER BY [MigrationId];
2026-08-08T00:08:28.7051737+00:00 ContainerStream: info: Microsoft.EntityFrameworkCore.Database.Command[20101]
2026-08-08T00:08:28.7052067+00:00 ContainerStream:       Executed DbCommand (1ms) [Parameters=[], CommandType='Text', CommandTimeout='30']
2026-08-08T00:08:28.7052140+00:00 ContainerStream:       SELECT TOP(1) [b].[BankAccountNumber]
2026-08-08T00:08:28.7052188+00:00 ContainerStream:       FROM [Beneficiaries] AS [b]
2026-08-08T00:08:28.7053972+00:00 ContainerStream:       ORDER BY [b].[Id]
2026-08-08T00:08:28.9457006+00:00 ContainerStream: info: Microsoft.EntityFrameworkCore.Database.Command[20101]
2026-08-08T00:08:28.9457817+00:00 ContainerStream:       Executed DbCommand (2ms) [Parameters=[], CommandType='Text', CommandTimeout='30']
2026-08-08T00:08:28.9457940+00:00 ContainerStream:       SELECT 1
2026-08-08T00:08:28.9515427+00:00 ContainerStream: info: Microsoft.EntityFrameworkCore.Database.Command[20101]
2026-08-08T00:08:28.9516219+00:00 ContainerStream:       Executed DbCommand (4ms) [Parameters=[], CommandType='Text', CommandTimeout='30']
2026-08-08T00:08:28.9516415+00:00 ContainerStream:       SELECT OBJECT_ID(N'[__EFMigrationsHistory]');
2026-08-08T00:08:28.9531232+00:00 ContainerStream: info: Microsoft.EntityFrameworkCore.Database.Command[20101]
2026-08-08T00:08:28.9531762+00:00 ContainerStream:       Executed DbCommand (2ms) [Parameters=[], CommandType='Text', CommandTimeout='30']
2026-08-08T00:08:28.9531846+00:00 ContainerStream:       SELECT [MigrationId], [ProductVersion]
2026-08-08T00:08:28.9531968+00:00 ContainerStream:       FROM [__EFMigrationsHistory]
2026-08-08T00:08:28.9532007+00:00 ContainerStream:       ORDER BY [MigrationId];
2026-08-08T00:08:28.9550261+00:00 ContainerStream: info: Microsoft.EntityFrameworkCore.Database.Command[20101]
2026-08-08T00:08:28.9550560+00:00 ContainerStream:       Executed DbCommand (1ms) [Parameters=[], CommandType='Text', CommandTimeout='30']
2026-08-08T00:08:28.9550634+00:00 ContainerStream:       SELECT TOP(1) [b].[BankAccountNumber]
2026-08-08T00:08:28.9550714+00:00 ContainerStream:       FROM [Beneficiaries] AS [b]
2026-08-08T00:08:28.9550754+00:00 ContainerStream:       ORDER BY [b].[Id]
2026-08-08T00:08:29.2803961+00:00 ContainerStream: info: Microsoft.EntityFrameworkCore.Database.Command[20101]
2026-08-08T00:08:29.2804757+00:00 ContainerStream:       Executed DbCommand (2ms) [Parameters=[], CommandType='Text', CommandTimeout='30']
2026-08-08T00:08:29.2804966+00:00 ContainerStream:       SELECT 1
2026-08-08T00:08:29.2830745+00:00 ContainerStream: info: Microsoft.EntityFrameworkCore.Database.Command[20101]
2026-08-08T00:08:29.2831292+00:00 ContainerStream:       Executed DbCommand (2ms) [Parameters=[], CommandType='Text', CommandTimeout='30']
2026-08-08T00:08:29.2831398+00:00 ContainerStream:       SELECT OBJECT_ID(N'[__EFMigrationsHistory]');
2026-08-08T00:08:29.2844516+00:00 ContainerStream: info: Microsoft.EntityFrameworkCore.Database.Command[20101]
2026-08-08T00:08:29.2844910+00:00 ContainerStream:       Executed DbCommand (1ms) [Parameters=[], CommandType='Text', CommandTimeout='30']
2026-08-08T00:08:29.2844991+00:00 ContainerStream:       SELECT [MigrationId], [ProductVersion]
2026-08-08T00:08:29.2845037+00:00 ContainerStream:       FROM [__EFMigrationsHistory]
2026-08-08T00:08:29.2845086+00:00 ContainerStream:       ORDER BY [MigrationId];
2026-08-08T00:08:29.2864649+00:00 ContainerStream: info: Microsoft.EntityFrameworkCore.Database.Command[20101]
2026-08-08T00:08:29.2864954+00:00 ContainerStream:       Executed DbCommand (2ms) [Parameters=[], CommandType='Text', CommandTimeout='30']
2026-08-08T00:08:29.2865023+00:00 ContainerStream:       SELECT TOP(1) [b].[BankAccountNumber]
2026-08-08T00:08:29.2865069+00:00 ContainerStream:       FROM [Beneficiaries] AS [b]
2026-08-08T00:08:29.2865110+00:00 ContainerStream:       ORDER BY [b].[Id]
2026-08-08T00:08:31.3969636+00:00 ContainerStream: info: Microsoft.EntityFrameworkCore.Database.Command[20101]
2026-08-08T00:08:31.3970430+00:00 ContainerStream:       Executed DbCommand (2ms) [Parameters=[], CommandType='Text', CommandTimeout='30']
2026-08-08T00:08:31.3970572+00:00 ContainerStream:       SELECT 1
2026-08-08T00:08:31.3989631+00:00 ContainerStream: info: Microsoft.EntityFrameworkCore.Database.Command[20101]
2026-08-08T00:08:31.3990241+00:00 ContainerStream:       Executed DbCommand (2ms) [Parameters=[], CommandType='Text', CommandTimeout='30']
2026-08-08T00:08:31.3990335+00:00 ContainerStream:       SELECT OBJECT_ID(N'[__EFMigrationsHistory]');
2026-08-08T00:08:31.4035331+00:00 ContainerStream: info: Microsoft.EntityFrameworkCore.Database.Command[20101]
2026-08-08T00:08:31.4036030+00:00 ContainerStream:       Executed DbCommand (2ms) [Parameters=[], CommandType='Text', CommandTimeout='30']
2026-08-08T00:08:31.4036187+00:00 ContainerStream:       SELECT [MigrationId], [ProductVersion]
2026-08-08T00:08:31.4036230+00:00 ContainerStream:       FROM [__EFMigrationsHistory]
2026-08-08T00:08:31.4036268+00:00 ContainerStream:       ORDER BY [MigrationId];
2026-08-08T00:08:31.4049215+00:00 ContainerStream: info: Microsoft.EntityFrameworkCore.Database.Command[20101]
2026-08-08T00:08:31.4049655+00:00 ContainerStream:       Executed DbCommand (1ms) [Parameters=[], CommandType='Text', CommandTimeout='30']
2026-08-08T00:08:31.4049783+00:00 ContainerStream:       SELECT TOP(1) [b].[BankAccountNumber]
2026-08-08T00:08:31.4049821+00:00 ContainerStream:       FROM [Beneficiaries] AS [b]
2026-08-08T00:08:31.4049858+00:00 ContainerStream:       ORDER BY [b].[Id]
2026-08-08T00:08:35.2226694+00:00 ContainerStream: info: Microsoft.EntityFrameworkCore.Database.Command[20101]
2026-08-08T00:08:35.2227522+00:00 ContainerStream:       Executed DbCommand (2ms) [Parameters=[], CommandType='Text', CommandTimeout='30']
2026-08-08T00:08:35.2227635+00:00 ContainerStream:       SELECT 1
2026-08-08T00:08:35.2245469+00:00 ContainerStream: info: Microsoft.EntityFrameworkCore.Database.Command[20101]
2026-08-08T00:08:35.2246067+00:00 ContainerStream:       Executed DbCommand (2ms) [Parameters=[], CommandType='Text', CommandTimeout='30']
2026-08-08T00:08:35.2246152+00:00 ContainerStream:       SELECT OBJECT_ID(N'[__EFMigrationsHistory]');
2026-08-08T00:08:35.2275149+00:00 ContainerStream: info: Microsoft.EntityFrameworkCore.Database.Command[20101]
2026-08-08T00:08:35.2275641+00:00 ContainerStream:       Executed DbCommand (2ms) [Parameters=[], CommandType='Text', CommandTimeout='30']
2026-08-08T00:08:35.2275736+00:00 ContainerStream:       SELECT [MigrationId], [ProductVersion]
2026-08-08T00:08:35.2275782+00:00 ContainerStream:       FROM [__EFMigrationsHistory]
2026-08-08T00:08:35.2275876+00:00 ContainerStream:       ORDER BY [MigrationId];
2026-08-08T00:08:35.2305859+00:00 ContainerStream: info: Microsoft.EntityFrameworkCore.Database.Command[20101]
2026-08-08T00:08:35.2306987+00:00 ContainerStream:       Executed DbCommand (1ms) [Parameters=[], CommandType='Text', CommandTimeout='30']
2026-08-08T00:08:35.2307099+00:00 ContainerStream:       SELECT TOP(1) [b].[BankAccountNumber]
2026-08-08T00:08:35.2307143+00:00 ContainerStream:       FROM [Beneficiaries] AS [b]
2026-08-08T00:08:35.2307221+00:00 ContainerStream:       ORDER BY [b].[Id]
2026-08-08T00:08:45.7829796+00:00 ContainerStream: info: Microsoft.EntityFrameworkCore.Database.Command[20101]
2026-08-08T00:08:45.7830652+00:00 ContainerStream:       Executed DbCommand (2ms) [Parameters=[], CommandType='Text', CommandTimeout='30']
2026-08-08T00:08:45.7830764+00:00 ContainerStream:       SELECT 1
2026-08-08T00:08:45.7851201+00:00 ContainerStream: info: Microsoft.EntityFrameworkCore.Database.Command[20101]
2026-08-08T00:08:45.7851786+00:00 ContainerStream:       Executed DbCommand (2ms) [Parameters=[], CommandType='Text', CommandTimeout='30']
2026-08-08T00:08:45.7851869+00:00 ContainerStream:       SELECT OBJECT_ID(N'[__EFMigrationsHistory]');
2026-08-08T00:08:45.7876836+00:00 ContainerStream: info: Microsoft.EntityFrameworkCore.Database.Command[20101]
2026-08-08T00:08:45.7877606+00:00 ContainerStream:       Executed DbCommand (1ms) [Parameters=[], CommandType='Text', CommandTimeout='30']
2026-08-08T00:08:45.7877746+00:00 ContainerStream:       SELECT [MigrationId], [ProductVersion]
2026-08-08T00:08:45.7877789+00:00 ContainerStream:       FROM [__EFMigrationsHistory]
2026-08-08T00:08:45.7877976+00:00 ContainerStream:       ORDER BY [MigrationId];
2026-08-08T00:08:45.7905495+00:00 ContainerStream: info: Microsoft.EntityFrameworkCore.Database.Command[20101]
2026-08-08T00:08:45.7905928+00:00 ContainerStream:       Executed DbCommand (2ms) [Parameters=[], CommandType='Text', CommandTimeout='30']
2026-08-08T00:08:45.7914293+00:00 ContainerStream:       SELECT TOP(1) [b].[BankAccountNumber]
2026-08-08T00:08:45.7914371+00:00 ContainerStream:       FROM [Beneficiaries] AS [b]
2026-08-08T00:08:45.7914409+00:00 ContainerStream:       ORDER BY [b].[Id]
2026-08-08T00:08:48.8678155+00:00 ContainerStream: info: Microsoft.EntityFrameworkCore.Database.Command[20101]
2026-08-08T00:08:48.8679197+00:00 ContainerStream:       Executed DbCommand (2ms) [Parameters=[], CommandType='Text', CommandTimeout='30']
2026-08-08T00:08:48.8679320+00:00 ContainerStream:       SELECT 1
2026-08-08T00:08:48.8713469+00:00 ContainerStream: info: Microsoft.EntityFrameworkCore.Database.Command[20101]
2026-08-08T00:08:48.8714144+00:00 ContainerStream:       Executed DbCommand (2ms) [Parameters=[], CommandType='Text', CommandTimeout='30']
2026-08-08T00:08:48.8714322+00:00 ContainerStream:       SELECT OBJECT_ID(N'[__EFMigrationsHistory]');
2026-08-08T00:08:48.8840786+00:00 ContainerStream: info: Microsoft.EntityFrameworkCore.Database.Command[20101]
2026-08-08T00:08:48.8841575+00:00 ContainerStream:       Executed DbCommand (13ms) [Parameters=[], CommandType='Text', CommandTimeout='30']
2026-08-08T00:08:48.8841687+00:00 ContainerStream:       SELECT [MigrationId], [ProductVersion]
2026-08-08T00:08:48.8841725+00:00 ContainerStream:       FROM [__EFMigrationsHistory]
2026-08-08T00:08:48.8841868+00:00 ContainerStream:       ORDER BY [MigrationId];
2026-08-08T00:08:48.8862806+00:00 ContainerStream: info: Microsoft.EntityFrameworkCore.Database.Command[20101]
2026-08-08T00:08:48.8863297+00:00 ContainerStream:       Executed DbCommand (2ms) [Parameters=[], CommandType='Text', CommandTimeout='30']
2026-08-08T00:08:48.8863384+00:00 ContainerStream:       SELECT TOP(1) [b].[BankAccountNumber]
2026-08-08T00:08:48.8863431+00:00 ContainerStream:       FROM [Beneficiaries] AS [b]
2026-08-08T00:08:48.8863515+00:00 ContainerStream:       ORDER BY [b].[Id]
2026-08-08T00:08:49.5625952+00:00 ContainerStream: info: Microsoft.EntityFrameworkCore.Database.Command[20101]
2026-08-08T00:08:49.5626932+00:00 ContainerStream:       Executed DbCommand (2ms) [Parameters=[], CommandType='Text', CommandTimeout='30']
2026-08-08T00:08:49.5627050+00:00 ContainerStream:       SELECT 1
2026-08-08T00:08:49.5642649+00:00 ContainerStream: info: Microsoft.EntityFrameworkCore.Database.Command[20101]
2026-08-08T00:08:49.5643121+00:00 ContainerStream:       Executed DbCommand (2ms) [Parameters=[], CommandType='Text', CommandTimeout='30']
2026-08-08T00:08:49.5643206+00:00 ContainerStream:       SELECT OBJECT_ID(N'[__EFMigrationsHistory]');
2026-08-08T00:08:49.5670256+00:00 ContainerStream: info: Microsoft.EntityFrameworkCore.Database.Command[20101]
2026-08-08T00:08:49.5670696+00:00 ContainerStream:       Executed DbCommand (2ms) [Parameters=[], CommandType='Text', CommandTimeout='30']
2026-08-08T00:08:49.5670861+00:00 ContainerStream:       SELECT [MigrationId], [ProductVersion]
2026-08-08T00:08:49.5670912+00:00 ContainerStream:       FROM [__EFMigrationsHistory]
2026-08-08T00:08:49.5676323+00:00 ContainerStream:       ORDER BY [MigrationId];
2026-08-08T00:08:49.5687286+00:00 ContainerStream: info: Microsoft.EntityFrameworkCore.Database.Command[20101]
2026-08-08T00:08:49.5687594+00:00 ContainerStream:       Executed DbCommand (1ms) [Parameters=[], CommandType='Text', CommandTimeout='30']
2026-08-08T00:08:49.5687659+00:00 ContainerStream:       SELECT TOP(1) [b].[BankAccountNumber]
2026-08-08T00:08:49.5687700+00:00 ContainerStream:       FROM [Beneficiaries] AS [b]
2026-08-08T00:08:49.5687740+00:00 ContainerStream:       ORDER BY [b].[Id]
2026-08-08T00:08:50.7095635+00:00 ContainerStream: info: Microsoft.EntityFrameworkCore.Database.Command[20101]
2026-08-08T00:08:50.7096471+00:00 ContainerStream:       Executed DbCommand (2ms) [Parameters=[], CommandType='Text', CommandTimeout='30']
2026-08-08T00:08:50.7096571+00:00 ContainerStream:       SELECT 1
2026-08-08T00:08:50.7122730+00:00 ContainerStream: info: Microsoft.EntityFrameworkCore.Database.Command[20101]
2026-08-08T00:08:50.7123267+00:00 ContainerStream:       Executed DbCommand (2ms) [Parameters=[], CommandType='Text', CommandTimeout='30']
2026-08-08T00:08:50.7123405+00:00 ContainerStream:       SELECT OBJECT_ID(N'[__EFMigrationsHistory]');
2026-08-08T00:08:50.7141710+00:00 ContainerStream: info: Microsoft.EntityFrameworkCore.Database.Command[20101]
2026-08-08T00:08:50.7142080+00:00 ContainerStream:       Executed DbCommand (2ms) [Parameters=[], CommandType='Text', CommandTimeout='30']
2026-08-08T00:08:50.7142154+00:00 ContainerStream:       SELECT [MigrationId], [ProductVersion]
2026-08-08T00:08:50.7142340+00:00 ContainerStream:       FROM [__EFMigrationsHistory]
2026-08-08T00:08:50.7148105+00:00 ContainerStream:       ORDER BY [MigrationId];
2026-08-08T00:08:50.7161118+00:00 ContainerStream: info: Microsoft.EntityFrameworkCore.Database.Command[20101]
2026-08-08T00:08:50.7161432+00:00 ContainerStream:       Executed DbCommand (1ms) [Parameters=[], CommandType='Text', CommandTimeout='30']
2026-08-08T00:08:50.7161535+00:00 ContainerStream:       SELECT TOP(1) [b].[BankAccountNumber]
2026-08-08T00:08:50.7161577+00:00 ContainerStream:       FROM [Beneficiaries] AS [b]
2026-08-08T00:08:50.7161615+00:00 ContainerStream:       ORDER BY [b].[Id]
2026-08-08T00:08:52.1711608+00:00 ContainerStream: info: Microsoft.EntityFrameworkCore.Database.Command[20101]
2026-08-08T00:08:52.1712370+00:00 ContainerStream:       Executed DbCommand (2ms) [Parameters=[], CommandType='Text', CommandTimeout='30']
2026-08-08T00:08:52.1712553+00:00 ContainerStream:       SELECT 1
2026-08-08T00:08:52.1727775+00:00 ContainerStream: info: Microsoft.EntityFrameworkCore.Database.Command[20101]
2026-08-08T00:08:52.1728258+00:00 ContainerStream:       Executed DbCommand (2ms) [Parameters=[], CommandType='Text', CommandTimeout='30']
2026-08-08T00:08:52.1728342+00:00 ContainerStream:       SELECT OBJECT_ID(N'[__EFMigrationsHistory]');
2026-08-08T00:08:52.1758380+00:00 ContainerStream: info: Microsoft.EntityFrameworkCore.Database.Command[20101]
2026-08-08T00:08:52.1758806+00:00 ContainerStream:       Executed DbCommand (1ms) [Parameters=[], CommandType='Text', CommandTimeout='30']
2026-08-08T00:08:52.1758925+00:00 ContainerStream:       SELECT [MigrationId], [ProductVersion]
2026-08-08T00:08:52.1758972+00:00 ContainerStream:       FROM [__EFMigrationsHistory]
2026-08-08T00:08:52.1759016+00:00 ContainerStream:       ORDER BY [MigrationId];
2026-08-08T00:08:52.1773730+00:00 ContainerStream: info: Microsoft.EntityFrameworkCore.Database.Command[20101]
2026-08-08T00:08:52.1774075+00:00 ContainerStream:       Executed DbCommand (1ms) [Parameters=[], CommandType='Text', CommandTimeout='30']
2026-08-08T00:08:52.1774155+00:00 ContainerStream:       SELECT TOP(1) [b].[BankAccountNumber]
2026-08-08T00:08:52.1774206+00:00 ContainerStream:       FROM [Beneficiaries] AS [b]
2026-08-08T00:08:52.1774251+00:00 ContainerStream:       ORDER BY [b].[Id]
2026-08-08T00:08:52.4703201+00:00 ContainerStream: info: Microsoft.EntityFrameworkCore.Database.Command[20101]
2026-08-08T00:08:52.4703915+00:00 ContainerStream:       Executed DbCommand (2ms) [Parameters=[], CommandType='Text', CommandTimeout='30']
2026-08-08T00:08:52.4704018+00:00 ContainerStream:       SELECT 1
2026-08-08T00:08:52.4719210+00:00 ContainerStream: info: Microsoft.EntityFrameworkCore.Database.Command[20101]
2026-08-08T00:08:52.4719830+00:00 ContainerStream:       Executed DbCommand (2ms) [Parameters=[], CommandType='Text', CommandTimeout='30']
2026-08-08T00:08:52.4719915+00:00 ContainerStream:       SELECT OBJECT_ID(N'[__EFMigrationsHistory]');
2026-08-08T00:08:52.4746463+00:00 ContainerStream: info: Microsoft.EntityFrameworkCore.Database.Command[20101]
2026-08-08T00:08:52.4746827+00:00 ContainerStream:       Executed DbCommand (1ms) [Parameters=[], CommandType='Text', CommandTimeout='30']
2026-08-08T00:08:52.4747046+00:00 ContainerStream:       SELECT [MigrationId], [ProductVersion]
2026-08-08T00:08:52.4747097+00:00 ContainerStream:       FROM [__EFMigrationsHistory]
2026-08-08T00:08:52.4751928+00:00 ContainerStream:       ORDER BY [MigrationId];
2026-08-08T00:08:52.4765495+00:00 ContainerStream: info: Microsoft.EntityFrameworkCore.Database.Command[20101]
2026-08-08T00:08:52.4765873+00:00 ContainerStream:       Executed DbCommand (1ms) [Parameters=[], CommandType='Text', CommandTimeout='30']
2026-08-08T00:08:52.4765938+00:00 ContainerStream:       SELECT TOP(1) [b].[BankAccountNumber]
2026-08-08T00:08:52.4765976+00:00 ContainerStream:       FROM [Beneficiaries] AS [b]
2026-08-08T00:08:52.4770646+00:00 ContainerStream:       ORDER BY [b].[Id]
2026-08-08T00:08:55.5661289+00:00 ContainerStream: info: Microsoft.EntityFrameworkCore.Database.Command[20101]
2026-08-08T00:08:55.5662339+00:00 ContainerStream:       Executed DbCommand (2ms) [Parameters=[], CommandType='Text', CommandTimeout='30']
2026-08-08T00:08:55.5662464+00:00 ContainerStream:       SELECT 1
2026-08-08T00:08:55.5688449+00:00 ContainerStream: info: Microsoft.EntityFrameworkCore.Database.Command[20101]
2026-08-08T00:08:55.5690917+00:00 ContainerStream:       Executed DbCommand (2ms) [Parameters=[], CommandType='Text', CommandTimeout='30']
2026-08-08T00:08:55.5691098+00:00 ContainerStream:       SELECT OBJECT_ID(N'[__EFMigrationsHistory]');
2026-08-08T00:08:55.5707152+00:00 ContainerStream: info: Microsoft.EntityFrameworkCore.Database.Command[20101]
2026-08-08T00:08:55.5707501+00:00 ContainerStream:       Executed DbCommand (2ms) [Parameters=[], CommandType='Text', CommandTimeout='30']
2026-08-08T00:08:55.5707569+00:00 ContainerStream:       SELECT [MigrationId], [ProductVersion]
2026-08-08T00:08:55.5707607+00:00 ContainerStream:       FROM [__EFMigrationsHistory]
2026-08-08T00:08:55.5711318+00:00 ContainerStream:       ORDER BY [MigrationId];
2026-08-08T00:08:55.5726378+00:00 ContainerStream: info: Microsoft.EntityFrameworkCore.Database.Command[20101]
2026-08-08T00:08:55.5727504+00:00 ContainerStream:       Executed DbCommand (1ms) [Parameters=[], CommandType='Text', CommandTimeout='30']
2026-08-08T00:08:55.5727585+00:00 ContainerStream:       SELECT TOP(1) [b].[BankAccountNumber]
2026-08-08T00:08:55.5727668+00:00 ContainerStream:       FROM [Beneficiaries] AS [b]
2026-08-08T00:08:55.5727717+00:00 ContainerStream:       ORDER BY [b].[Id]
2026-08-08T00:08:56.8804239+00:00 ContainerStream: info: Microsoft.EntityFrameworkCore.Database.Command[20101]
2026-08-08T00:08:56.8805161+00:00 ContainerStream:       Executed DbCommand (2ms) [Parameters=[], CommandType='Text', CommandTimeout='30']
2026-08-08T00:08:56.8805282+00:00 ContainerStream:       SELECT 1
2026-08-08T00:08:56.8819460+00:00 ContainerStream: info: Microsoft.EntityFrameworkCore.Database.Command[20101]
2026-08-08T00:08:56.8819872+00:00 ContainerStream:       Executed DbCommand (2ms) [Parameters=[], CommandType='Text', CommandTimeout='30']
2026-08-08T00:08:56.8819946+00:00 ContainerStream:       SELECT OBJECT_ID(N'[__EFMigrationsHistory]');
2026-08-08T00:08:56.8845955+00:00 ContainerStream: info: Microsoft.EntityFrameworkCore.Database.Command[20101]
2026-08-08T00:08:56.8846329+00:00 ContainerStream:       Executed DbCommand (1ms) [Parameters=[], CommandType='Text', CommandTimeout='30']
2026-08-08T00:08:56.8846401+00:00 ContainerStream:       SELECT [MigrationId], [ProductVersion]
2026-08-08T00:08:56.8846440+00:00 ContainerStream:       FROM [__EFMigrationsHistory]
2026-08-08T00:08:56.8852454+00:00 ContainerStream:       ORDER BY [MigrationId];
2026-08-08T00:08:56.8864456+00:00 ContainerStream: info: Microsoft.EntityFrameworkCore.Database.Command[20101]
2026-08-08T00:08:56.8864806+00:00 ContainerStream:       Executed DbCommand (1ms) [Parameters=[], CommandType='Text', CommandTimeout='30']
2026-08-08T00:08:56.8864877+00:00 ContainerStream:       SELECT TOP(1) [b].[BankAccountNumber]
2026-08-08T00:08:56.8864915+00:00 ContainerStream:       FROM [Beneficiaries] AS [b]
2026-08-08T00:08:56.8864951+00:00 ContainerStream:       ORDER BY [b].[Id]
2026-08-08T00:09:01.6628956+00:00 ContainerStream: info: Microsoft.EntityFrameworkCore.Database.Command[20101]
2026-08-08T00:09:01.6629763+00:00 ContainerStream:       Executed DbCommand (2ms) [Parameters=[], CommandType='Text', CommandTimeout='30']
2026-08-08T00:09:01.6629874+00:00 ContainerStream:       SELECT 1
2026-08-08T00:09:01.6646253+00:00 ContainerStream: info: Microsoft.EntityFrameworkCore.Database.Command[20101]
2026-08-08T00:09:01.6646988+00:00 ContainerStream:       Executed DbCommand (2ms) [Parameters=[], CommandType='Text', CommandTimeout='30']
2026-08-08T00:09:01.6647155+00:00 ContainerStream:       SELECT OBJECT_ID(N'[__EFMigrationsHistory]');
2026-08-08T00:09:01.6674548+00:00 ContainerStream: info: Microsoft.EntityFrameworkCore.Database.Command[20101]
2026-08-08T00:09:01.6675001+00:00 ContainerStream:       Executed DbCommand (1ms) [Parameters=[], CommandType='Text', CommandTimeout='30']
2026-08-08T00:09:01.6675072+00:00 ContainerStream:       SELECT [MigrationId], [ProductVersion]
2026-08-08T00:09:01.6675172+00:00 ContainerStream:       FROM [__EFMigrationsHistory]
2026-08-08T00:09:01.6675212+00:00 ContainerStream:       ORDER BY [MigrationId];
2026-08-08T00:09:01.6694818+00:00 ContainerStream: info: Microsoft.EntityFrameworkCore.Database.Command[20101]
2026-08-08T00:09:01.6702589+00:00 ContainerStream:       Executed DbCommand (1ms) [Parameters=[], CommandType='Text', CommandTimeout='30']
2026-08-08T00:09:01.6702703+00:00 ContainerStream:       SELECT TOP(1) [b].[BankAccountNumber]
2026-08-08T00:09:01.6702797+00:00 ContainerStream:       FROM [Beneficiaries] AS [b]
2026-08-08T00:09:01.6702834+00:00 ContainerStream:       ORDER BY [b].[Id]
2026-08-08T00:09:10.8276557+00:00 ContainerStream: info: Microsoft.EntityFrameworkCore.Database.Command[20101]
2026-08-08T00:09:10.8277439+00:00 ContainerStream:       Executed DbCommand (2ms) [Parameters=[], CommandType='Text', CommandTimeout='30']
2026-08-08T00:09:10.8277890+00:00 ContainerStream:       SELECT 1
2026-08-08T00:09:10.8307604+00:00 ContainerStream: info: Microsoft.EntityFrameworkCore.Database.Command[20101]
2026-08-08T00:09:10.8308634+00:00 ContainerStream:       Executed DbCommand (3ms) [Parameters=[], CommandType='Text', CommandTimeout='30']
2026-08-08T00:09:10.8308746+00:00 ContainerStream:       SELECT OBJECT_ID(N'[__EFMigrationsHistory]');
2026-08-08T00:09:10.8339043+00:00 ContainerStream: info: Microsoft.EntityFrameworkCore.Database.Command[20101]
2026-08-08T00:09:10.8339538+00:00 ContainerStream:       Executed DbCommand (2ms) [Parameters=[], CommandType='Text', CommandTimeout='30']
2026-08-08T00:09:10.8339623+00:00 ContainerStream:       SELECT [MigrationId], [ProductVersion]
2026-08-08T00:09:10.8339678+00:00 ContainerStream:       FROM [__EFMigrationsHistory]
2026-08-08T00:09:10.8339729+00:00 ContainerStream:       ORDER BY [MigrationId];
2026-08-08T00:09:10.8351134+00:00 ContainerStream: info: Microsoft.EntityFrameworkCore.Database.Command[20101]
2026-08-08T00:09:10.8351447+00:00 ContainerStream:       Executed DbCommand (1ms) [Parameters=[], CommandType='Text', CommandTimeout='30']
2026-08-08T00:09:10.8351521+00:00 ContainerStream:       SELECT TOP(1) [b].[BankAccountNumber]
2026-08-08T00:09:10.8351560+00:00 ContainerStream:       FROM [Beneficiaries] AS [b]
2026-08-08T00:09:10.8351755+00:00 ContainerStream:       ORDER BY [b].[Id]
2026-08-08T00:09:12.2512350+00:00 ContainerStream: info: Microsoft.EntityFrameworkCore.Database.Command[20101]
2026-08-08T00:09:12.2513097+00:00 ContainerStream:       Executed DbCommand (2ms) [Parameters=[], CommandType='Text', CommandTimeout='30']
2026-08-08T00:09:12.2513216+00:00 ContainerStream:       SELECT 1
2026-08-08T00:09:12.2531962+00:00 ContainerStream: info: Microsoft.EntityFrameworkCore.Database.Command[20101]
2026-08-08T00:09:12.2532663+00:00 ContainerStream:       Executed DbCommand (2ms) [Parameters=[], CommandType='Text', CommandTimeout='30']
2026-08-08T00:09:12.2532753+00:00 ContainerStream:       SELECT OBJECT_ID(N'[__EFMigrationsHistory]');
2026-08-08T00:09:12.2563787+00:00 ContainerStream: info: Microsoft.EntityFrameworkCore.Database.Command[20101]
2026-08-08T00:09:12.2564209+00:00 ContainerStream:       Executed DbCommand (2ms) [Parameters=[], CommandType='Text', CommandTimeout='30']
2026-08-08T00:09:12.2564443+00:00 ContainerStream:       SELECT [MigrationId], [ProductVersion]
2026-08-08T00:09:12.2564497+00:00 ContainerStream:       FROM [__EFMigrationsHistory]
2026-08-08T00:09:12.2564539+00:00 ContainerStream:       ORDER BY [MigrationId];
2026-08-08T00:09:12.2577450+00:00 ContainerStream: info: Microsoft.EntityFrameworkCore.Database.Command[20101]
2026-08-08T00:09:12.2577911+00:00 ContainerStream:       Executed DbCommand (1ms) [Parameters=[], CommandType='Text', CommandTimeout='30']
2026-08-08T00:09:12.2578091+00:00 ContainerStream:       SELECT TOP(1) [b].[BankAccountNumber]
2026-08-08T00:09:12.2578133+00:00 ContainerStream:       FROM [Beneficiaries] AS [b]
2026-08-08T00:09:12.2578170+00:00 ContainerStream:       ORDER BY [b].[Id]
2026-08-08T00:09:15.1853158+00:00 ContainerStream: info: Microsoft.EntityFrameworkCore.Database.Command[20101]
2026-08-08T00:09:15.1854277+00:00 ContainerStream:       Executed DbCommand (2ms) [Parameters=[], CommandType='Text', CommandTimeout='30']
2026-08-08T00:09:15.1854398+00:00 ContainerStream:       SELECT 1
2026-08-08T00:09:15.1885540+00:00 ContainerStream: info: Microsoft.EntityFrameworkCore.Database.Command[20101]
2026-08-08T00:09:15.1886206+00:00 ContainerStream:       Executed DbCommand (2ms) [Parameters=[], CommandType='Text', CommandTimeout='30']
2026-08-08T00:09:15.1886499+00:00 ContainerStream:       SELECT OBJECT_ID(N'[__EFMigrationsHistory]');
2026-08-08T00:09:15.1902103+00:00 ContainerStream: info: Microsoft.EntityFrameworkCore.Database.Command[20101]
2026-08-08T00:09:15.1902707+00:00 ContainerStream:       Executed DbCommand (2ms) [Parameters=[], CommandType='Text', CommandTimeout='30']
2026-08-08T00:09:15.1902795+00:00 ContainerStream:       SELECT [MigrationId], [ProductVersion]
2026-08-08T00:09:15.1903011+00:00 ContainerStream:       FROM [__EFMigrationsHistory]
2026-08-08T00:09:15.1903897+00:00 ContainerStream:       ORDER BY [MigrationId];
2026-08-08T00:09:15.1919752+00:00 ContainerStream: info: Microsoft.EntityFrameworkCore.Database.Command[20101]
2026-08-08T00:09:15.1920140+00:00 ContainerStream:       Executed DbCommand (1ms) [Parameters=[], CommandType='Text', CommandTimeout='30']
2026-08-08T00:09:15.1920407+00:00 ContainerStream:       SELECT TOP(1) [b].[BankAccountNumber]
2026-08-08T00:09:15.1920467+00:00 ContainerStream:       FROM [Beneficiaries] AS [b]
2026-08-08T00:09:15.1920512+00:00 ContainerStream:       ORDER BY [b].[Id]
2026-08-08T00:09:18.1178171+00:00 ContainerStream: info: Microsoft.EntityFrameworkCore.Database.Command[20101]
2026-08-08T00:09:18.1179083+00:00 ContainerStream:       Executed DbCommand (2ms) [Parameters=[], CommandType='Text', CommandTimeout='30']
2026-08-08T00:09:18.1179551+00:00 ContainerStream:       SELECT 1
2026-08-08T00:09:18.1195181+00:00 ContainerStream: info: Microsoft.EntityFrameworkCore.Database.Command[20101]
2026-08-08T00:09:18.1195589+00:00 ContainerStream:       Executed DbCommand (2ms) [Parameters=[], CommandType='Text', CommandTimeout='30']
2026-08-08T00:09:18.1199243+00:00 ContainerStream:       SELECT OBJECT_ID(N'[__EFMigrationsHistory]');
2026-08-08T00:09:18.1227216+00:00 ContainerStream: info: Microsoft.EntityFrameworkCore.Database.Command[20101]
2026-08-08T00:09:18.1227594+00:00 ContainerStream:       Executed DbCommand (1ms) [Parameters=[], CommandType='Text', CommandTimeout='30']
2026-08-08T00:09:18.1227664+00:00 ContainerStream:       SELECT [MigrationId], [ProductVersion]
2026-08-08T00:09:18.1227804+00:00 ContainerStream:       FROM [__EFMigrationsHistory]
2026-08-08T00:09:18.1228004+00:00 ContainerStream:       ORDER BY [MigrationId];
2026-08-08T00:09:18.1245218+00:00 ContainerStream: info: Microsoft.EntityFrameworkCore.Database.Command[20101]
2026-08-08T00:09:18.1245519+00:00 ContainerStream:       Executed DbCommand (1ms) [Parameters=[], CommandType='Text', CommandTimeout='30']
2026-08-08T00:09:18.1245591+00:00 ContainerStream:       SELECT TOP(1) [b].[BankAccountNumber]
2026-08-08T00:09:18.1245877+00:00 ContainerStream:       FROM [Beneficiaries] AS [b]
2026-08-08T00:09:18.1245933+00:00 ContainerStream:       ORDER BY [b].[Id]
2026-08-08T00:09:21.1854192+00:00 ContainerStream: info: Microsoft.EntityFrameworkCore.Database.Command[20101]
2026-08-08T00:09:21.1854965+00:00 ContainerStream:       Executed DbCommand (2ms) [Parameters=[], CommandType='Text', CommandTimeout='30']
2026-08-08T00:09:21.1855076+00:00 ContainerStream:       SELECT 1
2026-08-08T00:09:21.1871571+00:00 ContainerStream: info: Microsoft.EntityFrameworkCore.Database.Command[20101]
2026-08-08T00:09:21.1872247+00:00 ContainerStream:       Executed DbCommand (2ms) [Parameters=[], CommandType='Text', CommandTimeout='30']
2026-08-08T00:09:21.1872332+00:00 ContainerStream:       SELECT OBJECT_ID(N'[__EFMigrationsHistory]');
2026-08-08T00:09:21.1906340+00:00 ContainerStream: info: Microsoft.EntityFrameworkCore.Database.Command[20101]
2026-08-08T00:09:21.1907432+00:00 ContainerStream:       Executed DbCommand (2ms) [Parameters=[], CommandType='Text', CommandTimeout='30']
2026-08-08T00:09:21.1907554+00:00 ContainerStream:       SELECT [MigrationId], [ProductVersion]
2026-08-08T00:09:21.1907599+00:00 ContainerStream:       FROM [__EFMigrationsHistory]
2026-08-08T00:09:21.1907640+00:00 ContainerStream:       ORDER BY [MigrationId];
2026-08-08T00:09:21.1921252+00:00 ContainerStream: info: Microsoft.EntityFrameworkCore.Database.Command[20101]
2026-08-08T00:09:21.1921846+00:00 ContainerStream:       Executed DbCommand (1ms) [Parameters=[], CommandType='Text', CommandTimeout='30']
2026-08-08T00:09:21.1921927+00:00 ContainerStream:       SELECT TOP(1) [b].[BankAccountNumber]
2026-08-08T00:09:21.1921965+00:00 ContainerStream:       FROM [Beneficiaries] AS [b]
2026-08-08T00:09:21.1922001+00:00 ContainerStream:       ORDER BY [b].[Id]
2026-08-08T00:09:23.8858764+00:00 ContainerStream: info: Microsoft.EntityFrameworkCore.Database.Command[20101]
2026-08-08T00:09:23.8859809+00:00 ContainerStream:       Executed DbCommand (4ms) [Parameters=[], CommandType='Text', CommandTimeout='30']
2026-08-08T00:09:23.8859938+00:00 ContainerStream:       SELECT 1
2026-08-08T00:09:23.8875520+00:00 ContainerStream: info: Microsoft.EntityFrameworkCore.Database.Command[20101]
2026-08-08T00:09:23.8875970+00:00 ContainerStream:       Executed DbCommand (2ms) [Parameters=[], CommandType='Text', CommandTimeout='30']
2026-08-08T00:09:23.8876248+00:00 ContainerStream:       SELECT OBJECT_ID(N'[__EFMigrationsHistory]');
2026-08-08T00:09:23.8904662+00:00 ContainerStream: info: Microsoft.EntityFrameworkCore.Database.Command[20101]
2026-08-08T00:09:23.8905006+00:00 ContainerStream:       Executed DbCommand (1ms) [Parameters=[], CommandType='Text', CommandTimeout='30']
2026-08-08T00:09:23.8905076+00:00 ContainerStream:       SELECT [MigrationId], [ProductVersion]
2026-08-08T00:09:23.8905287+00:00 ContainerStream:       FROM [__EFMigrationsHistory]
2026-08-08T00:09:23.8905330+00:00 ContainerStream:       ORDER BY [MigrationId];
2026-08-08T00:09:23.8923707+00:00 ContainerStream: info: Microsoft.EntityFrameworkCore.Database.Command[20101]
2026-08-08T00:09:23.8924001+00:00 ContainerStream:       Executed DbCommand (1ms) [Parameters=[], CommandType='Text', CommandTimeout='30']
2026-08-08T00:09:23.8924067+00:00 ContainerStream:       SELECT TOP(1) [b].[BankAccountNumber]
2026-08-08T00:09:23.8925622+00:00 ContainerStream:       FROM [Beneficiaries] AS [b]
2026-08-08T00:09:23.8925680+00:00 ContainerStream:       ORDER BY [b].[Id]
2026-08-08T00:09:24.3172341+00:00 ContainerStream: info: Microsoft.EntityFrameworkCore.Database.Command[20101]
2026-08-08T00:09:24.3173169+00:00 ContainerStream:       Executed DbCommand (4ms) [Parameters=[], CommandType='Text', CommandTimeout='30']
2026-08-08T00:09:24.3173613+00:00 ContainerStream:       SELECT 1
2026-08-08T00:09:24.3191998+00:00 ContainerStream: info: Microsoft.EntityFrameworkCore.Database.Command[20101]
2026-08-08T00:09:24.3192460+00:00 ContainerStream:       Executed DbCommand (2ms) [Parameters=[], CommandType='Text', CommandTimeout='30']
2026-08-08T00:09:24.3192543+00:00 ContainerStream:       SELECT OBJECT_ID(N'[__EFMigrationsHistory]');
2026-08-08T00:09:24.3216310+00:00 ContainerStream: info: Microsoft.EntityFrameworkCore.Database.Command[20101]
2026-08-08T00:09:24.3216690+00:00 ContainerStream:       Executed DbCommand (1ms) [Parameters=[], CommandType='Text', CommandTimeout='30']
2026-08-08T00:09:24.3216765+00:00 ContainerStream:       SELECT [MigrationId], [ProductVersion]
2026-08-08T00:09:24.3216812+00:00 ContainerStream:       FROM [__EFMigrationsHistory]
2026-08-08T00:09:24.3216853+00:00 ContainerStream:       ORDER BY [MigrationId];
2026-08-08T00:09:24.3234217+00:00 ContainerStream: info: Microsoft.EntityFrameworkCore.Database.Command[20101]
2026-08-08T00:09:24.3234543+00:00 ContainerStream:       Executed DbCommand (1ms) [Parameters=[], CommandType='Text', CommandTimeout='30']
2026-08-08T00:09:24.3234612+00:00 ContainerStream:       SELECT TOP(1) [b].[BankAccountNumber]
2026-08-08T00:09:24.3234651+00:00 ContainerStream:       FROM [Beneficiaries] AS [b]
2026-08-08T00:09:24.3234694+00:00 ContainerStream:       ORDER BY [b].[Id]
2026-08-08T00:09:25.0741472+00:00 ContainerStream: info: Microsoft.EntityFrameworkCore.Database.Command[20101]
2026-08-08T00:09:25.0742349+00:00 ContainerStream:       Executed DbCommand (2ms) [Parameters=[], CommandType='Text', CommandTimeout='30']
2026-08-08T00:09:25.0742457+00:00 ContainerStream:       SELECT 1
2026-08-08T00:09:25.0759918+00:00 ContainerStream: info: Microsoft.EntityFrameworkCore.Database.Command[20101]
2026-08-08T00:09:25.0763021+00:00 ContainerStream:       Executed DbCommand (2ms) [Parameters=[], CommandType='Text', CommandTimeout='30']
2026-08-08T00:09:25.0763172+00:00 ContainerStream:       SELECT OBJECT_ID(N'[__EFMigrationsHistory]');
2026-08-08T00:09:25.0791873+00:00 ContainerStream: info: Microsoft.EntityFrameworkCore.Database.Command[20101]
2026-08-08T00:09:25.0792522+00:00 ContainerStream:       Executed DbCommand (2ms) [Parameters=[], CommandType='Text', CommandTimeout='30']
2026-08-08T00:09:25.0792766+00:00 ContainerStream:       SELECT [MigrationId], [ProductVersion]
2026-08-08T00:09:25.0792816+00:00 ContainerStream:       FROM [__EFMigrationsHistory]
2026-08-08T00:09:25.0792857+00:00 ContainerStream:       ORDER BY [MigrationId];
2026-08-08T00:09:25.0810351+00:00 ContainerStream: info: Microsoft.EntityFrameworkCore.Database.Command[20101]
2026-08-08T00:09:25.0810908+00:00 ContainerStream:       Executed DbCommand (1ms) [Parameters=[], CommandType='Text', CommandTimeout='30']
2026-08-08T00:09:25.0810979+00:00 ContainerStream:       SELECT TOP(1) [b].[BankAccountNumber]
2026-08-08T00:09:25.0811018+00:00 ContainerStream:       FROM [Beneficiaries] AS [b]
2026-08-08T00:09:25.0811053+00:00 ContainerStream:       ORDER BY [b].[Id]
2026-08-08T00:09:27.3540875+00:00 ContainerStream: info: Microsoft.EntityFrameworkCore.Database.Command[20101]
2026-08-08T00:09:27.3541832+00:00 ContainerStream:       Executed DbCommand (2ms) [Parameters=[], CommandType='Text', CommandTimeout='30']
2026-08-08T00:09:27.3541936+00:00 ContainerStream:       SELECT 1
2026-08-08T00:09:27.3568676+00:00 ContainerStream: info: Microsoft.EntityFrameworkCore.Database.Command[20101]
2026-08-08T00:09:27.3569227+00:00 ContainerStream:       Executed DbCommand (2ms) [Parameters=[], CommandType='Text', CommandTimeout='30']
2026-08-08T00:09:27.3569365+00:00 ContainerStream:       SELECT OBJECT_ID(N'[__EFMigrationsHistory]');
2026-08-08T00:09:27.3584013+00:00 ContainerStream: info: Microsoft.EntityFrameworkCore.Database.Command[20101]
2026-08-08T00:09:27.3584368+00:00 ContainerStream:       Executed DbCommand (2ms) [Parameters=[], CommandType='Text', CommandTimeout='30']
2026-08-08T00:09:27.3584433+00:00 ContainerStream:       SELECT [MigrationId], [ProductVersion]
2026-08-08T00:09:27.3584623+00:00 ContainerStream:       FROM [__EFMigrationsHistory]
2026-08-08T00:09:27.3586227+00:00 ContainerStream:       ORDER BY [MigrationId];
2026-08-08T00:09:27.3610147+00:00 ContainerStream: info: Microsoft.EntityFrameworkCore.Database.Command[20101]
2026-08-08T00:09:27.3610443+00:00 ContainerStream:       Executed DbCommand (2ms) [Parameters=[], CommandType='Text', CommandTimeout='30']
2026-08-08T00:09:27.3610550+00:00 ContainerStream:       SELECT TOP(1) [b].[BankAccountNumber]
2026-08-08T00:09:27.3610591+00:00 ContainerStream:       FROM [Beneficiaries] AS [b]
2026-08-08T00:09:27.3610626+00:00 ContainerStream:       ORDER BY [b].[Id]
2026-08-08T00:09:28.0432399+00:00 ContainerStream: info: Microsoft.EntityFrameworkCore.Database.Command[20101]
2026-08-08T00:09:28.0433238+00:00 ContainerStream:       Executed DbCommand (2ms) [Parameters=[], CommandType='Text', CommandTimeout='30']
2026-08-08T00:09:28.0433442+00:00 ContainerStream:       SELECT 1
2026-08-08T00:09:28.0463674+00:00 ContainerStream: info: Microsoft.EntityFrameworkCore.Database.Command[20101]
2026-08-08T00:09:28.0464140+00:00 ContainerStream:       Executed DbCommand (2ms) [Parameters=[], CommandType='Text', CommandTimeout='30']
2026-08-08T00:09:28.0464226+00:00 ContainerStream:       SELECT OBJECT_ID(N'[__EFMigrationsHistory]');
2026-08-08T00:09:28.0477291+00:00 ContainerStream: info: Microsoft.EntityFrameworkCore.Database.Command[20101]
2026-08-08T00:09:28.0477639+00:00 ContainerStream:       Executed DbCommand (1ms) [Parameters=[], CommandType='Text', CommandTimeout='30']
2026-08-08T00:09:28.0477718+00:00 ContainerStream:       SELECT [MigrationId], [ProductVersion]
2026-08-08T00:09:28.0477757+00:00 ContainerStream:       FROM [__EFMigrationsHistory]
2026-08-08T00:09:28.0478008+00:00 ContainerStream:       ORDER BY [MigrationId];
2026-08-08T00:09:28.0499572+00:00 ContainerStream: info: Microsoft.EntityFrameworkCore.Database.Command[20101]
2026-08-08T00:09:28.0499918+00:00 ContainerStream:       Executed DbCommand (2ms) [Parameters=[], CommandType='Text', CommandTimeout='30']
2026-08-08T00:09:28.0499990+00:00 ContainerStream:       SELECT TOP(1) [b].[BankAccountNumber]
2026-08-08T00:09:28.0500031+00:00 ContainerStream:       FROM [Beneficiaries] AS [b]
2026-08-08T00:09:28.0500225+00:00 ContainerStream:       ORDER BY [b].[Id]
2026-08-08T00:09:30.4251971+00:00 ContainerStream: info: Microsoft.EntityFrameworkCore.Database.Command[20101]
2026-08-08T00:09:30.4252775+00:00 ContainerStream:       Executed DbCommand (2ms) [Parameters=[], CommandType='Text', CommandTimeout='30']
2026-08-08T00:09:30.4252872+00:00 ContainerStream:       SELECT 1
2026-08-08T00:09:30.4269401+00:00 ContainerStream: info: Microsoft.EntityFrameworkCore.Database.Command[20101]
2026-08-08T00:09:30.4269849+00:00 ContainerStream:       Executed DbCommand (2ms) [Parameters=[], CommandType='Text', CommandTimeout='30']
2026-08-08T00:09:30.4269930+00:00 ContainerStream:       SELECT OBJECT_ID(N'[__EFMigrationsHistory]');
2026-08-08T00:09:30.4301587+00:00 ContainerStream: info: Microsoft.EntityFrameworkCore.Database.Command[20101]
2026-08-08T00:09:30.4301884+00:00 ContainerStream:       Executed DbCommand (1ms) [Parameters=[], CommandType='Text', CommandTimeout='30']
2026-08-08T00:09:30.4301995+00:00 ContainerStream:       SELECT [MigrationId], [ProductVersion]
2026-08-08T00:09:30.4302042+00:00 ContainerStream:       FROM [__EFMigrationsHistory]
2026-08-08T00:09:30.4310074+00:00 ContainerStream:       ORDER BY [MigrationId];
2026-08-08T00:09:30.4324251+00:00 ContainerStream: info: Microsoft.EntityFrameworkCore.Database.Command[20101]
2026-08-08T00:09:30.4324503+00:00 ContainerStream:       Executed DbCommand (1ms) [Parameters=[], CommandType='Text', CommandTimeout='30']
2026-08-08T00:09:30.4324574+00:00 ContainerStream:       SELECT TOP(1) [b].[BankAccountNumber]
2026-08-08T00:09:30.4324620+00:00 ContainerStream:       FROM [Beneficiaries] AS [b]
2026-08-08T00:09:30.4324666+00:00 ContainerStream:       ORDER BY [b].[Id]
2026-08-08T00:09:33.5174963+00:00 ContainerStream: info: Microsoft.EntityFrameworkCore.Database.Command[20101]
2026-08-08T00:09:33.5175901+00:00 ContainerStream:       Executed DbCommand (2ms) [Parameters=[], CommandType='Text', CommandTimeout='30']
2026-08-08T00:09:33.5176082+00:00 ContainerStream:       SELECT 1
2026-08-08T00:09:33.5192254+00:00 ContainerStream: info: Microsoft.EntityFrameworkCore.Database.Command[20101]
2026-08-08T00:09:33.5192601+00:00 ContainerStream:       Executed DbCommand (2ms) [Parameters=[], CommandType='Text', CommandTimeout='30']
2026-08-08T00:09:33.5192712+00:00 ContainerStream:       SELECT OBJECT_ID(N'[__EFMigrationsHistory]');
2026-08-08T00:09:33.5218985+00:00 ContainerStream: info: Microsoft.EntityFrameworkCore.Database.Command[20101]
2026-08-08T00:09:33.5219289+00:00 ContainerStream:       Executed DbCommand (1ms) [Parameters=[], CommandType='Text', CommandTimeout='30']
2026-08-08T00:09:33.5219362+00:00 ContainerStream:       SELECT [MigrationId], [ProductVersion]
2026-08-08T00:09:33.5219408+00:00 ContainerStream:       FROM [__EFMigrationsHistory]
2026-08-08T00:09:33.5226051+00:00 ContainerStream:       ORDER BY [MigrationId];
2026-08-08T00:09:33.5240870+00:00 ContainerStream: info: Microsoft.EntityFrameworkCore.Database.Command[20101]
2026-08-08T00:09:33.5241165+00:00 ContainerStream:       Executed DbCommand (1ms) [Parameters=[], CommandType='Text', CommandTimeout='30']
2026-08-08T00:09:33.5241233+00:00 ContainerStream:       SELECT TOP(1) [b].[BankAccountNumber]
2026-08-08T00:09:33.5241301+00:00 ContainerStream:       FROM [Beneficiaries] AS [b]
2026-08-08T00:09:33.5241330+00:00 ContainerStream:       ORDER BY [b].[Id]
2026-08-08T00:09:35.1265179+00:00 ContainerStream: info: Microsoft.EntityFrameworkCore.Database.Command[20101]
2026-08-08T00:09:35.1265983+00:00 ContainerStream:       Executed DbCommand (2ms) [Parameters=[], CommandType='Text', CommandTimeout='30']
2026-08-08T00:09:35.1266103+00:00 ContainerStream:       SELECT 1
2026-08-08T00:09:35.1279775+00:00 ContainerStream: info: Microsoft.EntityFrameworkCore.Database.Command[20101]
2026-08-08T00:09:35.1280547+00:00 ContainerStream:       Executed DbCommand (2ms) [Parameters=[], CommandType='Text', CommandTimeout='30']
2026-08-08T00:09:35.1280656+00:00 ContainerStream:       SELECT OBJECT_ID(N'[__EFMigrationsHistory]');
2026-08-08T00:09:35.1313214+00:00 ContainerStream: info: Microsoft.EntityFrameworkCore.Database.Command[20101]
2026-08-08T00:09:35.1313781+00:00 ContainerStream:       Executed DbCommand (2ms) [Parameters=[], CommandType='Text', CommandTimeout='30']
2026-08-08T00:09:35.1313862+00:00 ContainerStream:       SELECT [MigrationId], [ProductVersion]
2026-08-08T00:09:35.1313903+00:00 ContainerStream:       FROM [__EFMigrationsHistory]
2026-08-08T00:09:35.1313942+00:00 ContainerStream:       ORDER BY [MigrationId];
2026-08-08T00:09:35.1329615+00:00 ContainerStream: info: Microsoft.EntityFrameworkCore.Database.Command[20101]
2026-08-08T00:09:35.1330040+00:00 ContainerStream:       Executed DbCommand (1ms) [Parameters=[], CommandType='Text', CommandTimeout='30']
2026-08-08T00:09:35.1330115+00:00 ContainerStream:       SELECT TOP(1) [b].[BankAccountNumber]
2026-08-08T00:09:35.1330160+00:00 ContainerStream:       FROM [Beneficiaries] AS [b]
2026-08-08T00:09:35.1330205+00:00 ContainerStream:       ORDER BY [b].[Id]
2026-08-08T00:09:48.2814874+00:00 ContainerStream: info: Microsoft.EntityFrameworkCore.Database.Command[20101]
2026-08-08T00:09:48.2815628+00:00 ContainerStream:       Executed DbCommand (2ms) [Parameters=[], CommandType='Text', CommandTimeout='30']
2026-08-08T00:09:48.2815727+00:00 ContainerStream:       SELECT 1
2026-08-08T00:09:48.2844309+00:00 ContainerStream: info: Microsoft.EntityFrameworkCore.Database.Command[20101]
2026-08-08T00:09:48.2844878+00:00 ContainerStream:       Executed DbCommand (2ms) [Parameters=[], CommandType='Text', CommandTimeout='30']
2026-08-08T00:09:48.2845028+00:00 ContainerStream:       SELECT OBJECT_ID(N'[__EFMigrationsHistory]');
2026-08-08T00:09:48.2861032+00:00 ContainerStream: info: Microsoft.EntityFrameworkCore.Database.Command[20101]
2026-08-08T00:09:48.2861383+00:00 ContainerStream:       Executed DbCommand (1ms) [Parameters=[], CommandType='Text', CommandTimeout='30']
2026-08-08T00:09:48.2861458+00:00 ContainerStream:       SELECT [MigrationId], [ProductVersion]
2026-08-08T00:09:48.2861548+00:00 ContainerStream:       FROM [__EFMigrationsHistory]
2026-08-08T00:09:48.2861595+00:00 ContainerStream:       ORDER BY [MigrationId];
2026-08-08T00:09:48.2874472+00:00 ContainerStream: info: Microsoft.EntityFrameworkCore.Database.Command[20101]
2026-08-08T00:09:48.2874813+00:00 ContainerStream:       Executed DbCommand (1ms) [Parameters=[], CommandType='Text', CommandTimeout='30']
2026-08-08T00:09:48.2874878+00:00 ContainerStream:       SELECT TOP(1) [b].[BankAccountNumber]
2026-08-08T00:09:48.2874959+00:00 ContainerStream:       FROM [Beneficiaries] AS [b]
2026-08-08T00:09:48.2875098+00:00 ContainerStream:       ORDER BY [b].[Id]
2026-08-08T00:09:49.8514982+00:00 ContainerStream: info: Microsoft.EntityFrameworkCore.Database.Command[20101]
2026-08-08T00:09:49.8517859+00:00 ContainerStream:       Executed DbCommand (2ms) [Parameters=[], CommandType='Text', CommandTimeout='30']
2026-08-08T00:09:49.8518063+00:00 ContainerStream:       SELECT 1
2026-08-08T00:09:49.8529753+00:00 ContainerStream: info: Microsoft.EntityFrameworkCore.Database.Command[20101]
2026-08-08T00:09:49.8530278+00:00 ContainerStream:       Executed DbCommand (2ms) [Parameters=[], CommandType='Text', CommandTimeout='30']
2026-08-08T00:09:49.8530372+00:00 ContainerStream:       SELECT OBJECT_ID(N'[__EFMigrationsHistory]');
2026-08-08T00:09:49.8558890+00:00 ContainerStream: info: Microsoft.EntityFrameworkCore.Database.Command[20101]
2026-08-08T00:09:49.8559293+00:00 ContainerStream:       Executed DbCommand (1ms) [Parameters=[], CommandType='Text', CommandTimeout='30']
2026-08-08T00:09:49.8559380+00:00 ContainerStream:       SELECT [MigrationId], [ProductVersion]
2026-08-08T00:09:49.8559425+00:00 ContainerStream:       FROM [__EFMigrationsHistory]
2026-08-08T00:09:49.8559470+00:00 ContainerStream:       ORDER BY [MigrationId];
2026-08-08T00:09:49.8573475+00:00 ContainerStream: info: Microsoft.EntityFrameworkCore.Database.Command[20101]
2026-08-08T00:09:49.8573799+00:00 ContainerStream:       Executed DbCommand (1ms) [Parameters=[], CommandType='Text', CommandTimeout='30']
2026-08-08T00:09:49.8573872+00:00 ContainerStream:       SELECT TOP(1) [b].[BankAccountNumber]
2026-08-08T00:09:49.8573917+00:00 ContainerStream:       FROM [Beneficiaries] AS [b]
2026-08-08T00:09:49.8573960+00:00 ContainerStream:       ORDER BY [b].[Id]
2026-08-08T00:09:50.4534785+00:00 ContainerStream: info: Microsoft.EntityFrameworkCore.Database.Command[20101]
2026-08-08T00:09:50.4535714+00:00 ContainerStream:       Executed DbCommand (2ms) [Parameters=[], CommandType='Text', CommandTimeout='30']
2026-08-08T00:09:50.4535818+00:00 ContainerStream:       SELECT 1
2026-08-08T00:09:50.4563958+00:00 ContainerStream: info: Microsoft.EntityFrameworkCore.Database.Command[20101]
2026-08-08T00:09:50.4564529+00:00 ContainerStream:       Executed DbCommand (2ms) [Parameters=[], CommandType='Text', CommandTimeout='30']
2026-08-08T00:09:50.4564610+00:00 ContainerStream:       SELECT OBJECT_ID(N'[__EFMigrationsHistory]');
2026-08-08T00:09:50.4581823+00:00 ContainerStream: info: Microsoft.EntityFrameworkCore.Database.Command[20101]
2026-08-08T00:09:50.4582342+00:00 ContainerStream:       Executed DbCommand (2ms) [Parameters=[], CommandType='Text', CommandTimeout='30']
2026-08-08T00:09:50.4582452+00:00 ContainerStream:       SELECT [MigrationId], [ProductVersion]
2026-08-08T00:09:50.4582495+00:00 ContainerStream:       FROM [__EFMigrationsHistory]
2026-08-08T00:09:50.4582537+00:00 ContainerStream:       ORDER BY [MigrationId];
2026-08-08T00:09:50.4598233+00:00 ContainerStream: info: Microsoft.EntityFrameworkCore.Database.Command[20101]
2026-08-08T00:09:50.4598528+00:00 ContainerStream:       Executed DbCommand (1ms) [Parameters=[], CommandType='Text', CommandTimeout='30']
2026-08-08T00:09:50.4598637+00:00 ContainerStream:       SELECT TOP(1) [b].[BankAccountNumber]
2026-08-08T00:09:50.4598677+00:00 ContainerStream:       FROM [Beneficiaries] AS [b]
2026-08-08T00:09:50.4598716+00:00 ContainerStream:       ORDER BY [b].[Id]
2026-08-08T00:09:52.1705106+00:00 ContainerStream: info: Microsoft.EntityFrameworkCore.Database.Command[20101]
2026-08-08T00:09:52.1705907+00:00 ContainerStream:       Executed DbCommand (2ms) [Parameters=[], CommandType='Text', CommandTimeout='30']
2026-08-08T00:09:52.1706041+00:00 ContainerStream:       SELECT 1
2026-08-08T00:09:52.1724389+00:00 ContainerStream: info: Microsoft.EntityFrameworkCore.Database.Command[20101]
2026-08-08T00:09:52.1724854+00:00 ContainerStream:       Executed DbCommand (2ms) [Parameters=[], CommandType='Text', CommandTimeout='30']
2026-08-08T00:09:52.1724953+00:00 ContainerStream:       SELECT OBJECT_ID(N'[__EFMigrationsHistory]');
2026-08-08T00:09:52.1754504+00:00 ContainerStream: info: Microsoft.EntityFrameworkCore.Database.Command[20101]
2026-08-08T00:09:52.1754904+00:00 ContainerStream:       Executed DbCommand (1ms) [Parameters=[], CommandType='Text', CommandTimeout='30']
2026-08-08T00:09:52.1754989+00:00 ContainerStream:       SELECT [MigrationId], [ProductVersion]
2026-08-08T00:09:52.1755037+00:00 ContainerStream:       FROM [__EFMigrationsHistory]
2026-08-08T00:09:52.1757295+00:00 ContainerStream:       ORDER BY [MigrationId];
2026-08-08T00:09:52.1778610+00:00 ContainerStream: info: Microsoft.EntityFrameworkCore.Database.Command[20101]
2026-08-08T00:09:52.1778895+00:00 ContainerStream:       Executed DbCommand (1ms) [Parameters=[], CommandType='Text', CommandTimeout='30']
2026-08-08T00:09:52.1778965+00:00 ContainerStream:       SELECT TOP(1) [b].[BankAccountNumber]
2026-08-08T00:09:52.1779010+00:00 ContainerStream:       FROM [Beneficiaries] AS [b]
2026-08-08T00:09:52.1779099+00:00 ContainerStream:       ORDER BY [b].[Id]
2026-08-08T00:09:58.7343734+00:00 ContainerStream: info: Microsoft.EntityFrameworkCore.Database.Command[20101]
2026-08-08T00:09:58.7344576+00:00 ContainerStream:       Executed DbCommand (2ms) [Parameters=[], CommandType='Text', CommandTimeout='30']
2026-08-08T00:09:58.7344718+00:00 ContainerStream:       SELECT 1
2026-08-08T00:09:58.7367540+00:00 ContainerStream: info: Microsoft.EntityFrameworkCore.Database.Command[20101]
2026-08-08T00:09:58.7368230+00:00 ContainerStream:       Executed DbCommand (2ms) [Parameters=[], CommandType='Text', CommandTimeout='30']
2026-08-08T00:09:58.7368327+00:00 ContainerStream:       SELECT OBJECT_ID(N'[__EFMigrationsHistory]');
2026-08-08T00:09:58.7395945+00:00 ContainerStream: info: Microsoft.EntityFrameworkCore.Database.Command[20101]
2026-08-08T00:09:58.7396551+00:00 ContainerStream:       Executed DbCommand (2ms) [Parameters=[], CommandType='Text', CommandTimeout='30']
2026-08-08T00:09:58.7396718+00:00 ContainerStream:       SELECT [MigrationId], [ProductVersion]
2026-08-08T00:09:58.7396782+00:00 ContainerStream:       FROM [__EFMigrationsHistory]
2026-08-08T00:09:58.7396831+00:00 ContainerStream:       ORDER BY [MigrationId];
2026-08-08T00:09:58.7409894+00:00 ContainerStream: info: Microsoft.EntityFrameworkCore.Database.Command[20101]
2026-08-08T00:09:58.7410239+00:00 ContainerStream:       Executed DbCommand (1ms) [Parameters=[], CommandType='Text', CommandTimeout='30']
2026-08-08T00:09:58.7410369+00:00 ContainerStream:       SELECT TOP(1) [b].[BankAccountNumber]
2026-08-08T00:09:58.7410416+00:00 ContainerStream:       FROM [Beneficiaries] AS [b]
2026-08-08T00:09:58.7410458+00:00 ContainerStream:       ORDER BY [b].[Id]
2026-08-08T00:10:00.2278949+00:00 ContainerStream: info: Microsoft.EntityFrameworkCore.Database.Command[20101]
2026-08-08T00:10:00.2279823+00:00 ContainerStream:       Executed DbCommand (2ms) [Parameters=[], CommandType='Text', CommandTimeout='30']
2026-08-08T00:10:00.2279926+00:00 ContainerStream:       SELECT 1
2026-08-08T00:10:00.2298781+00:00 ContainerStream: info: Microsoft.EntityFrameworkCore.Database.Command[20101]
2026-08-08T00:10:00.2299336+00:00 ContainerStream:       Executed DbCommand (2ms) [Parameters=[], CommandType='Text', CommandTimeout='30']
2026-08-08T00:10:00.2299416+00:00 ContainerStream:       SELECT OBJECT_ID(N'[__EFMigrationsHistory]');
2026-08-08T00:10:00.2329676+00:00 ContainerStream: info: Microsoft.EntityFrameworkCore.Database.Command[20101]
2026-08-08T00:10:00.2330099+00:00 ContainerStream:       Executed DbCommand (1ms) [Parameters=[], CommandType='Text', CommandTimeout='30']
2026-08-08T00:10:00.2330276+00:00 ContainerStream:       SELECT [MigrationId], [ProductVersion]
2026-08-08T00:10:00.2330380+00:00 ContainerStream:       FROM [__EFMigrationsHistory]
2026-08-08T00:10:00.2330451+00:00 ContainerStream:       ORDER BY [MigrationId];
2026-08-08T00:10:00.2345459+00:00 ContainerStream: info: Microsoft.EntityFrameworkCore.Database.Command[20101]
2026-08-08T00:10:00.2345819+00:00 ContainerStream:       Executed DbCommand (1ms) [Parameters=[], CommandType='Text', CommandTimeout='30']
2026-08-08T00:10:00.2345884+00:00 ContainerStream:       SELECT TOP(1) [b].[BankAccountNumber]
2026-08-08T00:10:00.2345921+00:00 ContainerStream:       FROM [Beneficiaries] AS [b]
2026-08-08T00:10:00.2346006+00:00 ContainerStream:       ORDER BY [b].[Id]
2026-08-08T00:10:00.8035805+00:00 ContainerStream: info: Microsoft.EntityFrameworkCore.Database.Command[20101]
2026-08-08T00:10:00.8036641+00:00 ContainerStream:       Executed DbCommand (2ms) [Parameters=[], CommandType='Text', CommandTimeout='30']
2026-08-08T00:10:00.8036769+00:00 ContainerStream:       SELECT 1
2026-08-08T00:10:00.8057690+00:00 ContainerStream: info: Microsoft.EntityFrameworkCore.Database.Command[20101]
2026-08-08T00:10:00.8058733+00:00 ContainerStream:       Executed DbCommand (2ms) [Parameters=[], CommandType='Text', CommandTimeout='30']
2026-08-08T00:10:00.8058848+00:00 ContainerStream:       SELECT OBJECT_ID(N'[__EFMigrationsHistory]');
2026-08-08T00:10:00.8085497+00:00 ContainerStream: info: Microsoft.EntityFrameworkCore.Database.Command[20101]
2026-08-08T00:10:00.8085978+00:00 ContainerStream:       Executed DbCommand (1ms) [Parameters=[], CommandType='Text', CommandTimeout='30']
2026-08-08T00:10:00.8086154+00:00 ContainerStream:       SELECT [MigrationId], [ProductVersion]
2026-08-08T00:10:00.8086220+00:00 ContainerStream:       FROM [__EFMigrationsHistory]
2026-08-08T00:10:00.8086278+00:00 ContainerStream:       ORDER BY [MigrationId];
2026-08-08T00:10:00.8102312+00:00 ContainerStream: info: Microsoft.EntityFrameworkCore.Database.Command[20101]
2026-08-08T00:10:00.8102797+00:00 ContainerStream:       Executed DbCommand (1ms) [Parameters=[], CommandType='Text', CommandTimeout='30']
2026-08-08T00:10:00.8102923+00:00 ContainerStream:       SELECT TOP(1) [b].[BankAccountNumber]
2026-08-08T00:10:00.8102962+00:00 ContainerStream:       FROM [Beneficiaries] AS [b]
2026-08-08T00:10:00.8103002+00:00 ContainerStream:       ORDER BY [b].[Id]
2026-08-08T00:10:04.5197000+00:00 ContainerStream: info: Microsoft.EntityFrameworkCore.Database.Command[20101]
2026-08-08T00:10:04.5197806+00:00 ContainerStream:       Executed DbCommand (2ms) [Parameters=[], CommandType='Text', CommandTimeout='30']
2026-08-08T00:10:04.5197906+00:00 ContainerStream:       SELECT 1
2026-08-08T00:10:04.5226868+00:00 ContainerStream: info: Microsoft.EntityFrameworkCore.Database.Command[20101]
2026-08-08T00:10:04.5227328+00:00 ContainerStream:       Executed DbCommand (2ms) [Parameters=[], CommandType='Text', CommandTimeout='30']
2026-08-08T00:10:04.5227415+00:00 ContainerStream:       SELECT OBJECT_ID(N'[__EFMigrationsHistory]');
2026-08-08T00:10:04.5241820+00:00 ContainerStream: info: Microsoft.EntityFrameworkCore.Database.Command[20101]
2026-08-08T00:10:04.5242158+00:00 ContainerStream:       Executed DbCommand (2ms) [Parameters=[], CommandType='Text', CommandTimeout='30']
2026-08-08T00:10:04.5242222+00:00 ContainerStream:       SELECT [MigrationId], [ProductVersion]
2026-08-08T00:10:04.5242263+00:00 ContainerStream:       FROM [__EFMigrationsHistory]
2026-08-08T00:10:04.5246107+00:00 ContainerStream:       ORDER BY [MigrationId];
2026-08-08T00:10:04.5263917+00:00 ContainerStream: info: Microsoft.EntityFrameworkCore.Database.Command[20101]
2026-08-08T00:10:04.5264216+00:00 ContainerStream:       Executed DbCommand (2ms) [Parameters=[], CommandType='Text', CommandTimeout='30']
2026-08-08T00:10:04.5264291+00:00 ContainerStream:       SELECT TOP(1) [b].[BankAccountNumber]
2026-08-08T00:10:04.5264340+00:00 ContainerStream:       FROM [Beneficiaries] AS [b]
2026-08-08T00:10:04.5264521+00:00 ContainerStream:       ORDER BY [b].[Id]
2026-08-08T00:10:08.5539574+00:00 ContainerStream: info: Microsoft.EntityFrameworkCore.Database.Command[20101]
2026-08-08T00:10:08.5540344+00:00 ContainerStream:       Executed DbCommand (2ms) [Parameters=[], CommandType='Text', CommandTimeout='30']
2026-08-08T00:10:08.5540474+00:00 ContainerStream:       SELECT 1
2026-08-08T00:10:08.5556221+00:00 ContainerStream: info: Microsoft.EntityFrameworkCore.Database.Command[20101]
2026-08-08T00:10:08.5556655+00:00 ContainerStream:       Executed DbCommand (2ms) [Parameters=[], CommandType='Text', CommandTimeout='30']
2026-08-08T00:10:08.5556735+00:00 ContainerStream:       SELECT OBJECT_ID(N'[__EFMigrationsHistory]');
2026-08-08T00:10:08.5588347+00:00 ContainerStream: info: Microsoft.EntityFrameworkCore.Database.Command[20101]
2026-08-08T00:10:08.5588653+00:00 ContainerStream:       Executed DbCommand (2ms) [Parameters=[], CommandType='Text', CommandTimeout='30']
2026-08-08T00:10:08.5588765+00:00 ContainerStream:       SELECT [MigrationId], [ProductVersion]
2026-08-08T00:10:08.5588815+00:00 ContainerStream:       FROM [__EFMigrationsHistory]
2026-08-08T00:10:08.5595809+00:00 ContainerStream:       ORDER BY [MigrationId];
2026-08-08T00:10:08.5609770+00:00 ContainerStream: info: Microsoft.EntityFrameworkCore.Database.Command[20101]
2026-08-08T00:10:08.5610104+00:00 ContainerStream:       Executed DbCommand (2ms) [Parameters=[], CommandType='Text', CommandTimeout='30']
2026-08-08T00:10:08.5610179+00:00 ContainerStream:       SELECT TOP(1) [b].[BankAccountNumber]
2026-08-08T00:10:08.5610228+00:00 ContainerStream:       FROM [Beneficiaries] AS [b]
2026-08-08T00:10:08.5610274+00:00 ContainerStream:       ORDER BY [b].[Id]
2026-08-08T00:10:08.7429522+00:00 ContainerStream: info: Microsoft.EntityFrameworkCore.Database.Command[20101]
2026-08-08T00:10:08.7430469+00:00 ContainerStream:       Executed DbCommand (2ms) [Parameters=[], CommandType='Text', CommandTimeout='30']
2026-08-08T00:10:08.7430585+00:00 ContainerStream:       SELECT 1
2026-08-08T00:10:08.7462053+00:00 ContainerStream: info: Microsoft.EntityFrameworkCore.Database.Command[20101]
2026-08-08T00:10:08.7462846+00:00 ContainerStream:       Executed DbCommand (2ms) [Parameters=[], CommandType='Text', CommandTimeout='30']
2026-08-08T00:10:08.7463010+00:00 ContainerStream:       SELECT OBJECT_ID(N'[__EFMigrationsHistory]');
2026-08-08T00:10:08.7486580+00:00 ContainerStream: info: Microsoft.EntityFrameworkCore.Database.Command[20101]
2026-08-08T00:10:08.7487298+00:00 ContainerStream:       Executed DbCommand (2ms) [Parameters=[], CommandType='Text', CommandTimeout='30']
2026-08-08T00:10:08.7487430+00:00 ContainerStream:       SELECT [MigrationId], [ProductVersion]
2026-08-08T00:10:08.7487534+00:00 ContainerStream:       FROM [__EFMigrationsHistory]
2026-08-08T00:10:08.7487581+00:00 ContainerStream:       ORDER BY [MigrationId];
2026-08-08T00:10:08.7500828+00:00 ContainerStream: info: Microsoft.EntityFrameworkCore.Database.Command[20101]
2026-08-08T00:10:08.7501200+00:00 ContainerStream:       Executed DbCommand (1ms) [Parameters=[], CommandType='Text', CommandTimeout='30']
2026-08-08T00:10:08.7501373+00:00 ContainerStream:       SELECT TOP(1) [b].[BankAccountNumber]
2026-08-08T00:10:08.7501464+00:00 ContainerStream:       FROM [Beneficiaries] AS [b]
2026-08-08T00:10:08.7501503+00:00 ContainerStream:       ORDER BY [b].[Id]
2026-08-08T00:10:11.5828826+00:00 ContainerStream: info: Microsoft.EntityFrameworkCore.Database.Command[20101]
2026-08-08T00:10:11.5829732+00:00 ContainerStream:       Executed DbCommand (2ms) [Parameters=[], CommandType='Text', CommandTimeout='30']
2026-08-08T00:10:11.5829829+00:00 ContainerStream:       SELECT 1
2026-08-08T00:10:11.5844910+00:00 ContainerStream: info: Microsoft.EntityFrameworkCore.Database.Command[20101]
2026-08-08T00:10:11.5849703+00:00 ContainerStream:       Executed DbCommand (2ms) [Parameters=[], CommandType='Text', CommandTimeout='30']
2026-08-08T00:10:11.5849918+00:00 ContainerStream:       SELECT OBJECT_ID(N'[__EFMigrationsHistory]');
2026-08-08T00:10:11.5892867+00:00 ContainerStream: info: Microsoft.EntityFrameworkCore.Database.Command[20101]
2026-08-08T00:10:11.5893392+00:00 ContainerStream:       Executed DbCommand (1ms) [Parameters=[], CommandType='Text', CommandTimeout='30']
2026-08-08T00:10:11.5893471+00:00 ContainerStream:       SELECT [MigrationId], [ProductVersion]
2026-08-08T00:10:11.5893519+00:00 ContainerStream:       FROM [__EFMigrationsHistory]
2026-08-08T00:10:11.5893561+00:00 ContainerStream:       ORDER BY [MigrationId];
2026-08-08T00:10:11.5906824+00:00 ContainerStream: info: Microsoft.EntityFrameworkCore.Database.Command[20101]
2026-08-08T00:10:11.5907202+00:00 ContainerStream:       Executed DbCommand (1ms) [Parameters=[], CommandType='Text', CommandTimeout='30']
2026-08-08T00:10:11.5907270+00:00 ContainerStream:       SELECT TOP(1) [b].[BankAccountNumber]
2026-08-08T00:10:11.5907397+00:00 ContainerStream:       FROM [Beneficiaries] AS [b]
2026-08-08T00:10:11.5907438+00:00 ContainerStream:       ORDER BY [b].[Id]
2026-08-08T00:10:17.5017469+00:00 ContainerStream: info: Microsoft.EntityFrameworkCore.Database.Command[20101]
2026-08-08T00:10:17.5018214+00:00 ContainerStream:       Executed DbCommand (2ms) [Parameters=[], CommandType='Text', CommandTimeout='30']
2026-08-08T00:10:17.5018328+00:00 ContainerStream:       SELECT 1
2026-08-08T00:10:17.5039342+00:00 ContainerStream: info: Microsoft.EntityFrameworkCore.Database.Command[20101]
2026-08-08T00:10:17.5039876+00:00 ContainerStream:       Executed DbCommand (2ms) [Parameters=[], CommandType='Text', CommandTimeout='30']
2026-08-08T00:10:17.5040019+00:00 ContainerStream:       SELECT OBJECT_ID(N'[__EFMigrationsHistory]');
2026-08-08T00:10:17.5075915+00:00 ContainerStream: info: Microsoft.EntityFrameworkCore.Database.Command[20101]
2026-08-08T00:10:17.5076470+00:00 ContainerStream:       Executed DbCommand (2ms) [Parameters=[], CommandType='Text', CommandTimeout='30']
2026-08-08T00:10:17.5076562+00:00 ContainerStream:       SELECT [MigrationId], [ProductVersion]
2026-08-08T00:10:17.5076648+00:00 ContainerStream:       FROM [__EFMigrationsHistory]
2026-08-08T00:10:17.5076694+00:00 ContainerStream:       ORDER BY [MigrationId];
2026-08-08T00:10:17.5095909+00:00 ContainerStream: info: Microsoft.EntityFrameworkCore.Database.Command[20101]
2026-08-08T00:10:17.5096541+00:00 ContainerStream:       Executed DbCommand (1ms) [Parameters=[], CommandType='Text', CommandTimeout='30']
2026-08-08T00:10:17.5096628+00:00 ContainerStream:       SELECT TOP(1) [b].[BankAccountNumber]
2026-08-08T00:10:17.5096720+00:00 ContainerStream:       FROM [Beneficiaries] AS [b]
2026-08-08T00:10:17.5096760+00:00 ContainerStream:       ORDER BY [b].[Id]
2026-08-08T00:10:18.2724691+00:00 ContainerStream: info: Microsoft.EntityFrameworkCore.Database.Command[20101]
2026-08-08T00:10:18.2725452+00:00 ContainerStream:       Executed DbCommand (2ms) [Parameters=[], CommandType='Text', CommandTimeout='30']
2026-08-08T00:10:18.2725648+00:00 ContainerStream:       SELECT 1
2026-08-08T00:10:18.2754229+00:00 ContainerStream: info: Microsoft.EntityFrameworkCore.Database.Command[20101]
2026-08-08T00:10:18.2754755+00:00 ContainerStream:       Executed DbCommand (2ms) [Parameters=[], CommandType='Text', CommandTimeout='30']
2026-08-08T00:10:18.2754847+00:00 ContainerStream:       SELECT OBJECT_ID(N'[__EFMigrationsHistory]');
2026-08-08T00:10:18.2772382+00:00 ContainerStream: info: Microsoft.EntityFrameworkCore.Database.Command[20101]
2026-08-08T00:10:18.2772827+00:00 ContainerStream:       Executed DbCommand (2ms) [Parameters=[], CommandType='Text', CommandTimeout='30']
2026-08-08T00:10:18.2772915+00:00 ContainerStream:       SELECT [MigrationId], [ProductVersion]
2026-08-08T00:10:18.2772967+00:00 ContainerStream:       FROM [__EFMigrationsHistory]
2026-08-08T00:10:18.2773012+00:00 ContainerStream:       ORDER BY [MigrationId];
2026-08-08T00:10:18.2789122+00:00 ContainerStream: info: Microsoft.EntityFrameworkCore.Database.Command[20101]
2026-08-08T00:10:18.2789468+00:00 ContainerStream:       Executed DbCommand (1ms) [Parameters=[], CommandType='Text', CommandTimeout='30']
2026-08-08T00:10:18.2789537+00:00 ContainerStream:       SELECT TOP(1) [b].[BankAccountNumber]
2026-08-08T00:10:18.2789580+00:00 ContainerStream:       FROM [Beneficiaries] AS [b]
2026-08-08T00:10:18.2789620+00:00 ContainerStream:       ORDER BY [b].[Id]
2026-08-08T00:10:21.9915366+00:00 ContainerStream: info: Microsoft.EntityFrameworkCore.Database.Command[20101]
2026-08-08T00:10:21.9916248+00:00 ContainerStream:       Executed DbCommand (4ms) [Parameters=[], CommandType='Text', CommandTimeout='30']
2026-08-08T00:10:21.9916388+00:00 ContainerStream:       SELECT 1
2026-08-08T00:10:21.9933409+00:00 ContainerStream: info: Microsoft.EntityFrameworkCore.Database.Command[20101]
2026-08-08T00:10:21.9933953+00:00 ContainerStream:       Executed DbCommand (2ms) [Parameters=[], CommandType='Text', CommandTimeout='30']
2026-08-08T00:10:21.9934063+00:00 ContainerStream:       SELECT OBJECT_ID(N'[__EFMigrationsHistory]');
2026-08-08T00:10:21.9966147+00:00 ContainerStream: info: Microsoft.EntityFrameworkCore.Database.Command[20101]
2026-08-08T00:10:21.9966492+00:00 ContainerStream:       Executed DbCommand (1ms) [Parameters=[], CommandType='Text', CommandTimeout='30']
2026-08-08T00:10:21.9966605+00:00 ContainerStream:       SELECT [MigrationId], [ProductVersion]
2026-08-08T00:10:21.9966883+00:00 ContainerStream:       FROM [__EFMigrationsHistory]
2026-08-08T00:10:21.9967553+00:00 ContainerStream:       ORDER BY [MigrationId];
2026-08-08T00:10:21.9984697+00:00 ContainerStream: info: Microsoft.EntityFrameworkCore.Database.Command[20101]
2026-08-08T00:10:21.9985106+00:00 ContainerStream:       Executed DbCommand (1ms) [Parameters=[], CommandType='Text', CommandTimeout='30']
2026-08-08T00:10:21.9985173+00:00 ContainerStream:       SELECT TOP(1) [b].[BankAccountNumber]
2026-08-08T00:10:21.9985213+00:00 ContainerStream:       FROM [Beneficiaries] AS [b]
2026-08-08T00:10:21.9985254+00:00 ContainerStream:       ORDER BY [b].[Id]
2026-08-08T00:10:24.2835157+00:00 ContainerStream: info: Microsoft.EntityFrameworkCore.Database.Command[20101]
2026-08-08T00:10:24.2835987+00:00 ContainerStream:       Executed DbCommand (2ms) [Parameters=[], CommandType='Text', CommandTimeout='30']
2026-08-08T00:10:24.2836101+00:00 ContainerStream:       SELECT 1
2026-08-08T00:10:24.2850857+00:00 ContainerStream: info: Microsoft.EntityFrameworkCore.Database.Command[20101]
2026-08-08T00:10:24.2851391+00:00 ContainerStream:       Executed DbCommand (2ms) [Parameters=[], CommandType='Text', CommandTimeout='30']
2026-08-08T00:10:24.2851529+00:00 ContainerStream:       SELECT OBJECT_ID(N'[__EFMigrationsHistory]');
2026-08-08T00:10:24.2880589+00:00 ContainerStream: info: Microsoft.EntityFrameworkCore.Database.Command[20101]
2026-08-08T00:10:24.2880976+00:00 ContainerStream:       Executed DbCommand (1ms) [Parameters=[], CommandType='Text', CommandTimeout='30']
2026-08-08T00:10:24.2881056+00:00 ContainerStream:       SELECT [MigrationId], [ProductVersion]
2026-08-08T00:10:24.2881105+00:00 ContainerStream:       FROM [__EFMigrationsHistory]
2026-08-08T00:10:24.2881199+00:00 ContainerStream:       ORDER BY [MigrationId];
2026-08-08T00:10:24.2893049+00:00 ContainerStream: info: Microsoft.EntityFrameworkCore.Database.Command[20101]
2026-08-08T00:10:24.2893393+00:00 ContainerStream:       Executed DbCommand (1ms) [Parameters=[], CommandType='Text', CommandTimeout='30']
2026-08-08T00:10:24.2893462+00:00 ContainerStream:       SELECT TOP(1) [b].[BankAccountNumber]
2026-08-08T00:10:24.2893503+00:00 ContainerStream:       FROM [Beneficiaries] AS [b]
2026-08-08T00:10:24.2893591+00:00 ContainerStream:       ORDER BY [b].[Id]
2026-08-08T00:10:26.6998135+00:00 ContainerStream: info: Microsoft.EntityFrameworkCore.Database.Command[20101]
2026-08-08T00:10:26.6998975+00:00 ContainerStream:       Executed DbCommand (2ms) [Parameters=[], CommandType='Text', CommandTimeout='30']
2026-08-08T00:10:26.6999079+00:00 ContainerStream:       SELECT 1
2026-08-08T00:10:26.7015921+00:00 ContainerStream: info: Microsoft.EntityFrameworkCore.Database.Command[20101]
2026-08-08T00:10:26.7018368+00:00 ContainerStream:       Executed DbCommand (2ms) [Parameters=[], CommandType='Text', CommandTimeout='30']
2026-08-08T00:10:26.7018506+00:00 ContainerStream:       SELECT OBJECT_ID(N'[__EFMigrationsHistory]');
2026-08-08T00:10:26.7042881+00:00 ContainerStream: info: Microsoft.EntityFrameworkCore.Database.Command[20101]
2026-08-08T00:10:26.7043231+00:00 ContainerStream:       Executed DbCommand (2ms) [Parameters=[], CommandType='Text', CommandTimeout='30']
2026-08-08T00:10:26.7043298+00:00 ContainerStream:       SELECT [MigrationId], [ProductVersion]
2026-08-08T00:10:26.7043337+00:00 ContainerStream:       FROM [__EFMigrationsHistory]
2026-08-08T00:10:26.7050462+00:00 ContainerStream:       ORDER BY [MigrationId];
2026-08-08T00:10:26.7060147+00:00 ContainerStream: info: Microsoft.EntityFrameworkCore.Database.Command[20101]
2026-08-08T00:10:26.7060461+00:00 ContainerStream:       Executed DbCommand (1ms) [Parameters=[], CommandType='Text', CommandTimeout='30']
2026-08-08T00:10:26.7066766+00:00 ContainerStream:       SELECT TOP(1) [b].[BankAccountNumber]
2026-08-08T00:10:26.7066920+00:00 ContainerStream:       FROM [Beneficiaries] AS [b]
2026-08-08T00:10:26.7066964+00:00 ContainerStream:       ORDER BY [b].[Id]
2026-08-08T00:10:27.2376050+00:00 ContainerStream: info: Microsoft.EntityFrameworkCore.Database.Command[20101]
2026-08-08T00:10:27.2376702+00:00 ContainerStream:       Executed DbCommand (2ms) [Parameters=[], CommandType='Text', CommandTimeout='30']
2026-08-08T00:10:27.2376830+00:00 ContainerStream:       SELECT 1
2026-08-08T00:10:27.2444816+00:00 ContainerStream: info: Microsoft.EntityFrameworkCore.Database.Command[20101]
2026-08-08T00:10:27.2449968+00:00 ContainerStream:       Executed DbCommand (4ms) [Parameters=[], CommandType='Text', CommandTimeout='30']
2026-08-08T00:10:27.2450229+00:00 ContainerStream:       SELECT OBJECT_ID(N'[__EFMigrationsHistory]');
2026-08-08T00:10:27.2450288+00:00 ContainerStream: info: Microsoft.EntityFrameworkCore.Database.Command[20101]
2026-08-08T00:10:27.2450332+00:00 ContainerStream:       Executed DbCommand (2ms) [Parameters=[], CommandType='Text', CommandTimeout='30']
2026-08-08T00:10:27.2450381+00:00 ContainerStream:       SELECT [MigrationId], [ProductVersion]
2026-08-08T00:10:27.2450442+00:00 ContainerStream:       FROM [__EFMigrationsHistory]
2026-08-08T00:10:27.2450485+00:00 ContainerStream:       ORDER BY [MigrationId];
2026-08-08T00:10:27.2478378+00:00 ContainerStream: info: Microsoft.EntityFrameworkCore.Database.Command[20101]
2026-08-08T00:10:27.2478748+00:00 ContainerStream:       Executed DbCommand (2ms) [Parameters=[], CommandType='Text', CommandTimeout='30']
2026-08-08T00:10:27.2478826+00:00 ContainerStream:       SELECT TOP(1) [b].[BankAccountNumber]
2026-08-08T00:10:27.2478914+00:00 ContainerStream:       FROM [Beneficiaries] AS [b]
2026-08-08T00:10:27.2478954+00:00 ContainerStream:       ORDER BY [b].[Id]
2026-08-08T00:10:28.7961239+00:00 ContainerStream: info: Microsoft.EntityFrameworkCore.Database.Command[20101]
2026-08-08T00:10:28.7962290+00:00 ContainerStream:       Executed DbCommand (2ms) [Parameters=[], CommandType='Text', CommandTimeout='30']
2026-08-08T00:10:28.7962434+00:00 ContainerStream:       SELECT 1
2026-08-08T00:10:28.7992422+00:00 ContainerStream: info: Microsoft.EntityFrameworkCore.Database.Command[20101]
2026-08-08T00:10:28.7992890+00:00 ContainerStream:       Executed DbCommand (2ms) [Parameters=[], CommandType='Text', CommandTimeout='30']
2026-08-08T00:10:28.7993004+00:00 ContainerStream:       SELECT OBJECT_ID(N'[__EFMigrationsHistory]');
2026-08-08T00:10:28.8005685+00:00 ContainerStream: info: Microsoft.EntityFrameworkCore.Database.Command[20101]
2026-08-08T00:10:28.8006045+00:00 ContainerStream:       Executed DbCommand (1ms) [Parameters=[], CommandType='Text', CommandTimeout='30']
2026-08-08T00:10:28.8006116+00:00 ContainerStream:       SELECT [MigrationId], [ProductVersion]
2026-08-08T00:10:28.8006194+00:00 ContainerStream:       FROM [__EFMigrationsHistory]
2026-08-08T00:10:28.8006238+00:00 ContainerStream:       ORDER BY [MigrationId];
2026-08-08T00:10:28.8024437+00:00 ContainerStream: info: Microsoft.EntityFrameworkCore.Database.Command[20101]
2026-08-08T00:10:28.8024745+00:00 ContainerStream:       Executed DbCommand (1ms) [Parameters=[], CommandType='Text', CommandTimeout='30']
2026-08-08T00:10:28.8024829+00:00 ContainerStream:       SELECT TOP(1) [b].[BankAccountNumber]
2026-08-08T00:10:28.8024918+00:00 ContainerStream:       FROM [Beneficiaries] AS [b]
2026-08-08T00:10:28.8024965+00:00 ContainerStream:       ORDER BY [b].[Id]
2026-08-08T00:10:33.2701475+00:00 ContainerStream: info: Microsoft.EntityFrameworkCore.Database.Command[20101]
2026-08-08T00:10:33.2702362+00:00 ContainerStream:       Executed DbCommand (2ms) [Parameters=[], CommandType='Text', CommandTimeout='30']
2026-08-08T00:10:33.2702574+00:00 ContainerStream:       SELECT 1
2026-08-08T00:10:33.2729778+00:00 ContainerStream: info: Microsoft.EntityFrameworkCore.Database.Command[20101]
2026-08-08T00:10:33.2732947+00:00 ContainerStream:       Executed DbCommand (2ms) [Parameters=[], CommandType='Text', CommandTimeout='30']
2026-08-08T00:10:33.2733143+00:00 ContainerStream:       SELECT OBJECT_ID(N'[__EFMigrationsHistory]');
2026-08-08T00:10:33.2760503+00:00 ContainerStream: info: Microsoft.EntityFrameworkCore.Database.Command[20101]
2026-08-08T00:10:33.2761017+00:00 ContainerStream:       Executed DbCommand (2ms) [Parameters=[], CommandType='Text', CommandTimeout='30']
2026-08-08T00:10:33.2761110+00:00 ContainerStream:       SELECT [MigrationId], [ProductVersion]
2026-08-08T00:10:33.2761157+00:00 ContainerStream:       FROM [__EFMigrationsHistory]
2026-08-08T00:10:33.2761202+00:00 ContainerStream:       ORDER BY [MigrationId];
2026-08-08T00:10:33.2773764+00:00 ContainerStream: info: Microsoft.EntityFrameworkCore.Database.Command[20101]
2026-08-08T00:10:33.2774089+00:00 ContainerStream:       Executed DbCommand (1ms) [Parameters=[], CommandType='Text', CommandTimeout='30']
2026-08-08T00:10:33.2774157+00:00 ContainerStream:       SELECT TOP(1) [b].[BankAccountNumber]
2026-08-08T00:10:33.2774196+00:00 ContainerStream:       FROM [Beneficiaries] AS [b]
2026-08-08T00:10:33.2774234+00:00 ContainerStream:       ORDER BY [b].[Id]
2026-08-08T00:10:35.9002473+00:00 ContainerStream: info: Microsoft.EntityFrameworkCore.Database.Command[20101]
2026-08-08T00:10:35.9003427+00:00 ContainerStream:       Executed DbCommand (2ms) [Parameters=[], CommandType='Text', CommandTimeout='30']
2026-08-08T00:10:35.9003535+00:00 ContainerStream:       SELECT 1
2026-08-08T00:10:35.9022373+00:00 ContainerStream: info: Microsoft.EntityFrameworkCore.Database.Command[20101]
2026-08-08T00:10:35.9023094+00:00 ContainerStream:       Executed DbCommand (2ms) [Parameters=[], CommandType='Text', CommandTimeout='30']
2026-08-08T00:10:35.9023203+00:00 ContainerStream:       SELECT OBJECT_ID(N'[__EFMigrationsHistory]');
2026-08-08T00:10:35.9052634+00:00 ContainerStream: info: Microsoft.EntityFrameworkCore.Database.Command[20101]
2026-08-08T00:10:35.9053001+00:00 ContainerStream:       Executed DbCommand (2ms) [Parameters=[], CommandType='Text', CommandTimeout='30']
2026-08-08T00:10:35.9053123+00:00 ContainerStream:       SELECT [MigrationId], [ProductVersion]
2026-08-08T00:10:35.9053169+00:00 ContainerStream:       FROM [__EFMigrationsHistory]
2026-08-08T00:10:35.9058245+00:00 ContainerStream:       ORDER BY [MigrationId];
2026-08-08T00:10:35.9073042+00:00 ContainerStream: info: Microsoft.EntityFrameworkCore.Database.Command[20101]
2026-08-08T00:10:35.9073386+00:00 ContainerStream:       Executed DbCommand (1ms) [Parameters=[], CommandType='Text', CommandTimeout='30']
2026-08-08T00:10:35.9073458+00:00 ContainerStream:       SELECT TOP(1) [b].[BankAccountNumber]
2026-08-08T00:10:35.9073498+00:00 ContainerStream:       FROM [Beneficiaries] AS [b]
2026-08-08T00:10:35.9073532+00:00 ContainerStream:       ORDER BY [b].[Id]
2026-08-08T00:10:37.0212345+00:00 ContainerStream: info: Microsoft.EntityFrameworkCore.Database.Command[20101]
2026-08-08T00:10:37.0213185+00:00 ContainerStream:       Executed DbCommand (2ms) [Parameters=[], CommandType='Text', CommandTimeout='30']
2026-08-08T00:10:37.0213276+00:00 ContainerStream:       SELECT 1
2026-08-08T00:10:37.0239755+00:00 ContainerStream: info: Microsoft.EntityFrameworkCore.Database.Command[20101]
2026-08-08T00:10:37.0240300+00:00 ContainerStream:       Executed DbCommand (2ms) [Parameters=[], CommandType='Text', CommandTimeout='30']
2026-08-08T00:10:37.0240451+00:00 ContainerStream:       SELECT OBJECT_ID(N'[__EFMigrationsHistory]');
2026-08-08T00:10:37.0258484+00:00 ContainerStream: info: Microsoft.EntityFrameworkCore.Database.Command[20101]
2026-08-08T00:10:37.0259065+00:00 ContainerStream:       Executed DbCommand (2ms) [Parameters=[], CommandType='Text', CommandTimeout='30']
2026-08-08T00:10:37.0259151+00:00 ContainerStream:       SELECT [MigrationId], [ProductVersion]
2026-08-08T00:10:37.0259192+00:00 ContainerStream:       FROM [__EFMigrationsHistory]
2026-08-08T00:10:37.0259268+00:00 ContainerStream:       ORDER BY [MigrationId];
2026-08-08T00:10:37.0277347+00:00 ContainerStream: info: Microsoft.EntityFrameworkCore.Database.Command[20101]
2026-08-08T00:10:37.0277679+00:00 ContainerStream:       Executed DbCommand (1ms) [Parameters=[], CommandType='Text', CommandTimeout='30']
2026-08-08T00:10:37.0277745+00:00 ContainerStream:       SELECT TOP(1) [b].[BankAccountNumber]
2026-08-08T00:10:37.0277787+00:00 ContainerStream:       FROM [Beneficiaries] AS [b]
2026-08-08T00:10:37.0277981+00:00 ContainerStream:       ORDER BY [b].[Id]
2026-08-08T00:10:43.3114243+00:00 ContainerStream: info: Microsoft.EntityFrameworkCore.Database.Command[20101]
2026-08-08T00:10:43.3115053+00:00 ContainerStream:       Executed DbCommand (2ms) [Parameters=[], CommandType='Text', CommandTimeout='30']
2026-08-08T00:10:43.3115167+00:00 ContainerStream:       SELECT 1
2026-08-08T00:10:43.3141218+00:00 ContainerStream: info: Microsoft.EntityFrameworkCore.Database.Command[20101]
2026-08-08T00:10:43.3142938+00:00 ContainerStream:       Executed DbCommand (1ms) [Parameters=[], CommandType='Text', CommandTimeout='30']
2026-08-08T00:10:43.3143076+00:00 ContainerStream:       SELECT OBJECT_ID(N'[__EFMigrationsHistory]');
2026-08-08T00:10:43.3154727+00:00 ContainerStream: info: Microsoft.EntityFrameworkCore.Database.Command[20101]
2026-08-08T00:10:43.3155153+00:00 ContainerStream:       Executed DbCommand (1ms) [Parameters=[], CommandType='Text', CommandTimeout='30']
2026-08-08T00:10:43.3155218+00:00 ContainerStream:       SELECT [MigrationId], [ProductVersion]
2026-08-08T00:10:43.3155256+00:00 ContainerStream:       FROM [__EFMigrationsHistory]
2026-08-08T00:10:43.3155292+00:00 ContainerStream:       ORDER BY [MigrationId];
2026-08-08T00:10:43.3172520+00:00 ContainerStream: info: Microsoft.EntityFrameworkCore.Database.Command[20101]
2026-08-08T00:10:43.3172858+00:00 ContainerStream:       Executed DbCommand (1ms) [Parameters=[], CommandType='Text', CommandTimeout='30']
2026-08-08T00:10:43.3172918+00:00 ContainerStream:       SELECT TOP(1) [b].[BankAccountNumber]
2026-08-08T00:10:43.3172955+00:00 ContainerStream:       FROM [Beneficiaries] AS [b]
2026-08-08T00:10:43.3172992+00:00 ContainerStream:       ORDER BY [b].[Id]
2026-08-08T00:10:52.1677473+00:00 ContainerStream: info: Microsoft.EntityFrameworkCore.Database.Command[20101]
2026-08-08T00:10:52.1678229+00:00 ContainerStream:       Executed DbCommand (2ms) [Parameters=[], CommandType='Text', CommandTimeout='30']
2026-08-08T00:10:52.1678361+00:00 ContainerStream:       SELECT 1
2026-08-08T00:10:52.1694247+00:00 ContainerStream: info: Microsoft.EntityFrameworkCore.Database.Command[20101]
2026-08-08T00:10:52.1694885+00:00 ContainerStream:       Executed DbCommand (2ms) [Parameters=[], CommandType='Text', CommandTimeout='30']
2026-08-08T00:10:52.1695036+00:00 ContainerStream:       SELECT OBJECT_ID(N'[__EFMigrationsHistory]');
2026-08-08T00:10:52.1727645+00:00 ContainerStream: info: Microsoft.EntityFrameworkCore.Database.Command[20101]
2026-08-08T00:10:52.1728159+00:00 ContainerStream:       Executed DbCommand (2ms) [Parameters=[], CommandType='Text', CommandTimeout='30']
2026-08-08T00:10:52.1728237+00:00 ContainerStream:       SELECT [MigrationId], [ProductVersion]
2026-08-08T00:10:52.1728322+00:00 ContainerStream:       FROM [__EFMigrationsHistory]
2026-08-08T00:10:52.1728363+00:00 ContainerStream:       ORDER BY [MigrationId];
2026-08-08T00:10:52.1747805+00:00 ContainerStream: info: Microsoft.EntityFrameworkCore.Database.Command[20101]
2026-08-08T00:10:52.1748246+00:00 ContainerStream:       Executed DbCommand (1ms) [Parameters=[], CommandType='Text', CommandTimeout='30']
2026-08-08T00:10:52.1748323+00:00 ContainerStream:       SELECT TOP(1) [b].[BankAccountNumber]
2026-08-08T00:10:52.1748414+00:00 ContainerStream:       FROM [Beneficiaries] AS [b]
2026-08-08T00:10:52.1748457+00:00 ContainerStream:       ORDER BY [b].[Id]
2026-08-08T00:10:54.9547410+00:00 ContainerStream: info: Microsoft.EntityFrameworkCore.Database.Command[20101]
2026-08-08T00:10:54.9548234+00:00 ContainerStream:       Executed DbCommand (2ms) [Parameters=[], CommandType='Text', CommandTimeout='30']
2026-08-08T00:10:54.9548434+00:00 ContainerStream:       SELECT 1
2026-08-08T00:10:54.9562387+00:00 ContainerStream: info: Microsoft.EntityFrameworkCore.Database.Command[20101]
2026-08-08T00:10:54.9562949+00:00 ContainerStream:       Executed DbCommand (1ms) [Parameters=[], CommandType='Text', CommandTimeout='30']
2026-08-08T00:10:54.9563055+00:00 ContainerStream:       SELECT OBJECT_ID(N'[__EFMigrationsHistory]');
2026-08-08T00:10:54.9593836+00:00 ContainerStream: info: Microsoft.EntityFrameworkCore.Database.Command[20101]
2026-08-08T00:10:54.9594260+00:00 ContainerStream:       Executed DbCommand (2ms) [Parameters=[], CommandType='Text', CommandTimeout='30']
2026-08-08T00:10:54.9594335+00:00 ContainerStream:       SELECT [MigrationId], [ProductVersion]
2026-08-08T00:10:54.9594376+00:00 ContainerStream:       FROM [__EFMigrationsHistory]
2026-08-08T00:10:54.9594411+00:00 ContainerStream:       ORDER BY [MigrationId];
2026-08-08T00:10:54.9614367+00:00 ContainerStream: info: Microsoft.EntityFrameworkCore.Database.Command[20101]
2026-08-08T00:10:54.9614727+00:00 ContainerStream:       Executed DbCommand (2ms) [Parameters=[], CommandType='Text', CommandTimeout='30']
2026-08-08T00:10:54.9614907+00:00 ContainerStream:       SELECT TOP(1) [b].[BankAccountNumber]
2026-08-08T00:10:54.9614958+00:00 ContainerStream:       FROM [Beneficiaries] AS [b]
2026-08-08T00:10:54.9615003+00:00 ContainerStream:       ORDER BY [b].[Id]
2026-08-08T00:10:56.9836796+00:00 ContainerStream: info: Microsoft.EntityFrameworkCore.Database.Command[20101]
2026-08-08T00:10:56.9837626+00:00 ContainerStream:       Executed DbCommand (2ms) [Parameters=[], CommandType='Text', CommandTimeout='30']
2026-08-08T00:10:56.9837736+00:00 ContainerStream:       SELECT 1
2026-08-08T00:10:56.9854152+00:00 ContainerStream: info: Microsoft.EntityFrameworkCore.Database.Command[20101]
2026-08-08T00:10:56.9867360+00:00 ContainerStream:       Executed DbCommand (2ms) [Parameters=[], CommandType='Text', CommandTimeout='30']
2026-08-08T00:10:56.9867568+00:00 ContainerStream:       SELECT OBJECT_ID(N'[__EFMigrationsHistory]');
2026-08-08T00:10:56.9885523+00:00 ContainerStream: info: Microsoft.EntityFrameworkCore.Database.Command[20101]
2026-08-08T00:10:56.9885850+00:00 ContainerStream:       Executed DbCommand (1ms) [Parameters=[], CommandType='Text', CommandTimeout='30']
2026-08-08T00:10:56.9885971+00:00 ContainerStream:       SELECT [MigrationId], [ProductVersion]
2026-08-08T00:10:56.9886021+00:00 ContainerStream:       FROM [__EFMigrationsHistory]
2026-08-08T00:10:56.9886065+00:00 ContainerStream:       ORDER BY [MigrationId];
2026-08-08T00:10:56.9897942+00:00 ContainerStream: info: Microsoft.EntityFrameworkCore.Database.Command[20101]
2026-08-08T00:10:56.9898237+00:00 ContainerStream:       Executed DbCommand (1ms) [Parameters=[], CommandType='Text', CommandTimeout='30']
2026-08-08T00:10:56.9898357+00:00 ContainerStream:       SELECT TOP(1) [b].[BankAccountNumber]
2026-08-08T00:10:56.9898405+00:00 ContainerStream:       FROM [Beneficiaries] AS [b]
2026-08-08T00:10:56.9898624+00:00 ContainerStream:       ORDER BY [b].[Id]
2026-08-08T00:11:00.2467444+00:00 ContainerStream: info: Microsoft.EntityFrameworkCore.Database.Command[20101]
2026-08-08T00:11:00.2468419+00:00 ContainerStream:       Executed DbCommand (14ms) [Parameters=[], CommandType='Text', CommandTimeout='30']
2026-08-08T00:11:00.2468520+00:00 ContainerStream:       SELECT 1
2026-08-08T00:11:00.2500223+00:00 ContainerStream: info: Microsoft.EntityFrameworkCore.Database.Command[20101]
2026-08-08T00:11:00.2500787+00:00 ContainerStream:       Executed DbCommand (2ms) [Parameters=[], CommandType='Text', CommandTimeout='30']
2026-08-08T00:11:00.2500881+00:00 ContainerStream:       SELECT OBJECT_ID(N'[__EFMigrationsHistory]');
2026-08-08T00:11:00.2514475+00:00 ContainerStream: info: Microsoft.EntityFrameworkCore.Database.Command[20101]
2026-08-08T00:11:00.2514797+00:00 ContainerStream:       Executed DbCommand (2ms) [Parameters=[], CommandType='Text', CommandTimeout='30']
2026-08-08T00:11:00.2514867+00:00 ContainerStream:       SELECT [MigrationId], [ProductVersion]
2026-08-08T00:11:00.2514906+00:00 ContainerStream:       FROM [__EFMigrationsHistory]
2026-08-08T00:11:00.2514999+00:00 ContainerStream:       ORDER BY [MigrationId];
2026-08-08T00:11:00.2532769+00:00 ContainerStream: info: Microsoft.EntityFrameworkCore.Database.Command[20101]
2026-08-08T00:11:00.2533060+00:00 ContainerStream:       Executed DbCommand (1ms) [Parameters=[], CommandType='Text', CommandTimeout='30']
2026-08-08T00:11:00.2533250+00:00 ContainerStream:       SELECT TOP(1) [b].[BankAccountNumber]
2026-08-08T00:11:00.2533294+00:00 ContainerStream:       FROM [Beneficiaries] AS [b]
2026-08-08T00:11:00.2533373+00:00 ContainerStream:       ORDER BY [b].[Id]
2026-08-08T00:11:00.4664125+00:00 ContainerStream: info: Microsoft.EntityFrameworkCore.Database.Command[20101]
2026-08-08T00:11:00.4665220+00:00 ContainerStream:       Executed DbCommand (2ms) [Parameters=[], CommandType='Text', CommandTimeout='30']
2026-08-08T00:11:00.4665352+00:00 ContainerStream:       SELECT 1
2026-08-08T00:11:00.4680230+00:00 ContainerStream: info: Microsoft.EntityFrameworkCore.Database.Command[20101]
2026-08-08T00:11:00.4680630+00:00 ContainerStream:       Executed DbCommand (1ms) [Parameters=[], CommandType='Text', CommandTimeout='30']
2026-08-08T00:11:00.4680704+00:00 ContainerStream:       SELECT OBJECT_ID(N'[__EFMigrationsHistory]');
2026-08-08T00:11:00.4710660+00:00 ContainerStream: info: Microsoft.EntityFrameworkCore.Database.Command[20101]
2026-08-08T00:11:00.4711007+00:00 ContainerStream:       Executed DbCommand (1ms) [Parameters=[], CommandType='Text', CommandTimeout='30']
2026-08-08T00:11:00.4711127+00:00 ContainerStream:       SELECT [MigrationId], [ProductVersion]
2026-08-08T00:11:00.4711173+00:00 ContainerStream:       FROM [__EFMigrationsHistory]
2026-08-08T00:11:00.4711211+00:00 ContainerStream:       ORDER BY [MigrationId];
2026-08-08T00:11:00.4723718+00:00 ContainerStream: info: Microsoft.EntityFrameworkCore.Database.Command[20101]
2026-08-08T00:11:00.4724014+00:00 ContainerStream:       Executed DbCommand (1ms) [Parameters=[], CommandType='Text', CommandTimeout='30']
2026-08-08T00:11:00.4724126+00:00 ContainerStream:       SELECT TOP(1) [b].[BankAccountNumber]
2026-08-08T00:11:00.4724166+00:00 ContainerStream:       FROM [Beneficiaries] AS [b]
2026-08-08T00:11:00.4724210+00:00 ContainerStream:       ORDER BY [b].[Id]
2026-08-08T00:11:02.1590703+00:00 ContainerStream: info: Microsoft.EntityFrameworkCore.Database.Command[20101]
2026-08-08T00:11:02.1591609+00:00 ContainerStream:       Executed DbCommand (2ms) [Parameters=[], CommandType='Text', CommandTimeout='30']
2026-08-08T00:11:02.1591750+00:00 ContainerStream:       SELECT 1
2026-08-08T00:11:02.1610206+00:00 ContainerStream: info: Microsoft.EntityFrameworkCore.Database.Command[20101]
2026-08-08T00:11:02.1610782+00:00 ContainerStream:       Executed DbCommand (2ms) [Parameters=[], CommandType='Text', CommandTimeout='30']
2026-08-08T00:11:02.1610890+00:00 ContainerStream:       SELECT OBJECT_ID(N'[__EFMigrationsHistory]');
2026-08-08T00:11:02.1635608+00:00 ContainerStream: info: Microsoft.EntityFrameworkCore.Database.Command[20101]
2026-08-08T00:11:02.1636008+00:00 ContainerStream:       Executed DbCommand (1ms) [Parameters=[], CommandType='Text', CommandTimeout='30']
2026-08-08T00:11:02.1636090+00:00 ContainerStream:       SELECT [MigrationId], [ProductVersion]
2026-08-08T00:11:02.1636136+00:00 ContainerStream:       FROM [__EFMigrationsHistory]
2026-08-08T00:11:02.1636218+00:00 ContainerStream:       ORDER BY [MigrationId];
2026-08-08T00:11:02.1659217+00:00 ContainerStream: info: Microsoft.EntityFrameworkCore.Database.Command[20101]
2026-08-08T00:11:02.1659544+00:00 ContainerStream:       Executed DbCommand (1ms) [Parameters=[], CommandType='Text', CommandTimeout='30']
2026-08-08T00:11:02.1659614+00:00 ContainerStream:       SELECT TOP(1) [b].[BankAccountNumber]
2026-08-08T00:11:02.1659657+00:00 ContainerStream:       FROM [Beneficiaries] AS [b]
2026-08-08T00:11:02.1659735+00:00 ContainerStream:       ORDER BY [b].[Id]
2026-08-08T00:11:02.9691215+00:00 ContainerStream: info: Microsoft.EntityFrameworkCore.Database.Command[20101]
2026-08-08T00:11:02.9691964+00:00 ContainerStream:       Executed DbCommand (2ms) [Parameters=[], CommandType='Text', CommandTimeout='30']
2026-08-08T00:11:02.9692069+00:00 ContainerStream:       SELECT 1
2026-08-08T00:11:02.9731467+00:00 ContainerStream: info: Microsoft.EntityFrameworkCore.Database.Command[20101]
2026-08-08T00:11:02.9732203+00:00 ContainerStream:       Executed DbCommand (3ms) [Parameters=[], CommandType='Text', CommandTimeout='30']
2026-08-08T00:11:02.9732277+00:00 ContainerStream:       SELECT OBJECT_ID(N'[__EFMigrationsHistory]');
2026-08-08T00:11:02.9744851+00:00 ContainerStream: info: Microsoft.EntityFrameworkCore.Database.Command[20101]
2026-08-08T00:11:02.9746672+00:00 ContainerStream:       Executed DbCommand (1ms) [Parameters=[], CommandType='Text', CommandTimeout='30']
2026-08-08T00:11:02.9746906+00:00 ContainerStream:       SELECT [MigrationId], [ProductVersion]
2026-08-08T00:11:02.9746951+00:00 ContainerStream:       FROM [__EFMigrationsHistory]
2026-08-08T00:11:02.9746994+00:00 ContainerStream:       ORDER BY [MigrationId];
2026-08-08T00:11:02.9773102+00:00 ContainerStream: info: Microsoft.EntityFrameworkCore.Database.Command[20101]
2026-08-08T00:11:02.9773539+00:00 ContainerStream:       Executed DbCommand (1ms) [Parameters=[], CommandType='Text', CommandTimeout='30']
2026-08-08T00:11:02.9773667+00:00 ContainerStream:       SELECT TOP(1) [b].[BankAccountNumber]
2026-08-08T00:11:02.9773716+00:00 ContainerStream:       FROM [Beneficiaries] AS [b]
2026-08-08T00:11:02.9773764+00:00 ContainerStream:       ORDER BY [b].[Id]
2026-08-08T00:11:04.4711925+00:00 ContainerStream: info: Microsoft.EntityFrameworkCore.Database.Command[20101]
2026-08-08T00:11:04.4712900+00:00 ContainerStream:       Executed DbCommand (2ms) [Parameters=[], CommandType='Text', CommandTimeout='30']
2026-08-08T00:11:04.4713007+00:00 ContainerStream:       SELECT 1
2026-08-08T00:11:04.4739667+00:00 ContainerStream: info: Microsoft.EntityFrameworkCore.Database.Command[20101]
2026-08-08T00:11:04.4740317+00:00 ContainerStream:       Executed DbCommand (2ms) [Parameters=[], CommandType='Text', CommandTimeout='30']
2026-08-08T00:11:04.4740410+00:00 ContainerStream:       SELECT OBJECT_ID(N'[__EFMigrationsHistory]');
2026-08-08T00:11:04.4755803+00:00 ContainerStream: info: Microsoft.EntityFrameworkCore.Database.Command[20101]
2026-08-08T00:11:04.4756196+00:00 ContainerStream:       Executed DbCommand (2ms) [Parameters=[], CommandType='Text', CommandTimeout='30']
2026-08-08T00:11:04.4756376+00:00 ContainerStream:       SELECT [MigrationId], [ProductVersion]
2026-08-08T00:11:04.4756426+00:00 ContainerStream:       FROM [__EFMigrationsHistory]
2026-08-08T00:11:04.4756688+00:00 ContainerStream:       ORDER BY [MigrationId];
2026-08-08T00:11:04.4784849+00:00 ContainerStream: info: Microsoft.EntityFrameworkCore.Database.Command[20101]
2026-08-08T00:11:04.4785237+00:00 ContainerStream:       Executed DbCommand (2ms) [Parameters=[], CommandType='Text', CommandTimeout='30']
2026-08-08T00:11:04.4785316+00:00 ContainerStream:       SELECT TOP(1) [b].[BankAccountNumber]
2026-08-08T00:11:04.4785364+00:00 ContainerStream:       FROM [Beneficiaries] AS [b]
2026-08-08T00:11:04.4785459+00:00 ContainerStream:       ORDER BY [b].[Id]
2026-08-08T00:11:05.8493924+00:00 ContainerStream: info: Microsoft.EntityFrameworkCore.Database.Command[20101]
2026-08-08T00:11:05.8494783+00:00 ContainerStream:       Executed DbCommand (2ms) [Parameters=[], CommandType='Text', CommandTimeout='30']
2026-08-08T00:11:05.8494912+00:00 ContainerStream:       SELECT 1
2026-08-08T00:11:05.8513075+00:00 ContainerStream: info: Microsoft.EntityFrameworkCore.Database.Command[20101]
2026-08-08T00:11:05.8513515+00:00 ContainerStream:       Executed DbCommand (2ms) [Parameters=[], CommandType='Text', CommandTimeout='30']
2026-08-08T00:11:05.8513609+00:00 ContainerStream:       SELECT OBJECT_ID(N'[__EFMigrationsHistory]');
2026-08-08T00:11:05.8542446+00:00 ContainerStream: info: Microsoft.EntityFrameworkCore.Database.Command[20101]
2026-08-08T00:11:05.8544467+00:00 ContainerStream:       Executed DbCommand (1ms) [Parameters=[], CommandType='Text', CommandTimeout='30']
2026-08-08T00:11:05.8544613+00:00 ContainerStream:       SELECT [MigrationId], [ProductVersion]
2026-08-08T00:11:05.8544663+00:00 ContainerStream:       FROM [__EFMigrationsHistory]
2026-08-08T00:11:05.8544703+00:00 ContainerStream:       ORDER BY [MigrationId];
2026-08-08T00:11:05.8554010+00:00 ContainerStream: info: Microsoft.EntityFrameworkCore.Database.Command[20101]
2026-08-08T00:11:05.8554435+00:00 ContainerStream:       Executed DbCommand (1ms) [Parameters=[], CommandType='Text', CommandTimeout='30']
2026-08-08T00:11:05.8554510+00:00 ContainerStream:       SELECT TOP(1) [b].[BankAccountNumber]
2026-08-08T00:11:05.8554551+00:00 ContainerStream:       FROM [Beneficiaries] AS [b]
2026-08-08T00:11:05.8554592+00:00 ContainerStream:       ORDER BY [b].[Id]
2026-08-08T00:11:06.7581949+00:00 ContainerStream: info: Microsoft.EntityFrameworkCore.Database.Command[20101]
2026-08-08T00:11:06.7582803+00:00 ContainerStream:       Executed DbCommand (2ms) [Parameters=[], CommandType='Text', CommandTimeout='30']
2026-08-08T00:11:06.7582899+00:00 ContainerStream:       SELECT 1
2026-08-08T00:11:06.7611770+00:00 ContainerStream: info: Microsoft.EntityFrameworkCore.Database.Command[20101]
2026-08-08T00:11:06.7612425+00:00 ContainerStream:       Executed DbCommand (3ms) [Parameters=[], CommandType='Text', CommandTimeout='30']
2026-08-08T00:11:06.7612604+00:00 ContainerStream:       SELECT OBJECT_ID(N'[__EFMigrationsHistory]');
2026-08-08T00:11:06.7641793+00:00 ContainerStream: info: Microsoft.EntityFrameworkCore.Database.Command[20101]
2026-08-08T00:11:06.7642302+00:00 ContainerStream:       Executed DbCommand (1ms) [Parameters=[], CommandType='Text', CommandTimeout='30']
2026-08-08T00:11:06.7642389+00:00 ContainerStream:       SELECT [MigrationId], [ProductVersion]
2026-08-08T00:11:06.7642430+00:00 ContainerStream:       FROM [__EFMigrationsHistory]
2026-08-08T00:11:06.7648456+00:00 ContainerStream:       ORDER BY [MigrationId];
2026-08-08T00:11:06.7659613+00:00 ContainerStream: info: Microsoft.EntityFrameworkCore.Database.Command[20101]
2026-08-08T00:11:06.7659908+00:00 ContainerStream:       Executed DbCommand (1ms) [Parameters=[], CommandType='Text', CommandTimeout='30']
2026-08-08T00:11:06.7660001+00:00 ContainerStream:       SELECT TOP(1) [b].[BankAccountNumber]
2026-08-08T00:11:06.7660079+00:00 ContainerStream:       FROM [Beneficiaries] AS [b]
2026-08-08T00:11:06.7660125+00:00 ContainerStream:       ORDER BY [b].[Id]
2026-08-08T00:11:07.0771012+00:00 ContainerStream: info: Microsoft.EntityFrameworkCore.Database.Command[20101]
2026-08-08T00:11:07.0771781+00:00 ContainerStream:       Executed DbCommand (2ms) [Parameters=[], CommandType='Text', CommandTimeout='30']
2026-08-08T00:11:07.0771878+00:00 ContainerStream:       SELECT 1
2026-08-08T00:11:07.0802156+00:00 ContainerStream: info: Microsoft.EntityFrameworkCore.Database.Command[20101]
2026-08-08T00:11:07.0802632+00:00 ContainerStream:       Executed DbCommand (2ms) [Parameters=[], CommandType='Text', CommandTimeout='30']
2026-08-08T00:11:07.0802720+00:00 ContainerStream:       SELECT OBJECT_ID(N'[__EFMigrationsHistory]');
2026-08-08T00:11:07.0820342+00:00 ContainerStream: info: Microsoft.EntityFrameworkCore.Database.Command[20101]
2026-08-08T00:11:07.0820743+00:00 ContainerStream:       Executed DbCommand (1ms) [Parameters=[], CommandType='Text', CommandTimeout='30']
2026-08-08T00:11:07.0820817+00:00 ContainerStream:       SELECT [MigrationId], [ProductVersion]
2026-08-08T00:11:07.0820863+00:00 ContainerStream:       FROM [__EFMigrationsHistory]
2026-08-08T00:11:07.0820909+00:00 ContainerStream:       ORDER BY [MigrationId];
2026-08-08T00:11:07.0834029+00:00 ContainerStream: info: Microsoft.EntityFrameworkCore.Database.Command[20101]
2026-08-08T00:11:07.0834377+00:00 ContainerStream:       Executed DbCommand (1ms) [Parameters=[], CommandType='Text', CommandTimeout='30']
2026-08-08T00:11:07.0834452+00:00 ContainerStream:       SELECT TOP(1) [b].[BankAccountNumber]
2026-08-08T00:11:07.0834498+00:00 ContainerStream:       FROM [Beneficiaries] AS [b]
2026-08-08T00:11:07.0834541+00:00 ContainerStream:       ORDER BY [b].[Id]
2026-08-08T00:11:07.6152255+00:00 ContainerStream: info: Microsoft.EntityFrameworkCore.Database.Command[20101]
2026-08-08T00:11:07.6153047+00:00 ContainerStream:       Executed DbCommand (2ms) [Parameters=[], CommandType='Text', CommandTimeout='30']
2026-08-08T00:11:07.6153163+00:00 ContainerStream:       SELECT 1
2026-08-08T00:11:07.6180622+00:00 ContainerStream: info: Microsoft.EntityFrameworkCore.Database.Command[20101]
2026-08-08T00:11:07.6181217+00:00 ContainerStream:       Executed DbCommand (2ms) [Parameters=[], CommandType='Text', CommandTimeout='30']
2026-08-08T00:11:07.6181343+00:00 ContainerStream:       SELECT OBJECT_ID(N'[__EFMigrationsHistory]');
2026-08-08T00:11:07.6193717+00:00 ContainerStream: info: Microsoft.EntityFrameworkCore.Database.Command[20101]
2026-08-08T00:11:07.6194072+00:00 ContainerStream:       Executed DbCommand (1ms) [Parameters=[], CommandType='Text', CommandTimeout='30']
2026-08-08T00:11:07.6194138+00:00 ContainerStream:       SELECT [MigrationId], [ProductVersion]
2026-08-08T00:11:07.6194223+00:00 ContainerStream:       FROM [__EFMigrationsHistory]
2026-08-08T00:11:07.6194260+00:00 ContainerStream:       ORDER BY [MigrationId];
2026-08-08T00:11:07.6210716+00:00 ContainerStream: info: Microsoft.EntityFrameworkCore.Database.Command[20101]
2026-08-08T00:11:07.6211051+00:00 ContainerStream:       Executed DbCommand (1ms) [Parameters=[], CommandType='Text', CommandTimeout='30']
2026-08-08T00:11:07.6211116+00:00 ContainerStream:       SELECT TOP(1) [b].[BankAccountNumber]
2026-08-08T00:11:07.6211203+00:00 ContainerStream:       FROM [Beneficiaries] AS [b]
2026-08-08T00:11:07.6211243+00:00 ContainerStream:       ORDER BY [b].[Id]
2026-08-08T00:11:13.9692939+00:00 ContainerStream: info: Microsoft.EntityFrameworkCore.Database.Command[20101]
2026-08-08T00:11:13.9693747+00:00 ContainerStream:       Executed DbCommand (2ms) [Parameters=[], CommandType='Text', CommandTimeout='30']
2026-08-08T00:11:13.9693944+00:00 ContainerStream:       SELECT 1
2026-08-08T00:11:13.9707454+00:00 ContainerStream: info: Microsoft.EntityFrameworkCore.Database.Command[20101]
2026-08-08T00:11:13.9707897+00:00 ContainerStream:       Executed DbCommand (1ms) [Parameters=[], CommandType='Text', CommandTimeout='30']
2026-08-08T00:11:13.9707972+00:00 ContainerStream:       SELECT OBJECT_ID(N'[__EFMigrationsHistory]');
2026-08-08T00:11:13.9734128+00:00 ContainerStream: info: Microsoft.EntityFrameworkCore.Database.Command[20101]
2026-08-08T00:11:13.9734498+00:00 ContainerStream:       Executed DbCommand (2ms) [Parameters=[], CommandType='Text', CommandTimeout='30']
2026-08-08T00:11:13.9734580+00:00 ContainerStream:       SELECT [MigrationId], [ProductVersion]
2026-08-08T00:11:13.9736522+00:00 ContainerStream:       FROM [__EFMigrationsHistory]
2026-08-08T00:11:13.9739774+00:00 ContainerStream:       ORDER BY [MigrationId];
2026-08-08T00:11:13.9758509+00:00 ContainerStream: info: Microsoft.EntityFrameworkCore.Database.Command[20101]
2026-08-08T00:11:13.9758856+00:00 ContainerStream:       Executed DbCommand (1ms) [Parameters=[], CommandType='Text', CommandTimeout='30']
2026-08-08T00:11:13.9758933+00:00 ContainerStream:       SELECT TOP(1) [b].[BankAccountNumber]
2026-08-08T00:11:13.9758971+00:00 ContainerStream:       FROM [Beneficiaries] AS [b]
2026-08-08T00:11:13.9759115+00:00 ContainerStream:       ORDER BY [b].[Id]
2026-08-08T00:11:28.0158180+00:00 ContainerStream: info: Microsoft.EntityFrameworkCore.Database.Command[20101]
2026-08-08T00:11:28.0159122+00:00 ContainerStream:       Executed DbCommand (2ms) [Parameters=[], CommandType='Text', CommandTimeout='30']
2026-08-08T00:11:28.0159215+00:00 ContainerStream:       SELECT 1
2026-08-08T00:11:28.0173830+00:00 ContainerStream: info: Microsoft.EntityFrameworkCore.Database.Command[20101]
2026-08-08T00:11:28.0174347+00:00 ContainerStream:       Executed DbCommand (2ms) [Parameters=[], CommandType='Text', CommandTimeout='30']
2026-08-08T00:11:28.0174431+00:00 ContainerStream:       SELECT OBJECT_ID(N'[__EFMigrationsHistory]');
2026-08-08T00:11:28.0202372+00:00 ContainerStream: info: Microsoft.EntityFrameworkCore.Database.Command[20101]
2026-08-08T00:11:28.0202738+00:00 ContainerStream:       Executed DbCommand (2ms) [Parameters=[], CommandType='Text', CommandTimeout='30']
2026-08-08T00:11:28.0202852+00:00 ContainerStream:       SELECT [MigrationId], [ProductVersion]
2026-08-08T00:11:28.0202895+00:00 ContainerStream:       FROM [__EFMigrationsHistory]
2026-08-08T00:11:28.0202931+00:00 ContainerStream:       ORDER BY [MigrationId];
2026-08-08T00:11:28.0219130+00:00 ContainerStream: info: Microsoft.EntityFrameworkCore.Database.Command[20101]
2026-08-08T00:11:28.0219449+00:00 ContainerStream:       Executed DbCommand (1ms) [Parameters=[], CommandType='Text', CommandTimeout='30']
2026-08-08T00:11:28.0219565+00:00 ContainerStream:       SELECT TOP(1) [b].[BankAccountNumber]
2026-08-08T00:11:28.0219611+00:00 ContainerStream:       FROM [Beneficiaries] AS [b]
2026-08-08T00:11:28.0219650+00:00 ContainerStream:       ORDER BY [b].[Id]
2026-08-08T00:11:28.1545734+00:00 ContainerStream: info: Microsoft.EntityFrameworkCore.Database.Command[20101]
2026-08-08T00:11:28.1546557+00:00 ContainerStream:       Executed DbCommand (2ms) [Parameters=[], CommandType='Text', CommandTimeout='30']
2026-08-08T00:11:28.1546657+00:00 ContainerStream:       SELECT 1
2026-08-08T00:11:28.1567308+00:00 ContainerStream: info: Microsoft.EntityFrameworkCore.Database.Command[20101]
2026-08-08T00:11:28.1567874+00:00 ContainerStream:       Executed DbCommand (2ms) [Parameters=[], CommandType='Text', CommandTimeout='30']
2026-08-08T00:11:28.1567967+00:00 ContainerStream:       SELECT OBJECT_ID(N'[__EFMigrationsHistory]');
2026-08-08T00:11:28.1596078+00:00 ContainerStream: info: Microsoft.EntityFrameworkCore.Database.Command[20101]
2026-08-08T00:11:28.1596497+00:00 ContainerStream:       Executed DbCommand (2ms) [Parameters=[], CommandType='Text', CommandTimeout='30']
2026-08-08T00:11:28.1596573+00:00 ContainerStream:       SELECT [MigrationId], [ProductVersion]
2026-08-08T00:11:28.1596615+00:00 ContainerStream:       FROM [__EFMigrationsHistory]
2026-08-08T00:11:28.1596720+00:00 ContainerStream:       ORDER BY [MigrationId];
2026-08-08T00:11:28.1612921+00:00 ContainerStream: info: Microsoft.EntityFrameworkCore.Database.Command[20101]
2026-08-08T00:11:28.1613279+00:00 ContainerStream:       Executed DbCommand (1ms) [Parameters=[], CommandType='Text', CommandTimeout='30']
2026-08-08T00:11:28.1613363+00:00 ContainerStream:       SELECT TOP(1) [b].[BankAccountNumber]
2026-08-08T00:11:28.1613516+00:00 ContainerStream:       FROM [Beneficiaries] AS [b]
2026-08-08T00:11:28.1613623+00:00 ContainerStream:       ORDER BY [b].[Id]
2026-08-08T00:11:30.6980155+00:00 ContainerStream: info: Microsoft.EntityFrameworkCore.Database.Command[20101]
2026-08-08T00:11:30.6980930+00:00 ContainerStream:       Executed DbCommand (2ms) [Parameters=[], CommandType='Text', CommandTimeout='30']
2026-08-08T00:11:30.6981111+00:00 ContainerStream:       SELECT 1
2026-08-08T00:11:30.7008173+00:00 ContainerStream: info: Microsoft.EntityFrameworkCore.Database.Command[20101]
2026-08-08T00:11:30.7008704+00:00 ContainerStream:       Executed DbCommand (2ms) [Parameters=[], CommandType='Text', CommandTimeout='30']
2026-08-08T00:11:30.7008802+00:00 ContainerStream:       SELECT OBJECT_ID(N'[__EFMigrationsHistory]');
2026-08-08T00:11:30.7022072+00:00 ContainerStream: info: Microsoft.EntityFrameworkCore.Database.Command[20101]
2026-08-08T00:11:30.7022432+00:00 ContainerStream:       Executed DbCommand (1ms) [Parameters=[], CommandType='Text', CommandTimeout='30']
2026-08-08T00:11:30.7022553+00:00 ContainerStream:       SELECT [MigrationId], [ProductVersion]
2026-08-08T00:11:30.7022599+00:00 ContainerStream:       FROM [__EFMigrationsHistory]
2026-08-08T00:11:30.7025331+00:00 ContainerStream:       ORDER BY [MigrationId];
2026-08-08T00:11:30.7043330+00:00 ContainerStream: info: Microsoft.EntityFrameworkCore.Database.Command[20101]
2026-08-08T00:11:30.7043662+00:00 ContainerStream:       Executed DbCommand (2ms) [Parameters=[], CommandType='Text', CommandTimeout='30']
2026-08-08T00:11:30.7043724+00:00 ContainerStream:       SELECT TOP(1) [b].[BankAccountNumber]
2026-08-08T00:11:30.7043761+00:00 ContainerStream:       FROM [Beneficiaries] AS [b]
2026-08-08T00:11:30.7043797+00:00 ContainerStream:       ORDER BY [b].[Id]
2026-08-08T00:11:31.1874342+00:00 ContainerStream: info: Microsoft.EntityFrameworkCore.Database.Command[20101]
2026-08-08T00:11:31.1875458+00:00 ContainerStream:       Executed DbCommand (2ms) [Parameters=[], CommandType='Text', CommandTimeout='30']
2026-08-08T00:11:31.1875583+00:00 ContainerStream:       SELECT 1
2026-08-08T00:11:31.1892600+00:00 ContainerStream: info: Microsoft.EntityFrameworkCore.Database.Command[20101]
2026-08-08T00:11:31.1893033+00:00 ContainerStream:       Executed DbCommand (2ms) [Parameters=[], CommandType='Text', CommandTimeout='30']
2026-08-08T00:11:31.1895560+00:00 ContainerStream:       SELECT OBJECT_ID(N'[__EFMigrationsHistory]');
2026-08-08T00:11:31.1921730+00:00 ContainerStream: info: Microsoft.EntityFrameworkCore.Database.Command[20101]
2026-08-08T00:11:31.1922043+00:00 ContainerStream:       Executed DbCommand (1ms) [Parameters=[], CommandType='Text', CommandTimeout='30']
2026-08-08T00:11:31.1922118+00:00 ContainerStream:       SELECT [MigrationId], [ProductVersion]
2026-08-08T00:11:31.1922162+00:00 ContainerStream:       FROM [__EFMigrationsHistory]
2026-08-08T00:11:31.1922367+00:00 ContainerStream:       ORDER BY [MigrationId];
2026-08-08T00:11:31.1985719+00:00 ContainerStream: info: Microsoft.EntityFrameworkCore.Database.Command[20101]
2026-08-08T00:11:31.1986132+00:00 ContainerStream:       Executed DbCommand (6ms) [Parameters=[], CommandType='Text', CommandTimeout='30']
2026-08-08T00:11:31.1986313+00:00 ContainerStream:       SELECT TOP(1) [b].[BankAccountNumber]
2026-08-08T00:11:31.1986428+00:00 ContainerStream:       FROM [Beneficiaries] AS [b]
2026-08-08T00:11:31.1986468+00:00 ContainerStream:       ORDER BY [b].[Id]
2026-08-08T00:11:32.0358498+00:00 ContainerStream: info: Microsoft.EntityFrameworkCore.Database.Command[20101]
2026-08-08T00:11:32.0359432+00:00 ContainerStream:       Executed DbCommand (2ms) [Parameters=[], CommandType='Text', CommandTimeout='30']
2026-08-08T00:11:32.0359572+00:00 ContainerStream:       SELECT 1
2026-08-08T00:11:32.0379348+00:00 ContainerStream: info: Microsoft.EntityFrameworkCore.Database.Command[20101]
2026-08-08T00:11:32.0379835+00:00 ContainerStream:       Executed DbCommand (2ms) [Parameters=[], CommandType='Text', CommandTimeout='30']
2026-08-08T00:11:32.0379926+00:00 ContainerStream:       SELECT OBJECT_ID(N'[__EFMigrationsHistory]');
2026-08-08T00:11:32.0405528+00:00 ContainerStream: info: Microsoft.EntityFrameworkCore.Database.Command[20101]
2026-08-08T00:11:32.0405942+00:00 ContainerStream:       Executed DbCommand (1ms) [Parameters=[], CommandType='Text', CommandTimeout='30']
2026-08-08T00:11:32.0406112+00:00 ContainerStream:       SELECT [MigrationId], [ProductVersion]
2026-08-08T00:11:32.0406161+00:00 ContainerStream:       FROM [__EFMigrationsHistory]
2026-08-08T00:11:32.0406338+00:00 ContainerStream:       ORDER BY [MigrationId];
2026-08-08T00:11:32.0426150+00:00 ContainerStream: info: Microsoft.EntityFrameworkCore.Database.Command[20101]
2026-08-08T00:11:32.0426495+00:00 ContainerStream:       Executed DbCommand (1ms) [Parameters=[], CommandType='Text', CommandTimeout='30']
2026-08-08T00:11:32.0426564+00:00 ContainerStream:       SELECT TOP(1) [b].[BankAccountNumber]
2026-08-08T00:11:32.0426605+00:00 ContainerStream:       FROM [Beneficiaries] AS [b]
2026-08-08T00:11:32.0427343+00:00 ContainerStream:       ORDER BY [b].[Id]
2026-08-08T00:11:39.1893273+00:00 ContainerStream: info: Microsoft.EntityFrameworkCore.Database.Command[20101]
2026-08-08T00:11:39.1894113+00:00 ContainerStream:       Executed DbCommand (2ms) [Parameters=[], CommandType='Text', CommandTimeout='30']
2026-08-08T00:11:39.1894234+00:00 ContainerStream:       SELECT 1
2026-08-08T00:11:39.1910113+00:00 ContainerStream: info: Microsoft.EntityFrameworkCore.Database.Command[20101]
2026-08-08T00:11:39.1910735+00:00 ContainerStream:       Executed DbCommand (2ms) [Parameters=[], CommandType='Text', CommandTimeout='30']
2026-08-08T00:11:39.1910826+00:00 ContainerStream:       SELECT OBJECT_ID(N'[__EFMigrationsHistory]');
2026-08-08T00:11:39.1936155+00:00 ContainerStream: info: Microsoft.EntityFrameworkCore.Database.Command[20101]
2026-08-08T00:11:39.1936673+00:00 ContainerStream:       Executed DbCommand (1ms) [Parameters=[], CommandType='Text', CommandTimeout='30']
2026-08-08T00:11:39.1936765+00:00 ContainerStream:       SELECT [MigrationId], [ProductVersion]
2026-08-08T00:11:39.1936861+00:00 ContainerStream:       FROM [__EFMigrationsHistory]
2026-08-08T00:11:39.1940956+00:00 ContainerStream:       ORDER BY [MigrationId];
2026-08-08T00:11:39.1955135+00:00 ContainerStream: info: Microsoft.EntityFrameworkCore.Database.Command[20101]
2026-08-08T00:11:39.1955487+00:00 ContainerStream:       Executed DbCommand (1ms) [Parameters=[], CommandType='Text', CommandTimeout='30']
2026-08-08T00:11:39.1955616+00:00 ContainerStream:       SELECT TOP(1) [b].[BankAccountNumber]
2026-08-08T00:11:39.1955669+00:00 ContainerStream:       FROM [Beneficiaries] AS [b]
2026-08-08T00:11:39.1955714+00:00 ContainerStream:       ORDER BY [b].[Id]
2026-08-08T00:11:41.5435476+00:00 ContainerStream: info: Microsoft.EntityFrameworkCore.Database.Command[20101]
2026-08-08T00:11:41.5436323+00:00 ContainerStream:       Executed DbCommand (2ms) [Parameters=[], CommandType='Text', CommandTimeout='30']
2026-08-08T00:11:41.5436526+00:00 ContainerStream:       SELECT 1
2026-08-08T00:11:41.5457320+00:00 ContainerStream: info: Microsoft.EntityFrameworkCore.Database.Command[20101]
2026-08-08T00:11:41.5457826+00:00 ContainerStream:       Executed DbCommand (2ms) [Parameters=[], CommandType='Text', CommandTimeout='30']
2026-08-08T00:11:41.5457906+00:00 ContainerStream:       SELECT OBJECT_ID(N'[__EFMigrationsHistory]');
2026-08-08T00:11:41.5487499+00:00 ContainerStream: info: Microsoft.EntityFrameworkCore.Database.Command[20101]
2026-08-08T00:11:41.5487956+00:00 ContainerStream:       Executed DbCommand (1ms) [Parameters=[], CommandType='Text', CommandTimeout='30']
2026-08-08T00:11:41.5488031+00:00 ContainerStream:       SELECT [MigrationId], [ProductVersion]
2026-08-08T00:11:41.5488075+00:00 ContainerStream:       FROM [__EFMigrationsHistory]
2026-08-08T00:11:41.5488114+00:00 ContainerStream:       ORDER BY [MigrationId];
2026-08-08T00:11:41.5501238+00:00 ContainerStream: info: Microsoft.EntityFrameworkCore.Database.Command[20101]
2026-08-08T00:11:41.5501585+00:00 ContainerStream:       Executed DbCommand (1ms) [Parameters=[], CommandType='Text', CommandTimeout='30']
2026-08-08T00:11:41.5501663+00:00 ContainerStream:       SELECT TOP(1) [b].[BankAccountNumber]
2026-08-08T00:11:41.5501702+00:00 ContainerStream:       FROM [Beneficiaries] AS [b]
2026-08-08T00:11:41.5501785+00:00 ContainerStream:       ORDER BY [b].[Id]
2026-08-08T00:11:44.5638037+00:00 ContainerStream: info: Microsoft.EntityFrameworkCore.Database.Command[20101]
2026-08-08T00:11:44.5638839+00:00 ContainerStream:       Executed DbCommand (2ms) [Parameters=[], CommandType='Text', CommandTimeout='30']
2026-08-08T00:11:44.5638963+00:00 ContainerStream:       SELECT 1
2026-08-08T00:11:44.5655715+00:00 ContainerStream: info: Microsoft.EntityFrameworkCore.Database.Command[20101]
2026-08-08T00:11:44.5656237+00:00 ContainerStream:       Executed DbCommand (2ms) [Parameters=[], CommandType='Text', CommandTimeout='30']
2026-08-08T00:11:44.5656343+00:00 ContainerStream:       SELECT OBJECT_ID(N'[__EFMigrationsHistory]');
2026-08-08T00:11:44.5684519+00:00 ContainerStream: info: Microsoft.EntityFrameworkCore.Database.Command[20101]
2026-08-08T00:11:44.5684904+00:00 ContainerStream:       Executed DbCommand (2ms) [Parameters=[], CommandType='Text', CommandTimeout='30']
2026-08-08T00:11:44.5685035+00:00 ContainerStream:       SELECT [MigrationId], [ProductVersion]
2026-08-08T00:11:44.5685079+00:00 ContainerStream:       FROM [__EFMigrationsHistory]
2026-08-08T00:11:44.5685353+00:00 ContainerStream:       ORDER BY [MigrationId];
2026-08-08T00:11:44.5704824+00:00 ContainerStream: info: Microsoft.EntityFrameworkCore.Database.Command[20101]
2026-08-08T00:11:44.5705211+00:00 ContainerStream:       Executed DbCommand (2ms) [Parameters=[], CommandType='Text', CommandTimeout='30']
2026-08-08T00:11:44.5705282+00:00 ContainerStream:       SELECT TOP(1) [b].[BankAccountNumber]
2026-08-08T00:11:44.5705322+00:00 ContainerStream:       FROM [Beneficiaries] AS [b]
2026-08-08T00:11:44.5705360+00:00 ContainerStream:       ORDER BY [b].[Id]
2026-08-08T00:11:45.2041107+00:00 ContainerStream: info: Microsoft.EntityFrameworkCore.Database.Command[20101]
2026-08-08T00:11:45.2042090+00:00 ContainerStream:       Executed DbCommand (2ms) [Parameters=[], CommandType='Text', CommandTimeout='30']
2026-08-08T00:11:45.2042201+00:00 ContainerStream:       SELECT 1
2026-08-08T00:11:45.2057794+00:00 ContainerStream: info: Microsoft.EntityFrameworkCore.Database.Command[20101]
2026-08-08T00:11:45.2058377+00:00 ContainerStream:       Executed DbCommand (2ms) [Parameters=[], CommandType='Text', CommandTimeout='30']
2026-08-08T00:11:45.2058538+00:00 ContainerStream:       SELECT OBJECT_ID(N'[__EFMigrationsHistory]');
2026-08-08T00:11:45.2086552+00:00 ContainerStream: info: Microsoft.EntityFrameworkCore.Database.Command[20101]
2026-08-08T00:11:45.2087212+00:00 ContainerStream:       Executed DbCommand (1ms) [Parameters=[], CommandType='Text', CommandTimeout='30']
2026-08-08T00:11:45.2087294+00:00 ContainerStream:       SELECT [MigrationId], [ProductVersion]
2026-08-08T00:11:45.2087339+00:00 ContainerStream:       FROM [__EFMigrationsHistory]
2026-08-08T00:11:45.2088098+00:00 ContainerStream:       ORDER BY [MigrationId];
2026-08-08T00:11:45.2106584+00:00 ContainerStream: info: Microsoft.EntityFrameworkCore.Database.Command[20101]
2026-08-08T00:11:45.2106909+00:00 ContainerStream:       Executed DbCommand (1ms) [Parameters=[], CommandType='Text', CommandTimeout='30']
2026-08-08T00:11:45.2106982+00:00 ContainerStream:       SELECT TOP(1) [b].[BankAccountNumber]
2026-08-08T00:11:45.2107169+00:00 ContainerStream:       FROM [Beneficiaries] AS [b]
2026-08-08T00:11:45.2107218+00:00 ContainerStream:       ORDER BY [b].[Id]
2026-08-08T00:11:46.4978987+00:00 ContainerStream: info: Microsoft.EntityFrameworkCore.Database.Command[20101]
2026-08-08T00:11:46.4979867+00:00 ContainerStream:       Executed DbCommand (2ms) [Parameters=[], CommandType='Text', CommandTimeout='30']
2026-08-08T00:11:46.4979971+00:00 ContainerStream:       SELECT 1
2026-08-08T00:11:46.4993595+00:00 ContainerStream: info: Microsoft.EntityFrameworkCore.Database.Command[20101]
2026-08-08T00:11:46.4994033+00:00 ContainerStream:       Executed DbCommand (2ms) [Parameters=[], CommandType='Text', CommandTimeout='30']
2026-08-08T00:11:46.4994106+00:00 ContainerStream:       SELECT OBJECT_ID(N'[__EFMigrationsHistory]');
2026-08-08T00:11:46.5023278+00:00 ContainerStream: info: Microsoft.EntityFrameworkCore.Database.Command[20101]
2026-08-08T00:11:46.5023693+00:00 ContainerStream:       Executed DbCommand (1ms) [Parameters=[], CommandType='Text', CommandTimeout='30']
2026-08-08T00:11:46.5023772+00:00 ContainerStream:       SELECT [MigrationId], [ProductVersion]
2026-08-08T00:11:46.5023825+00:00 ContainerStream:       FROM [__EFMigrationsHistory]
2026-08-08T00:11:46.5023865+00:00 ContainerStream:       ORDER BY [MigrationId];
2026-08-08T00:11:46.5044519+00:00 ContainerStream: info: Microsoft.EntityFrameworkCore.Database.Command[20101]
2026-08-08T00:11:46.5044866+00:00 ContainerStream:       Executed DbCommand (1ms) [Parameters=[], CommandType='Text', CommandTimeout='30']
2026-08-08T00:11:46.5044932+00:00 ContainerStream:       SELECT TOP(1) [b].[BankAccountNumber]
2026-08-08T00:11:46.5044971+00:00 ContainerStream:       FROM [Beneficiaries] AS [b]
2026-08-08T00:11:46.5045007+00:00 ContainerStream:       ORDER BY [b].[Id]
2026-08-08T00:11:47.3303973+00:00 ContainerStream: info: Microsoft.EntityFrameworkCore.Database.Command[20101]
2026-08-08T00:11:47.3305049+00:00 ContainerStream:       Executed DbCommand (2ms) [Parameters=[], CommandType='Text', CommandTimeout='30']
2026-08-08T00:11:47.3305148+00:00 ContainerStream:       SELECT 1
2026-08-08T00:11:47.3321070+00:00 ContainerStream: info: Microsoft.EntityFrameworkCore.Database.Command[20101]
2026-08-08T00:11:47.3321548+00:00 ContainerStream:       Executed DbCommand (1ms) [Parameters=[], CommandType='Text', CommandTimeout='30']
2026-08-08T00:11:47.3321679+00:00 ContainerStream:       SELECT OBJECT_ID(N'[__EFMigrationsHistory]');
2026-08-08T00:11:47.3349606+00:00 ContainerStream: info: Microsoft.EntityFrameworkCore.Database.Command[20101]
2026-08-08T00:11:47.3350014+00:00 ContainerStream:       Executed DbCommand (1ms) [Parameters=[], CommandType='Text', CommandTimeout='30']
2026-08-08T00:11:47.3350095+00:00 ContainerStream:       SELECT [MigrationId], [ProductVersion]
2026-08-08T00:11:47.3350183+00:00 ContainerStream:       FROM [__EFMigrationsHistory]
2026-08-08T00:11:47.3350224+00:00 ContainerStream:       ORDER BY [MigrationId];
2026-08-08T00:11:47.3364888+00:00 ContainerStream: info: Microsoft.EntityFrameworkCore.Database.Command[20101]
2026-08-08T00:11:47.3365270+00:00 ContainerStream:       Executed DbCommand (1ms) [Parameters=[], CommandType='Text', CommandTimeout='30']
2026-08-08T00:11:47.3365350+00:00 ContainerStream:       SELECT TOP(1) [b].[BankAccountNumber]
2026-08-08T00:11:47.3365435+00:00 ContainerStream:       FROM [Beneficiaries] AS [b]
2026-08-08T00:11:47.3365479+00:00 ContainerStream:       ORDER BY [b].[Id]
2026-08-08T00:11:49.3547693+00:00 ContainerStream: info: Microsoft.EntityFrameworkCore.Database.Command[20101]
2026-08-08T00:11:49.3548452+00:00 ContainerStream:       Executed DbCommand (2ms) [Parameters=[], CommandType='Text', CommandTimeout='30']
2026-08-08T00:11:49.3548632+00:00 ContainerStream:       SELECT 1
2026-08-08T00:11:49.3564711+00:00 ContainerStream: info: Microsoft.EntityFrameworkCore.Database.Command[20101]
2026-08-08T00:11:49.3565180+00:00 ContainerStream:       Executed DbCommand (2ms) [Parameters=[], CommandType='Text', CommandTimeout='30']
2026-08-08T00:11:49.3565259+00:00 ContainerStream:       SELECT OBJECT_ID(N'[__EFMigrationsHistory]');
2026-08-08T00:11:49.3597978+00:00 ContainerStream: info: Microsoft.EntityFrameworkCore.Database.Command[20101]
2026-08-08T00:11:49.3598426+00:00 ContainerStream:       Executed DbCommand (1ms) [Parameters=[], CommandType='Text', CommandTimeout='30']
2026-08-08T00:11:49.3598502+00:00 ContainerStream:       SELECT [MigrationId], [ProductVersion]
2026-08-08T00:11:49.3598545+00:00 ContainerStream:       FROM [__EFMigrationsHistory]
2026-08-08T00:11:49.3598588+00:00 ContainerStream:       ORDER BY [MigrationId];
2026-08-08T00:11:49.3612273+00:00 ContainerStream: info: Microsoft.EntityFrameworkCore.Database.Command[20101]
2026-08-08T00:11:49.3612593+00:00 ContainerStream:       Executed DbCommand (1ms) [Parameters=[], CommandType='Text', CommandTimeout='30']
2026-08-08T00:11:49.3612674+00:00 ContainerStream:       SELECT TOP(1) [b].[BankAccountNumber]
2026-08-08T00:11:49.3612721+00:00 ContainerStream:       FROM [Beneficiaries] AS [b]
2026-08-08T00:11:49.3612758+00:00 ContainerStream:       ORDER BY [b].[Id]
2026-08-08T00:11:52.1700130+00:00 ContainerStream: info: Microsoft.EntityFrameworkCore.Database.Command[20101]
2026-08-08T00:11:52.1700938+00:00 ContainerStream:       Executed DbCommand (2ms) [Parameters=[], CommandType='Text', CommandTimeout='30']
2026-08-08T00:11:52.1701064+00:00 ContainerStream:       SELECT 1
2026-08-08T00:11:52.1716326+00:00 ContainerStream: info: Microsoft.EntityFrameworkCore.Database.Command[20101]
2026-08-08T00:11:52.1716892+00:00 ContainerStream:       Executed DbCommand (2ms) [Parameters=[], CommandType='Text', CommandTimeout='30']
2026-08-08T00:11:52.1716992+00:00 ContainerStream:       SELECT OBJECT_ID(N'[__EFMigrationsHistory]');
2026-08-08T00:11:52.1748894+00:00 ContainerStream: info: Microsoft.EntityFrameworkCore.Database.Command[20101]
2026-08-08T00:11:52.1749447+00:00 ContainerStream:       Executed DbCommand (1ms) [Parameters=[], CommandType='Text', CommandTimeout='30']
2026-08-08T00:11:52.1751236+00:00 ContainerStream:       SELECT [MigrationId], [ProductVersion]
2026-08-08T00:11:52.1751326+00:00 ContainerStream:       FROM [__EFMigrationsHistory]
2026-08-08T00:11:52.1751389+00:00 ContainerStream:       ORDER BY [MigrationId];
2026-08-08T00:11:52.1764018+00:00 ContainerStream: info: Microsoft.EntityFrameworkCore.Database.Command[20101]
2026-08-08T00:11:52.1764319+00:00 ContainerStream:       Executed DbCommand (1ms) [Parameters=[], CommandType='Text', CommandTimeout='30']
2026-08-08T00:11:52.1764427+00:00 ContainerStream:       SELECT TOP(1) [b].[BankAccountNumber]
2026-08-08T00:11:52.1764474+00:00 ContainerStream:       FROM [Beneficiaries] AS [b]
2026-08-08T00:11:52.1764511+00:00 ContainerStream:       ORDER BY [b].[Id]
2026-08-08T00:12:02.8971545+00:00 ContainerStream: info: Microsoft.EntityFrameworkCore.Database.Command[20101]
2026-08-08T00:12:02.8972372+00:00 ContainerStream:       Executed DbCommand (2ms) [Parameters=[], CommandType='Text', CommandTimeout='30']
2026-08-08T00:12:02.8972485+00:00 ContainerStream:       SELECT 1
2026-08-08T00:12:02.8986589+00:00 ContainerStream: info: Microsoft.EntityFrameworkCore.Database.Command[20101]
2026-08-08T00:12:02.8987102+00:00 ContainerStream:       Executed DbCommand (2ms) [Parameters=[], CommandType='Text', CommandTimeout='30']
2026-08-08T00:12:02.8987181+00:00 ContainerStream:       SELECT OBJECT_ID(N'[__EFMigrationsHistory]');
2026-08-08T00:12:02.9013132+00:00 ContainerStream: info: Microsoft.EntityFrameworkCore.Database.Command[20101]
2026-08-08T00:12:02.9013507+00:00 ContainerStream:       Executed DbCommand (1ms) [Parameters=[], CommandType='Text', CommandTimeout='30']
2026-08-08T00:12:02.9013582+00:00 ContainerStream:       SELECT [MigrationId], [ProductVersion]
2026-08-08T00:12:02.9013623+00:00 ContainerStream:       FROM [__EFMigrationsHistory]
2026-08-08T00:12:02.9013706+00:00 ContainerStream:       ORDER BY [MigrationId];
2026-08-08T00:12:02.9033279+00:00 ContainerStream: info: Microsoft.EntityFrameworkCore.Database.Command[20101]
2026-08-08T00:12:02.9033606+00:00 ContainerStream:       Executed DbCommand (1ms) [Parameters=[], CommandType='Text', CommandTimeout='30']
2026-08-08T00:12:02.9033681+00:00 ContainerStream:       SELECT TOP(1) [b].[BankAccountNumber]
2026-08-08T00:12:02.9033719+00:00 ContainerStream:       FROM [Beneficiaries] AS [b]
2026-08-08T00:12:02.9033786+00:00 ContainerStream:       ORDER BY [b].[Id]
2026-08-08T00:12:09.6659501+00:00 ContainerStream: info: Microsoft.EntityFrameworkCore.Database.Command[20101]
2026-08-08T00:12:09.6660357+00:00 ContainerStream:       Executed DbCommand (5ms) [Parameters=[], CommandType='Text', CommandTimeout='30']
2026-08-08T00:12:09.6660611+00:00 ContainerStream:       SELECT 1
2026-08-08T00:12:09.6670040+00:00 ContainerStream: info: Microsoft.EntityFrameworkCore.Database.Command[20101]
2026-08-08T00:12:09.6671664+00:00 ContainerStream:       Executed DbCommand (2ms) [Parameters=[], CommandType='Text', CommandTimeout='30']
2026-08-08T00:12:09.6671792+00:00 ContainerStream:       SELECT OBJECT_ID(N'[__EFMigrationsHistory]');
2026-08-08T00:12:09.6720650+00:00 ContainerStream: info: Microsoft.EntityFrameworkCore.Database.Command[20101]
2026-08-08T00:12:09.6722764+00:00 ContainerStream:       Executed DbCommand (2ms) [Parameters=[], CommandType='Text', CommandTimeout='30']
2026-08-08T00:12:09.6722961+00:00 ContainerStream:       SELECT [MigrationId], [ProductVersion]
2026-08-08T00:12:09.6723014+00:00 ContainerStream:       FROM [__EFMigrationsHistory]
2026-08-08T00:12:09.6730016+00:00 ContainerStream:       ORDER BY [MigrationId];
2026-08-08T00:12:09.6746304+00:00 ContainerStream: info: Microsoft.EntityFrameworkCore.Database.Command[20101]
2026-08-08T00:12:09.6746664+00:00 ContainerStream:       Executed DbCommand (2ms) [Parameters=[], CommandType='Text', CommandTimeout='30']
2026-08-08T00:12:09.6746749+00:00 ContainerStream:       SELECT TOP(1) [b].[BankAccountNumber]
2026-08-08T00:12:09.6754546+00:00 ContainerStream:       FROM [Beneficiaries] AS [b]
2026-08-08T00:12:09.6754705+00:00 ContainerStream:       ORDER BY [b].[Id]
2026-08-08T00:12:22.6399499+00:00 ContainerStream: info: Microsoft.EntityFrameworkCore.Database.Command[20101]
2026-08-08T00:12:22.6400384+00:00 ContainerStream:       Executed DbCommand (2ms) [Parameters=[], CommandType='Text', CommandTimeout='30']
2026-08-08T00:12:22.6400494+00:00 ContainerStream:       SELECT 1
2026-08-08T00:12:22.6425238+00:00 ContainerStream: info: Microsoft.EntityFrameworkCore.Database.Command[20101]
2026-08-08T00:12:22.6425955+00:00 ContainerStream:       Executed DbCommand (2ms) [Parameters=[], CommandType='Text', CommandTimeout='30']
2026-08-08T00:12:22.6426106+00:00 ContainerStream:       SELECT OBJECT_ID(N'[__EFMigrationsHistory]');
2026-08-08T00:12:22.6441541+00:00 ContainerStream: info: Microsoft.EntityFrameworkCore.Database.Command[20101]
2026-08-08T00:12:22.6441860+00:00 ContainerStream:       Executed DbCommand (2ms) [Parameters=[], CommandType='Text', CommandTimeout='30']
2026-08-08T00:12:22.6441931+00:00 ContainerStream:       SELECT [MigrationId], [ProductVersion]
2026-08-08T00:12:22.6441974+00:00 ContainerStream:       FROM [__EFMigrationsHistory]
2026-08-08T00:12:22.6444616+00:00 ContainerStream:       ORDER BY [MigrationId];
2026-08-08T00:12:22.6465331+00:00 ContainerStream: info: Microsoft.EntityFrameworkCore.Database.Command[20101]
2026-08-08T00:12:22.6465619+00:00 ContainerStream:       Executed DbCommand (1ms) [Parameters=[], CommandType='Text', CommandTimeout='30']
2026-08-08T00:12:22.6465693+00:00 ContainerStream:       SELECT TOP(1) [b].[BankAccountNumber]
2026-08-08T00:12:22.6465785+00:00 ContainerStream:       FROM [Beneficiaries] AS [b]
2026-08-08T00:12:22.6465923+00:00 ContainerStream:       ORDER BY [b].[Id]
2026-08-08T00:12:22.7044901+00:00 ContainerStream: info: Microsoft.EntityFrameworkCore.Database.Command[20101]
2026-08-08T00:12:22.7045844+00:00 ContainerStream:       Executed DbCommand (2ms) [Parameters=[], CommandType='Text', CommandTimeout='30']
2026-08-08T00:12:22.7045952+00:00 ContainerStream:       SELECT 1
2026-08-08T00:12:22.7061068+00:00 ContainerStream: info: Microsoft.EntityFrameworkCore.Database.Command[20101]
2026-08-08T00:12:22.7061627+00:00 ContainerStream:       Executed DbCommand (2ms) [Parameters=[], CommandType='Text', CommandTimeout='30']
2026-08-08T00:12:22.7061758+00:00 ContainerStream:       SELECT OBJECT_ID(N'[__EFMigrationsHistory]');
2026-08-08T00:12:22.7087503+00:00 ContainerStream: info: Microsoft.EntityFrameworkCore.Database.Command[20101]
2026-08-08T00:12:22.7087826+00:00 ContainerStream:       Executed DbCommand (1ms) [Parameters=[], CommandType='Text', CommandTimeout='30']
2026-08-08T00:12:22.7087896+00:00 ContainerStream:       SELECT [MigrationId], [ProductVersion]
2026-08-08T00:12:22.7087984+00:00 ContainerStream:       FROM [__EFMigrationsHistory]
2026-08-08T00:12:22.7093425+00:00 ContainerStream:       ORDER BY [MigrationId];
2026-08-08T00:12:22.7111878+00:00 ContainerStream: info: Microsoft.EntityFrameworkCore.Database.Command[20101]
2026-08-08T00:12:22.7112177+00:00 ContainerStream:       Executed DbCommand (1ms) [Parameters=[], CommandType='Text', CommandTimeout='30']
2026-08-08T00:12:22.7112277+00:00 ContainerStream:       SELECT TOP(1) [b].[BankAccountNumber]
2026-08-08T00:12:22.7112318+00:00 ContainerStream:       FROM [Beneficiaries] AS [b]
2026-08-08T00:12:22.7112357+00:00 ContainerStream:       ORDER BY [b].[Id]
2026-08-08T00:12:22.8111480+00:00 ContainerStream: info: Microsoft.EntityFrameworkCore.Database.Command[20101]
2026-08-08T00:12:22.8112275+00:00 ContainerStream:       Executed DbCommand (2ms) [Parameters=[], CommandType='Text', CommandTimeout='30']
2026-08-08T00:12:22.8112486+00:00 ContainerStream:       SELECT 1
2026-08-08T00:12:22.8139078+00:00 ContainerStream: info: Microsoft.EntityFrameworkCore.Database.Command[20101]
2026-08-08T00:12:22.8139611+00:00 ContainerStream:       Executed DbCommand (2ms) [Parameters=[], CommandType='Text', CommandTimeout='30']
2026-08-08T00:12:22.8139707+00:00 ContainerStream:       SELECT OBJECT_ID(N'[__EFMigrationsHistory]');
2026-08-08T00:12:22.8152596+00:00 ContainerStream: info: Microsoft.EntityFrameworkCore.Database.Command[20101]
2026-08-08T00:12:22.8152996+00:00 ContainerStream:       Executed DbCommand (1ms) [Parameters=[], CommandType='Text', CommandTimeout='30']
2026-08-08T00:12:22.8153068+00:00 ContainerStream:       SELECT [MigrationId], [ProductVersion]
2026-08-08T00:12:22.8153108+00:00 ContainerStream:       FROM [__EFMigrationsHistory]
2026-08-08T00:12:22.8153147+00:00 ContainerStream:       ORDER BY [MigrationId];
2026-08-08T00:12:22.8169066+00:00 ContainerStream: info: Microsoft.EntityFrameworkCore.Database.Command[20101]
2026-08-08T00:12:22.8169366+00:00 ContainerStream:       Executed DbCommand (1ms) [Parameters=[], CommandType='Text', CommandTimeout='30']
2026-08-08T00:12:22.8169434+00:00 ContainerStream:       SELECT TOP(1) [b].[BankAccountNumber]
2026-08-08T00:12:22.8169472+00:00 ContainerStream:       FROM [Beneficiaries] AS [b]
2026-08-08T00:12:22.8169513+00:00 ContainerStream:       ORDER BY [b].[Id]
2026-08-08T00:12:23.5284604+00:00 ContainerStream: info: Microsoft.EntityFrameworkCore.Database.Command[20101]
2026-08-08T00:12:23.5285431+00:00 ContainerStream:       Executed DbCommand (2ms) [Parameters=[], CommandType='Text', CommandTimeout='30']
2026-08-08T00:12:23.5285557+00:00 ContainerStream:       SELECT 1
2026-08-08T00:12:23.5303014+00:00 ContainerStream: info: Microsoft.EntityFrameworkCore.Database.Command[20101]
2026-08-08T00:12:23.5303949+00:00 ContainerStream:       Executed DbCommand (2ms) [Parameters=[], CommandType='Text', CommandTimeout='30']
2026-08-08T00:12:23.5304034+00:00 ContainerStream:       SELECT OBJECT_ID(N'[__EFMigrationsHistory]');
2026-08-08T00:12:23.5329309+00:00 ContainerStream: info: Microsoft.EntityFrameworkCore.Database.Command[20101]
2026-08-08T00:12:23.5329665+00:00 ContainerStream:       Executed DbCommand (2ms) [Parameters=[], CommandType='Text', CommandTimeout='30']
2026-08-08T00:12:23.5335071+00:00 ContainerStream:       SELECT [MigrationId], [ProductVersion]
2026-08-08T00:12:23.5335134+00:00 ContainerStream:       FROM [__EFMigrationsHistory]
2026-08-08T00:12:23.5335180+00:00 ContainerStream:       ORDER BY [MigrationId];
2026-08-08T00:12:23.5350022+00:00 ContainerStream: info: Microsoft.EntityFrameworkCore.Database.Command[20101]
2026-08-08T00:12:23.5350336+00:00 ContainerStream:       Executed DbCommand (1ms) [Parameters=[], CommandType='Text', CommandTimeout='30']
2026-08-08T00:12:23.5350451+00:00 ContainerStream:       SELECT TOP(1) [b].[BankAccountNumber]
2026-08-08T00:12:23.5350499+00:00 ContainerStream:       FROM [Beneficiaries] AS [b]
2026-08-08T00:12:23.5350652+00:00 ContainerStream:       ORDER BY [b].[Id]
2026-08-08T00:12:23.9285330+00:00 ContainerStream: info: Microsoft.EntityFrameworkCore.Database.Command[20101]
2026-08-08T00:12:23.9286360+00:00 ContainerStream:       Executed DbCommand (2ms) [Parameters=[], CommandType='Text', CommandTimeout='30']
2026-08-08T00:12:23.9286478+00:00 ContainerStream:       SELECT 1
2026-08-08T00:12:23.9302053+00:00 ContainerStream: info: Microsoft.EntityFrameworkCore.Database.Command[20101]
2026-08-08T00:12:23.9302524+00:00 ContainerStream:       Executed DbCommand (2ms) [Parameters=[], CommandType='Text', CommandTimeout='30']
2026-08-08T00:12:23.9302622+00:00 ContainerStream:       SELECT OBJECT_ID(N'[__EFMigrationsHistory]');
2026-08-08T00:12:23.9328947+00:00 ContainerStream: info: Microsoft.EntityFrameworkCore.Database.Command[20101]
2026-08-08T00:12:23.9329298+00:00 ContainerStream:       Executed DbCommand (1ms) [Parameters=[], CommandType='Text', CommandTimeout='30']
2026-08-08T00:12:23.9329370+00:00 ContainerStream:       SELECT [MigrationId], [ProductVersion]
2026-08-08T00:12:23.9329411+00:00 ContainerStream:       FROM [__EFMigrationsHistory]
2026-08-08T00:12:23.9329494+00:00 ContainerStream:       ORDER BY [MigrationId];
2026-08-08T00:12:23.9352863+00:00 ContainerStream: info: Microsoft.EntityFrameworkCore.Database.Command[20101]
2026-08-08T00:12:23.9353161+00:00 ContainerStream:       Executed DbCommand (1ms) [Parameters=[], CommandType='Text', CommandTimeout='30']
2026-08-08T00:12:23.9353233+00:00 ContainerStream:       SELECT TOP(1) [b].[BankAccountNumber]
2026-08-08T00:12:23.9353279+00:00 ContainerStream:       FROM [Beneficiaries] AS [b]
2026-08-08T00:12:23.9353360+00:00 ContainerStream:       ORDER BY [b].[Id]
2026-08-08T00:12:25.3680632+00:00 ContainerStream: info: Microsoft.EntityFrameworkCore.Database.Command[20101]
2026-08-08T00:12:25.3681456+00:00 ContainerStream:       Executed DbCommand (4ms) [Parameters=[], CommandType='Text', CommandTimeout='30']
2026-08-08T00:12:25.3681592+00:00 ContainerStream:       SELECT 1
2026-08-08T00:12:25.3696694+00:00 ContainerStream: info: Microsoft.EntityFrameworkCore.Database.Command[20101]
2026-08-08T00:12:25.3697171+00:00 ContainerStream:       Executed DbCommand (2ms) [Parameters=[], CommandType='Text', CommandTimeout='30']
2026-08-08T00:12:25.3697271+00:00 ContainerStream:       SELECT OBJECT_ID(N'[__EFMigrationsHistory]');
2026-08-08T00:12:25.3731461+00:00 ContainerStream: info: Microsoft.EntityFrameworkCore.Database.Command[20101]
2026-08-08T00:12:25.3731882+00:00 ContainerStream:       Executed DbCommand (2ms) [Parameters=[], CommandType='Text', CommandTimeout='30']
2026-08-08T00:12:25.3732009+00:00 ContainerStream:       SELECT 1
2026-08-08T00:12:25.3747419+00:00 ContainerStream: info: Microsoft.EntityFrameworkCore.Database.Command[20101]
2026-08-08T00:12:25.3747767+00:00 ContainerStream:       Executed DbCommand (2ms) [Parameters=[], CommandType='Text', CommandTimeout='30']
2026-08-08T00:12:25.3747840+00:00 ContainerStream:       SELECT OBJECT_ID(N'[__EFMigrationsHistory]');
2026-08-08T00:12:25.3775313+00:00 ContainerStream: info: Microsoft.EntityFrameworkCore.Database.Command[20101]
2026-08-08T00:12:25.3775676+00:00 ContainerStream:       Executed DbCommand (1ms) [Parameters=[], CommandType='Text', CommandTimeout='30']
2026-08-08T00:12:25.3775749+00:00 ContainerStream:       SELECT [MigrationId], [ProductVersion]
2026-08-08T00:12:25.3775896+00:00 ContainerStream:       FROM [__EFMigrationsHistory]
2026-08-08T00:12:25.3779305+00:00 ContainerStream:       ORDER BY [MigrationId];
2026-08-08T00:12:25.3792429+00:00 ContainerStream: info: Microsoft.EntityFrameworkCore.Database.Command[20101]
2026-08-08T00:12:25.3792717+00:00 ContainerStream:       Executed DbCommand (1ms) [Parameters=[], CommandType='Text', CommandTimeout='30']
2026-08-08T00:12:25.3792782+00:00 ContainerStream:       SELECT TOP(1) [b].[BankAccountNumber]
2026-08-08T00:12:25.3792820+00:00 ContainerStream:       FROM [Beneficiaries] AS [b]
2026-08-08T00:12:25.3792894+00:00 ContainerStream:       ORDER BY [b].[Id]
2026-08-08T00:12:25.5189177+00:00 ContainerStream: info: Microsoft.EntityFrameworkCore.Database.Command[20101]
2026-08-08T00:12:25.5190070+00:00 ContainerStream:       Executed DbCommand (2ms) [Parameters=[], CommandType='Text', CommandTimeout='30']
2026-08-08T00:12:25.5190207+00:00 ContainerStream:       SELECT [MigrationId], [ProductVersion]
2026-08-08T00:12:25.5190251+00:00 ContainerStream:       FROM [__EFMigrationsHistory]
2026-08-08T00:12:25.5195707+00:00 ContainerStream:       ORDER BY [MigrationId];
2026-08-08T00:12:25.5215195+00:00 ContainerStream: info: Microsoft.EntityFrameworkCore.Database.Command[20101]
2026-08-08T00:12:25.5218111+00:00 ContainerStream:       Executed DbCommand (2ms) [Parameters=[], CommandType='Text', CommandTimeout='30']
2026-08-08T00:12:25.5218245+00:00 ContainerStream:       SELECT TOP(1) [b].[BankAccountNumber]
2026-08-08T00:12:25.5218318+00:00 ContainerStream:       FROM [Beneficiaries] AS [b]
2026-08-08T00:12:25.5218360+00:00 ContainerStream:       ORDER BY [b].[Id]
2026-08-08T00:12:29.9951281+00:00 ContainerStream: info: Microsoft.EntityFrameworkCore.Database.Command[20101]
2026-08-08T00:12:29.9952023+00:00 ContainerStream:       Executed DbCommand (2ms) [Parameters=[], CommandType='Text', CommandTimeout='30']
2026-08-08T00:12:29.9952105+00:00 ContainerStream:       SELECT 1
2026-08-08T00:12:29.9970012+00:00 ContainerStream: info: Microsoft.EntityFrameworkCore.Database.Command[20101]
2026-08-08T00:12:29.9970547+00:00 ContainerStream:       Executed DbCommand (2ms) [Parameters=[], CommandType='Text', CommandTimeout='30']
2026-08-08T00:12:29.9970634+00:00 ContainerStream:       SELECT OBJECT_ID(N'[__EFMigrationsHistory]');
2026-08-08T00:12:30.0000489+00:00 ContainerStream: info: Microsoft.EntityFrameworkCore.Database.Command[20101]
2026-08-08T00:12:30.0000892+00:00 ContainerStream:       Executed DbCommand (2ms) [Parameters=[], CommandType='Text', CommandTimeout='30']
2026-08-08T00:12:30.0000962+00:00 ContainerStream:       SELECT [MigrationId], [ProductVersion]
2026-08-08T00:12:30.0003239+00:00 ContainerStream:       FROM [__EFMigrationsHistory]
2026-08-08T00:12:30.0008514+00:00 ContainerStream:       ORDER BY [MigrationId];
2026-08-08T00:12:30.0020943+00:00 ContainerStream: info: Microsoft.EntityFrameworkCore.Database.Command[20101]
2026-08-08T00:12:30.0021228+00:00 ContainerStream:       Executed DbCommand (2ms) [Parameters=[], CommandType='Text', CommandTimeout='30']
2026-08-08T00:12:30.0021299+00:00 ContainerStream:       SELECT TOP(1) [b].[BankAccountNumber]
2026-08-08T00:12:30.0021349+00:00 ContainerStream:       FROM [Beneficiaries] AS [b]
2026-08-08T00:12:30.0021396+00:00 ContainerStream:       ORDER BY [b].[Id]
2026-08-08T00:12:30.8255026+00:00 ContainerStream: info: Microsoft.EntityFrameworkCore.Database.Command[20101]
2026-08-08T00:12:30.8255871+00:00 ContainerStream:       Executed DbCommand (2ms) [Parameters=[], CommandType='Text', CommandTimeout='30']
2026-08-08T00:12:30.8255991+00:00 ContainerStream:       SELECT 1
2026-08-08T00:12:30.8274632+00:00 ContainerStream: info: Microsoft.EntityFrameworkCore.Database.Command[20101]
2026-08-08T00:12:30.8275255+00:00 ContainerStream:       Executed DbCommand (2ms) [Parameters=[], CommandType='Text', CommandTimeout='30']
2026-08-08T00:12:30.8275357+00:00 ContainerStream:       SELECT OBJECT_ID(N'[__EFMigrationsHistory]');
2026-08-08T00:12:30.8309786+00:00 ContainerStream: info: Microsoft.EntityFrameworkCore.Database.Command[20101]
2026-08-08T00:12:30.8310176+00:00 ContainerStream:       Executed DbCommand (2ms) [Parameters=[], CommandType='Text', CommandTimeout='30']
2026-08-08T00:12:30.8310269+00:00 ContainerStream:       SELECT [MigrationId], [ProductVersion]
2026-08-08T00:12:30.8310359+00:00 ContainerStream:       FROM [__EFMigrationsHistory]
2026-08-08T00:12:30.8310403+00:00 ContainerStream:       ORDER BY [MigrationId];
2026-08-08T00:12:30.8332455+00:00 ContainerStream: info: Microsoft.EntityFrameworkCore.Database.Command[20101]
2026-08-08T00:12:30.8335859+00:00 ContainerStream:       Executed DbCommand (2ms) [Parameters=[], CommandType='Text', CommandTimeout='30']
2026-08-08T00:12:30.8336025+00:00 ContainerStream:       SELECT TOP(1) [b].[BankAccountNumber]
2026-08-08T00:12:30.8336075+00:00 ContainerStream:       FROM [Beneficiaries] AS [b]
2026-08-08T00:12:30.8336123+00:00 ContainerStream:       ORDER BY [b].[Id]
2026-08-08T00:12:37.4683372+00:00 ContainerStream: info: Microsoft.EntityFrameworkCore.Database.Command[20101]
2026-08-08T00:12:37.4684208+00:00 ContainerStream:       Executed DbCommand (2ms) [Parameters=[], CommandType='Text', CommandTimeout='30']
2026-08-08T00:12:37.4684403+00:00 ContainerStream:       SELECT 1
2026-08-08T00:12:37.4715576+00:00 ContainerStream: info: Microsoft.EntityFrameworkCore.Database.Command[20101]
2026-08-08T00:12:37.4716146+00:00 ContainerStream:       Executed DbCommand (2ms) [Parameters=[], CommandType='Text', CommandTimeout='30']
2026-08-08T00:12:37.4716234+00:00 ContainerStream:       SELECT OBJECT_ID(N'[__EFMigrationsHistory]');
2026-08-08T00:12:37.4732278+00:00 ContainerStream: info: Microsoft.EntityFrameworkCore.Database.Command[20101]
2026-08-08T00:12:37.4732659+00:00 ContainerStream:       Executed DbCommand (2ms) [Parameters=[], CommandType='Text', CommandTimeout='30']
2026-08-08T00:12:37.4732728+00:00 ContainerStream:       SELECT [MigrationId], [ProductVersion]
2026-08-08T00:12:37.4732772+00:00 ContainerStream:       FROM [__EFMigrationsHistory]
2026-08-08T00:12:37.4732810+00:00 ContainerStream:       ORDER BY [MigrationId];
2026-08-08T00:12:37.4757240+00:00 ContainerStream: info: Microsoft.EntityFrameworkCore.Database.Command[20101]
2026-08-08T00:12:37.4757558+00:00 ContainerStream:       Executed DbCommand (2ms) [Parameters=[], CommandType='Text', CommandTimeout='30']
2026-08-08T00:12:37.4757626+00:00 ContainerStream:       SELECT TOP(1) [b].[BankAccountNumber]
2026-08-08T00:12:37.4757667+00:00 ContainerStream:       FROM [Beneficiaries] AS [b]
2026-08-08T00:12:37.4757709+00:00 ContainerStream:       ORDER BY [b].[Id]
2026-08-08T00:12:40.6765005+00:00 ContainerStream: info: Microsoft.EntityFrameworkCore.Database.Command[20101]
2026-08-08T00:12:40.6766002+00:00 ContainerStream:       Executed DbCommand (2ms) [Parameters=[], CommandType='Text', CommandTimeout='30']
2026-08-08T00:12:40.6766128+00:00 ContainerStream:       SELECT 1
2026-08-08T00:12:40.6794155+00:00 ContainerStream: info: Microsoft.EntityFrameworkCore.Database.Command[20101]
2026-08-08T00:12:40.6794872+00:00 ContainerStream:       Executed DbCommand (2ms) [Parameters=[], CommandType='Text', CommandTimeout='30']
2026-08-08T00:12:40.6794980+00:00 ContainerStream:       SELECT OBJECT_ID(N'[__EFMigrationsHistory]');
2026-08-08T00:12:40.6833809+00:00 ContainerStream: info: Microsoft.EntityFrameworkCore.Database.Command[20101]
2026-08-08T00:12:40.6834236+00:00 ContainerStream:       Executed DbCommand (2ms) [Parameters=[], CommandType='Text', CommandTimeout='30']
2026-08-08T00:12:40.6834361+00:00 ContainerStream:       SELECT [MigrationId], [ProductVersion]
2026-08-08T00:12:40.6834403+00:00 ContainerStream:       FROM [__EFMigrationsHistory]
2026-08-08T00:12:40.6836507+00:00 ContainerStream:       ORDER BY [MigrationId];
2026-08-08T00:12:40.6856914+00:00 ContainerStream: info: Microsoft.EntityFrameworkCore.Database.Command[20101]
2026-08-08T00:12:40.6857267+00:00 ContainerStream:       Executed DbCommand (2ms) [Parameters=[], CommandType='Text', CommandTimeout='30']
2026-08-08T00:12:40.6857346+00:00 ContainerStream:       SELECT TOP(1) [b].[BankAccountNumber]
2026-08-08T00:12:40.6859971+00:00 ContainerStream:       FROM [Beneficiaries] AS [b]
2026-08-08T00:12:40.6860091+00:00 ContainerStream:       ORDER BY [b].[Id]
2026-08-08T00:12:42.9232099+00:00 ContainerStream: info: Microsoft.EntityFrameworkCore.Database.Command[20101]
2026-08-08T00:12:42.9233014+00:00 ContainerStream:       Executed DbCommand (2ms) [Parameters=[], CommandType='Text', CommandTimeout='30']
2026-08-08T00:12:42.9233141+00:00 ContainerStream:       SELECT 1
2026-08-08T00:12:42.9255908+00:00 ContainerStream: info: Microsoft.EntityFrameworkCore.Database.Command[20101]
2026-08-08T00:12:42.9256550+00:00 ContainerStream:       Executed DbCommand (2ms) [Parameters=[], CommandType='Text', CommandTimeout='30']
2026-08-08T00:12:42.9256701+00:00 ContainerStream:       SELECT OBJECT_ID(N'[__EFMigrationsHistory]');
2026-08-08T00:12:42.9292163+00:00 ContainerStream: info: Microsoft.EntityFrameworkCore.Database.Command[20101]
2026-08-08T00:12:42.9292582+00:00 ContainerStream:       Executed DbCommand (2ms) [Parameters=[], CommandType='Text', CommandTimeout='30']
2026-08-08T00:12:42.9292667+00:00 ContainerStream:       SELECT [MigrationId], [ProductVersion]
2026-08-08T00:12:42.9292715+00:00 ContainerStream:       FROM [__EFMigrationsHistory]
2026-08-08T00:12:42.9292757+00:00 ContainerStream:       ORDER BY [MigrationId];
2026-08-08T00:12:42.9310806+00:00 ContainerStream: info: Microsoft.EntityFrameworkCore.Database.Command[20101]
2026-08-08T00:12:42.9311174+00:00 ContainerStream:       Executed DbCommand (2ms) [Parameters=[], CommandType='Text', CommandTimeout='30']
2026-08-08T00:12:42.9311237+00:00 ContainerStream:       SELECT TOP(1) [b].[BankAccountNumber]
2026-08-08T00:12:42.9311274+00:00 ContainerStream:       FROM [Beneficiaries] AS [b]
2026-08-08T00:12:42.9311312+00:00 ContainerStream:       ORDER BY [b].[Id]
2026-08-08T00:12:44.9339643+00:00 ContainerStream: info: Microsoft.EntityFrameworkCore.Database.Command[20101]
2026-08-08T00:12:44.9340655+00:00 ContainerStream:       Executed DbCommand (2ms) [Parameters=[], CommandType='Text', CommandTimeout='30']
2026-08-08T00:12:44.9340770+00:00 ContainerStream:       SELECT 1
2026-08-08T00:12:44.9359566+00:00 ContainerStream: info: Microsoft.EntityFrameworkCore.Database.Command[20101]
2026-08-08T00:12:44.9360229+00:00 ContainerStream:       Executed DbCommand (2ms) [Parameters=[], CommandType='Text', CommandTimeout='30']
2026-08-08T00:12:44.9360389+00:00 ContainerStream:       SELECT OBJECT_ID(N'[__EFMigrationsHistory]');
2026-08-08T00:12:44.9396529+00:00 ContainerStream: info: Microsoft.EntityFrameworkCore.Database.Command[20101]
2026-08-08T00:12:44.9396936+00:00 ContainerStream:       Executed DbCommand (2ms) [Parameters=[], CommandType='Text', CommandTimeout='30']
2026-08-08T00:12:44.9397035+00:00 ContainerStream:       SELECT [MigrationId], [ProductVersion]
2026-08-08T00:12:44.9397141+00:00 ContainerStream:       FROM [__EFMigrationsHistory]
2026-08-08T00:12:44.9397206+00:00 ContainerStream:       ORDER BY [MigrationId];
2026-08-08T00:12:44.9412883+00:00 ContainerStream: info: Microsoft.EntityFrameworkCore.Database.Command[20101]
2026-08-08T00:12:44.9413230+00:00 ContainerStream:       Executed DbCommand (2ms) [Parameters=[], CommandType='Text', CommandTimeout='30']
2026-08-08T00:12:44.9413301+00:00 ContainerStream:       SELECT TOP(1) [b].[BankAccountNumber]
2026-08-08T00:12:44.9413396+00:00 ContainerStream:       FROM [Beneficiaries] AS [b]
2026-08-08T00:12:44.9413434+00:00 ContainerStream:       ORDER BY [b].[Id]
2026-08-08T00:12:48.3452543+00:00 ContainerStream: info: Microsoft.EntityFrameworkCore.Database.Command[20101]
2026-08-08T00:12:48.3453420+00:00 ContainerStream:       Executed DbCommand (2ms) [Parameters=[], CommandType='Text', CommandTimeout='30']
2026-08-08T00:12:48.3453554+00:00 ContainerStream:       SELECT 1
2026-08-08T00:12:48.3484569+00:00 ContainerStream: info: Microsoft.EntityFrameworkCore.Database.Command[20101]
2026-08-08T00:12:48.3485076+00:00 ContainerStream:       Executed DbCommand (2ms) [Parameters=[], CommandType='Text', CommandTimeout='30']
2026-08-08T00:12:48.3485171+00:00 ContainerStream:       SELECT OBJECT_ID(N'[__EFMigrationsHistory]');
2026-08-08T00:12:48.3506116+00:00 ContainerStream: info: Microsoft.EntityFrameworkCore.Database.Command[20101]
2026-08-08T00:12:48.3506504+00:00 ContainerStream:       Executed DbCommand (2ms) [Parameters=[], CommandType='Text', CommandTimeout='30']
2026-08-08T00:12:48.3506574+00:00 ContainerStream:       SELECT [MigrationId], [ProductVersion]
2026-08-08T00:12:48.3506719+00:00 ContainerStream:       FROM [__EFMigrationsHistory]
2026-08-08T00:12:48.3511550+00:00 ContainerStream:       ORDER BY [MigrationId];
2026-08-08T00:12:48.3525776+00:00 ContainerStream: info: Microsoft.EntityFrameworkCore.Database.Command[20101]
2026-08-08T00:12:48.3526069+00:00 ContainerStream:       Executed DbCommand (2ms) [Parameters=[], CommandType='Text', CommandTimeout='30']
2026-08-08T00:12:48.3526136+00:00 ContainerStream:       SELECT TOP(1) [b].[BankAccountNumber]
2026-08-08T00:12:48.3526173+00:00 ContainerStream:       FROM [Beneficiaries] AS [b]
2026-08-08T00:12:48.3526209+00:00 ContainerStream:       ORDER BY [b].[Id]
2026-08-08T00:12:50.5120442+00:00 ContainerStream: info: Microsoft.EntityFrameworkCore.Database.Command[20101]
2026-08-08T00:12:50.5121352+00:00 ContainerStream:       Executed DbCommand (2ms) [Parameters=[], CommandType='Text', CommandTimeout='30']
2026-08-08T00:12:50.5121457+00:00 ContainerStream:       SELECT 1
2026-08-08T00:12:50.5121825+00:00 ContainerStream: info: Microsoft.EntityFrameworkCore.Database.Command[20101]
2026-08-08T00:12:50.5121966+00:00 ContainerStream:       Executed DbCommand (2ms) [Parameters=[], CommandType='Text', CommandTimeout='30']
2026-08-08T00:12:50.5122021+00:00 ContainerStream:       SELECT OBJECT_ID(N'[__EFMigrationsHistory]');
2026-08-08T00:12:50.5122074+00:00 ContainerStream: info: Microsoft.EntityFrameworkCore.Database.Command[20101]
2026-08-08T00:12:50.5122123+00:00 ContainerStream:       Executed DbCommand (2ms) [Parameters=[], CommandType='Text', CommandTimeout='30']
2026-08-08T00:12:50.5122174+00:00 ContainerStream:       SELECT [MigrationId], [ProductVersion]
2026-08-08T00:12:50.5122245+00:00 ContainerStream:       FROM [__EFMigrationsHistory]
2026-08-08T00:12:50.5122295+00:00 ContainerStream:       ORDER BY [MigrationId];
2026-08-08T00:12:50.5122344+00:00 ContainerStream: info: Microsoft.EntityFrameworkCore.Database.Command[20101]
2026-08-08T00:12:50.5122392+00:00 ContainerStream:       Executed DbCommand (2ms) [Parameters=[], CommandType='Text', CommandTimeout='30']
2026-08-08T00:12:50.5122441+00:00 ContainerStream:       SELECT TOP(1) [b].[BankAccountNumber]
2026-08-08T00:12:50.5122509+00:00 ContainerStream:       FROM [Beneficiaries] AS [b]
2026-08-08T00:12:50.5122557+00:00 ContainerStream:       ORDER BY [b].[Id]
2026-08-08T00:12:52.1707289+00:00 ContainerStream: info: Microsoft.EntityFrameworkCore.Database.Command[20101]
2026-08-08T00:12:52.1708029+00:00 ContainerStream:       Executed DbCommand (2ms) [Parameters=[], CommandType='Text', CommandTimeout='30']
2026-08-08T00:12:52.1708230+00:00 ContainerStream:       SELECT 1
2026-08-08T00:12:52.1740391+00:00 ContainerStream: info: Microsoft.EntityFrameworkCore.Database.Command[20101]
2026-08-08T00:12:52.1740873+00:00 ContainerStream:       Executed DbCommand (2ms) [Parameters=[], CommandType='Text', CommandTimeout='30']
2026-08-08T00:12:52.1740952+00:00 ContainerStream:       SELECT OBJECT_ID(N'[__EFMigrationsHistory]');
2026-08-08T00:12:52.1772704+00:00 ContainerStream: info: Microsoft.EntityFrameworkCore.Database.Command[20101]
2026-08-08T00:12:52.1773166+00:00 ContainerStream:       Executed DbCommand (2ms) [Parameters=[], CommandType='Text', CommandTimeout='30']
2026-08-08T00:12:52.1773241+00:00 ContainerStream:       SELECT [MigrationId], [ProductVersion]
2026-08-08T00:12:52.1773280+00:00 ContainerStream:       FROM [__EFMigrationsHistory]
2026-08-08T00:12:52.1773319+00:00 ContainerStream:       ORDER BY [MigrationId];
2026-08-08T00:12:52.1795969+00:00 ContainerStream: info: Microsoft.EntityFrameworkCore.Database.Command[20101]
2026-08-08T00:12:52.1796363+00:00 ContainerStream:       Executed DbCommand (2ms) [Parameters=[], CommandType='Text', CommandTimeout='30']
2026-08-08T00:12:52.1796432+00:00 ContainerStream:       SELECT TOP(1) [b].[BankAccountNumber]
2026-08-08T00:12:52.1796469+00:00 ContainerStream:       FROM [Beneficiaries] AS [b]
2026-08-08T00:12:52.1796507+00:00 ContainerStream:       ORDER BY [b].[Id]
2026-08-08T00:12:53.2062013+00:00 ContainerStream: info: Microsoft.EntityFrameworkCore.Database.Command[20101]
2026-08-08T00:12:53.2062808+00:00 ContainerStream:       Executed DbCommand (3ms) [Parameters=[], CommandType='Text', CommandTimeout='30']
2026-08-08T00:12:53.2062906+00:00 ContainerStream:       SELECT 1
2026-08-08T00:12:53.2084005+00:00 ContainerStream: info: Microsoft.EntityFrameworkCore.Database.Command[20101]
2026-08-08T00:12:53.2084477+00:00 ContainerStream:       Executed DbCommand (2ms) [Parameters=[], CommandType='Text', CommandTimeout='30']
2026-08-08T00:12:53.2084611+00:00 ContainerStream:       SELECT OBJECT_ID(N'[__EFMigrationsHistory]');
2026-08-08T00:12:53.2121919+00:00 ContainerStream: info: Microsoft.EntityFrameworkCore.Database.Command[20101]
2026-08-08T00:12:53.2122341+00:00 ContainerStream:       Executed DbCommand (2ms) [Parameters=[], CommandType='Text', CommandTimeout='30']
2026-08-08T00:12:53.2122419+00:00 ContainerStream:       SELECT [MigrationId], [ProductVersion]
2026-08-08T00:12:53.2122518+00:00 ContainerStream:       FROM [__EFMigrationsHistory]
2026-08-08T00:12:53.2122562+00:00 ContainerStream:       ORDER BY [MigrationId];
2026-08-08T00:12:53.2142884+00:00 ContainerStream: info: Microsoft.EntityFrameworkCore.Database.Command[20101]
2026-08-08T00:12:53.2145184+00:00 ContainerStream:       Executed DbCommand (2ms) [Parameters=[], CommandType='Text', CommandTimeout='30']
2026-08-08T00:12:53.2145314+00:00 ContainerStream:       SELECT TOP(1) [b].[BankAccountNumber]
2026-08-08T00:12:53.2145395+00:00 ContainerStream:       FROM [Beneficiaries] AS [b]
2026-08-08T00:12:53.2145441+00:00 ContainerStream:       ORDER BY [b].[Id]
2026-08-08T00:12:59.7350924+00:00 ContainerStream: info: Microsoft.EntityFrameworkCore.Database.Command[20101]
2026-08-08T00:12:59.7351716+00:00 ContainerStream:       Executed DbCommand (2ms) [Parameters=[], CommandType='Text', CommandTimeout='30']
2026-08-08T00:12:59.7351911+00:00 ContainerStream:       SELECT 1
2026-08-08T00:12:59.7372526+00:00 ContainerStream: info: Microsoft.EntityFrameworkCore.Database.Command[20101]
2026-08-08T00:12:59.7373057+00:00 ContainerStream:       Executed DbCommand (2ms) [Parameters=[], CommandType='Text', CommandTimeout='30']
2026-08-08T00:12:59.7373130+00:00 ContainerStream:       SELECT OBJECT_ID(N'[__EFMigrationsHistory]');
2026-08-08T00:12:59.7400262+00:00 ContainerStream: info: Microsoft.EntityFrameworkCore.Database.Command[20101]
2026-08-08T00:12:59.7400601+00:00 ContainerStream:       Executed DbCommand (2ms) [Parameters=[], CommandType='Text', CommandTimeout='30']
2026-08-08T00:12:59.7400672+00:00 ContainerStream:       SELECT [MigrationId], [ProductVersion]
2026-08-08T00:12:59.7400720+00:00 ContainerStream:       FROM [__EFMigrationsHistory]
2026-08-08T00:12:59.7405042+00:00 ContainerStream:       ORDER BY [MigrationId];
2026-08-08T00:12:59.7423066+00:00 ContainerStream: info: Microsoft.EntityFrameworkCore.Database.Command[20101]
2026-08-08T00:12:59.7423385+00:00 ContainerStream:       Executed DbCommand (2ms) [Parameters=[], CommandType='Text', CommandTimeout='30']
2026-08-08T00:12:59.7423458+00:00 ContainerStream:       SELECT TOP(1) [b].[BankAccountNumber]
2026-08-08T00:12:59.7423501+00:00 ContainerStream:       FROM [Beneficiaries] AS [b]
2026-08-08T00:12:59.7424363+00:00 ContainerStream:       ORDER BY [b].[Id]
2026-08-08T00:13:01.4146939+00:00 ContainerStream: info: Microsoft.EntityFrameworkCore.Database.Command[20101]
2026-08-08T00:13:01.4147721+00:00 ContainerStream:       Executed DbCommand (3ms) [Parameters=[], CommandType='Text', CommandTimeout='30']
2026-08-08T00:13:01.4147824+00:00 ContainerStream:       SELECT 1
2026-08-08T00:13:01.4180160+00:00 ContainerStream: info: Microsoft.EntityFrameworkCore.Database.Command[20101]
2026-08-08T00:13:01.4180736+00:00 ContainerStream:       Executed DbCommand (2ms) [Parameters=[], CommandType='Text', CommandTimeout='30']
2026-08-08T00:13:01.4180820+00:00 ContainerStream:       SELECT OBJECT_ID(N'[__EFMigrationsHistory]');
2026-08-08T00:13:01.4200780+00:00 ContainerStream: info: Microsoft.EntityFrameworkCore.Database.Command[20101]
2026-08-08T00:13:01.4201199+00:00 ContainerStream:       Executed DbCommand (2ms) [Parameters=[], CommandType='Text', CommandTimeout='30']
2026-08-08T00:13:01.4202964+00:00 ContainerStream:       SELECT [MigrationId], [ProductVersion]
2026-08-08T00:13:01.4203070+00:00 ContainerStream:       FROM [__EFMigrationsHistory]
2026-08-08T00:13:01.4203117+00:00 ContainerStream:       ORDER BY [MigrationId];
2026-08-08T00:13:01.4219926+00:00 ContainerStream: info: Microsoft.EntityFrameworkCore.Database.Command[20101]
2026-08-08T00:13:01.4220236+00:00 ContainerStream:       Executed DbCommand (2ms) [Parameters=[], CommandType='Text', CommandTimeout='30']
2026-08-08T00:13:01.4220339+00:00 ContainerStream:       SELECT TOP(1) [b].[BankAccountNumber]
2026-08-08T00:13:01.4220383+00:00 ContainerStream:       FROM [Beneficiaries] AS [b]
2026-08-08T00:13:01.4220418+00:00 ContainerStream:       ORDER BY [b].[Id]
2026-08-08T00:13:02.4268371+00:00 ContainerStream: info: Microsoft.EntityFrameworkCore.Database.Command[20101]
2026-08-08T00:13:02.4269381+00:00 ContainerStream:       Executed DbCommand (3ms) [Parameters=[], CommandType='Text', CommandTimeout='30']
2026-08-08T00:13:02.4269502+00:00 ContainerStream:       SELECT 1
2026-08-08T00:13:02.4301384+00:00 ContainerStream: info: Microsoft.EntityFrameworkCore.Database.Command[20101]
2026-08-08T00:13:02.4302058+00:00 ContainerStream:       Executed DbCommand (2ms) [Parameters=[], CommandType='Text', CommandTimeout='30']
2026-08-08T00:13:02.4302184+00:00 ContainerStream:       SELECT OBJECT_ID(N'[__EFMigrationsHistory]');
2026-08-08T00:13:02.4318629+00:00 ContainerStream: info: Microsoft.EntityFrameworkCore.Database.Command[20101]
2026-08-08T00:13:02.4319107+00:00 ContainerStream:       Executed DbCommand (2ms) [Parameters=[], CommandType='Text', CommandTimeout='30']
2026-08-08T00:13:02.4319196+00:00 ContainerStream:       SELECT [MigrationId], [ProductVersion]
2026-08-08T00:13:02.4319252+00:00 ContainerStream:       FROM [__EFMigrationsHistory]
2026-08-08T00:13:02.4321418+00:00 ContainerStream:       ORDER BY [MigrationId];
2026-08-08T00:13:02.4339188+00:00 ContainerStream: info: Microsoft.EntityFrameworkCore.Database.Command[20101]
2026-08-08T00:13:02.4339497+00:00 ContainerStream:       Executed DbCommand (2ms) [Parameters=[], CommandType='Text', CommandTimeout='30']
2026-08-08T00:13:02.4339563+00:00 ContainerStream:       SELECT TOP(1) [b].[BankAccountNumber]
2026-08-08T00:13:02.4339602+00:00 ContainerStream:       FROM [Beneficiaries] AS [b]
2026-08-08T00:13:02.4339783+00:00 ContainerStream:       ORDER BY [b].[Id]
2026-08-08T00:13:05.8194323+00:00 ContainerStream: info: Microsoft.EntityFrameworkCore.Database.Command[20101]
2026-08-08T00:13:05.8195087+00:00 ContainerStream:       Executed DbCommand (2ms) [Parameters=[], CommandType='Text', CommandTimeout='30']
2026-08-08T00:13:05.8195191+00:00 ContainerStream:       SELECT 1
2026-08-08T00:13:05.8227159+00:00 ContainerStream: info: Microsoft.EntityFrameworkCore.Database.Command[20101]
2026-08-08T00:13:05.8227646+00:00 ContainerStream:       Executed DbCommand (2ms) [Parameters=[], CommandType='Text', CommandTimeout='30']
2026-08-08T00:13:05.8227722+00:00 ContainerStream:       SELECT OBJECT_ID(N'[__EFMigrationsHistory]');
2026-08-08T00:13:05.8246916+00:00 ContainerStream: info: Microsoft.EntityFrameworkCore.Database.Command[20101]
2026-08-08T00:13:05.8247274+00:00 ContainerStream:       Executed DbCommand (2ms) [Parameters=[], CommandType='Text', CommandTimeout='30']
2026-08-08T00:13:05.8247396+00:00 ContainerStream:       SELECT [MigrationId], [ProductVersion]
2026-08-08T00:13:05.8247440+00:00 ContainerStream:       FROM [__EFMigrationsHistory]
2026-08-08T00:13:05.8247477+00:00 ContainerStream:       ORDER BY [MigrationId];
2026-08-08T00:13:05.8264898+00:00 ContainerStream: info: Microsoft.EntityFrameworkCore.Database.Command[20101]
2026-08-08T00:13:05.8265288+00:00 ContainerStream:       Executed DbCommand (2ms) [Parameters=[], CommandType='Text', CommandTimeout='30']
2026-08-08T00:13:05.8265471+00:00 ContainerStream:       SELECT TOP(1) [b].[BankAccountNumber]
2026-08-08T00:13:05.8265512+00:00 ContainerStream:       FROM [Beneficiaries] AS [b]
2026-08-08T00:13:05.8265557+00:00 ContainerStream:       ORDER BY [b].[Id]
2026-08-08T00:13:07.0797550+00:00 ContainerStream: info: Microsoft.EntityFrameworkCore.Database.Command[20101]
2026-08-08T00:13:07.0798316+00:00 ContainerStream:       Executed DbCommand (2ms) [Parameters=[], CommandType='Text', CommandTimeout='30']
2026-08-08T00:13:07.0798393+00:00 ContainerStream:       SELECT 1
2026-08-08T00:13:07.0812683+00:00 ContainerStream: info: Microsoft.EntityFrameworkCore.Database.Command[20101]
2026-08-08T00:13:07.0813235+00:00 ContainerStream:       Executed DbCommand (2ms) [Parameters=[], CommandType='Text', CommandTimeout='30']
2026-08-08T00:13:07.0813376+00:00 ContainerStream:       SELECT OBJECT_ID(N'[__EFMigrationsHistory]');
2026-08-08T00:13:07.0846256+00:00 ContainerStream: info: Microsoft.EntityFrameworkCore.Database.Command[20101]
2026-08-08T00:13:07.0850078+00:00 ContainerStream:       Executed DbCommand (1ms) [Parameters=[], CommandType='Text', CommandTimeout='30']
2026-08-08T00:13:07.0850228+00:00 ContainerStream:       SELECT [MigrationId], [ProductVersion]
2026-08-08T00:13:07.0850278+00:00 ContainerStream:       FROM [__EFMigrationsHistory]
2026-08-08T00:13:07.0850372+00:00 ContainerStream:       ORDER BY [MigrationId];
2026-08-08T00:13:07.0859795+00:00 ContainerStream: info: Microsoft.EntityFrameworkCore.Database.Command[20101]
2026-08-08T00:13:07.0860067+00:00 ContainerStream:       Executed DbCommand (1ms) [Parameters=[], CommandType='Text', CommandTimeout='30']
2026-08-08T00:13:07.0860140+00:00 ContainerStream:       SELECT TOP(1) [b].[BankAccountNumber]
2026-08-08T00:13:07.0860178+00:00 ContainerStream:       FROM [Beneficiaries] AS [b]
2026-08-08T00:13:07.0860257+00:00 ContainerStream:       ORDER BY [b].[Id]
2026-08-08T00:13:09.7886418+00:00 ContainerStream: info: Microsoft.EntityFrameworkCore.Database.Command[20101]
2026-08-08T00:13:09.7887695+00:00 ContainerStream:       Executed DbCommand (2ms) [Parameters=[], CommandType='Text', CommandTimeout='30']
2026-08-08T00:13:09.7887835+00:00 ContainerStream:       SELECT 1
2026-08-08T00:13:09.7915490+00:00 ContainerStream: info: Microsoft.EntityFrameworkCore.Database.Command[20101]
2026-08-08T00:13:09.7916256+00:00 ContainerStream:       Executed DbCommand (2ms) [Parameters=[], CommandType='Text', CommandTimeout='30']
2026-08-08T00:13:09.7916360+00:00 ContainerStream:       SELECT OBJECT_ID(N'[__EFMigrationsHistory]');
2026-08-08T00:13:09.7929285+00:00 ContainerStream: info: Microsoft.EntityFrameworkCore.Database.Command[20101]
2026-08-08T00:13:09.7929820+00:00 ContainerStream:       Executed DbCommand (1ms) [Parameters=[], CommandType='Text', CommandTimeout='30']
2026-08-08T00:13:09.7929912+00:00 ContainerStream:       SELECT [MigrationId], [ProductVersion]
2026-08-08T00:13:09.7929965+00:00 ContainerStream:       FROM [__EFMigrationsHistory]
2026-08-08T00:13:09.7930018+00:00 ContainerStream:       ORDER BY [MigrationId];
2026-08-08T00:13:09.7946957+00:00 ContainerStream: info: Microsoft.EntityFrameworkCore.Database.Command[20101]
2026-08-08T00:13:09.7947340+00:00 ContainerStream:       Executed DbCommand (1ms) [Parameters=[], CommandType='Text', CommandTimeout='30']
2026-08-08T00:13:09.7947408+00:00 ContainerStream:       SELECT TOP(1) [b].[BankAccountNumber]
2026-08-08T00:13:09.7947447+00:00 ContainerStream:       FROM [Beneficiaries] AS [b]
2026-08-08T00:13:09.7947484+00:00 ContainerStream:       ORDER BY [b].[Id]
2026-08-08T00:13:10.2427028+00:00 ContainerStream: info: Microsoft.EntityFrameworkCore.Database.Command[20101]
2026-08-08T00:13:10.2427846+00:00 ContainerStream:       Executed DbCommand (2ms) [Parameters=[], CommandType='Text', CommandTimeout='30']
2026-08-08T00:13:10.2427962+00:00 ContainerStream:       SELECT 1
2026-08-08T00:13:10.2444422+00:00 ContainerStream: info: Microsoft.EntityFrameworkCore.Database.Command[20101]
2026-08-08T00:13:10.2444877+00:00 ContainerStream:       Executed DbCommand (2ms) [Parameters=[], CommandType='Text', CommandTimeout='30']
2026-08-08T00:13:10.2445015+00:00 ContainerStream:       SELECT OBJECT_ID(N'[__EFMigrationsHistory]');
2026-08-08T00:13:10.2472512+00:00 ContainerStream: info: Microsoft.EntityFrameworkCore.Database.Command[20101]
2026-08-08T00:13:10.2472864+00:00 ContainerStream:       Executed DbCommand (1ms) [Parameters=[], CommandType='Text', CommandTimeout='30']
2026-08-08T00:13:10.2472940+00:00 ContainerStream:       SELECT [MigrationId], [ProductVersion]
2026-08-08T00:13:10.2473037+00:00 ContainerStream:       FROM [__EFMigrationsHistory]
2026-08-08T00:13:10.2473203+00:00 ContainerStream:       ORDER BY [MigrationId];
2026-08-08T00:13:10.2494861+00:00 ContainerStream: info: Microsoft.EntityFrameworkCore.Database.Command[20101]
2026-08-08T00:13:10.2495187+00:00 ContainerStream:       Executed DbCommand (1ms) [Parameters=[], CommandType='Text', CommandTimeout='30']
2026-08-08T00:13:10.2495299+00:00 ContainerStream:       SELECT TOP(1) [b].[BankAccountNumber]
2026-08-08T00:13:10.2495350+00:00 ContainerStream:       FROM [Beneficiaries] AS [b]
2026-08-08T00:13:10.2495398+00:00 ContainerStream:       ORDER BY [b].[Id]
2026-08-08T00:13:13.2387433+00:00 ContainerStream: info: Microsoft.EntityFrameworkCore.Database.Command[20101]
2026-08-08T00:13:13.2388212+00:00 ContainerStream:       Executed DbCommand (2ms) [Parameters=[], CommandType='Text', CommandTimeout='30']
2026-08-08T00:13:13.2388373+00:00 ContainerStream:       SELECT 1
2026-08-08T00:13:13.2402321+00:00 ContainerStream: info: Microsoft.EntityFrameworkCore.Database.Command[20101]
2026-08-08T00:13:13.2402816+00:00 ContainerStream:       Executed DbCommand (2ms) [Parameters=[], CommandType='Text', CommandTimeout='30']
2026-08-08T00:13:13.2402897+00:00 ContainerStream:       SELECT OBJECT_ID(N'[__EFMigrationsHistory]');
2026-08-08T00:13:13.2429040+00:00 ContainerStream: info: Microsoft.EntityFrameworkCore.Database.Command[20101]
2026-08-08T00:13:13.2429406+00:00 ContainerStream:       Executed DbCommand (1ms) [Parameters=[], CommandType='Text', CommandTimeout='30']
2026-08-08T00:13:13.2429485+00:00 ContainerStream:       SELECT [MigrationId], [ProductVersion]
2026-08-08T00:13:13.2429535+00:00 ContainerStream:       FROM [__EFMigrationsHistory]
2026-08-08T00:13:13.2434351+00:00 ContainerStream:       ORDER BY [MigrationId];
2026-08-08T00:13:13.2457383+00:00 ContainerStream: info: Microsoft.EntityFrameworkCore.Database.Command[20101]
2026-08-08T00:13:13.2457678+00:00 ContainerStream:       Executed DbCommand (2ms) [Parameters=[], CommandType='Text', CommandTimeout='30']
2026-08-08T00:13:13.2457754+00:00 ContainerStream:       SELECT TOP(1) [b].[BankAccountNumber]
2026-08-08T00:13:13.2457802+00:00 ContainerStream:       FROM [Beneficiaries] AS [b]
2026-08-08T00:13:13.2457848+00:00 ContainerStream:       ORDER BY [b].[Id]
2026-08-08T00:13:18.9301823+00:00 ContainerStream: info: Microsoft.EntityFrameworkCore.Database.Command[20101]
2026-08-08T00:13:18.9302680+00:00 ContainerStream:       Executed DbCommand (4ms) [Parameters=[], CommandType='Text', CommandTimeout='30']
2026-08-08T00:13:18.9302810+00:00 ContainerStream:       SELECT 1
2026-08-08T00:13:18.9318076+00:00 ContainerStream: info: Microsoft.EntityFrameworkCore.Database.Command[20101]
2026-08-08T00:13:18.9319085+00:00 ContainerStream:       Executed DbCommand (2ms) [Parameters=[], CommandType='Text', CommandTimeout='30']
2026-08-08T00:13:18.9319191+00:00 ContainerStream:       SELECT OBJECT_ID(N'[__EFMigrationsHistory]');
2026-08-08T00:13:18.9351409+00:00 ContainerStream: info: Microsoft.EntityFrameworkCore.Database.Command[20101]
2026-08-08T00:13:18.9351779+00:00 ContainerStream:       Executed DbCommand (2ms) [Parameters=[], CommandType='Text', CommandTimeout='30']
2026-08-08T00:13:18.9352006+00:00 ContainerStream:       SELECT [MigrationId], [ProductVersion]
2026-08-08T00:13:18.9352050+00:00 ContainerStream:       FROM [__EFMigrationsHistory]
2026-08-08T00:13:18.9352086+00:00 ContainerStream:       ORDER BY [MigrationId];
2026-08-08T00:13:18.9369202+00:00 ContainerStream: info: Microsoft.EntityFrameworkCore.Database.Command[20101]
2026-08-08T00:13:18.9369514+00:00 ContainerStream:       Executed DbCommand (1ms) [Parameters=[], CommandType='Text', CommandTimeout='30']
2026-08-08T00:13:18.9369623+00:00 ContainerStream:       SELECT TOP(1) [b].[BankAccountNumber]
2026-08-08T00:13:18.9369660+00:00 ContainerStream:       FROM [Beneficiaries] AS [b]
2026-08-08T00:13:18.9370953+00:00 ContainerStream:       ORDER BY [b].[Id]
2026-08-08T00:13:28.1144977+00:00 ContainerStream: info: Microsoft.EntityFrameworkCore.Database.Command[20101]
2026-08-08T00:13:28.1145827+00:00 ContainerStream:       Executed DbCommand (2ms) [Parameters=[], CommandType='Text', CommandTimeout='30']
2026-08-08T00:13:28.1145922+00:00 ContainerStream:       SELECT 1
2026-08-08T00:13:28.1170040+00:00 ContainerStream: info: Microsoft.EntityFrameworkCore.Database.Command[20101]
2026-08-08T00:13:28.1170597+00:00 ContainerStream:       Executed DbCommand (2ms) [Parameters=[], CommandType='Text', CommandTimeout='30']
2026-08-08T00:13:28.1170679+00:00 ContainerStream:       SELECT OBJECT_ID(N'[__EFMigrationsHistory]');
2026-08-08T00:13:28.1189441+00:00 ContainerStream: info: Microsoft.EntityFrameworkCore.Database.Command[20101]
2026-08-08T00:13:28.1189837+00:00 ContainerStream:       Executed DbCommand (2ms) [Parameters=[], CommandType='Text', CommandTimeout='30']
2026-08-08T00:13:28.1189915+00:00 ContainerStream:       SELECT [MigrationId], [ProductVersion]
2026-08-08T00:13:28.1190019+00:00 ContainerStream:       FROM [__EFMigrationsHistory]
2026-08-08T00:13:28.1190102+00:00 ContainerStream:       ORDER BY [MigrationId];
2026-08-08T00:13:28.1208837+00:00 ContainerStream: info: Microsoft.EntityFrameworkCore.Database.Command[20101]
2026-08-08T00:13:28.1209157+00:00 ContainerStream:       Executed DbCommand (2ms) [Parameters=[], CommandType='Text', CommandTimeout='30']
2026-08-08T00:13:28.1209226+00:00 ContainerStream:       SELECT TOP(1) [b].[BankAccountNumber]
2026-08-08T00:13:28.1209266+00:00 ContainerStream:       FROM [Beneficiaries] AS [b]
2026-08-08T00:13:28.1209342+00:00 ContainerStream:       ORDER BY [b].[Id]
2026-08-08T00:13:30.0605362+00:00 ContainerStream: info: Microsoft.EntityFrameworkCore.Database.Command[20101]
2026-08-08T00:13:30.0606213+00:00 ContainerStream:       Executed DbCommand (3ms) [Parameters=[], CommandType='Text', CommandTimeout='30']
2026-08-08T00:13:30.0606342+00:00 ContainerStream:       SELECT 1
2026-08-08T00:13:30.0622134+00:00 ContainerStream: info: Microsoft.EntityFrameworkCore.Database.Command[20101]
2026-08-08T00:13:30.0622683+00:00 ContainerStream:       Executed DbCommand (2ms) [Parameters=[], CommandType='Text', CommandTimeout='30']
2026-08-08T00:13:30.0622761+00:00 ContainerStream:       SELECT OBJECT_ID(N'[__EFMigrationsHistory]');
2026-08-08T00:13:30.0653608+00:00 ContainerStream: info: Microsoft.EntityFrameworkCore.Database.Command[20101]
2026-08-08T00:13:30.0654117+00:00 ContainerStream:       Executed DbCommand (2ms) [Parameters=[], CommandType='Text', CommandTimeout='30']
2026-08-08T00:13:30.0654242+00:00 ContainerStream:       SELECT [MigrationId], [ProductVersion]
2026-08-08T00:13:30.0654292+00:00 ContainerStream:       FROM [__EFMigrationsHistory]
2026-08-08T00:13:30.0654338+00:00 ContainerStream:       ORDER BY [MigrationId];
2026-08-08T00:13:30.0666742+00:00 ContainerStream: info: Microsoft.EntityFrameworkCore.Database.Command[20101]
2026-08-08T00:13:30.0667095+00:00 ContainerStream:       Executed DbCommand (1ms) [Parameters=[], CommandType='Text', CommandTimeout='30']
2026-08-08T00:13:30.0667205+00:00 ContainerStream:       SELECT TOP(1) [b].[BankAccountNumber]
2026-08-08T00:13:30.0672430+00:00 ContainerStream:       FROM [Beneficiaries] AS [b]
2026-08-08T00:13:30.0672537+00:00 ContainerStream:       ORDER BY [b].[Id]
2026-08-08T00:13:33.1503795+00:00 ContainerStream: info: Microsoft.EntityFrameworkCore.Database.Command[20101]
2026-08-08T00:13:33.1504749+00:00 ContainerStream:       Executed DbCommand (2ms) [Parameters=[], CommandType='Text', CommandTimeout='30']
2026-08-08T00:13:33.1504872+00:00 ContainerStream:       SELECT 1
2026-08-08T00:13:33.1521924+00:00 ContainerStream: info: Microsoft.EntityFrameworkCore.Database.Command[20101]
2026-08-08T00:13:33.1522418+00:00 ContainerStream:       Executed DbCommand (2ms) [Parameters=[], CommandType='Text', CommandTimeout='30']
2026-08-08T00:13:33.1522521+00:00 ContainerStream:       SELECT OBJECT_ID(N'[__EFMigrationsHistory]');
2026-08-08T00:13:33.1551616+00:00 ContainerStream: info: Microsoft.EntityFrameworkCore.Database.Command[20101]
2026-08-08T00:13:33.1552009+00:00 ContainerStream:       Executed DbCommand (2ms) [Parameters=[], CommandType='Text', CommandTimeout='30']
2026-08-08T00:13:33.1552886+00:00 ContainerStream:       SELECT [MigrationId], [ProductVersion]
2026-08-08T00:13:33.1552981+00:00 ContainerStream:       FROM [__EFMigrationsHistory]
2026-08-08T00:13:33.1554133+00:00 ContainerStream:       ORDER BY [MigrationId];
2026-08-08T00:13:33.1573762+00:00 ContainerStream: info: Microsoft.EntityFrameworkCore.Database.Command[20101]
2026-08-08T00:13:33.1574079+00:00 ContainerStream:       Executed DbCommand (2ms) [Parameters=[], CommandType='Text', CommandTimeout='30']
2026-08-08T00:13:33.1574156+00:00 ContainerStream:       SELECT TOP(1) [b].[BankAccountNumber]
2026-08-08T00:13:33.1574197+00:00 ContainerStream:       FROM [Beneficiaries] AS [b]
2026-08-08T00:13:33.1574276+00:00 ContainerStream:       ORDER BY [b].[Id]
2026-08-08T00:13:36.1616280+00:00 ContainerStream: info: Microsoft.EntityFrameworkCore.Database.Command[20101]
2026-08-08T00:13:36.1617452+00:00 ContainerStream:       Executed DbCommand (2ms) [Parameters=[], CommandType='Text', CommandTimeout='30']
2026-08-08T00:13:36.1617589+00:00 ContainerStream:       SELECT 1
2026-08-08T00:13:36.1647741+00:00 ContainerStream: info: Microsoft.EntityFrameworkCore.Database.Command[20101]
2026-08-08T00:13:36.1648407+00:00 ContainerStream:       Executed DbCommand (2ms) [Parameters=[], CommandType='Text', CommandTimeout='30']
2026-08-08T00:13:36.1648508+00:00 ContainerStream:       SELECT OBJECT_ID(N'[__EFMigrationsHistory]');
2026-08-08T00:13:36.1661550+00:00 ContainerStream: info: Microsoft.EntityFrameworkCore.Database.Command[20101]
2026-08-08T00:13:36.1661954+00:00 ContainerStream:       Executed DbCommand (2ms) [Parameters=[], CommandType='Text', CommandTimeout='30']
2026-08-08T00:13:36.1664417+00:00 ContainerStream:       SELECT [MigrationId], [ProductVersion]
2026-08-08T00:13:36.1664502+00:00 ContainerStream:       FROM [__EFMigrationsHistory]
2026-08-08T00:13:36.1664542+00:00 ContainerStream:       ORDER BY [MigrationId];
2026-08-08T00:13:36.1705378+00:00 ContainerStream: info: Microsoft.EntityFrameworkCore.Database.Command[20101]
2026-08-08T00:13:36.1707485+00:00 ContainerStream:       Executed DbCommand (4ms) [Parameters=[], CommandType='Text', CommandTimeout='30']
2026-08-08T00:13:36.1707609+00:00 ContainerStream:       SELECT TOP(1) [b].[BankAccountNumber]
2026-08-08T00:13:36.1707652+00:00 ContainerStream:       FROM [Beneficiaries] AS [b]
2026-08-08T00:13:36.1707694+00:00 ContainerStream:       ORDER BY [b].[Id]
2026-08-08T00:13:52.1741460+00:00 ContainerStream: info: Microsoft.EntityFrameworkCore.Database.Command[20101]
2026-08-08T00:13:52.1742546+00:00 ContainerStream:       Executed DbCommand (5ms) [Parameters=[], CommandType='Text', CommandTimeout='30']
2026-08-08T00:13:52.1742672+00:00 ContainerStream:       SELECT 1
2026-08-08T00:13:52.1765702+00:00 ContainerStream: info: Microsoft.EntityFrameworkCore.Database.Command[20101]
2026-08-08T00:13:52.1766566+00:00 ContainerStream:       Executed DbCommand (2ms) [Parameters=[], CommandType='Text', CommandTimeout='30']
2026-08-08T00:13:52.1767064+00:00 ContainerStream:       SELECT OBJECT_ID(N'[__EFMigrationsHistory]');
2026-08-08T00:13:52.1799717+00:00 ContainerStream: info: Microsoft.EntityFrameworkCore.Database.Command[20101]
2026-08-08T00:13:52.1800190+00:00 ContainerStream:       Executed DbCommand (1ms) [Parameters=[], CommandType='Text', CommandTimeout='30']
2026-08-08T00:13:52.1800285+00:00 ContainerStream:       SELECT [MigrationId], [ProductVersion]
2026-08-08T00:13:52.1800374+00:00 ContainerStream:       FROM [__EFMigrationsHistory]
2026-08-08T00:13:52.1800419+00:00 ContainerStream:       ORDER BY [MigrationId];
2026-08-08T00:13:52.1814577+00:00 ContainerStream: info: Microsoft.EntityFrameworkCore.Database.Command[20101]
2026-08-08T00:13:52.1814988+00:00 ContainerStream:       Executed DbCommand (1ms) [Parameters=[], CommandType='Text', CommandTimeout='30']
2026-08-08T00:13:52.1815067+00:00 ContainerStream:       SELECT TOP(1) [b].[BankAccountNumber]
2026-08-08T00:13:52.1815161+00:00 ContainerStream:       FROM [Beneficiaries] AS [b]
2026-08-08T00:13:52.1815196+00:00 ContainerStream:       ORDER BY [b].[Id]
2026-08-08T00:13:53.2911800+00:00 ContainerStream: info: Microsoft.EntityFrameworkCore.Database.Command[20101]
2026-08-08T00:13:53.2912583+00:00 ContainerStream:       Executed DbCommand (2ms) [Parameters=[], CommandType='Text', CommandTimeout='30']
2026-08-08T00:13:53.2912772+00:00 ContainerStream:       SELECT 1
2026-08-08T00:13:53.2939593+00:00 ContainerStream: info: Microsoft.EntityFrameworkCore.Database.Command[20101]
2026-08-08T00:13:53.2940139+00:00 ContainerStream:       Executed DbCommand (2ms) [Parameters=[], CommandType='Text', CommandTimeout='30']
2026-08-08T00:13:53.2940224+00:00 ContainerStream:       SELECT OBJECT_ID(N'[__EFMigrationsHistory]');
2026-08-08T00:13:53.2963469+00:00 ContainerStream: info: Microsoft.EntityFrameworkCore.Database.Command[20101]
2026-08-08T00:13:53.2963887+00:00 ContainerStream:       Executed DbCommand (1ms) [Parameters=[], CommandType='Text', CommandTimeout='30']
2026-08-08T00:13:53.2963964+00:00 ContainerStream:       SELECT [MigrationId], [ProductVersion]
2026-08-08T00:13:53.2964013+00:00 ContainerStream:       FROM [__EFMigrationsHistory]
2026-08-08T00:13:53.2964059+00:00 ContainerStream:       ORDER BY [MigrationId];
2026-08-08T00:13:53.2986278+00:00 ContainerStream: info: Microsoft.EntityFrameworkCore.Database.Command[20101]
2026-08-08T00:13:53.2986574+00:00 ContainerStream:       Executed DbCommand (1ms) [Parameters=[], CommandType='Text', CommandTimeout='30']
2026-08-08T00:13:53.2986651+00:00 ContainerStream:       SELECT TOP(1) [b].[BankAccountNumber]
2026-08-08T00:13:53.2986698+00:00 ContainerStream:       FROM [Beneficiaries] AS [b]
2026-08-08T00:13:53.2986744+00:00 ContainerStream:       ORDER BY [b].[Id]
2026-08-08T00:13:54.6715117+00:00 ContainerStream: info: Microsoft.EntityFrameworkCore.Database.Command[20101]
2026-08-08T00:13:54.6716004+00:00 ContainerStream:       Executed DbCommand (4ms) [Parameters=[], CommandType='Text', CommandTimeout='30']
2026-08-08T00:13:54.6716124+00:00 ContainerStream:       SELECT 1
2026-08-08T00:13:54.6740595+00:00 ContainerStream: info: Microsoft.EntityFrameworkCore.Database.Command[20101]
2026-08-08T00:13:54.6741226+00:00 ContainerStream:       Executed DbCommand (2ms) [Parameters=[], CommandType='Text', CommandTimeout='30']
2026-08-08T00:13:54.6741322+00:00 ContainerStream:       SELECT OBJECT_ID(N'[__EFMigrationsHistory]');
2026-08-08T00:13:54.6764688+00:00 ContainerStream: info: Microsoft.EntityFrameworkCore.Database.Command[20101]
2026-08-08T00:13:54.6765112+00:00 ContainerStream:       Executed DbCommand (1ms) [Parameters=[], CommandType='Text', CommandTimeout='30']
2026-08-08T00:13:54.6765236+00:00 ContainerStream:       SELECT [MigrationId], [ProductVersion]
2026-08-08T00:13:54.6765280+00:00 ContainerStream:       FROM [__EFMigrationsHistory]
2026-08-08T00:13:54.6765322+00:00 ContainerStream:       ORDER BY [MigrationId];
2026-08-08T00:13:54.6787030+00:00 ContainerStream: info: Microsoft.EntityFrameworkCore.Database.Command[20101]
2026-08-08T00:13:54.6797194+00:00 ContainerStream:       Executed DbCommand (1ms) [Parameters=[], CommandType='Text', CommandTimeout='30']
2026-08-08T00:13:54.6797619+00:00 ContainerStream:       SELECT TOP(1) [b].[BankAccountNumber]
2026-08-08T00:13:54.6797671+00:00 ContainerStream:       FROM [Beneficiaries] AS [b]
2026-08-08T00:13:54.6797713+00:00 ContainerStream:       ORDER BY [b].[Id]
2026-08-08T00:13:54.8679595+00:00 ContainerStream: info: Microsoft.EntityFrameworkCore.Database.Command[20101]
2026-08-08T00:13:54.8680539+00:00 ContainerStream:       Executed DbCommand (2ms) [Parameters=[], CommandType='Text', CommandTimeout='30']
2026-08-08T00:13:54.8680659+00:00 ContainerStream:       SELECT 1
2026-08-08T00:13:54.8699213+00:00 ContainerStream: info: Microsoft.EntityFrameworkCore.Database.Command[20101]
2026-08-08T00:13:54.8699875+00:00 ContainerStream:       Executed DbCommand (2ms) [Parameters=[], CommandType='Text', CommandTimeout='30']
2026-08-08T00:13:54.8699981+00:00 ContainerStream:       SELECT OBJECT_ID(N'[__EFMigrationsHistory]');
2026-08-08T00:13:54.8731754+00:00 ContainerStream: info: Microsoft.EntityFrameworkCore.Database.Command[20101]
2026-08-08T00:13:54.8732157+00:00 ContainerStream:       Executed DbCommand (2ms) [Parameters=[], CommandType='Text', CommandTimeout='30']
2026-08-08T00:13:54.8732238+00:00 ContainerStream:       SELECT [MigrationId], [ProductVersion]
2026-08-08T00:13:54.8732282+00:00 ContainerStream:       FROM [__EFMigrationsHistory]
2026-08-08T00:13:54.8732364+00:00 ContainerStream:       ORDER BY [MigrationId];
2026-08-08T00:13:54.8746512+00:00 ContainerStream: info: Microsoft.EntityFrameworkCore.Database.Command[20101]
2026-08-08T00:13:54.8746857+00:00 ContainerStream:       Executed DbCommand (2ms) [Parameters=[], CommandType='Text', CommandTimeout='30']
2026-08-08T00:13:54.8750525+00:00 ContainerStream:       SELECT TOP(1) [b].[BankAccountNumber]
2026-08-08T00:13:54.8750587+00:00 ContainerStream:       FROM [Beneficiaries] AS [b]
2026-08-08T00:13:54.8750674+00:00 ContainerStream:       ORDER BY [b].[Id]
2026-08-08T00:13:55.0134594+00:00 ContainerStream: info: Microsoft.EntityFrameworkCore.Database.Command[20101]
2026-08-08T00:13:55.0135414+00:00 ContainerStream:       Executed DbCommand (2ms) [Parameters=[], CommandType='Text', CommandTimeout='30']
2026-08-08T00:13:55.0135553+00:00 ContainerStream:       SELECT 1
2026-08-08T00:13:55.0154760+00:00 ContainerStream: info: Microsoft.EntityFrameworkCore.Database.Command[20101]
2026-08-08T00:13:55.0155167+00:00 ContainerStream:       Executed DbCommand (2ms) [Parameters=[], CommandType='Text', CommandTimeout='30']
2026-08-08T00:13:55.0155232+00:00 ContainerStream:       SELECT OBJECT_ID(N'[__EFMigrationsHistory]');
2026-08-08T00:13:55.0180974+00:00 ContainerStream: info: Microsoft.EntityFrameworkCore.Database.Command[20101]
2026-08-08T00:13:55.0181207+00:00 ContainerStream:       Executed DbCommand (1ms) [Parameters=[], CommandType='Text', CommandTimeout='30']
2026-08-08T00:13:55.0181316+00:00 ContainerStream:       SELECT [MigrationId], [ProductVersion]
2026-08-08T00:13:55.0181361+00:00 ContainerStream:       FROM [__EFMigrationsHistory]
2026-08-08T00:13:55.0183009+00:00 ContainerStream:       ORDER BY [MigrationId];
2026-08-08T00:13:55.0208626+00:00 ContainerStream: info: Microsoft.EntityFrameworkCore.Database.Command[20101]
2026-08-08T00:13:55.0209037+00:00 ContainerStream:       Executed DbCommand (2ms) [Parameters=[], CommandType='Text', CommandTimeout='30']
2026-08-08T00:13:55.0209293+00:00 ContainerStream:       SELECT TOP(1) [b].[BankAccountNumber]
2026-08-08T00:13:55.0209345+00:00 ContainerStream:       FROM [Beneficiaries] AS [b]
2026-08-08T00:13:55.0209384+00:00 ContainerStream:       ORDER BY [b].[Id]
2026-08-08T00:13:55.5802459+00:00 ContainerStream: info: Microsoft.EntityFrameworkCore.Database.Command[20101]
2026-08-08T00:13:55.5803446+00:00 ContainerStream:       Executed DbCommand (2ms) [Parameters=[], CommandType='Text', CommandTimeout='30']
2026-08-08T00:13:55.5803533+00:00 ContainerStream:       SELECT 1
2026-08-08T00:13:55.5830067+00:00 ContainerStream: info: Microsoft.EntityFrameworkCore.Database.Command[20101]
2026-08-08T00:13:55.5830708+00:00 ContainerStream:       Executed DbCommand (2ms) [Parameters=[], CommandType='Text', CommandTimeout='30']
2026-08-08T00:13:55.5830852+00:00 ContainerStream:       SELECT OBJECT_ID(N'[__EFMigrationsHistory]');
2026-08-08T00:13:55.5867932+00:00 ContainerStream: info: Microsoft.EntityFrameworkCore.Database.Command[20101]
2026-08-08T00:13:55.5868433+00:00 ContainerStream:       Executed DbCommand (2ms) [Parameters=[], CommandType='Text', CommandTimeout='30']
2026-08-08T00:13:55.5868511+00:00 ContainerStream:       SELECT [MigrationId], [ProductVersion]
2026-08-08T00:13:55.5868556+00:00 ContainerStream:       FROM [__EFMigrationsHistory]
2026-08-08T00:13:55.5868649+00:00 ContainerStream:       ORDER BY [MigrationId];
2026-08-08T00:13:55.5868690+00:00 ContainerStream: info: Microsoft.EntityFrameworkCore.Database.Command[20101]
2026-08-08T00:13:55.5868729+00:00 ContainerStream:       Executed DbCommand (1ms) [Parameters=[], CommandType='Text', CommandTimeout='30']
2026-08-08T00:13:55.5868773+00:00 ContainerStream:       SELECT TOP(1) [b].[BankAccountNumber]
2026-08-08T00:13:55.5868815+00:00 ContainerStream:       FROM [Beneficiaries] AS [b]
2026-08-08T00:13:55.5868882+00:00 ContainerStream:       ORDER BY [b].[Id]
2026-08-08T00:13:56.6175144+00:00 ContainerStream: info: Microsoft.EntityFrameworkCore.Database.Command[20101]
2026-08-08T00:13:56.6175981+00:00 ContainerStream:       Executed DbCommand (2ms) [Parameters=[], CommandType='Text', CommandTimeout='30']
2026-08-08T00:13:56.6176088+00:00 ContainerStream:       SELECT 1
2026-08-08T00:13:56.6201273+00:00 ContainerStream: info: Microsoft.EntityFrameworkCore.Database.Command[20101]
2026-08-08T00:13:56.6201956+00:00 ContainerStream:       Executed DbCommand (2ms) [Parameters=[], CommandType='Text', CommandTimeout='30']
2026-08-08T00:13:56.6202047+00:00 ContainerStream:       SELECT OBJECT_ID(N'[__EFMigrationsHistory]');
2026-08-08T00:13:56.6218718+00:00 ContainerStream: info: Microsoft.EntityFrameworkCore.Database.Command[20101]
2026-08-08T00:13:56.6219184+00:00 ContainerStream:       Executed DbCommand (1ms) [Parameters=[], CommandType='Text', CommandTimeout='30']
2026-08-08T00:13:56.6219315+00:00 ContainerStream:       SELECT [MigrationId], [ProductVersion]
2026-08-08T00:13:56.6219359+00:00 ContainerStream:       FROM [__EFMigrationsHistory]
2026-08-08T00:13:56.6219397+00:00 ContainerStream:       ORDER BY [MigrationId];
2026-08-08T00:13:56.6233534+00:00 ContainerStream: info: Microsoft.EntityFrameworkCore.Database.Command[20101]
2026-08-08T00:13:56.6233948+00:00 ContainerStream:       Executed DbCommand (2ms) [Parameters=[], CommandType='Text', CommandTimeout='30']
2026-08-08T00:13:56.6234019+00:00 ContainerStream:       SELECT TOP(1) [b].[BankAccountNumber]
2026-08-08T00:13:56.6234064+00:00 ContainerStream:       FROM [Beneficiaries] AS [b]
2026-08-08T00:13:56.6234106+00:00 ContainerStream:       ORDER BY [b].[Id]
2026-08-08T00:13:59.9585145+00:00 ContainerStream: info: Microsoft.EntityFrameworkCore.Database.Command[20101]
2026-08-08T00:13:59.9586027+00:00 ContainerStream:       Executed DbCommand (2ms) [Parameters=[], CommandType='Text', CommandTimeout='30']
2026-08-08T00:13:59.9586165+00:00 ContainerStream:       SELECT 1
2026-08-08T00:13:59.9604586+00:00 ContainerStream: info: Microsoft.EntityFrameworkCore.Database.Command[20101]
2026-08-08T00:13:59.9605266+00:00 ContainerStream:       Executed DbCommand (2ms) [Parameters=[], CommandType='Text', CommandTimeout='30']
2026-08-08T00:13:59.9605421+00:00 ContainerStream:       SELECT OBJECT_ID(N'[__EFMigrationsHistory]');
2026-08-08T00:13:59.9633766+00:00 ContainerStream: info: Microsoft.EntityFrameworkCore.Database.Command[20101]
2026-08-08T00:13:59.9634112+00:00 ContainerStream:       Executed DbCommand (1ms) [Parameters=[], CommandType='Text', CommandTimeout='30']
2026-08-08T00:13:59.9634176+00:00 ContainerStream:       SELECT [MigrationId], [ProductVersion]
2026-08-08T00:13:59.9634217+00:00 ContainerStream:       FROM [__EFMigrationsHistory]
2026-08-08T00:13:59.9638694+00:00 ContainerStream:       ORDER BY [MigrationId];
2026-08-08T00:13:59.9651617+00:00 ContainerStream: info: Microsoft.EntityFrameworkCore.Database.Command[20101]
2026-08-08T00:13:59.9651929+00:00 ContainerStream:       Executed DbCommand (1ms) [Parameters=[], CommandType='Text', CommandTimeout='30']
2026-08-08T00:13:59.9651997+00:00 ContainerStream:       SELECT TOP(1) [b].[BankAccountNumber]
2026-08-08T00:13:59.9652076+00:00 ContainerStream:       FROM [Beneficiaries] AS [b]
2026-08-08T00:13:59.9652118+00:00 ContainerStream:       ORDER BY [b].[Id]
2026-08-08T00:14:04.5599558+00:00 ContainerStream: info: Microsoft.EntityFrameworkCore.Database.Command[20101]
2026-08-08T00:14:04.5600476+00:00 ContainerStream:       Executed DbCommand (2ms) [Parameters=[], CommandType='Text', CommandTimeout='30']
2026-08-08T00:14:04.5600606+00:00 ContainerStream:       SELECT 1
2026-08-08T00:14:04.5616789+00:00 ContainerStream: info: Microsoft.EntityFrameworkCore.Database.Command[20101]
2026-08-08T00:14:04.5617295+00:00 ContainerStream:       Executed DbCommand (2ms) [Parameters=[], CommandType='Text', CommandTimeout='30']
2026-08-08T00:14:04.5617376+00:00 ContainerStream:       SELECT OBJECT_ID(N'[__EFMigrationsHistory]');
2026-08-08T00:14:04.5645609+00:00 ContainerStream: info: Microsoft.EntityFrameworkCore.Database.Command[20101]
2026-08-08T00:14:04.5646232+00:00 ContainerStream:       Executed DbCommand (1ms) [Parameters=[], CommandType='Text', CommandTimeout='30']
2026-08-08T00:14:04.5646318+00:00 ContainerStream:       SELECT [MigrationId], [ProductVersion]
2026-08-08T00:14:04.5646366+00:00 ContainerStream:       FROM [__EFMigrationsHistory]
2026-08-08T00:14:04.5648309+00:00 ContainerStream:       ORDER BY [MigrationId];
2026-08-08T00:14:04.5669851+00:00 ContainerStream: info: Microsoft.EntityFrameworkCore.Database.Command[20101]
2026-08-08T00:14:04.5670224+00:00 ContainerStream:       Executed DbCommand (1ms) [Parameters=[], CommandType='Text', CommandTimeout='30']
2026-08-08T00:14:04.5670294+00:00 ContainerStream:       SELECT TOP(1) [b].[BankAccountNumber]
2026-08-08T00:14:04.5670341+00:00 ContainerStream:       FROM [Beneficiaries] AS [b]
2026-08-08T00:14:04.5670384+00:00 ContainerStream:       ORDER BY [b].[Id]
2026-08-08T00:14:06.1993552+00:00 ContainerStream: info: Microsoft.EntityFrameworkCore.Database.Command[20101]
2026-08-08T00:14:06.1994516+00:00 ContainerStream:       Executed DbCommand (6ms) [Parameters=[], CommandType='Text', CommandTimeout='30']
2026-08-08T00:14:06.1994644+00:00 ContainerStream:       SELECT 1
2026-08-08T00:14:06.2116780+00:00 ContainerStream: info: Microsoft.EntityFrameworkCore.Database.Command[20101]
2026-08-08T00:14:06.2117797+00:00 ContainerStream:       Executed DbCommand (12ms) [Parameters=[], CommandType='Text', CommandTimeout='30']
2026-08-08T00:14:06.2117900+00:00 ContainerStream:       SELECT OBJECT_ID(N'[__EFMigrationsHistory]');
2026-08-08T00:14:06.2155784+00:00 ContainerStream: info: Microsoft.EntityFrameworkCore.Database.Command[20101]
2026-08-08T00:14:06.2156422+00:00 ContainerStream:       Executed DbCommand (2ms) [Parameters=[], CommandType='Text', CommandTimeout='30']
2026-08-08T00:14:06.2156516+00:00 ContainerStream:       SELECT [MigrationId], [ProductVersion]
2026-08-08T00:14:06.2156598+00:00 ContainerStream:       FROM [__EFMigrationsHistory]
2026-08-08T00:14:06.2156627+00:00 ContainerStream:       ORDER BY [MigrationId];
2026-08-08T00:14:06.2169336+00:00 ContainerStream: info: Microsoft.EntityFrameworkCore.Database.Command[20101]
2026-08-08T00:14:06.2169784+00:00 ContainerStream:       Executed DbCommand (1ms) [Parameters=[], CommandType='Text', CommandTimeout='30']
2026-08-08T00:14:06.2173912+00:00 ContainerStream:       SELECT TOP(1) [b].[BankAccountNumber]
2026-08-08T00:14:06.2173964+00:00 ContainerStream:       FROM [Beneficiaries] AS [b]
2026-08-08T00:14:06.2174004+00:00 ContainerStream:       ORDER BY [b].[Id]
2026-08-08T00:14:09.5152246+00:00 ContainerStream: info: Microsoft.EntityFrameworkCore.Database.Command[20101]
2026-08-08T00:14:09.5153100+00:00 ContainerStream:       Executed DbCommand (2ms) [Parameters=[], CommandType='Text', CommandTimeout='30']
2026-08-08T00:14:09.5153299+00:00 ContainerStream:       SELECT 1
2026-08-08T00:14:09.5182041+00:00 ContainerStream: info: Microsoft.EntityFrameworkCore.Database.Command[20101]
2026-08-08T00:14:09.5184194+00:00 ContainerStream:       Executed DbCommand (2ms) [Parameters=[], CommandType='Text', CommandTimeout='30']
2026-08-08T00:14:09.5184358+00:00 ContainerStream:       SELECT OBJECT_ID(N'[__EFMigrationsHistory]');
2026-08-08T00:14:09.5199605+00:00 ContainerStream: info: Microsoft.EntityFrameworkCore.Database.Command[20101]
2026-08-08T00:14:09.5200828+00:00 ContainerStream:       Executed DbCommand (1ms) [Parameters=[], CommandType='Text', CommandTimeout='30']
2026-08-08T00:14:09.5200948+00:00 ContainerStream:       SELECT [MigrationId], [ProductVersion]
2026-08-08T00:14:09.5200999+00:00 ContainerStream:       FROM [__EFMigrationsHistory]
2026-08-08T00:14:09.5201051+00:00 ContainerStream:       ORDER BY [MigrationId];
2026-08-08T00:14:09.5212052+00:00 ContainerStream: info: Microsoft.EntityFrameworkCore.Database.Command[20101]
2026-08-08T00:14:09.5212410+00:00 ContainerStream:       Executed DbCommand (1ms) [Parameters=[], CommandType='Text', CommandTimeout='30']
2026-08-08T00:14:09.5212494+00:00 ContainerStream:       SELECT TOP(1) [b].[BankAccountNumber]
2026-08-08T00:14:09.5212537+00:00 ContainerStream:       FROM [Beneficiaries] AS [b]
2026-08-08T00:14:09.5212575+00:00 ContainerStream:       ORDER BY [b].[Id]
2026-08-08T00:14:13.1328287+00:00 ContainerStream: info: Microsoft.EntityFrameworkCore.Database.Command[20101]
2026-08-08T00:14:13.1329089+00:00 ContainerStream:       Executed DbCommand (2ms) [Parameters=[], CommandType='Text', CommandTimeout='30']
2026-08-08T00:14:13.1333242+00:00 ContainerStream:       SELECT 1
2026-08-08T00:14:13.1351777+00:00 ContainerStream: info: Microsoft.EntityFrameworkCore.Database.Command[20101]
2026-08-08T00:14:13.1352256+00:00 ContainerStream:       Executed DbCommand (2ms) [Parameters=[], CommandType='Text', CommandTimeout='30']
2026-08-08T00:14:13.1352353+00:00 ContainerStream:       SELECT OBJECT_ID(N'[__EFMigrationsHistory]');
2026-08-08T00:14:13.1383881+00:00 ContainerStream: info: Microsoft.EntityFrameworkCore.Database.Command[20101]
2026-08-08T00:14:13.1384211+00:00 ContainerStream:       Executed DbCommand (2ms) [Parameters=[], CommandType='Text', CommandTimeout='30']
2026-08-08T00:14:13.1384327+00:00 ContainerStream:       SELECT [MigrationId], [ProductVersion]
2026-08-08T00:14:13.1384374+00:00 ContainerStream:       FROM [__EFMigrationsHistory]
2026-08-08T00:14:13.1384416+00:00 ContainerStream:       ORDER BY [MigrationId];
2026-08-08T00:14:13.1403303+00:00 ContainerStream: info: Microsoft.EntityFrameworkCore.Database.Command[20101]
2026-08-08T00:14:13.1403633+00:00 ContainerStream:       Executed DbCommand (1ms) [Parameters=[], CommandType='Text', CommandTimeout='30']
2026-08-08T00:14:13.1403747+00:00 ContainerStream:       SELECT TOP(1) [b].[BankAccountNumber]
2026-08-08T00:14:13.1403791+00:00 ContainerStream:       FROM [Beneficiaries] AS [b]
2026-08-08T00:14:13.1403829+00:00 ContainerStream:       ORDER BY [b].[Id]
2026-08-08T00:14:16.1852475+00:00 ContainerStream: info: Microsoft.EntityFrameworkCore.Database.Command[20101]
2026-08-08T00:14:16.1853378+00:00 ContainerStream:       Executed DbCommand (2ms) [Parameters=[], CommandType='Text', CommandTimeout='30']
2026-08-08T00:14:16.1853473+00:00 ContainerStream:       SELECT 1
2026-08-08T00:14:16.1870900+00:00 ContainerStream: info: Microsoft.EntityFrameworkCore.Database.Command[20101]
2026-08-08T00:14:16.1871545+00:00 ContainerStream:       Executed DbCommand (2ms) [Parameters=[], CommandType='Text', CommandTimeout='30']
2026-08-08T00:14:16.1871649+00:00 ContainerStream:       SELECT OBJECT_ID(N'[__EFMigrationsHistory]');
2026-08-08T00:14:16.1904436+00:00 ContainerStream: info: Microsoft.EntityFrameworkCore.Database.Command[20101]
2026-08-08T00:14:16.1904852+00:00 ContainerStream:       Executed DbCommand (2ms) [Parameters=[], CommandType='Text', CommandTimeout='30']
2026-08-08T00:14:16.1904936+00:00 ContainerStream:       SELECT [MigrationId], [ProductVersion]
2026-08-08T00:14:16.1904980+00:00 ContainerStream:       FROM [__EFMigrationsHistory]
2026-08-08T00:14:16.1905052+00:00 ContainerStream:       ORDER BY [MigrationId];
2026-08-08T00:14:16.1917210+00:00 ContainerStream: info: Microsoft.EntityFrameworkCore.Database.Command[20101]
2026-08-08T00:14:16.1917598+00:00 ContainerStream:       Executed DbCommand (1ms) [Parameters=[], CommandType='Text', CommandTimeout='30']
2026-08-08T00:14:16.1917684+00:00 ContainerStream:       SELECT TOP(1) [b].[BankAccountNumber]
2026-08-08T00:14:16.1917727+00:00 ContainerStream:       FROM [Beneficiaries] AS [b]
2026-08-08T00:14:16.1917803+00:00 ContainerStream:       ORDER BY [b].[Id]
2026-08-08T00:14:19.7698063+00:00 ContainerStream: info: Microsoft.EntityFrameworkCore.Database.Command[20101]
2026-08-08T00:14:19.7698960+00:00 ContainerStream:       Executed DbCommand (2ms) [Parameters=[], CommandType='Text', CommandTimeout='30']
2026-08-08T00:14:19.7699084+00:00 ContainerStream:       SELECT 1
2026-08-08T00:14:19.7716465+00:00 ContainerStream: info: Microsoft.EntityFrameworkCore.Database.Command[20101]
2026-08-08T00:14:19.7716989+00:00 ContainerStream:       Executed DbCommand (2ms) [Parameters=[], CommandType='Text', CommandTimeout='30']
2026-08-08T00:14:19.7717085+00:00 ContainerStream:       SELECT OBJECT_ID(N'[__EFMigrationsHistory]');
2026-08-08T00:14:19.7754451+00:00 ContainerStream: info: Microsoft.EntityFrameworkCore.Database.Command[20101]
2026-08-08T00:14:19.7755024+00:00 ContainerStream:       Executed DbCommand (1ms) [Parameters=[], CommandType='Text', CommandTimeout='30']
2026-08-08T00:14:19.7755169+00:00 ContainerStream:       SELECT [MigrationId], [ProductVersion]
2026-08-08T00:14:19.7755233+00:00 ContainerStream:       FROM [__EFMigrationsHistory]
2026-08-08T00:14:19.7755289+00:00 ContainerStream:       ORDER BY [MigrationId];
2026-08-08T00:14:19.7767512+00:00 ContainerStream: info: Microsoft.EntityFrameworkCore.Database.Command[20101]
2026-08-08T00:14:19.7767993+00:00 ContainerStream:       Executed DbCommand (1ms) [Parameters=[], CommandType='Text', CommandTimeout='30']
2026-08-08T00:14:19.7768099+00:00 ContainerStream:       SELECT TOP(1) [b].[BankAccountNumber]
2026-08-08T00:14:19.7768138+00:00 ContainerStream:       FROM [Beneficiaries] AS [b]
2026-08-08T00:14:19.7768178+00:00 ContainerStream:       ORDER BY [b].[Id]
2026-08-08T00:14:28.8950672+00:00 ContainerStream: info: Microsoft.EntityFrameworkCore.Database.Command[20101]
2026-08-08T00:14:28.8951540+00:00 ContainerStream:       Executed DbCommand (2ms) [Parameters=[], CommandType='Text', CommandTimeout='30']
2026-08-08T00:14:28.8951664+00:00 ContainerStream:       SELECT 1
2026-08-08T00:14:28.8966515+00:00 ContainerStream: info: Microsoft.EntityFrameworkCore.Database.Command[20101]
2026-08-08T00:14:28.8967257+00:00 ContainerStream:       Executed DbCommand (1ms) [Parameters=[], CommandType='Text', CommandTimeout='30']
2026-08-08T00:14:28.8967337+00:00 ContainerStream:       SELECT OBJECT_ID(N'[__EFMigrationsHistory]');
2026-08-08T00:14:28.8994454+00:00 ContainerStream: info: Microsoft.EntityFrameworkCore.Database.Command[20101]
2026-08-08T00:14:28.8994891+00:00 ContainerStream:       Executed DbCommand (1ms) [Parameters=[], CommandType='Text', CommandTimeout='30']
2026-08-08T00:14:28.8994964+00:00 ContainerStream:       SELECT [MigrationId], [ProductVersion]
2026-08-08T00:14:28.8995007+00:00 ContainerStream:       FROM [__EFMigrationsHistory]
2026-08-08T00:14:28.8995091+00:00 ContainerStream:       ORDER BY [MigrationId];
2026-08-08T00:14:28.9015667+00:00 ContainerStream: info: Microsoft.EntityFrameworkCore.Database.Command[20101]
2026-08-08T00:14:28.9016012+00:00 ContainerStream:       Executed DbCommand (2ms) [Parameters=[], CommandType='Text', CommandTimeout='30']
2026-08-08T00:14:28.9016083+00:00 ContainerStream:       SELECT TOP(1) [b].[BankAccountNumber]
2026-08-08T00:14:28.9016119+00:00 ContainerStream:       FROM [Beneficiaries] AS [b]
2026-08-08T00:14:28.9016312+00:00 ContainerStream:       ORDER BY [b].[Id]
2026-08-08T00:14:30.3348394+00:00 ContainerStream: info: Microsoft.EntityFrameworkCore.Database.Command[20101]
2026-08-08T00:14:30.3351415+00:00 ContainerStream:       Executed DbCommand (2ms) [Parameters=[], CommandType='Text', CommandTimeout='30']
2026-08-08T00:14:30.3351576+00:00 ContainerStream:       SELECT 1
2026-08-08T00:14:30.3369126+00:00 ContainerStream: info: Microsoft.EntityFrameworkCore.Database.Command[20101]
2026-08-08T00:14:30.3369600+00:00 ContainerStream:       Executed DbCommand (2ms) [Parameters=[], CommandType='Text', CommandTimeout='30']
2026-08-08T00:14:30.3369685+00:00 ContainerStream:       SELECT OBJECT_ID(N'[__EFMigrationsHistory]');
2026-08-08T00:14:30.3398629+00:00 ContainerStream: info: Microsoft.EntityFrameworkCore.Database.Command[20101]
2026-08-08T00:14:30.3399029+00:00 ContainerStream:       Executed DbCommand (1ms) [Parameters=[], CommandType='Text', CommandTimeout='30']
2026-08-08T00:14:30.3399241+00:00 ContainerStream:       SELECT [MigrationId], [ProductVersion]
2026-08-08T00:14:30.3399296+00:00 ContainerStream:       FROM [__EFMigrationsHistory]
2026-08-08T00:14:30.3399334+00:00 ContainerStream:       ORDER BY [MigrationId];
2026-08-08T00:14:30.3413781+00:00 ContainerStream: info: Microsoft.EntityFrameworkCore.Database.Command[20101]
2026-08-08T00:14:30.3414126+00:00 ContainerStream:       Executed DbCommand (1ms) [Parameters=[], CommandType='Text', CommandTimeout='30']
2026-08-08T00:14:30.3414344+00:00 ContainerStream:       SELECT TOP(1) [b].[BankAccountNumber]
2026-08-08T00:14:30.3414395+00:00 ContainerStream:       FROM [Beneficiaries] AS [b]
2026-08-08T00:14:30.3414435+00:00 ContainerStream:       ORDER BY [b].[Id]
2026-08-08T00:14:36.8717631+00:00 ContainerStream: info: Microsoft.EntityFrameworkCore.Database.Command[20101]
2026-08-08T00:14:36.8718435+00:00 ContainerStream:       Executed DbCommand (2ms) [Parameters=[], CommandType='Text', CommandTimeout='30']
2026-08-08T00:14:36.8718539+00:00 ContainerStream:       SELECT 1
2026-08-08T00:14:36.8733114+00:00 ContainerStream: info: Microsoft.EntityFrameworkCore.Database.Command[20101]
2026-08-08T00:14:36.8733935+00:00 ContainerStream:       Executed DbCommand (2ms) [Parameters=[], CommandType='Text', CommandTimeout='30']
2026-08-08T00:14:36.8734027+00:00 ContainerStream:       SELECT OBJECT_ID(N'[__EFMigrationsHistory]');
2026-08-08T00:14:36.8758501+00:00 ContainerStream: info: Microsoft.EntityFrameworkCore.Database.Command[20101]
2026-08-08T00:14:36.8758844+00:00 ContainerStream:       Executed DbCommand (1ms) [Parameters=[], CommandType='Text', CommandTimeout='30']
2026-08-08T00:14:36.8758913+00:00 ContainerStream:       SELECT [MigrationId], [ProductVersion]
2026-08-08T00:14:36.8758951+00:00 ContainerStream:       FROM [__EFMigrationsHistory]
2026-08-08T00:14:36.8764983+00:00 ContainerStream:       ORDER BY [MigrationId];
2026-08-08T00:14:36.8778375+00:00 ContainerStream: info: Microsoft.EntityFrameworkCore.Database.Command[20101]
2026-08-08T00:14:36.8778670+00:00 ContainerStream:       Executed DbCommand (1ms) [Parameters=[], CommandType='Text', CommandTimeout='30']
2026-08-08T00:14:36.8778740+00:00 ContainerStream:       SELECT TOP(1) [b].[BankAccountNumber]
2026-08-08T00:14:36.8778779+00:00 ContainerStream:       FROM [Beneficiaries] AS [b]
2026-08-08T00:14:36.8779020+00:00 ContainerStream:       ORDER BY [b].[Id]
2026-08-08T00:14:37.7022911+00:00 ContainerStream: info: Microsoft.EntityFrameworkCore.Database.Command[20101]
2026-08-08T00:14:37.7023669+00:00 ContainerStream:       Executed DbCommand (2ms) [Parameters=[], CommandType='Text', CommandTimeout='30']
2026-08-08T00:14:37.7023778+00:00 ContainerStream:       SELECT 1
2026-08-08T00:14:37.7037949+00:00 ContainerStream: info: Microsoft.EntityFrameworkCore.Database.Command[20101]
2026-08-08T00:14:37.7040539+00:00 ContainerStream:       Executed DbCommand (2ms) [Parameters=[], CommandType='Text', CommandTimeout='30']
2026-08-08T00:14:37.7040684+00:00 ContainerStream:       SELECT OBJECT_ID(N'[__EFMigrationsHistory]');
2026-08-08T00:14:37.7066314+00:00 ContainerStream: info: Microsoft.EntityFrameworkCore.Database.Command[20101]
2026-08-08T00:14:37.7066638+00:00 ContainerStream:       Executed DbCommand (1ms) [Parameters=[], CommandType='Text', CommandTimeout='30']
2026-08-08T00:14:37.7069423+00:00 ContainerStream:       SELECT [MigrationId], [ProductVersion]
2026-08-08T00:14:37.7069531+00:00 ContainerStream:       FROM [__EFMigrationsHistory]
2026-08-08T00:14:37.7069718+00:00 ContainerStream:       ORDER BY [MigrationId];
2026-08-08T00:14:37.7086331+00:00 ContainerStream: info: Microsoft.EntityFrameworkCore.Database.Command[20101]
2026-08-08T00:14:37.7090191+00:00 ContainerStream:       Executed DbCommand (1ms) [Parameters=[], CommandType='Text', CommandTimeout='30']
2026-08-08T00:14:37.7090355+00:00 ContainerStream:       SELECT TOP(1) [b].[BankAccountNumber]
2026-08-08T00:14:37.7090396+00:00 ContainerStream:       FROM [Beneficiaries] AS [b]
2026-08-08T00:14:37.7090433+00:00 ContainerStream:       ORDER BY [b].[Id]
2026-08-08T00:14:39.8120997+00:00 ContainerStream: info: Microsoft.EntityFrameworkCore.Database.Command[20101]
2026-08-08T00:14:39.8121849+00:00 ContainerStream:       Executed DbCommand (2ms) [Parameters=[], CommandType='Text', CommandTimeout='30']
2026-08-08T00:14:39.8122013+00:00 ContainerStream:       SELECT 1
2026-08-08T00:14:39.8149359+00:00 ContainerStream: info: Microsoft.EntityFrameworkCore.Database.Command[20101]
2026-08-08T00:14:39.8149900+00:00 ContainerStream:       Executed DbCommand (2ms) [Parameters=[], CommandType='Text', CommandTimeout='30']
2026-08-08T00:14:39.8150034+00:00 ContainerStream:       SELECT OBJECT_ID(N'[__EFMigrationsHistory]');
2026-08-08T00:14:39.8163620+00:00 ContainerStream: info: Microsoft.EntityFrameworkCore.Database.Command[20101]
2026-08-08T00:14:39.8164076+00:00 ContainerStream:       Executed DbCommand (1ms) [Parameters=[], CommandType='Text', CommandTimeout='30']
2026-08-08T00:14:39.8164155+00:00 ContainerStream:       SELECT [MigrationId], [ProductVersion]
2026-08-08T00:14:39.8164244+00:00 ContainerStream:       FROM [__EFMigrationsHistory]
2026-08-08T00:14:39.8164287+00:00 ContainerStream:       ORDER BY [MigrationId];
2026-08-08T00:14:39.8180664+00:00 ContainerStream: info: Microsoft.EntityFrameworkCore.Database.Command[20101]
2026-08-08T00:14:39.8181003+00:00 ContainerStream:       Executed DbCommand (1ms) [Parameters=[], CommandType='Text', CommandTimeout='30']
2026-08-08T00:14:39.8181066+00:00 ContainerStream:       SELECT TOP(1) [b].[BankAccountNumber]
2026-08-08T00:14:39.8181150+00:00 ContainerStream:       FROM [Beneficiaries] AS [b]
2026-08-08T00:14:39.8181192+00:00 ContainerStream:       ORDER BY [b].[Id]
2026-08-08T00:14:42.0344644+00:00 ContainerStream: info: Microsoft.EntityFrameworkCore.Database.Command[20101]
2026-08-08T00:14:42.0345435+00:00 ContainerStream:       Executed DbCommand (2ms) [Parameters=[], CommandType='Text', CommandTimeout='30']
2026-08-08T00:14:42.0345572+00:00 ContainerStream:       SELECT 1
2026-08-08T00:14:42.0373936+00:00 ContainerStream: info: Microsoft.EntityFrameworkCore.Database.Command[20101]
2026-08-08T00:14:42.0375687+00:00 ContainerStream:       Executed DbCommand (2ms) [Parameters=[], CommandType='Text', CommandTimeout='30']
2026-08-08T00:14:42.0375806+00:00 ContainerStream:       SELECT OBJECT_ID(N'[__EFMigrationsHistory]');
2026-08-08T00:14:42.0389870+00:00 ContainerStream: info: Microsoft.EntityFrameworkCore.Database.Command[20101]
2026-08-08T00:14:42.0390240+00:00 ContainerStream:       Executed DbCommand (2ms) [Parameters=[], CommandType='Text', CommandTimeout='30']
2026-08-08T00:14:42.0390309+00:00 ContainerStream:       SELECT [MigrationId], [ProductVersion]
2026-08-08T00:14:42.0392478+00:00 ContainerStream:       FROM [__EFMigrationsHistory]
2026-08-08T00:14:42.0395296+00:00 ContainerStream:       ORDER BY [MigrationId];
2026-08-08T00:14:42.0405830+00:00 ContainerStream: info: Microsoft.EntityFrameworkCore.Database.Command[20101]
2026-08-08T00:14:42.0406111+00:00 ContainerStream:       Executed DbCommand (1ms) [Parameters=[], CommandType='Text', CommandTimeout='30']
2026-08-08T00:14:42.0406182+00:00 ContainerStream:       SELECT TOP(1) [b].[BankAccountNumber]
2026-08-08T00:14:42.0406229+00:00 ContainerStream:       FROM [Beneficiaries] AS [b]
2026-08-08T00:14:42.0406274+00:00 ContainerStream:       ORDER BY [b].[Id]
2026-08-08T00:14:43.4264461+00:00 ContainerStream: info: Microsoft.EntityFrameworkCore.Database.Command[20101]
2026-08-08T00:14:43.4265207+00:00 ContainerStream:       Executed DbCommand (2ms) [Parameters=[], CommandType='Text', CommandTimeout='30']
2026-08-08T00:14:43.4265314+00:00 ContainerStream:       SELECT 1
2026-08-08T00:14:43.4283957+00:00 ContainerStream: info: Microsoft.EntityFrameworkCore.Database.Command[20101]
2026-08-08T00:14:43.4284592+00:00 ContainerStream:       Executed DbCommand (2ms) [Parameters=[], CommandType='Text', CommandTimeout='30']
2026-08-08T00:14:43.4284740+00:00 ContainerStream:       SELECT OBJECT_ID(N'[__EFMigrationsHistory]');
2026-08-08T00:14:43.4311966+00:00 ContainerStream: info: Microsoft.EntityFrameworkCore.Database.Command[20101]
2026-08-08T00:14:43.4312335+00:00 ContainerStream:       Executed DbCommand (2ms) [Parameters=[], CommandType='Text', CommandTimeout='30']
2026-08-08T00:14:43.4312403+00:00 ContainerStream:       SELECT [MigrationId], [ProductVersion]
2026-08-08T00:14:43.4312489+00:00 ContainerStream:       FROM [__EFMigrationsHistory]
2026-08-08T00:14:43.4312536+00:00 ContainerStream:       ORDER BY [MigrationId];
2026-08-08T00:14:43.4331930+00:00 ContainerStream: info: Microsoft.EntityFrameworkCore.Database.Command[20101]
2026-08-08T00:14:43.4332336+00:00 ContainerStream:       Executed DbCommand (1ms) [Parameters=[], CommandType='Text', CommandTimeout='30']
2026-08-08T00:14:43.4332492+00:00 ContainerStream:       SELECT TOP(1) [b].[BankAccountNumber]
2026-08-08T00:14:43.4332579+00:00 ContainerStream:       FROM [Beneficiaries] AS [b]
2026-08-08T00:14:43.4332615+00:00 ContainerStream:       ORDER BY [b].[Id]
2026-08-08T00:14:43.8606485+00:00 ContainerStream: info: Microsoft.EntityFrameworkCore.Database.Command[20101]
2026-08-08T00:14:43.8607775+00:00 ContainerStream:       Executed DbCommand (2ms) [Parameters=[], CommandType='Text', CommandTimeout='30']
2026-08-08T00:14:43.8607976+00:00 ContainerStream:       SELECT 1
2026-08-08T00:14:43.8624033+00:00 ContainerStream: info: Microsoft.EntityFrameworkCore.Database.Command[20101]
2026-08-08T00:14:43.8624485+00:00 ContainerStream:       Executed DbCommand (2ms) [Parameters=[], CommandType='Text', CommandTimeout='30']
2026-08-08T00:14:43.8624563+00:00 ContainerStream:       SELECT OBJECT_ID(N'[__EFMigrationsHistory]');
2026-08-08T00:14:43.8659063+00:00 ContainerStream: info: Microsoft.EntityFrameworkCore.Database.Command[20101]
2026-08-08T00:14:43.8659405+00:00 ContainerStream:       Executed DbCommand (2ms) [Parameters=[], CommandType='Text', CommandTimeout='30']
2026-08-08T00:14:43.8659480+00:00 ContainerStream:       SELECT [MigrationId], [ProductVersion]
2026-08-08T00:14:43.8659525+00:00 ContainerStream:       FROM [__EFMigrationsHistory]
2026-08-08T00:14:43.8659570+00:00 ContainerStream:       ORDER BY [MigrationId];
2026-08-08T00:14:43.8671341+00:00 ContainerStream: info: Microsoft.EntityFrameworkCore.Database.Command[20101]
2026-08-08T00:14:43.8671638+00:00 ContainerStream:       Executed DbCommand (1ms) [Parameters=[], CommandType='Text', CommandTimeout='30']
2026-08-08T00:14:43.8671712+00:00 ContainerStream:       SELECT TOP(1) [b].[BankAccountNumber]
2026-08-08T00:14:43.8671758+00:00 ContainerStream:       FROM [Beneficiaries] AS [b]
2026-08-08T00:14:43.8671804+00:00 ContainerStream:       ORDER BY [b].[Id]
2026-08-08T00:14:45.4215557+00:00 ContainerStream: info: Microsoft.EntityFrameworkCore.Database.Command[20101]
2026-08-08T00:14:45.4216382+00:00 ContainerStream:       Executed DbCommand (2ms) [Parameters=[], CommandType='Text', CommandTimeout='30']
2026-08-08T00:14:45.4216495+00:00 ContainerStream:       SELECT 1
2026-08-08T00:14:45.4242974+00:00 ContainerStream: info: Microsoft.EntityFrameworkCore.Database.Command[20101]
2026-08-08T00:14:45.4243651+00:00 ContainerStream:       Executed DbCommand (2ms) [Parameters=[], CommandType='Text', CommandTimeout='30']
2026-08-08T00:14:45.4243750+00:00 ContainerStream:       SELECT OBJECT_ID(N'[__EFMigrationsHistory]');
2026-08-08T00:14:45.4255395+00:00 ContainerStream: info: Microsoft.EntityFrameworkCore.Database.Command[20101]
2026-08-08T00:14:45.4255776+00:00 ContainerStream:       Executed DbCommand (1ms) [Parameters=[], CommandType='Text', CommandTimeout='30']
2026-08-08T00:14:45.4255908+00:00 ContainerStream:       SELECT [MigrationId], [ProductVersion]
2026-08-08T00:14:45.4255959+00:00 ContainerStream:       FROM [__EFMigrationsHistory]
2026-08-08T00:14:45.4256134+00:00 ContainerStream:       ORDER BY [MigrationId];
2026-08-08T00:14:45.4275788+00:00 ContainerStream: info: Microsoft.EntityFrameworkCore.Database.Command[20101]
2026-08-08T00:14:45.4276147+00:00 ContainerStream:       Executed DbCommand (1ms) [Parameters=[], CommandType='Text', CommandTimeout='30']
2026-08-08T00:14:45.4276225+00:00 ContainerStream:       SELECT TOP(1) [b].[BankAccountNumber]
2026-08-08T00:14:45.4276273+00:00 ContainerStream:       FROM [Beneficiaries] AS [b]
2026-08-08T00:14:45.4276320+00:00 ContainerStream:       ORDER BY [b].[Id]
2026-08-08T00:14:46.0612048+00:00 ContainerStream: info: Microsoft.EntityFrameworkCore.Database.Command[20101]
2026-08-08T00:14:46.0613026+00:00 ContainerStream:       Executed DbCommand (2ms) [Parameters=[], CommandType='Text', CommandTimeout='30']
2026-08-08T00:14:46.0613115+00:00 ContainerStream:       SELECT 1
2026-08-08T00:14:46.0628553+00:00 ContainerStream: info: Microsoft.EntityFrameworkCore.Database.Command[20101]
2026-08-08T00:14:46.0629109+00:00 ContainerStream:       Executed DbCommand (2ms) [Parameters=[], CommandType='Text', CommandTimeout='30']
2026-08-08T00:14:46.0629247+00:00 ContainerStream:       SELECT OBJECT_ID(N'[__EFMigrationsHistory]');
2026-08-08T00:14:46.0660161+00:00 ContainerStream: info: Microsoft.EntityFrameworkCore.Database.Command[20101]
2026-08-08T00:14:46.0660653+00:00 ContainerStream:       Executed DbCommand (2ms) [Parameters=[], CommandType='Text', CommandTimeout='30']
2026-08-08T00:14:46.0660729+00:00 ContainerStream:       SELECT [MigrationId], [ProductVersion]
2026-08-08T00:14:46.0660773+00:00 ContainerStream:       FROM [__EFMigrationsHistory]
2026-08-08T00:14:46.0660906+00:00 ContainerStream:       ORDER BY [MigrationId];
2026-08-08T00:14:46.0673573+00:00 ContainerStream: info: Microsoft.EntityFrameworkCore.Database.Command[20101]
2026-08-08T00:14:46.0673894+00:00 ContainerStream:       Executed DbCommand (1ms) [Parameters=[], CommandType='Text', CommandTimeout='30']
2026-08-08T00:14:46.0673967+00:00 ContainerStream:       SELECT TOP(1) [b].[BankAccountNumber]
2026-08-08T00:14:46.0674012+00:00 ContainerStream:       FROM [Beneficiaries] AS [b]
2026-08-08T00:14:46.0674267+00:00 ContainerStream:       ORDER BY [b].[Id]
2026-08-08T00:14:49.9541207+00:00 ContainerStream: info: Microsoft.EntityFrameworkCore.Database.Command[20101]
2026-08-08T00:14:49.9541970+00:00 ContainerStream:       Executed DbCommand (2ms) [Parameters=[], CommandType='Text', CommandTimeout='30']
2026-08-08T00:14:49.9542088+00:00 ContainerStream:       SELECT 1
2026-08-08T00:14:49.9568194+00:00 ContainerStream: info: Microsoft.EntityFrameworkCore.Database.Command[20101]
2026-08-08T00:14:49.9568676+00:00 ContainerStream:       Executed DbCommand (2ms) [Parameters=[], CommandType='Text', CommandTimeout='30']
2026-08-08T00:14:49.9568766+00:00 ContainerStream:       SELECT OBJECT_ID(N'[__EFMigrationsHistory]');
2026-08-08T00:14:49.9587244+00:00 ContainerStream: info: Microsoft.EntityFrameworkCore.Database.Command[20101]
2026-08-08T00:14:49.9587658+00:00 ContainerStream:       Executed DbCommand (1ms) [Parameters=[], CommandType='Text', CommandTimeout='30']
2026-08-08T00:14:49.9587733+00:00 ContainerStream:       SELECT [MigrationId], [ProductVersion]
2026-08-08T00:14:49.9587781+00:00 ContainerStream:       FROM [__EFMigrationsHistory]
2026-08-08T00:14:49.9587828+00:00 ContainerStream:       ORDER BY [MigrationId];
2026-08-08T00:14:49.9601343+00:00 ContainerStream: info: Microsoft.EntityFrameworkCore.Database.Command[20101]
2026-08-08T00:14:49.9601716+00:00 ContainerStream:       Executed DbCommand (1ms) [Parameters=[], CommandType='Text', CommandTimeout='30']
2026-08-08T00:14:49.9601787+00:00 ContainerStream:       SELECT TOP(1) [b].[BankAccountNumber]
2026-08-08T00:14:49.9601833+00:00 ContainerStream:       FROM [Beneficiaries] AS [b]
2026-08-08T00:14:49.9602007+00:00 ContainerStream:       ORDER BY [b].[Id]
2026-08-08T00:14:50.1961396+00:00 ContainerStream: info: Microsoft.EntityFrameworkCore.Database.Command[20101]
2026-08-08T00:14:50.1962420+00:00 ContainerStream:       Executed DbCommand (2ms) [Parameters=[], CommandType='Text', CommandTimeout='30']
2026-08-08T00:14:50.1962545+00:00 ContainerStream:       SELECT 1
2026-08-08T00:14:50.1991278+00:00 ContainerStream: info: Microsoft.EntityFrameworkCore.Database.Command[20101]
2026-08-08T00:14:50.1992025+00:00 ContainerStream:       Executed DbCommand (2ms) [Parameters=[], CommandType='Text', CommandTimeout='30']
2026-08-08T00:14:50.1992203+00:00 ContainerStream:       SELECT OBJECT_ID(N'[__EFMigrationsHistory]');
2026-08-08T00:14:50.2007168+00:00 ContainerStream: info: Microsoft.EntityFrameworkCore.Database.Command[20101]
2026-08-08T00:14:50.2007684+00:00 ContainerStream:       Executed DbCommand (1ms) [Parameters=[], CommandType='Text', CommandTimeout='30']
2026-08-08T00:14:50.2007782+00:00 ContainerStream:       SELECT [MigrationId], [ProductVersion]
2026-08-08T00:14:50.2007906+00:00 ContainerStream:       FROM [__EFMigrationsHistory]
2026-08-08T00:14:50.2007961+00:00 ContainerStream:       ORDER BY [MigrationId];
2026-08-08T00:14:50.2026512+00:00 ContainerStream: info: Microsoft.EntityFrameworkCore.Database.Command[20101]
2026-08-08T00:14:50.2026824+00:00 ContainerStream:       Executed DbCommand (1ms) [Parameters=[], CommandType='Text', CommandTimeout='30']
2026-08-08T00:14:50.2026901+00:00 ContainerStream:       SELECT TOP(1) [b].[BankAccountNumber]
2026-08-08T00:14:50.2032032+00:00 ContainerStream:       FROM [Beneficiaries] AS [b]
2026-08-08T00:14:50.2032216+00:00 ContainerStream:       ORDER BY [b].[Id]
2026-08-08T00:14:52.1700757+00:00 ContainerStream: info: Microsoft.EntityFrameworkCore.Database.Command[20101]
2026-08-08T00:14:52.1701569+00:00 ContainerStream:       Executed DbCommand (2ms) [Parameters=[], CommandType='Text', CommandTimeout='30']
2026-08-08T00:14:52.1701762+00:00 ContainerStream:       SELECT 1
2026-08-08T00:14:52.1721717+00:00 ContainerStream: info: Microsoft.EntityFrameworkCore.Database.Command[20101]
2026-08-08T00:14:52.1722177+00:00 ContainerStream:       Executed DbCommand (2ms) [Parameters=[], CommandType='Text', CommandTimeout='30']
2026-08-08T00:14:52.1722256+00:00 ContainerStream:       SELECT OBJECT_ID(N'[__EFMigrationsHistory]');
2026-08-08T00:14:52.1749093+00:00 ContainerStream: info: Microsoft.EntityFrameworkCore.Database.Command[20101]
2026-08-08T00:14:52.1749537+00:00 ContainerStream:       Executed DbCommand (1ms) [Parameters=[], CommandType='Text', CommandTimeout='30']
2026-08-08T00:14:52.1749612+00:00 ContainerStream:       SELECT [MigrationId], [ProductVersion]
2026-08-08T00:14:52.1749658+00:00 ContainerStream:       FROM [__EFMigrationsHistory]
2026-08-08T00:14:52.1749697+00:00 ContainerStream:       ORDER BY [MigrationId];
2026-08-08T00:14:52.1766312+00:00 ContainerStream: info: Microsoft.EntityFrameworkCore.Database.Command[20101]
2026-08-08T00:14:52.1771548+00:00 ContainerStream:       Executed DbCommand (1ms) [Parameters=[], CommandType='Text', CommandTimeout='30']
2026-08-08T00:14:52.1771743+00:00 ContainerStream:       SELECT TOP(1) [b].[BankAccountNumber]
2026-08-08T00:14:52.1771796+00:00 ContainerStream:       FROM [Beneficiaries] AS [b]
2026-08-08T00:14:52.1771843+00:00 ContainerStream:       ORDER BY [b].[Id]
2026-08-08T00:14:58.0720898+00:00 ContainerStream: info: Microsoft.EntityFrameworkCore.Database.Command[20101]
2026-08-08T00:14:58.0721644+00:00 ContainerStream:       Executed DbCommand (2ms) [Parameters=[], CommandType='Text', CommandTimeout='30']
2026-08-08T00:14:58.0721756+00:00 ContainerStream:       SELECT 1
2026-08-08T00:14:58.0737869+00:00 ContainerStream: info: Microsoft.EntityFrameworkCore.Database.Command[20101]
2026-08-08T00:14:58.0738500+00:00 ContainerStream:       Executed DbCommand (2ms) [Parameters=[], CommandType='Text', CommandTimeout='30']
2026-08-08T00:14:58.0738579+00:00 ContainerStream:       SELECT OBJECT_ID(N'[__EFMigrationsHistory]');
2026-08-08T00:14:58.0765994+00:00 ContainerStream: info: Microsoft.EntityFrameworkCore.Database.Command[20101]
2026-08-08T00:14:58.0766345+00:00 ContainerStream:       Executed DbCommand (1ms) [Parameters=[], CommandType='Text', CommandTimeout='30']
2026-08-08T00:14:58.0766466+00:00 ContainerStream:       SELECT [MigrationId], [ProductVersion]
2026-08-08T00:14:58.0766509+00:00 ContainerStream:       FROM [__EFMigrationsHistory]
2026-08-08T00:14:58.0766549+00:00 ContainerStream:       ORDER BY [MigrationId];
2026-08-08T00:14:58.0782186+00:00 ContainerStream: info: Microsoft.EntityFrameworkCore.Database.Command[20101]
2026-08-08T00:14:58.0782502+00:00 ContainerStream:       Executed DbCommand (1ms) [Parameters=[], CommandType='Text', CommandTimeout='30']
2026-08-08T00:14:58.0782576+00:00 ContainerStream:       SELECT TOP(1) [b].[BankAccountNumber]
2026-08-08T00:14:58.0782617+00:00 ContainerStream:       FROM [Beneficiaries] AS [b]
2026-08-08T00:14:58.0782793+00:00 ContainerStream:       ORDER BY [b].[Id]
2026-08-08T00:15:03.6100985+00:00 ContainerStream: info: Microsoft.EntityFrameworkCore.Database.Command[20101]
2026-08-08T00:15:03.6101788+00:00 ContainerStream:       Executed DbCommand (2ms) [Parameters=[], CommandType='Text', CommandTimeout='30']
2026-08-08T00:15:03.6101911+00:00 ContainerStream:       SELECT 1
2026-08-08T00:15:03.6118494+00:00 ContainerStream: info: Microsoft.EntityFrameworkCore.Database.Command[20101]
2026-08-08T00:15:03.6118933+00:00 ContainerStream:       Executed DbCommand (2ms) [Parameters=[], CommandType='Text', CommandTimeout='30']
2026-08-08T00:15:03.6119011+00:00 ContainerStream:       SELECT OBJECT_ID(N'[__EFMigrationsHistory]');
2026-08-08T00:15:03.6145855+00:00 ContainerStream: info: Microsoft.EntityFrameworkCore.Database.Command[20101]
2026-08-08T00:15:03.6146228+00:00 ContainerStream:       Executed DbCommand (1ms) [Parameters=[], CommandType='Text', CommandTimeout='30']
2026-08-08T00:15:03.6146358+00:00 ContainerStream:       SELECT [MigrationId], [ProductVersion]
2026-08-08T00:15:03.6146398+00:00 ContainerStream:       FROM [__EFMigrationsHistory]
2026-08-08T00:15:03.6151990+00:00 ContainerStream:       ORDER BY [MigrationId];
2026-08-08T00:15:03.6169024+00:00 ContainerStream: info: Microsoft.EntityFrameworkCore.Database.Command[20101]
2026-08-08T00:15:03.6169390+00:00 ContainerStream:       Executed DbCommand (1ms) [Parameters=[], CommandType='Text', CommandTimeout='30']
2026-08-08T00:15:03.6169461+00:00 ContainerStream:       SELECT TOP(1) [b].[BankAccountNumber]
2026-08-08T00:15:03.6169500+00:00 ContainerStream:       FROM [Beneficiaries] AS [b]
2026-08-08T00:15:03.6169542+00:00 ContainerStream:       ORDER BY [b].[Id]
2026-08-08T00:15:08.4399425+00:00 ContainerStream: info: Microsoft.EntityFrameworkCore.Database.Command[20101]
2026-08-08T00:15:08.4400303+00:00 ContainerStream:       Executed DbCommand (5ms) [Parameters=[], CommandType='Text', CommandTimeout='30']
2026-08-08T00:15:08.4400411+00:00 ContainerStream:       SELECT 1
2026-08-08T00:15:08.4429436+00:00 ContainerStream: info: Microsoft.EntityFrameworkCore.Database.Command[20101]
2026-08-08T00:15:08.4429935+00:00 ContainerStream:       Executed DbCommand (2ms) [Parameters=[], CommandType='Text', CommandTimeout='30']
2026-08-08T00:15:08.4430081+00:00 ContainerStream:       SELECT OBJECT_ID(N'[__EFMigrationsHistory]');
2026-08-08T00:15:08.4447918+00:00 ContainerStream: info: Microsoft.EntityFrameworkCore.Database.Command[20101]
2026-08-08T00:15:08.4448300+00:00 ContainerStream:       Executed DbCommand (2ms) [Parameters=[], CommandType='Text', CommandTimeout='30']
2026-08-08T00:15:08.4448379+00:00 ContainerStream:       SELECT [MigrationId], [ProductVersion]
2026-08-08T00:15:08.4450587+00:00 ContainerStream:       FROM [__EFMigrationsHistory]
2026-08-08T00:15:08.4450670+00:00 ContainerStream:       ORDER BY [MigrationId];
2026-08-08T00:15:08.4461612+00:00 ContainerStream: info: Microsoft.EntityFrameworkCore.Database.Command[20101]
2026-08-08T00:15:08.4461913+00:00 ContainerStream:       Executed DbCommand (1ms) [Parameters=[], CommandType='Text', CommandTimeout='30']
2026-08-08T00:15:08.4461987+00:00 ContainerStream:       SELECT TOP(1) [b].[BankAccountNumber]
2026-08-08T00:15:08.4462077+00:00 ContainerStream:       FROM [Beneficiaries] AS [b]
2026-08-08T00:15:08.4464654+00:00 ContainerStream:       ORDER BY [b].[Id]
2026-08-08T00:15:15.2309407+00:00 ContainerStream: info: Microsoft.EntityFrameworkCore.Database.Command[20101]
2026-08-08T00:15:15.2310546+00:00 ContainerStream:       Executed DbCommand (2ms) [Parameters=[], CommandType='Text', CommandTimeout='30']
2026-08-08T00:15:15.2310647+00:00 ContainerStream:       SELECT 1
2026-08-08T00:15:15.2336145+00:00 ContainerStream: info: Microsoft.EntityFrameworkCore.Database.Command[20101]
2026-08-08T00:15:15.2336883+00:00 ContainerStream:       Executed DbCommand (2ms) [Parameters=[], CommandType='Text', CommandTimeout='30']
2026-08-08T00:15:15.2337015+00:00 ContainerStream:       SELECT OBJECT_ID(N'[__EFMigrationsHistory]');
2026-08-08T00:15:15.2352610+00:00 ContainerStream: info: Microsoft.EntityFrameworkCore.Database.Command[20101]
2026-08-08T00:15:15.2353019+00:00 ContainerStream:       Executed DbCommand (2ms) [Parameters=[], CommandType='Text', CommandTimeout='30']
2026-08-08T00:15:15.2353085+00:00 ContainerStream:       SELECT [MigrationId], [ProductVersion]
2026-08-08T00:15:15.2353170+00:00 ContainerStream:       FROM [__EFMigrationsHistory]
2026-08-08T00:15:15.2353207+00:00 ContainerStream:       ORDER BY [MigrationId];
2026-08-08T00:15:15.2371266+00:00 ContainerStream: info: Microsoft.EntityFrameworkCore.Database.Command[20101]
2026-08-08T00:15:15.2371561+00:00 ContainerStream:       Executed DbCommand (2ms) [Parameters=[], CommandType='Text', CommandTimeout='30']
2026-08-08T00:15:15.2371625+00:00 ContainerStream:       SELECT TOP(1) [b].[BankAccountNumber]
2026-08-08T00:15:15.2371705+00:00 ContainerStream:       FROM [Beneficiaries] AS [b]
2026-08-08T00:15:15.2371747+00:00 ContainerStream:       ORDER BY [b].[Id]
2026-08-08T00:15:15.6353526+00:00 ContainerStream: info: Microsoft.EntityFrameworkCore.Database.Command[20101]
2026-08-08T00:15:15.6354411+00:00 ContainerStream:       Executed DbCommand (11ms) [Parameters=[], CommandType='Text', CommandTimeout='30']
2026-08-08T00:15:15.6354619+00:00 ContainerStream:       SELECT 1
2026-08-08T00:15:15.6374666+00:00 ContainerStream: info: Microsoft.EntityFrameworkCore.Database.Command[20101]
2026-08-08T00:15:15.6375099+00:00 ContainerStream:       Executed DbCommand (2ms) [Parameters=[], CommandType='Text', CommandTimeout='30']
2026-08-08T00:15:15.6375180+00:00 ContainerStream:       SELECT OBJECT_ID(N'[__EFMigrationsHistory]');
2026-08-08T00:15:15.6400629+00:00 ContainerStream: info: Microsoft.EntityFrameworkCore.Database.Command[20101]
2026-08-08T00:15:15.6400956+00:00 ContainerStream:       Executed DbCommand (1ms) [Parameters=[], CommandType='Text', CommandTimeout='30']
2026-08-08T00:15:15.6401030+00:00 ContainerStream:       SELECT [MigrationId], [ProductVersion]
2026-08-08T00:15:15.6401073+00:00 ContainerStream:       FROM [__EFMigrationsHistory]
2026-08-08T00:15:15.6407456+00:00 ContainerStream:       ORDER BY [MigrationId];
2026-08-08T00:15:15.6418532+00:00 ContainerStream: info: Microsoft.EntityFrameworkCore.Database.Command[20101]
2026-08-08T00:15:15.6418830+00:00 ContainerStream:       Executed DbCommand (1ms) [Parameters=[], CommandType='Text', CommandTimeout='30']
2026-08-08T00:15:15.6418907+00:00 ContainerStream:       SELECT TOP(1) [b].[BankAccountNumber]
2026-08-08T00:15:15.6418955+00:00 ContainerStream:       FROM [Beneficiaries] AS [b]
2026-08-08T00:15:15.6419001+00:00 ContainerStream:       ORDER BY [b].[Id]
2026-08-08T00:15:21.0326987+00:00 ContainerStream: info: Microsoft.EntityFrameworkCore.Database.Command[20101]
2026-08-08T00:15:21.0327840+00:00 ContainerStream:       Executed DbCommand (2ms) [Parameters=[], CommandType='Text', CommandTimeout='30']
2026-08-08T00:15:21.0327950+00:00 ContainerStream:       SELECT 1
2026-08-08T00:15:21.0342100+00:00 ContainerStream: info: Microsoft.EntityFrameworkCore.Database.Command[20101]
2026-08-08T00:15:21.0342777+00:00 ContainerStream:       Executed DbCommand (2ms) [Parameters=[], CommandType='Text', CommandTimeout='30']
2026-08-08T00:15:21.0342879+00:00 ContainerStream:       SELECT OBJECT_ID(N'[__EFMigrationsHistory]');
2026-08-08T00:15:21.0371938+00:00 ContainerStream: info: Microsoft.EntityFrameworkCore.Database.Command[20101]
2026-08-08T00:15:21.0372321+00:00 ContainerStream:       Executed DbCommand (1ms) [Parameters=[], CommandType='Text', CommandTimeout='30']
2026-08-08T00:15:21.0372566+00:00 ContainerStream:       SELECT [MigrationId], [ProductVersion]
2026-08-08T00:15:21.0372621+00:00 ContainerStream:       FROM [__EFMigrationsHistory]
2026-08-08T00:15:21.0372670+00:00 ContainerStream:       ORDER BY [MigrationId];
2026-08-08T00:15:21.0387670+00:00 ContainerStream: info: Microsoft.EntityFrameworkCore.Database.Command[20101]
2026-08-08T00:15:21.0388072+00:00 ContainerStream:       Executed DbCommand (1ms) [Parameters=[], CommandType='Text', CommandTimeout='30']
2026-08-08T00:15:21.0388214+00:00 ContainerStream:       SELECT TOP(1) [b].[BankAccountNumber]
2026-08-08T00:15:21.0388275+00:00 ContainerStream:       FROM [Beneficiaries] AS [b]
2026-08-08T00:15:21.0388328+00:00 ContainerStream:       ORDER BY [b].[Id]
2026-08-08T00:15:23.4533173+00:00 ContainerStream: info: Microsoft.EntityFrameworkCore.Database.Command[20101]
2026-08-08T00:15:23.4534193+00:00 ContainerStream:       Executed DbCommand (2ms) [Parameters=[], CommandType='Text', CommandTimeout='30']
2026-08-08T00:15:23.4534321+00:00 ContainerStream:       SELECT 1
2026-08-08T00:15:23.4549838+00:00 ContainerStream: info: Microsoft.EntityFrameworkCore.Database.Command[20101]
2026-08-08T00:15:23.4550313+00:00 ContainerStream:       Executed DbCommand (2ms) [Parameters=[], CommandType='Text', CommandTimeout='30']
2026-08-08T00:15:23.4550392+00:00 ContainerStream:       SELECT OBJECT_ID(N'[__EFMigrationsHistory]');
2026-08-08T00:15:23.4575836+00:00 ContainerStream: info: Microsoft.EntityFrameworkCore.Database.Command[20101]
2026-08-08T00:15:23.4576164+00:00 ContainerStream:       Executed DbCommand (1ms) [Parameters=[], CommandType='Text', CommandTimeout='30']
2026-08-08T00:15:23.4576230+00:00 ContainerStream:       SELECT [MigrationId], [ProductVersion]
2026-08-08T00:15:23.4576268+00:00 ContainerStream:       FROM [__EFMigrationsHistory]
2026-08-08T00:15:23.4576352+00:00 ContainerStream:       ORDER BY [MigrationId];
2026-08-08T00:15:23.4592228+00:00 ContainerStream: info: Microsoft.EntityFrameworkCore.Database.Command[20101]
2026-08-08T00:15:23.4592568+00:00 ContainerStream:       Executed DbCommand (1ms) [Parameters=[], CommandType='Text', CommandTimeout='30']
2026-08-08T00:15:23.4592639+00:00 ContainerStream:       SELECT TOP(1) [b].[BankAccountNumber]
2026-08-08T00:15:23.4592687+00:00 ContainerStream:       FROM [Beneficiaries] AS [b]
2026-08-08T00:15:23.4592773+00:00 ContainerStream:       ORDER BY [b].[Id]
2026-08-08T00:15:23.9082972+00:00 ContainerStream: info: Microsoft.EntityFrameworkCore.Database.Command[20101]
2026-08-08T00:15:23.9083882+00:00 ContainerStream:       Executed DbCommand (2ms) [Parameters=[], CommandType='Text', CommandTimeout='30']
2026-08-08T00:15:23.9084004+00:00 ContainerStream:       SELECT 1
2026-08-08T00:15:23.9100823+00:00 ContainerStream: info: Microsoft.EntityFrameworkCore.Database.Command[20101]
2026-08-08T00:15:23.9101381+00:00 ContainerStream:       Executed DbCommand (2ms) [Parameters=[], CommandType='Text', CommandTimeout='30']
2026-08-08T00:15:23.9101461+00:00 ContainerStream:       SELECT OBJECT_ID(N'[__EFMigrationsHistory]');
2026-08-08T00:15:23.9130293+00:00 ContainerStream: info: Microsoft.EntityFrameworkCore.Database.Command[20101]
2026-08-08T00:15:23.9130713+00:00 ContainerStream:       Executed DbCommand (1ms) [Parameters=[], CommandType='Text', CommandTimeout='30']
2026-08-08T00:15:23.9130807+00:00 ContainerStream:       SELECT [MigrationId], [ProductVersion]
2026-08-08T00:15:23.9130838+00:00 ContainerStream:       FROM [__EFMigrationsHistory]
2026-08-08T00:15:23.9130867+00:00 ContainerStream:       ORDER BY [MigrationId];
2026-08-08T00:15:23.9146970+00:00 ContainerStream: info: Microsoft.EntityFrameworkCore.Database.Command[20101]
2026-08-08T00:15:23.9147326+00:00 ContainerStream:       Executed DbCommand (1ms) [Parameters=[], CommandType='Text', CommandTimeout='30']
2026-08-08T00:15:23.9147453+00:00 ContainerStream:       SELECT TOP(1) [b].[BankAccountNumber]
2026-08-08T00:15:23.9147501+00:00 ContainerStream:       FROM [Beneficiaries] AS [b]
2026-08-08T00:15:23.9147545+00:00 ContainerStream:       ORDER BY [b].[Id]
2026-08-08T00:15:24.0691921+00:00 ContainerStream: info: Microsoft.EntityFrameworkCore.Database.Command[20101]
2026-08-08T00:15:24.0692851+00:00 ContainerStream:       Executed DbCommand (2ms) [Parameters=[], CommandType='Text', CommandTimeout='30']
2026-08-08T00:15:24.0692976+00:00 ContainerStream:       SELECT 1
2026-08-08T00:15:24.0718201+00:00 ContainerStream: info: Microsoft.EntityFrameworkCore.Database.Command[20101]
2026-08-08T00:15:24.0719019+00:00 ContainerStream:       Executed DbCommand (2ms) [Parameters=[], CommandType='Text', CommandTimeout='30']
2026-08-08T00:15:24.0719118+00:00 ContainerStream:       SELECT OBJECT_ID(N'[__EFMigrationsHistory]');
2026-08-08T00:15:24.0735007+00:00 ContainerStream: info: Microsoft.EntityFrameworkCore.Database.Command[20101]
2026-08-08T00:15:24.0735515+00:00 ContainerStream:       Executed DbCommand (1ms) [Parameters=[], CommandType='Text', CommandTimeout='30']
2026-08-08T00:15:24.0735587+00:00 ContainerStream:       SELECT [MigrationId], [ProductVersion]
2026-08-08T00:15:24.0735633+00:00 ContainerStream:       FROM [__EFMigrationsHistory]
2026-08-08T00:15:24.0735722+00:00 ContainerStream:       ORDER BY [MigrationId];
2026-08-08T00:15:24.0748076+00:00 ContainerStream: info: Microsoft.EntityFrameworkCore.Database.Command[20101]
2026-08-08T00:15:24.0748503+00:00 ContainerStream:       Executed DbCommand (1ms) [Parameters=[], CommandType='Text', CommandTimeout='30']
2026-08-08T00:15:24.0748574+00:00 ContainerStream:       SELECT TOP(1) [b].[BankAccountNumber]
2026-08-08T00:15:24.0748616+00:00 ContainerStream:       FROM [Beneficiaries] AS [b]
2026-08-08T00:15:24.0748703+00:00 ContainerStream:       ORDER BY [b].[Id]
2026-08-08T00:15:27.2810422+00:00 ContainerStream: info: Microsoft.EntityFrameworkCore.Database.Command[20101]
2026-08-08T00:15:27.2810938+00:00 ContainerStream:       Executed DbCommand (13ms) [Parameters=[], CommandType='Text', CommandTimeout='30']
2026-08-08T00:15:27.2811065+00:00 ContainerStream:       SELECT 1
2026-08-08T00:15:27.2819268+00:00 ContainerStream: info: Microsoft.EntityFrameworkCore.Database.Command[20101]
2026-08-08T00:15:27.2819548+00:00 ContainerStream:       Executed DbCommand (2ms) [Parameters=[], CommandType='Text', CommandTimeout='30']
2026-08-08T00:15:27.2819612+00:00 ContainerStream:       SELECT OBJECT_ID(N'[__EFMigrationsHistory]');
2026-08-08T00:15:27.2867355+00:00 ContainerStream: info: Microsoft.EntityFrameworkCore.Database.Command[20101]
2026-08-08T00:15:27.2867623+00:00 ContainerStream:       Executed DbCommand (2ms) [Parameters=[], CommandType='Text', CommandTimeout='30']
2026-08-08T00:15:27.2867740+00:00 ContainerStream:       SELECT [MigrationId], [ProductVersion]
2026-08-08T00:15:27.2867787+00:00 ContainerStream:       FROM [__EFMigrationsHistory]
2026-08-08T00:15:27.2867834+00:00 ContainerStream:       ORDER BY [MigrationId];
2026-08-08T00:15:27.2915222+00:00 ContainerStream: info: Microsoft.EntityFrameworkCore.Database.Command[20101]
2026-08-08T00:15:27.2915507+00:00 ContainerStream:       Executed DbCommand (2ms) [Parameters=[], CommandType='Text', CommandTimeout='30']
2026-08-08T00:15:27.2915614+00:00 ContainerStream:       SELECT TOP(1) [b].[BankAccountNumber]
2026-08-08T00:15:27.2915658+00:00 ContainerStream:       FROM [Beneficiaries] AS [b]
2026-08-08T00:15:27.2915699+00:00 ContainerStream:       ORDER BY [b].[Id]
2026-08-08T00:15:34.0173984+00:00 ContainerStream: info: Microsoft.EntityFrameworkCore.Database.Command[20101]
2026-08-08T00:15:34.0174913+00:00 ContainerStream:       Executed DbCommand (2ms) [Parameters=[], CommandType='Text', CommandTimeout='30']
2026-08-08T00:15:34.0175037+00:00 ContainerStream:       SELECT 1
2026-08-08T00:15:34.0201934+00:00 ContainerStream: info: Microsoft.EntityFrameworkCore.Database.Command[20101]
2026-08-08T00:15:34.0202497+00:00 ContainerStream:       Executed DbCommand (2ms) [Parameters=[], CommandType='Text', CommandTimeout='30']
2026-08-08T00:15:34.0202596+00:00 ContainerStream:       SELECT OBJECT_ID(N'[__EFMigrationsHistory]');
2026-08-08T00:15:34.0220895+00:00 ContainerStream: info: Microsoft.EntityFrameworkCore.Database.Command[20101]
2026-08-08T00:15:34.0221380+00:00 ContainerStream:       Executed DbCommand (2ms) [Parameters=[], CommandType='Text', CommandTimeout='30']
2026-08-08T00:15:34.0221454+00:00 ContainerStream:       SELECT [MigrationId], [ProductVersion]
2026-08-08T00:15:34.0221488+00:00 ContainerStream:       FROM [__EFMigrationsHistory]
2026-08-08T00:15:34.0221565+00:00 ContainerStream:       ORDER BY [MigrationId];
2026-08-08T00:15:34.0234329+00:00 ContainerStream: info: Microsoft.EntityFrameworkCore.Database.Command[20101]
2026-08-08T00:15:34.0234749+00:00 ContainerStream:       Executed DbCommand (1ms) [Parameters=[], CommandType='Text', CommandTimeout='30']
2026-08-08T00:15:34.0234910+00:00 ContainerStream:       SELECT TOP(1) [b].[BankAccountNumber]
2026-08-08T00:15:34.0234953+00:00 ContainerStream:       FROM [Beneficiaries] AS [b]
2026-08-08T00:15:34.0235039+00:00 ContainerStream:       ORDER BY [b].[Id]
2026-08-08T00:15:34.0592304+00:00 ContainerStream: info: Microsoft.EntityFrameworkCore.Database.Command[20101]
2026-08-08T00:15:34.0593156+00:00 ContainerStream:       Executed DbCommand (2ms) [Parameters=[], CommandType='Text', CommandTimeout='30']
2026-08-08T00:15:34.0593330+00:00 ContainerStream:       SELECT 1
2026-08-08T00:15:34.0609651+00:00 ContainerStream: info: Microsoft.EntityFrameworkCore.Database.Command[20101]
2026-08-08T00:15:34.0610259+00:00 ContainerStream:       Executed DbCommand (2ms) [Parameters=[], CommandType='Text', CommandTimeout='30']
2026-08-08T00:15:34.0610334+00:00 ContainerStream:       SELECT OBJECT_ID(N'[__EFMigrationsHistory]');
2026-08-08T00:15:34.0637639+00:00 ContainerStream: info: Microsoft.EntityFrameworkCore.Database.Command[20101]
2026-08-08T00:15:34.0641800+00:00 ContainerStream:       Executed DbCommand (1ms) [Parameters=[], CommandType='Text', CommandTimeout='30']
2026-08-08T00:15:34.0642102+00:00 ContainerStream:       SELECT [MigrationId], [ProductVersion]
2026-08-08T00:15:34.0642155+00:00 ContainerStream:       FROM [__EFMigrationsHistory]
2026-08-08T00:15:34.0642408+00:00 ContainerStream:       ORDER BY [MigrationId];
2026-08-08T00:15:34.0655596+00:00 ContainerStream: info: Microsoft.EntityFrameworkCore.Database.Command[20101]
2026-08-08T00:15:34.0655984+00:00 ContainerStream:       Executed DbCommand (1ms) [Parameters=[], CommandType='Text', CommandTimeout='30']
2026-08-08T00:15:34.0656060+00:00 ContainerStream:       SELECT TOP(1) [b].[BankAccountNumber]
2026-08-08T00:15:34.0656107+00:00 ContainerStream:       FROM [Beneficiaries] AS [b]
2026-08-08T00:15:34.0656152+00:00 ContainerStream:       ORDER BY [b].[Id]
2026-08-08T00:15:37.7516496+00:00 ContainerStream: info: Microsoft.EntityFrameworkCore.Database.Command[20101]
2026-08-08T00:15:37.7517476+00:00 ContainerStream:       Executed DbCommand (4ms) [Parameters=[], CommandType='Text', CommandTimeout='30']
2026-08-08T00:15:37.7517612+00:00 ContainerStream:       SELECT 1
2026-08-08T00:15:37.7533783+00:00 ContainerStream: info: Microsoft.EntityFrameworkCore.Database.Command[20101]
2026-08-08T00:15:37.7534297+00:00 ContainerStream:       Executed DbCommand (2ms) [Parameters=[], CommandType='Text', CommandTimeout='30']
2026-08-08T00:15:37.7534448+00:00 ContainerStream:       SELECT OBJECT_ID(N'[__EFMigrationsHistory]');
2026-08-08T00:15:37.7564196+00:00 ContainerStream: info: Microsoft.EntityFrameworkCore.Database.Command[20101]
2026-08-08T00:15:37.7564536+00:00 ContainerStream:       Executed DbCommand (2ms) [Parameters=[], CommandType='Text', CommandTimeout='30']
2026-08-08T00:15:37.7564614+00:00 ContainerStream:       SELECT [MigrationId], [ProductVersion]
2026-08-08T00:15:37.7564652+00:00 ContainerStream:       FROM [__EFMigrationsHistory]
2026-08-08T00:15:37.7571291+00:00 ContainerStream:       ORDER BY [MigrationId];
2026-08-08T00:15:37.7582002+00:00 ContainerStream: info: Microsoft.EntityFrameworkCore.Database.Command[20101]
2026-08-08T00:15:37.7582297+00:00 ContainerStream:       Executed DbCommand (1ms) [Parameters=[], CommandType='Text', CommandTimeout='30']
2026-08-08T00:15:37.7582371+00:00 ContainerStream:       SELECT TOP(1) [b].[BankAccountNumber]
2026-08-08T00:15:37.7582466+00:00 ContainerStream:       FROM [Beneficiaries] AS [b]
2026-08-08T00:15:37.7586716+00:00 ContainerStream:       ORDER BY [b].[Id]
2026-08-08T00:15:44.0622990+00:00 ContainerStream: info: Microsoft.EntityFrameworkCore.Database.Command[20101]
2026-08-08T00:15:44.0626253+00:00 ContainerStream:       Executed DbCommand (2ms) [Parameters=[], CommandType='Text', CommandTimeout='30']
2026-08-08T00:15:44.0626413+00:00 ContainerStream:       SELECT 1
2026-08-08T00:15:44.0637282+00:00 ContainerStream: info: Microsoft.EntityFrameworkCore.Database.Command[20101]
2026-08-08T00:15:44.0637707+00:00 ContainerStream:       Executed DbCommand (2ms) [Parameters=[], CommandType='Text', CommandTimeout='30']
2026-08-08T00:15:44.0637930+00:00 ContainerStream:       SELECT OBJECT_ID(N'[__EFMigrationsHistory]');
2026-08-08T00:15:44.0665969+00:00 ContainerStream: info: Microsoft.EntityFrameworkCore.Database.Command[20101]
2026-08-08T00:15:44.0666332+00:00 ContainerStream:       Executed DbCommand (1ms) [Parameters=[], CommandType='Text', CommandTimeout='30']
2026-08-08T00:15:44.0666403+00:00 ContainerStream:       SELECT [MigrationId], [ProductVersion]
2026-08-08T00:15:44.0666587+00:00 ContainerStream:       FROM [__EFMigrationsHistory]
2026-08-08T00:15:44.0670419+00:00 ContainerStream:       ORDER BY [MigrationId];
2026-08-08T00:15:44.0684537+00:00 ContainerStream: info: Microsoft.EntityFrameworkCore.Database.Command[20101]
2026-08-08T00:15:44.0684836+00:00 ContainerStream:       Executed DbCommand (1ms) [Parameters=[], CommandType='Text', CommandTimeout='30']
2026-08-08T00:15:44.0684952+00:00 ContainerStream:       SELECT TOP(1) [b].[BankAccountNumber]
2026-08-08T00:15:44.0684998+00:00 ContainerStream:       FROM [Beneficiaries] AS [b]
2026-08-08T00:15:44.0685036+00:00 ContainerStream:       ORDER BY [b].[Id]
2026-08-08T00:15:48.5516828+00:00 ContainerStatus: State: Starting, Action: EstablishingSiteNetworks, LastError: , LastErrorTimestamp: 01/01/0001 00:00:00, LastErrorDetails: , Details: , DetailsLevel: INFO
2026-08-08T00:15:49.3098843+00:00 ContainerStatus: State: Starting, Action: StartingMsiContainer, LastError: , LastErrorTimestamp: 01/01/0001 00:00:00, LastErrorDetails: , Details: , DetailsLevel: INFO
2026-08-08T00:15:49.4047448+00:00 ContainerStream: info: Microsoft.EntityFrameworkCore.Database.Command[20101]
2026-08-08T00:15:49.4048395+00:00 ContainerStream:       Executed DbCommand (2ms) [Parameters=[], CommandType='Text', CommandTimeout='30']
2026-08-08T00:15:49.4048510+00:00 ContainerStream:       SELECT 1
2026-08-08T00:15:49.4073144+00:00 ContainerStream: info: Microsoft.EntityFrameworkCore.Database.Command[20101]
2026-08-08T00:15:49.4073692+00:00 ContainerStream:       Executed DbCommand (2ms) [Parameters=[], CommandType='Text', CommandTimeout='30']
2026-08-08T00:15:49.4075387+00:00 ContainerStream:       SELECT OBJECT_ID(N'[__EFMigrationsHistory]');
2026-08-08T00:15:49.4092032+00:00 ContainerStream: info: Microsoft.EntityFrameworkCore.Database.Command[20101]
2026-08-08T00:15:49.4092374+00:00 ContainerStream:       Executed DbCommand (1ms) [Parameters=[], CommandType='Text', CommandTimeout='30']
2026-08-08T00:15:49.4092451+00:00 ContainerStream:       SELECT [MigrationId], [ProductVersion]
2026-08-08T00:15:49.4092539+00:00 ContainerStream:       FROM [__EFMigrationsHistory]
2026-08-08T00:15:49.4092588+00:00 ContainerStream:       ORDER BY [MigrationId];
2026-08-08T00:15:49.4105614+00:00 ContainerStream: info: Microsoft.EntityFrameworkCore.Database.Command[20101]
2026-08-08T00:15:49.4105928+00:00 ContainerStream:       Executed DbCommand (1ms) [Parameters=[], CommandType='Text', CommandTimeout='30']
2026-08-08T00:15:49.4105992+00:00 ContainerStream:       SELECT TOP(1) [b].[BankAccountNumber]
2026-08-08T00:15:49.4106073+00:00 ContainerStream:       FROM [Beneficiaries] AS [b]
2026-08-08T00:15:49.4106109+00:00 ContainerStream:       ORDER BY [b].[Id]
2026-08-08T00:15:52.1665418+00:00 ContainerStream: info: Microsoft.EntityFrameworkCore.Database.Command[20101]
2026-08-08T00:15:52.1666293+00:00 ContainerStream:       Executed DbCommand (2ms) [Parameters=[], CommandType='Text', CommandTimeout='30']
2026-08-08T00:15:52.1666399+00:00 ContainerStream:       SELECT 1
2026-08-08T00:15:52.1688138+00:00 ContainerStream: info: Microsoft.EntityFrameworkCore.Database.Command[20101]
2026-08-08T00:15:52.1688552+00:00 ContainerStream:       Executed DbCommand (2ms) [Parameters=[], CommandType='Text', CommandTimeout='30']
2026-08-08T00:15:52.1688676+00:00 ContainerStream:       SELECT OBJECT_ID(N'[__EFMigrationsHistory]');
2026-08-08T00:15:52.1708655+00:00 ContainerStream: info: Microsoft.EntityFrameworkCore.Database.Command[20101]
2026-08-08T00:15:52.1708978+00:00 ContainerStream:       Executed DbCommand (1ms) [Parameters=[], CommandType='Text', CommandTimeout='30']
2026-08-08T00:15:52.1709049+00:00 ContainerStream:       SELECT [MigrationId], [ProductVersion]
2026-08-08T00:15:52.1709127+00:00 ContainerStream:       FROM [__EFMigrationsHistory]
2026-08-08T00:15:52.1715736+00:00 ContainerStream:       ORDER BY [MigrationId];
2026-08-08T00:15:52.1730214+00:00 ContainerStream: info: Microsoft.EntityFrameworkCore.Database.Command[20101]
2026-08-08T00:15:52.1730499+00:00 ContainerStream:       Executed DbCommand (1ms) [Parameters=[], CommandType='Text', CommandTimeout='30']
2026-08-08T00:15:52.1730608+00:00 ContainerStream:       SELECT TOP(1) [b].[BankAccountNumber]
2026-08-08T00:15:52.1730656+00:00 ContainerStream:       FROM [Beneficiaries] AS [b]
2026-08-08T00:15:52.1730702+00:00 ContainerStream:       ORDER BY [b].[Id]
2026-08-08T00:15:52.5169476+00:00 ContainerStream: info: Microsoft.EntityFrameworkCore.Database.Command[20101]
2026-08-08T00:15:52.5170271+00:00 ContainerStream:       Executed DbCommand (2ms) [Parameters=[@__objectId_0='?' (Size = 100)], CommandType='Text', CommandTimeout='30']
2026-08-08T00:15:52.5170493+00:00 ContainerStream:       SELECT TOP(1) [e].[Id], [e].[BankAccountNumber], [e].[BankName], [e].[DefaultCostCentreCode], [e].[DepartmentId], [e].[Email], [e].[EntraObjectId], [e].[FullName], [e].[Grade], [e].[IsActive], [e].[LineManagerId], [e].[StaffNumber]
2026-08-08T00:15:52.5170549+00:00 ContainerStream:       FROM [Employees] AS [e]
2026-08-08T00:15:52.5170591+00:00 ContainerStream:       WHERE [e].[EntraObjectId] = @__objectId_0
2026-08-08T00:15:52.5176197+00:00 ContainerStream: fail: Microsoft.AspNetCore.Diagnostics.ExceptionHandlerMiddleware[1]
2026-08-08T00:15:52.5176641+00:00 ContainerStream:       An unhandled exception has occurred while executing the request.
2026-08-08T00:15:52.5176709+00:00 ContainerStream:       Desicon.Workflow.Api.Security.UnprovisionedUserException: No active Employee record is linked to Entra object id 'bc783418-e761-402c-9e6f-41637a51b4fc'.
2026-08-08T00:15:52.5176775+00:00 ContainerStream:          at Desicon.Workflow.Api.Security.CurrentUserAccessor.GetEmployeeAsync(CancellationToken cancellationToken) in /src/src/Desicon.Workflow.Api/Security/CurrentUserAccessor.cs:line 39
2026-08-08T00:15:52.5176848+00:00 ContainerStream:          at Desicon.Workflow.Api.Endpoints.RequestEndpoints.GetInboxAsync(WorkflowDbContext db, InboxStateIndex inboxIndex, ICurrentUserAccessor currentUser, CancellationToken cancellationToken) in /src/src/Desicon.Workflow.Api/Endpoints/RequestEndpoints.cs:line 433
2026-08-08T00:15:52.5176893+00:00 ContainerStream:          at Microsoft.AspNetCore.Http.RequestDelegateFactory.ExecuteTaskResult[T](Task`1 task, HttpContext httpContext)
2026-08-08T00:15:52.5176948+00:00 ContainerStream:          at Microsoft.AspNetCore.RateLimiting.RateLimitingMiddleware.InvokeInternal(HttpContext context, EnableRateLimitingAttribute enableRateLimitingAttribute)
2026-08-08T00:15:52.5176989+00:00 ContainerStream:          at Microsoft.AspNetCore.Authorization.AuthorizationMiddleware.Invoke(HttpContext context)
2026-08-08T00:15:52.5177055+00:00 ContainerStream:          at Microsoft.AspNetCore.Authentication.AuthenticationMiddleware.Invoke(HttpContext context)
2026-08-08T00:15:52.5177100+00:00 ContainerStream:          at Microsoft.AspNetCore.Diagnostics.ExceptionHandlerMiddlewareImpl.<Invoke>g__Awaited|10_0(ExceptionHandlerMiddlewareImpl middleware, HttpContext context, Task task)
2026-08-08T00:15:53.2429193+00:00 ContainerStatus: State: Starting, Action: StartingSiteContainers, LastError: , LastErrorTimestamp: 01/01/0001 00:00:00, LastErrorDetails: , Details: , DetailsLevel: INFO
2026-08-08T00:15:53.2430586+00:00 ContainerStatus: Container start method called.
2026-08-08T00:15:53.2431154+00:00 ContainerStatus: State: Starting, Action: PullingImage, LastError: , LastErrorTimestamp: 01/01/0001 00:00:00, LastErrorDetails: , Details: Pulling image crdesiconfwdev.azurecr.io/finance-workflow-api:46badca837e88d0f3942940d1e95de6e485e8ef1 for app-desicon-fw-api-dev., DetailsLevel: INFO
2026-08-08T00:15:53.2431866+00:00 ContainerStatus: Establishing network.
2026-08-08T00:15:53.2450040+00:00 ContainerStatus: Pulling image: crdesiconfwdev.azurecr.io/finance-workflow-api:46badca837e88d0f3942940d1e95de6e485e8ef1.
2026-08-08T00:15:54.4045626+00:00 ContainerStatus: Container is starting.
2026-08-08T00:15:54.4047095+00:00 ContainerStatus: State: Starting, Action: MountingVolumes, LastError: , LastErrorTimestamp: 01/01/0001 00:00:00, LastErrorDetails: , Details: Mounting volumes for app-desicon-fw-api-dev., DetailsLevel: INFO
2026-08-08T00:15:54.4048120+00:00 ContainerStatus: Establishing user namespace if not established already.
2026-08-08T00:15:54.4048712+00:00 ContainerStatus: Establishing network if not established already.
2026-08-08T00:15:54.4049503+00:00 ContainerStatus: Mounting volumes.
2026-08-08T00:15:54.4050604+00:00 ContainerStatus: Nested mountpoint volatile/logs
2026-08-08T00:15:54.4148807+00:00 ContainerStatus: Nested mountpoint 
2026-08-08T00:15:54.4154956+00:00 ContainerStatus: Nested mountpoint 
2026-08-08T00:15:54.4228583+00:00 ContainerStatus: State: Starting, Action: CreatingContainer, LastError: , LastErrorTimestamp: 01/01/0001 00:00:00, LastErrorDetails: , Details: Finished pulling container image and mounting volumes for app-desicon-fw-api-dev. Allocatinng the rest of the container resources to finish container creation., DetailsLevel: INFO
2026-08-08T00:15:54.4229273+00:00 ContainerStatus: Creating container.
2026-08-08T00:15:54.4229897+00:00 ContainerStatus: Creating pipes for streaming container io.
2026-08-08T00:15:54.4230440+00:00 ContainerStatus: Creating stdout named pipe at /podr/container/pipe/deb26b5b5693_app-desicon-fw-api-dev/stdout_81008c00b44d4f739344cee7e474e5de.
2026-08-08T00:15:54.4232006+00:00 ContainerStatus: Successfully created stdout named pipe at: /podr/container/pipe/deb26b5b5693_app-desicon-fw-api-dev/stdout_81008c00b44d4f739344cee7e474e5de.
2026-08-08T00:15:54.4232630+00:00 ContainerStatus: Opening named pipe /podr/container/pipe/deb26b5b5693_app-desicon-fw-api-dev/stdout_81008c00b44d4f739344cee7e474e5de for reading in non-blocking mode.
2026-08-08T00:15:54.4233317+00:00 ContainerStatus: Successfully opened named pipe: /podr/container/pipe/deb26b5b5693_app-desicon-fw-api-dev/stdout_81008c00b44d4f739344cee7e474e5de.
2026-08-08T00:15:54.4233933+00:00 ContainerStatus: Successfully removed non-blocking flag from /podr/container/pipe/deb26b5b5693_app-desicon-fw-api-dev/stdout_81008c00b44d4f739344cee7e474e5de.
2026-08-08T00:15:54.4234759+00:00 ContainerStatus: Creating stderr named pipe at /podr/container/pipe/deb26b5b5693_app-desicon-fw-api-dev/stderr_e057fb9947a44c8087ba0869c610b8b3.
2026-08-08T00:15:54.4235813+00:00 ContainerStatus: Successfully created stderr named pipe at: /podr/container/pipe/deb26b5b5693_app-desicon-fw-api-dev/stderr_e057fb9947a44c8087ba0869c610b8b3.
2026-08-08T00:15:54.4236333+00:00 ContainerStatus: Opening named pipe /podr/container/pipe/deb26b5b5693_app-desicon-fw-api-dev/stderr_e057fb9947a44c8087ba0869c610b8b3 for reading in non-blocking mode.
2026-08-08T00:15:54.4236984+00:00 ContainerStatus: Successfully opened named pipe: /podr/container/pipe/deb26b5b5693_app-desicon-fw-api-dev/stderr_e057fb9947a44c8087ba0869c610b8b3.
2026-08-08T00:15:54.4237531+00:00 ContainerStatus: Successfully removed non-blocking flag from /podr/container/pipe/deb26b5b5693_app-desicon-fw-api-dev/stderr_e057fb9947a44c8087ba0869c610b8b3.
2026-08-08T00:15:54.4238232+00:00 ContainerStatus: Overriding PORT environment variable with port exposed by container image.
2026-08-08T00:15:54.4575535+00:00 ContainerStatus: Container image exposes ports: ContainerExposedPort { Port = 8080, Protocol = TCP }. Sanitized list of ports is: 8080. Resolved main port to 8080.
2026-08-08T00:15:54.4576283+00:00 ContainerStatus: Setting value of PORT variable to 8080
2026-08-08T00:15:54.4577945+00:00 ContainerStatus: Creating container with image: crdesiconfwdev.azurecr.io/finance-workflow-api:46badca837e88d0f3942940d1e95de6e485e8ef1 from registry: crdesiconfwdev.azurecr.io and fully qualified image name: crdesiconfwdev.azurecr.io/finance-workflow-api:46badca837e88d0f3942940d1e95de6e485e8ef1
2026-08-08T00:15:54.5994749+00:00 ContainerStatus: Starting container: deb26b5b5693_app-desicon-fw-api-dev.
2026-08-08T00:15:54.6255126+00:00 ContainerStatus: Starting watchers and probes.
2026-08-08T00:15:54.6258058+00:00 ContainerStatus: Starting metrics collection.
2026-08-08T00:15:54.6259044+00:00 ContainerStatus: Container is running.
2026-08-08T00:15:54.6259870+00:00 ContainerStatus: State: Starting, Action: CreatingContainer, LastError: , LastErrorTimestamp: 01/01/0001 00:00:00, LastErrorDetails: , Details: Container app-desicon-fw-api-dev successfully created and is running., DetailsLevel: INFO
2026-08-08T00:15:54.6485749+00:00 ContainerStatus: Container start method finished after 1405 ms.
2026-08-08T00:15:54.6533691+00:00 ContainerStatus: State: Starting, Action: InitiatingSiteWarmUpProbe, LastError: , LastErrorTimestamp: 01/01/0001 00:00:00, LastErrorDetails: , Details: Container app-desicon-fw-api-dev successfully created and is running., DetailsLevel: INFO
2026-08-08T00:15:54.6534149+00:00 ContainerStatus: State: Starting, Action: WaitingForSiteWarmUpProbeSuccess, LastError: , LastErrorTimestamp: 01/01/0001 00:00:00, LastErrorDetails: , Details: Pinging warmup path to ensure container is ready to receive requests., DetailsLevel: INFO
2026-08-08T00:15:54.9187175+00:00 ContainerStatus: Site startup probe failed after 0.2648897 seconds.
2026-08-08T00:15:54.9895762+00:00 ContainerStatus: State: Starting, Action: WaitingForSiteWarmUpProbeSuccess, LastError: ContainerStartupFailure, LastErrorTimestamp: 08/08/2026 00:15:54, LastErrorDetails: The container did not complete startup successfully. Please inspect your container logs for more details., Details: Pinging warmup path to ensure container is ready to receive requests., DetailsLevel: ERR
2026-08-08T00:15:54.9907027+00:00 ContainerStatus: Failed to start site. Revert by stopping site.
2026-08-08T00:15:54.9907879+00:00 ContainerStatus: State: Stopping, Action: StoppingSite, LastError: ContainerStartupFailure, LastErrorTimestamp: 08/08/2026 00:15:54, LastErrorDetails: The container did not complete startup successfully. Please inspect your container logs for more details., Details: Pinging warmup path to ensure container is ready to receive requests., DetailsLevel: ERR
2026-08-08T00:15:54.9909516+00:00 ContainerStatus: State: Stopping, Action: StoppingSiteContainers, LastError: ContainerStartupFailure, LastErrorTimestamp: 08/08/2026 00:15:54, LastErrorDetails: The container did not complete startup successfully. Please inspect your container logs for more details., Details: Pinging warmup path to ensure container is ready to receive requests., DetailsLevel: ERR
2026-08-08T00:15:54.9910174+00:00 ContainerStatus: Container is terminating. Grace period: 5 seconds.
2026-08-08T00:15:55.0039250+00:00 ContainerStatus: Stop and delete container. Retry count = 0
2026-08-08T00:15:55.0041723+00:00 ContainerStatus: Stopping container: deb26b5b5693_app-desicon-fw-api-dev.
2026-08-08T00:15:55.0198733+00:00 ContainerStream: warn: Microsoft.AspNetCore.DataProtection.Repositories.FileSystemXmlRepository[60]
2026-08-08T00:15:55.0214944+00:00 ContainerStream:       Storing keys in a directory '/home/app/ASP.NET/DataProtection-Keys' that may not be persisted outside of the container. Protected data will be unavailable when container is destroyed. For more information go to https://aka.ms/aspnet/dataprotectionwarning
2026-08-08T00:15:55.0289035+00:00 ContainerStream: info: Microsoft.Hosting.Lifetime[0]
2026-08-08T00:15:55.0289358+00:00 ContainerStream:       Application is shutting down...
2026-08-08T00:15:55.0598713+00:00 ContainerStream: warn: Microsoft.AspNetCore.DataProtection.KeyManagement.XmlKeyManager[35]
2026-08-08T00:15:55.0599455+00:00 ContainerStream:       No XML encryptor configured. Key {2ae2fd6d-5dac-4109-8435-d54664f49c9b} may be persisted to storage in unencrypted form.
2026-08-08T00:15:55.0755722+00:00 ContainerStream: warn: Microsoft.AspNetCore.Hosting.Diagnostics[15]
2026-08-08T00:15:55.0756412+00:00 ContainerStream:       Overriding HTTP_PORTS '8080' and HTTPS_PORTS ''. Binding to values defined by URLS instead 'http://+:8080'.
2026-08-08T00:15:55.2336025+00:00 ContainerStream: fail: Microsoft.Extensions.Hosting.Internal.Host[11]
2026-08-08T00:15:55.2336862+00:00 ContainerStream:       Hosting failed to start
2026-08-08T00:15:55.2337078+00:00 ContainerStream:       System.Threading.Tasks.TaskCanceledException: A task was canceled.
2026-08-08T00:15:55.2337131+00:00 ContainerStream:          at Microsoft.AspNetCore.Server.Kestrel.Core.KestrelServerImpl.BindAsync(CancellationToken cancellationToken)
2026-08-08T00:15:55.2337179+00:00 ContainerStream:          at Microsoft.AspNetCore.Server.Kestrel.Core.KestrelServerImpl.StartAsync[TContext](IHttpApplication`1 application, CancellationToken cancellationToken)
2026-08-08T00:15:55.2337288+00:00 ContainerStream:          at Microsoft.AspNetCore.Hosting.GenericWebHostService.StartAsync(CancellationToken cancellationToken)
2026-08-08T00:15:55.2337369+00:00 ContainerStream:          at Microsoft.Extensions.Hosting.Internal.Host.<StartAsync>b__15_1(IHostedService service, CancellationToken token)
2026-08-08T00:15:55.2337428+00:00 ContainerStream:          at Microsoft.Extensions.Hosting.Internal.Host.ForeachService[T](IEnumerable`1 services, CancellationToken token, Boolean concurrent, Boolean abortOnFirstException, List`1 exceptions, Func`3 operation)
2026-08-08T00:15:55.2403409+00:00 ContainerStream: Unhandled exception. System.Threading.Tasks.TaskCanceledException: A task was canceled.
2026-08-08T00:15:55.2403943+00:00 ContainerStream:    at Microsoft.AspNetCore.Server.Kestrel.Core.KestrelServerImpl.BindAsync(CancellationToken cancellationToken)
2026-08-08T00:15:55.2404017+00:00 ContainerStream:    at Microsoft.AspNetCore.Server.Kestrel.Core.KestrelServerImpl.StartAsync[TContext](IHttpApplication`1 application, CancellationToken cancellationToken)
2026-08-08T00:15:55.2404134+00:00 ContainerStream:    at Microsoft.AspNetCore.Hosting.GenericWebHostService.StartAsync(CancellationToken cancellationToken)
2026-08-08T00:15:55.2404178+00:00 ContainerStream:    at Microsoft.Extensions.Hosting.Internal.Host.<StartAsync>b__15_1(IHostedService service, CancellationToken token)
2026-08-08T00:15:55.2404256+00:00 ContainerStream:    at Microsoft.Extensions.Hosting.Internal.Host.ForeachService[T](IEnumerable`1 services, CancellationToken token, Boolean concurrent, Boolean abortOnFirstException, List`1 exceptions, Func`3 operation)
2026-08-08T00:15:55.2404335+00:00 ContainerStream:    at Microsoft.Extensions.Hosting.Internal.Host.StartAsync(CancellationToken cancellationToken)
2026-08-08T00:15:55.2404378+00:00 ContainerStream:    at Microsoft.Extensions.Hosting.HostingAbstractionsHostExtensions.RunAsync(IHost host, CancellationToken token)
2026-08-08T00:15:55.2404418+00:00 ContainerStream:    at Microsoft.Extensions.Hosting.HostingAbstractionsHostExtensions.RunAsync(IHost host, CancellationToken token)
2026-08-08T00:15:55.2404458+00:00 ContainerStream:    at Microsoft.Extensions.Hosting.HostingAbstractionsHostExtensions.Run(IHost host)
2026-08-08T00:15:55.2404515+00:00 ContainerStream:    at Program.<Main>$(String[] args) in /src/src/Desicon.Workflow.Api/Program.cs:line 260
2026-08-08T00:15:56.0510052+00:00 ContainerStream: info: Microsoft.EntityFrameworkCore.Database.Command[20101]
2026-08-08T00:15:56.0510888+00:00 ContainerStream:       Executed DbCommand (2ms) [Parameters=[], CommandType='Text', CommandTimeout='30']
2026-08-08T00:15:56.0511032+00:00 ContainerStream:       SELECT 1
2026-08-08T00:15:56.0530311+00:00 ContainerStream: info: Microsoft.EntityFrameworkCore.Database.Command[20101]
2026-08-08T00:15:56.0530676+00:00 ContainerStream:       Executed DbCommand (2ms) [Parameters=[], CommandType='Text', CommandTimeout='30']
2026-08-08T00:15:56.0530761+00:00 ContainerStream:       SELECT OBJECT_ID(N'[__EFMigrationsHistory]');
2026-08-08T00:15:56.0545811+00:00 ContainerStream: info: Microsoft.EntityFrameworkCore.Database.Command[20101]
2026-08-08T00:15:56.0546198+00:00 ContainerStream:       Executed DbCommand (1ms) [Parameters=[], CommandType='Text', CommandTimeout='30']
2026-08-08T00:15:56.0546274+00:00 ContainerStream:       SELECT [MigrationId], [ProductVersion]
2026-08-08T00:15:56.0546317+00:00 ContainerStream:       FROM [__EFMigrationsHistory]
2026-08-08T00:15:56.0546486+00:00 ContainerStream:       ORDER BY [MigrationId];
2026-08-08T00:15:56.0564814+00:00 ContainerStream: info: Microsoft.EntityFrameworkCore.Database.Command[20101]
2026-08-08T00:15:56.0565130+00:00 ContainerStream:       Executed DbCommand (1ms) [Parameters=[], CommandType='Text', CommandTimeout='30']
2026-08-08T00:15:56.0565204+00:00 ContainerStream:       SELECT TOP(1) [b].[BankAccountNumber]
2026-08-08T00:15:56.0565244+00:00 ContainerStream:       FROM [Beneficiaries] AS [b]
2026-08-08T00:15:56.0565288+00:00 ContainerStream:       ORDER BY [b].[Id]
2026-08-08T00:15:57.2313615+00:00 ContainerStatus: Deleting container: deb26b5b5693_app-desicon-fw-api-dev. Retry count = 0
2026-08-08T00:15:57.5882228+00:00 ContainerStatus: Container spec TerminationMessagePolicy  path 
2026-08-08T00:15:57.5883422+00:00 ContainerStatus: Container is terminated. Total time elapsed: 2597 ms.
2026-08-08T00:15:57.5883917+00:00 ContainerStatus: Site container: app-desicon-fw-api-dev terminated during site startup.
2026-08-08T00:15:57.5884718+00:00 ContainerStatus: State: Stopping, Action: CancellingStartup, LastError: ContainerStartupFailure, LastErrorTimestamp: 08/08/2026 00:15:54, LastErrorDetails: The container did not complete startup successfully. Please inspect your container logs for more details., Details: Site container: app-desicon-fw-api-dev terminated during site startup. Cancelling site startup., DetailsLevel: ERR
2026-08-08T00:15:57.8431617+00:00 ContainerStatus: Site container: app-desicon-fw-api-dev_managedIdentity terminated during site startup.
2026-08-08T00:15:57.8434303+00:00 ContainerStatus: State: Stopping, Action: CancellingStartup, LastError: ContainerStartupFailure, LastErrorTimestamp: 08/08/2026 00:15:54, LastErrorDetails: The container did not complete startup successfully. Please inspect your container logs for more details., Details: Site container: app-desicon-fw-api-dev terminated during site startup. Cancelling site startup., DetailsLevel: ERR
2026-08-08T00:15:57.8437506+00:00 ContainerStatus: Site: app-desicon-fw-api-dev stopped.
