========== New Cold Start Attempt (2026-08-08T00:15:58.8885696+00:00) ==========
2026-08-08T00:15:58.8885696+00:00 ContainerStream: [Previous Container]       Executed DbCommand (2ms) [Parameters=[], CommandType='Text', CommandTimeout='30']
2026-08-08T00:15:58.8885786+00:00 ContainerStream: [Previous Container]       SELECT 1
2026-08-08T00:15:58.8902786+00:00 ContainerStream: [Previous Container] info: Microsoft.EntityFrameworkCore.Database.Command[20101]
2026-08-08T00:15:58.8903639+00:00 ContainerStream: [Previous Container]       Executed DbCommand (2ms) [Parameters=[], CommandType='Text', CommandTimeout='30']
2026-08-08T00:15:58.8903717+00:00 ContainerStream: [Previous Container]       SELECT OBJECT_ID(N'[__EFMigrationsHistory]');
2026-08-08T00:15:58.8933671+00:00 ContainerStream: [Previous Container] info: Microsoft.EntityFrameworkCore.Database.Command[20101]
2026-08-08T00:15:58.8934051+00:00 ContainerStream: [Previous Container]       Executed DbCommand (1ms) [Parameters=[], CommandType='Text', CommandTimeout='30']
2026-08-08T00:15:58.8934169+00:00 ContainerStream: [Previous Container]       SELECT [MigrationId], [ProductVersion]
2026-08-08T00:15:58.8934213+00:00 ContainerStream: [Previous Container]       FROM [__EFMigrationsHistory]
2026-08-08T00:15:58.8934255+00:00 ContainerStream: [Previous Container]       ORDER BY [MigrationId];
2026-08-08T00:15:58.8949364+00:00 ContainerStream: [Previous Container] info: Microsoft.EntityFrameworkCore.Database.Command[20101]
2026-08-08T00:15:58.8949590+00:00 ContainerStream: [Previous Container]       Executed DbCommand (1ms) [Parameters=[], CommandType='Text', CommandTimeout='30']
2026-08-08T00:15:58.8949698+00:00 ContainerStream: [Previous Container]       SELECT TOP(1) [b].[BankAccountNumber]
2026-08-08T00:15:58.8949746+00:00 ContainerStream: [Previous Container]       FROM [Beneficiaries] AS [b]
2026-08-08T00:15:58.8949791+00:00 ContainerStream: [Previous Container]       ORDER BY [b].[Id]
2026-08-08T00:16:00.1015304+00:00 ContainerStream: [Previous Container] info: Microsoft.EntityFrameworkCore.Database.Command[20101]
2026-08-08T00:16:00.1016169+00:00 ContainerStream: [Previous Container]       Executed DbCommand (2ms) [Parameters=[], CommandType='Text', CommandTimeout='30']
2026-08-08T00:16:00.1016257+00:00 ContainerStream: [Previous Container]       SELECT 1
2026-08-08T00:16:00.1030921+00:00 ContainerStream: [Previous Container] info: Microsoft.EntityFrameworkCore.Database.Command[20101]
2026-08-08T00:16:00.1031337+00:00 ContainerStream: [Previous Container]       Executed DbCommand (2ms) [Parameters=[], CommandType='Text', CommandTimeout='30']
2026-08-08T00:16:00.1031547+00:00 ContainerStream: [Previous Container]       SELECT OBJECT_ID(N'[__EFMigrationsHistory]');
2026-08-08T00:16:00.1060463+00:00 ContainerStream: [Previous Container] info: Microsoft.EntityFrameworkCore.Database.Command[20101]
2026-08-08T00:16:00.1060783+00:00 ContainerStream: [Previous Container]       Executed DbCommand (1ms) [Parameters=[], CommandType='Text', CommandTimeout='30']
2026-08-08T00:16:00.1060851+00:00 ContainerStream: [Previous Container]       SELECT [MigrationId], [ProductVersion]
2026-08-08T00:16:00.1066001+00:00 ContainerStream: [Previous Container]       FROM [__EFMigrationsHistory]
2026-08-08T00:16:00.1066252+00:00 ContainerStream: [Previous Container]       ORDER BY [MigrationId];
2026-08-08T00:16:00.1077046+00:00 ContainerStream: [Previous Container] info: Microsoft.EntityFrameworkCore.Database.Command[20101]
2026-08-08T00:16:00.1077244+00:00 ContainerStream: [Previous Container]       Executed DbCommand (1ms) [Parameters=[], CommandType='Text', CommandTimeout='30']
2026-08-08T00:16:00.1077346+00:00 ContainerStream: [Previous Container]       SELECT TOP(1) [b].[BankAccountNumber]
2026-08-08T00:16:00.1077395+00:00 ContainerStream: [Previous Container]       FROM [Beneficiaries] AS [b]
2026-08-08T00:16:00.1077440+00:00 ContainerStream: [Previous Container]       ORDER BY [b].[Id]
2026-08-08T00:16:18.4541519+00:00 ContainerStatus: State: Stopping, Action: StoppingSite, LastError: SiteStartupCancelled, LastErrorTimestamp: 08/07/2026 17:30:02, LastErrorDetails: Site stopped manually or container terminated, Details: Site started at 08/07/2026 17:30:55 (UTC), DetailsLevel: INFO
2026-08-08T00:16:18.4545019+00:00 ContainerStatus: State: Stopping, Action: StoppingSiteContainers, LastError: SiteStartupCancelled, LastErrorTimestamp: 08/07/2026 17:30:02, LastErrorDetails: Site stopped manually or container terminated, Details: Site started at 08/07/2026 17:30:55 (UTC), DetailsLevel: INFO
2026-08-08T00:16:18.4546341+00:00 ContainerStatus: Container is terminating. Grace period: 5 seconds.
2026-08-08T00:16:18.4561973+00:00 ContainerStatus: Stop and delete container. Retry count = 0
2026-08-08T00:16:18.4563060+00:00 ContainerStatus: Stopping container: a56e6351d06e_app-desicon-fw-api-dev.
2026-08-08T00:16:18.4808182+00:00 ContainerStream: [Previous Container] info: Microsoft.Hosting.Lifetime[0]
2026-08-08T00:16:18.4808829+00:00 ContainerStream: [Previous Container]       Application is shutting down...
2026-08-08T00:16:18.5301855+00:00 ContainerStatus: Deleting container: a56e6351d06e_app-desicon-fw-api-dev. Retry count = 0
2026-08-08T00:16:18.5708356+00:00 ContainerStatus: Container spec TerminationMessagePolicy  path 
2026-08-08T00:16:18.5756800+00:00 ContainerStatus: Container is terminated. Total time elapsed: 120 ms.
2026-08-08T00:16:18.9380201+00:00 ContainerStatus: Site: app-desicon-fw-api-dev stopped.
2026-08-08T00:16:39.4356142+00:00 ContainerStatus: State: Starting, Action: EstablishingSiteNetworks, LastError: ContainerStartupFailure, LastErrorTimestamp: 08/08/2026 00:15:54, LastErrorDetails: The container did not complete startup successfully. Please inspect your container logs for more details., Details: Site stopped at 08/08/2026 00:15:58 (UTC), DetailsLevel: ERR
2026-08-08T00:16:40.0990877+00:00 ContainerStatus: State: Starting, Action: StartingMsiContainer, LastError: ContainerStartupFailure, LastErrorTimestamp: 08/08/2026 00:15:54, LastErrorDetails: The container did not complete startup successfully. Please inspect your container logs for more details., Details: Site stopped at 08/08/2026 00:15:58 (UTC), DetailsLevel: ERR
2026-08-08T00:16:44.0426954+00:00 ContainerStatus: State: Starting, Action: StartingSiteContainers, LastError: ContainerStartupFailure, LastErrorTimestamp: 08/08/2026 00:15:54, LastErrorDetails: The container did not complete startup successfully. Please inspect your container logs for more details., Details: Site stopped at 08/08/2026 00:15:58 (UTC), DetailsLevel: ERR
2026-08-08T00:16:44.0428293+00:00 ContainerStatus: Container start method called.
2026-08-08T00:16:44.0428999+00:00 ContainerStatus: State: Starting, Action: PullingImage, LastError: ContainerStartupFailure, LastErrorTimestamp: 08/08/2026 00:15:54, LastErrorDetails: The container did not complete startup successfully. Please inspect your container logs for more details., Details: Pulling image crdesiconfwdev.azurecr.io/finance-workflow-api:589f2a788f4c05c7458a73dac315604e4d422ffe for app-desicon-fw-api-dev., DetailsLevel: INFO
2026-08-08T00:16:44.0429861+00:00 ContainerStatus: Establishing network.
2026-08-08T00:16:44.0441244+00:00 ContainerStatus: Pulling image: crdesiconfwdev.azurecr.io/finance-workflow-api:589f2a788f4c05c7458a73dac315604e4d422ffe.
2026-08-08T00:16:44.7958485+00:00 ContainerStatus: Image crdesiconfwdev.azurecr.io/finance-workflow-api:589f2a788f4c05c7458a73dac315604e4d422ffe is pulled from registry crdesiconfwdev.azurecr.io
2026-08-08T00:16:44.7959984+00:00 ContainerStatus: Container is starting.
2026-08-08T00:16:44.7960768+00:00 ContainerStatus: State: Starting, Action: MountingVolumes, LastError: ContainerStartupFailure, LastErrorTimestamp: 08/08/2026 00:15:54, LastErrorDetails: The container did not complete startup successfully. Please inspect your container logs for more details., Details: Mounting volumes for app-desicon-fw-api-dev., DetailsLevel: INFO
2026-08-08T00:16:44.7961383+00:00 ContainerStatus: Establishing user namespace if not established already.
2026-08-08T00:16:44.7962018+00:00 ContainerStatus: Establishing network if not established already.
2026-08-08T00:16:44.7962660+00:00 ContainerStatus: Mounting volumes.
2026-08-08T00:16:44.7963662+00:00 ContainerStatus: Nested mountpoint volatile/logs
2026-08-08T00:16:44.8051129+00:00 ContainerStatus: Nested mountpoint 
2026-08-08T00:16:44.8057486+00:00 ContainerStatus: Nested mountpoint 
2026-08-08T00:16:44.8255990+00:00 ContainerStatus: State: Starting, Action: CreatingContainer, LastError: ContainerStartupFailure, LastErrorTimestamp: 08/08/2026 00:15:54, LastErrorDetails: The container did not complete startup successfully. Please inspect your container logs for more details., Details: Finished pulling container image and mounting volumes for app-desicon-fw-api-dev. Allocatinng the rest of the container resources to finish container creation., DetailsLevel: INFO
2026-08-08T00:16:44.8256799+00:00 ContainerStatus: Creating container.
2026-08-08T00:16:44.8257477+00:00 ContainerStatus: Creating pipes for streaming container io.
2026-08-08T00:16:44.8258058+00:00 ContainerStatus: Creating stdout named pipe at /podr/container/pipe/4fc5a5fec338_app-desicon-fw-api-dev/stdout_c91d0ac8d7824fbb9c1cde9e4206329d.
2026-08-08T00:16:44.8259496+00:00 ContainerStatus: Successfully created stdout named pipe at: /podr/container/pipe/4fc5a5fec338_app-desicon-fw-api-dev/stdout_c91d0ac8d7824fbb9c1cde9e4206329d.
2026-08-08T00:16:44.8260177+00:00 ContainerStatus: Opening named pipe /podr/container/pipe/4fc5a5fec338_app-desicon-fw-api-dev/stdout_c91d0ac8d7824fbb9c1cde9e4206329d for reading in non-blocking mode.
2026-08-08T00:16:44.8260789+00:00 ContainerStatus: Successfully opened named pipe: /podr/container/pipe/4fc5a5fec338_app-desicon-fw-api-dev/stdout_c91d0ac8d7824fbb9c1cde9e4206329d.
2026-08-08T00:16:44.8261322+00:00 ContainerStatus: Successfully removed non-blocking flag from /podr/container/pipe/4fc5a5fec338_app-desicon-fw-api-dev/stdout_c91d0ac8d7824fbb9c1cde9e4206329d.
2026-08-08T00:16:44.8273115+00:00 ContainerStatus: Creating stderr named pipe at /podr/container/pipe/4fc5a5fec338_app-desicon-fw-api-dev/stderr_8b49384c038b498a8f968004ccc1b982.
2026-08-08T00:16:44.8274855+00:00 ContainerStatus: Successfully created stderr named pipe at: /podr/container/pipe/4fc5a5fec338_app-desicon-fw-api-dev/stderr_8b49384c038b498a8f968004ccc1b982.
2026-08-08T00:16:44.8275981+00:00 ContainerStatus: Opening named pipe /podr/container/pipe/4fc5a5fec338_app-desicon-fw-api-dev/stderr_8b49384c038b498a8f968004ccc1b982 for reading in non-blocking mode.
2026-08-08T00:16:44.8277175+00:00 ContainerStatus: Successfully opened named pipe: /podr/container/pipe/4fc5a5fec338_app-desicon-fw-api-dev/stderr_8b49384c038b498a8f968004ccc1b982.
2026-08-08T00:16:44.8281160+00:00 ContainerStatus: Successfully removed non-blocking flag from /podr/container/pipe/4fc5a5fec338_app-desicon-fw-api-dev/stderr_8b49384c038b498a8f968004ccc1b982.
2026-08-08T00:16:44.8288318+00:00 ContainerStatus: Overriding PORT environment variable with port exposed by container image.
2026-08-08T00:16:44.8383935+00:00 ContainerStatus: Container image exposes ports: ContainerExposedPort { Port = 8080, Protocol = TCP }. Sanitized list of ports is: 8080. Resolved main port to 8080.
2026-08-08T00:16:44.8384612+00:00 ContainerStatus: Setting value of PORT variable to 8080
2026-08-08T00:16:44.8386125+00:00 ContainerStatus: Creating container with image: crdesiconfwdev.azurecr.io/finance-workflow-api:589f2a788f4c05c7458a73dac315604e4d422ffe from registry: crdesiconfwdev.azurecr.io and fully qualified image name: crdesiconfwdev.azurecr.io/finance-workflow-api:589f2a788f4c05c7458a73dac315604e4d422ffe
2026-08-08T00:16:44.9652269+00:00 ContainerStatus: Starting container: 4fc5a5fec338_app-desicon-fw-api-dev.
2026-08-08T00:16:44.9793318+00:00 ContainerStatus: Starting watchers and probes.
2026-08-08T00:16:44.9795405+00:00 ContainerStatus: Starting metrics collection.
2026-08-08T00:16:44.9800869+00:00 ContainerStatus: Container is running.
2026-08-08T00:16:44.9801712+00:00 ContainerStatus: State: Starting, Action: CreatingContainer, LastError: ContainerStartupFailure, LastErrorTimestamp: 08/08/2026 00:15:54, LastErrorDetails: The container did not complete startup successfully. Please inspect your container logs for more details., Details: Container app-desicon-fw-api-dev successfully created and is running., DetailsLevel: INFO
2026-08-08T00:16:44.9972703+00:00 ContainerStatus: Container start method finished after 954 ms.
2026-08-08T00:16:44.9975768+00:00 ContainerStatus: State: Starting, Action: InitiatingSiteWarmUpProbe, LastError: ContainerStartupFailure, LastErrorTimestamp: 08/08/2026 00:15:54, LastErrorDetails: The container did not complete startup successfully. Please inspect your container logs for more details., Details: Container app-desicon-fw-api-dev successfully created and is running., DetailsLevel: INFO
2026-08-08T00:16:44.9976091+00:00 ContainerStatus: State: Starting, Action: WaitingForSiteWarmUpProbeSuccess, LastError: ContainerStartupFailure, LastErrorTimestamp: 08/08/2026 00:15:54, LastErrorDetails: The container did not complete startup successfully. Please inspect your container logs for more details., Details: Pinging warmup path to ensure container is ready to receive requests., DetailsLevel: INFO
2026-08-08T00:16:45.5255664+00:00 ContainerStream: warn: Microsoft.AspNetCore.DataProtection.Repositories.FileSystemXmlRepository[60]
2026-08-08T00:16:45.5289750+00:00 ContainerStream:       Storing keys in a directory '/home/app/ASP.NET/DataProtection-Keys' that may not be persisted outside of the container. Protected data will be unavailable when container is destroyed. For more information go to https://aka.ms/aspnet/dataprotectionwarning
2026-08-08T00:16:45.5794363+00:00 ContainerStream: warn: Microsoft.AspNetCore.DataProtection.KeyManagement.XmlKeyManager[35]
2026-08-08T00:16:45.5795295+00:00 ContainerStream:       No XML encryptor configured. Key {8b757967-1581-4093-baaf-7467975c7182} may be persisted to storage in unencrypted form.
2026-08-08T00:16:45.6132688+00:00 ContainerStream: warn: Microsoft.AspNetCore.Hosting.Diagnostics[15]
2026-08-08T00:16:45.6133517+00:00 ContainerStream:       Overriding HTTP_PORTS '8080' and HTTPS_PORTS ''. Binding to values defined by URLS instead 'http://+:8080'.
2026-08-08T00:16:45.8172832+00:00 ContainerStream: info: Microsoft.Hosting.Lifetime[14]
2026-08-08T00:16:45.8173744+00:00 ContainerStream:       Now listening on: http://[::]:8080
2026-08-08T00:16:45.8177436+00:00 ContainerStream: info: Microsoft.Hosting.Lifetime[0]
2026-08-08T00:16:45.8177946+00:00 ContainerStream:       Application started. Press Ctrl+C to shut down.
2026-08-08T00:16:45.8178804+00:00 ContainerStream: info: Microsoft.Hosting.Lifetime[0]
2026-08-08T00:16:45.8178925+00:00 ContainerStream:       Hosting environment: dev
2026-08-08T00:16:45.8179271+00:00 ContainerStream: info: Microsoft.Hosting.Lifetime[0]
2026-08-08T00:16:45.8179381+00:00 ContainerStream:       Content root path: /app
2026-08-08T00:16:48.2057914+00:00 ContainerStream: warn: Microsoft.AspNetCore.HttpsPolicy.HttpsRedirectionMiddleware[3]
2026-08-08T00:16:48.2058961+00:00 ContainerStream:       Failed to determine the https port for redirect.
2026-08-08T00:16:48.2487799+00:00 ContainerStatus: Site startup probe succeeded after 3.250564 seconds.
2026-08-08T00:16:48.2839100+00:00 ContainerStatus: State: Starting, Action: WarmUpProbeSucceeded, LastError: ContainerStartupFailure, LastErrorTimestamp: 08/08/2026 00:15:54, LastErrorDetails: The container did not complete startup successfully. Please inspect your container logs for more details., Details: Site startup probe succeeded after 3.250564 seconds., DetailsLevel: INFO
2026-08-08T00:16:48.3360871+00:00 ContainerStatus: State: Starting, Action: StartingAuthContainer, LastError: ContainerStartupFailure, LastErrorTimestamp: 08/08/2026 00:15:54, LastErrorDetails: The container did not complete startup successfully. Please inspect your container logs for more details., Details: Site startup probe succeeded after 3.250564 seconds., DetailsLevel: INFO
2026-08-08T00:16:51.1583484+00:00 ContainerStatus: Site started.
2026-08-08T00:16:51.1585386+00:00 ContainerStatus: State: Started, Action: None, LastError: ContainerStartupFailure, LastErrorTimestamp: 08/08/2026 00:15:54, LastErrorDetails: The container did not complete startup successfully. Please inspect your container logs for more details., Details: Site started at 08/08/2026 00:16:51 (UTC), DetailsLevel: INFO
========== New Cold Start Attempt (2026-08-08T00:17:03.2342059+00:00) ==========
2026-08-08T00:17:03.2342059+00:00 ContainerStream: info: Microsoft.EntityFrameworkCore.Database.Command[20101]
2026-08-08T00:17:03.2343385+00:00 ContainerStream:       Executed DbCommand (256ms) [Parameters=[], CommandType='Text', CommandTimeout='30']
2026-08-08T00:17:03.2343524+00:00 ContainerStream:       SELECT 1
2026-08-08T00:17:03.2352182+00:00 ContainerStream: info: Microsoft.EntityFrameworkCore.Database.Command[20101]
2026-08-08T00:17:03.2352546+00:00 ContainerStream:       Executed DbCommand (239ms) [Parameters=[], CommandType='Text', CommandTimeout='30']
2026-08-08T00:17:03.2352682+00:00 ContainerStream:       SELECT 1
2026-08-08T00:17:03.3612626+00:00 ContainerStream: info: Microsoft.EntityFrameworkCore.Database.Command[20101]
2026-08-08T00:17:03.3613454+00:00 ContainerStream:       Executed DbCommand (94ms) [Parameters=[], CommandType='Text', CommandTimeout='30']
2026-08-08T00:17:03.3613575+00:00 ContainerStream:       SELECT OBJECT_ID(N'[__EFMigrationsHistory]');
2026-08-08T00:17:03.3614088+00:00 ContainerStream: info: Microsoft.EntityFrameworkCore.Database.Command[20101]
2026-08-08T00:17:03.3614143+00:00 ContainerStream:       Executed DbCommand (87ms) [Parameters=[], CommandType='Text', CommandTimeout='30']
2026-08-08T00:17:03.3614187+00:00 ContainerStream:       SELECT OBJECT_ID(N'[__EFMigrationsHistory]');
2026-08-08T00:17:03.4025280+00:00 ContainerStream: info: Microsoft.EntityFrameworkCore.Database.Command[20101]
2026-08-08T00:17:03.4026180+00:00 ContainerStream:       Executed DbCommand (3ms) [Parameters=[], CommandType='Text', CommandTimeout='30']
2026-08-08T00:17:03.4026287+00:00 ContainerStream:       SELECT 1
2026-08-08T00:17:03.4088527+00:00 ContainerStream: info: Microsoft.EntityFrameworkCore.Database.Command[20101]
2026-08-08T00:17:03.4089130+00:00 ContainerStream:       Executed DbCommand (2ms) [Parameters=[], CommandType='Text', CommandTimeout='30']
2026-08-08T00:17:03.4089378+00:00 ContainerStream:       SELECT OBJECT_ID(N'[__EFMigrationsHistory]');
2026-08-08T00:17:03.4089716+00:00 ContainerStream: info: Microsoft.EntityFrameworkCore.Database.Command[20101]
2026-08-08T00:17:03.4089759+00:00 ContainerStream:       Executed DbCommand (16ms) [Parameters=[], CommandType='Text', CommandTimeout='30']
2026-08-08T00:17:03.4089803+00:00 ContainerStream:       SELECT [MigrationId], [ProductVersion]
2026-08-08T00:17:03.4089843+00:00 ContainerStream:       FROM [__EFMigrationsHistory]
2026-08-08T00:17:03.4089903+00:00 ContainerStream:       ORDER BY [MigrationId];
2026-08-08T00:17:03.4132997+00:00 ContainerStream: info: Microsoft.EntityFrameworkCore.Database.Command[20101]
2026-08-08T00:17:03.4133506+00:00 ContainerStream:       Executed DbCommand (4ms) [Parameters=[], CommandType='Text', CommandTimeout='30']
2026-08-08T00:17:03.4133596+00:00 ContainerStream:       SELECT 1
2026-08-08T00:17:03.4165658+00:00 ContainerStream: info: Microsoft.EntityFrameworkCore.Database.Command[20101]
2026-08-08T00:17:03.4166064+00:00 ContainerStream:       Executed DbCommand (3ms) [Parameters=[], CommandType='Text', CommandTimeout='30']
2026-08-08T00:17:03.4169467+00:00 ContainerStream:       SELECT OBJECT_ID(N'[__EFMigrationsHistory]');
2026-08-08T00:17:03.4244774+00:00 ContainerStream: info: Microsoft.EntityFrameworkCore.Database.Command[20101]
2026-08-08T00:17:03.4245429+00:00 ContainerStream:       Executed DbCommand (9ms) [Parameters=[], CommandType='Text', CommandTimeout='30']
2026-08-08T00:17:03.4245604+00:00 ContainerStream:       SELECT [MigrationId], [ProductVersion]
2026-08-08T00:17:03.4245653+00:00 ContainerStream:       FROM [__EFMigrationsHistory]
2026-08-08T00:17:03.4253907+00:00 ContainerStream:       ORDER BY [MigrationId];
2026-08-08T00:17:03.4254776+00:00 ContainerStream: info: Microsoft.EntityFrameworkCore.Database.Command[20101]
2026-08-08T00:17:03.4254923+00:00 ContainerStream:       Executed DbCommand (5ms) [Parameters=[], CommandType='Text', CommandTimeout='30']
2026-08-08T00:17:03.4254988+00:00 ContainerStream:       SELECT [MigrationId], [ProductVersion]
2026-08-08T00:17:03.4255031+00:00 ContainerStream:       FROM [__EFMigrationsHistory]
2026-08-08T00:17:03.4258946+00:00 ContainerStream:       ORDER BY [MigrationId];
2026-08-08T00:17:03.5016359+00:00 ContainerStream: info: Microsoft.EntityFrameworkCore.Database.Command[20101]
2026-08-08T00:17:03.5017576+00:00 ContainerStream:       Executed DbCommand (2ms) [Parameters=[], CommandType='Text', CommandTimeout='30']
2026-08-08T00:17:03.5017705+00:00 ContainerStream:       SELECT [MigrationId], [ProductVersion]
2026-08-08T00:17:03.5017749+00:00 ContainerStream:       FROM [__EFMigrationsHistory]
2026-08-08T00:17:03.5018913+00:00 ContainerStream:       ORDER BY [MigrationId];
2026-08-08T00:17:03.6529079+00:00 ContainerStream: info: Microsoft.EntityFrameworkCore.Database.Command[20101]
2026-08-08T00:17:03.6529959+00:00 ContainerStream:       Executed DbCommand (153ms) [Parameters=[], CommandType='Text', CommandTimeout='30']
2026-08-08T00:17:03.6530079+00:00 ContainerStream:       SELECT 1
2026-08-08T00:17:03.6564262+00:00 ContainerStream: info: Microsoft.EntityFrameworkCore.Database.Command[20101]
2026-08-08T00:17:03.6565791+00:00 ContainerStream:       Executed DbCommand (8ms) [Parameters=[], CommandType='Text', CommandTimeout='30']
2026-08-08T00:17:03.6565946+00:00 ContainerStream:       SELECT TOP(1) [b].[BankAccountNumber]
2026-08-08T00:17:03.6565988+00:00 ContainerStream:       FROM [Beneficiaries] AS [b]
2026-08-08T00:17:03.6566029+00:00 ContainerStream:       ORDER BY [b].[Id]
2026-08-08T00:17:03.6613213+00:00 ContainerStream: info: Microsoft.EntityFrameworkCore.Database.Command[20101]
2026-08-08T00:17:03.6615042+00:00 ContainerStream:       Executed DbCommand (13ms) [Parameters=[], CommandType='Text', CommandTimeout='30']
2026-08-08T00:17:03.6615219+00:00 ContainerStream:       SELECT TOP(1) [b].[BankAccountNumber]
2026-08-08T00:17:03.6615266+00:00 ContainerStream:       FROM [Beneficiaries] AS [b]
2026-08-08T00:17:03.6615304+00:00 ContainerStream:       ORDER BY [b].[Id]
2026-08-08T00:17:03.6999443+00:00 ContainerStream: info: Microsoft.EntityFrameworkCore.Database.Command[20101]
2026-08-08T00:17:03.7000438+00:00 ContainerStream:       Executed DbCommand (47ms) [Parameters=[], CommandType='Text', CommandTimeout='30']
2026-08-08T00:17:03.7000547+00:00 ContainerStream:       SELECT OBJECT_ID(N'[__EFMigrationsHistory]');
2026-08-08T00:17:03.7000944+00:00 ContainerStream: info: Microsoft.EntityFrameworkCore.Database.Command[20101]
2026-08-08T00:17:03.7000990+00:00 ContainerStream:       Executed DbCommand (52ms) [Parameters=[], CommandType='Text', CommandTimeout='30']
2026-08-08T00:17:03.7001058+00:00 ContainerStream:       SELECT TOP(1) [b].[BankAccountNumber]
2026-08-08T00:17:03.7001099+00:00 ContainerStream:       FROM [Beneficiaries] AS [b]
2026-08-08T00:17:03.7001142+00:00 ContainerStream:       ORDER BY [b].[Id]
2026-08-08T00:17:03.7090136+00:00 ContainerStream: info: Microsoft.EntityFrameworkCore.Database.Command[20101]
2026-08-08T00:17:03.7090901+00:00 ContainerStream:       Executed DbCommand (2ms) [Parameters=[], CommandType='Text', CommandTimeout='30']
2026-08-08T00:17:03.7091129+00:00 ContainerStream:       SELECT [MigrationId], [ProductVersion]
2026-08-08T00:17:03.7091185+00:00 ContainerStream:       FROM [__EFMigrationsHistory]
2026-08-08T00:17:03.7106007+00:00 ContainerStream:       ORDER BY [MigrationId];
2026-08-08T00:17:03.7121189+00:00 ContainerStream: info: Microsoft.EntityFrameworkCore.Database.Command[20101]
2026-08-08T00:17:03.7121809+00:00 ContainerStream:       Executed DbCommand (2ms) [Parameters=[], CommandType='Text', CommandTimeout='30']
2026-08-08T00:17:03.7121892+00:00 ContainerStream:       SELECT TOP(1) [b].[BankAccountNumber]
2026-08-08T00:17:03.7121933+00:00 ContainerStream:       FROM [Beneficiaries] AS [b]
2026-08-08T00:17:03.7121973+00:00 ContainerStream:       ORDER BY [b].[Id]
2026-08-08T00:17:03.7273653+00:00 ContainerStream: info: Microsoft.EntityFrameworkCore.Database.Command[20101]
2026-08-08T00:17:03.7274470+00:00 ContainerStream:       Executed DbCommand (2ms) [Parameters=[], CommandType='Text', CommandTimeout='30']
2026-08-08T00:17:03.7274580+00:00 ContainerStream:       SELECT TOP(1) [b].[BankAccountNumber]
2026-08-08T00:17:03.7274620+00:00 ContainerStream:       FROM [Beneficiaries] AS [b]
2026-08-08T00:17:03.7274655+00:00 ContainerStream:       ORDER BY [b].[Id]
2026-08-08T00:17:04.7710768+00:00 ContainerStream: info: Microsoft.EntityFrameworkCore.Database.Command[20101]
2026-08-08T00:17:04.7711660+00:00 ContainerStream:       Executed DbCommand (3ms) [Parameters=[], CommandType='Text', CommandTimeout='30']
2026-08-08T00:17:04.7711751+00:00 ContainerStream:       SELECT 1
2026-08-08T00:17:04.7731522+00:00 ContainerStream: info: Microsoft.EntityFrameworkCore.Database.Command[20101]
2026-08-08T00:17:04.7732022+00:00 ContainerStream:       Executed DbCommand (2ms) [Parameters=[], CommandType='Text', CommandTimeout='30']
2026-08-08T00:17:04.7732162+00:00 ContainerStream:       SELECT OBJECT_ID(N'[__EFMigrationsHistory]');
2026-08-08T00:17:04.7840617+00:00 ContainerStream: info: Microsoft.EntityFrameworkCore.Database.Command[20101]
2026-08-08T00:17:04.7841188+00:00 ContainerStream:       Executed DbCommand (2ms) [Parameters=[], CommandType='Text', CommandTimeout='30']
2026-08-08T00:17:04.7841280+00:00 ContainerStream:       SELECT [MigrationId], [ProductVersion]
2026-08-08T00:17:04.7841386+00:00 ContainerStream:       FROM [__EFMigrationsHistory]
2026-08-08T00:17:04.7841424+00:00 ContainerStream:       ORDER BY [MigrationId];
2026-08-08T00:17:04.7841462+00:00 ContainerStream: info: Microsoft.EntityFrameworkCore.Database.Command[20101]
2026-08-08T00:17:04.7841500+00:00 ContainerStream:       Executed DbCommand (2ms) [Parameters=[], CommandType='Text', CommandTimeout='30']
2026-08-08T00:17:04.7841540+00:00 ContainerStream:       SELECT TOP(1) [b].[BankAccountNumber]
2026-08-08T00:17:04.7841597+00:00 ContainerStream:       FROM [Beneficiaries] AS [b]
2026-08-08T00:17:04.7841656+00:00 ContainerStream:       ORDER BY [b].[Id]
2026-08-08T00:17:05.9078632+00:00 ContainerStream: info: Microsoft.EntityFrameworkCore.Database.Command[20101]
2026-08-08T00:17:05.9079430+00:00 ContainerStream:       Executed DbCommand (4ms) [Parameters=[], CommandType='Text', CommandTimeout='30']
2026-08-08T00:17:05.9079531+00:00 ContainerStream:       SELECT 1
2026-08-08T00:17:05.9111215+00:00 ContainerStream: info: Microsoft.EntityFrameworkCore.Database.Command[20101]
2026-08-08T00:17:05.9111716+00:00 ContainerStream:       Executed DbCommand (2ms) [Parameters=[], CommandType='Text', CommandTimeout='30']
2026-08-08T00:17:05.9111796+00:00 ContainerStream:       SELECT OBJECT_ID(N'[__EFMigrationsHistory]');
2026-08-08T00:17:05.9184047+00:00 ContainerStream: info: Microsoft.EntityFrameworkCore.Database.Command[20101]
2026-08-08T00:17:05.9184489+00:00 ContainerStream:       Executed DbCommand (2ms) [Parameters=[], CommandType='Text', CommandTimeout='30']
2026-08-08T00:17:05.9184562+00:00 ContainerStream:       SELECT [MigrationId], [ProductVersion]
2026-08-08T00:17:05.9184601+00:00 ContainerStream:       FROM [__EFMigrationsHistory]
2026-08-08T00:17:05.9184638+00:00 ContainerStream:       ORDER BY [MigrationId];
2026-08-08T00:17:05.9212741+00:00 ContainerStream: info: Microsoft.EntityFrameworkCore.Database.Command[20101]
2026-08-08T00:17:05.9213054+00:00 ContainerStream:       Executed DbCommand (2ms) [Parameters=[], CommandType='Text', CommandTimeout='30']
2026-08-08T00:17:05.9213127+00:00 ContainerStream:       SELECT TOP(1) [b].[BankAccountNumber]
2026-08-08T00:17:05.9213166+00:00 ContainerStream:       FROM [Beneficiaries] AS [b]
2026-08-08T00:17:05.9213600+00:00 ContainerStream:       ORDER BY [b].[Id]
2026-08-08T00:17:38.6239136+00:00 ContainerStream: info: Microsoft.EntityFrameworkCore.Database.Command[20101]
2026-08-08T00:17:38.6240184+00:00 ContainerStream:       Executed DbCommand (3ms) [Parameters=[], CommandType='Text', CommandTimeout='30']
2026-08-08T00:17:38.6240312+00:00 ContainerStream:       SELECT 1
2026-08-08T00:17:38.6279597+00:00 ContainerStream: info: Microsoft.EntityFrameworkCore.Database.Command[20101]
2026-08-08T00:17:38.6280146+00:00 ContainerStream:       Executed DbCommand (4ms) [Parameters=[], CommandType='Text', CommandTimeout='30']
2026-08-08T00:17:38.6280308+00:00 ContainerStream:       SELECT OBJECT_ID(N'[__EFMigrationsHistory]');
2026-08-08T00:17:38.6343389+00:00 ContainerStream: info: Microsoft.EntityFrameworkCore.Database.Command[20101]
2026-08-08T00:17:38.6343936+00:00 ContainerStream:       Executed DbCommand (2ms) [Parameters=[], CommandType='Text', CommandTimeout='30']
2026-08-08T00:17:38.6344043+00:00 ContainerStream:       SELECT [MigrationId], [ProductVersion]
2026-08-08T00:17:38.6344147+00:00 ContainerStream:       FROM [__EFMigrationsHistory]
2026-08-08T00:17:38.6344195+00:00 ContainerStream:       ORDER BY [MigrationId];
2026-08-08T00:17:38.6382917+00:00 ContainerStream: info: Microsoft.EntityFrameworkCore.Database.Command[20101]
2026-08-08T00:17:38.6383320+00:00 ContainerStream:       Executed DbCommand (2ms) [Parameters=[], CommandType='Text', CommandTimeout='30']
2026-08-08T00:17:38.6383411+00:00 ContainerStream:       SELECT TOP(1) [b].[BankAccountNumber]
2026-08-08T00:17:38.6383491+00:00 ContainerStream:       FROM [Beneficiaries] AS [b]
2026-08-08T00:17:38.6383526+00:00 ContainerStream:       ORDER BY [b].[Id]
2026-08-08T00:17:40.4489009+00:00 ContainerStream: info: Microsoft.EntityFrameworkCore.Database.Command[20101]
2026-08-08T00:17:40.4489770+00:00 ContainerStream:       Executed DbCommand (5ms) [Parameters=[], CommandType='Text', CommandTimeout='30']
2026-08-08T00:17:40.4489996+00:00 ContainerStream:       SELECT 1
2026-08-08T00:17:40.4528177+00:00 ContainerStream: info: Microsoft.EntityFrameworkCore.Database.Command[20101]
2026-08-08T00:17:40.4528730+00:00 ContainerStream:       Executed DbCommand (4ms) [Parameters=[], CommandType='Text', CommandTimeout='30']
2026-08-08T00:17:40.4528827+00:00 ContainerStream:       SELECT OBJECT_ID(N'[__EFMigrationsHistory]');
2026-08-08T00:17:40.4601236+00:00 ContainerStream: info: Microsoft.EntityFrameworkCore.Database.Command[20101]
2026-08-08T00:17:40.4601699+00:00 ContainerStream:       Executed DbCommand (2ms) [Parameters=[], CommandType='Text', CommandTimeout='30']
2026-08-08T00:17:40.4601790+00:00 ContainerStream:       SELECT [MigrationId], [ProductVersion]
2026-08-08T00:17:40.4601845+00:00 ContainerStream:       FROM [__EFMigrationsHistory]
2026-08-08T00:17:40.4601891+00:00 ContainerStream:       ORDER BY [MigrationId];
2026-08-08T00:17:40.4647841+00:00 ContainerStream: info: Microsoft.EntityFrameworkCore.Database.Command[20101]
2026-08-08T00:17:40.4648340+00:00 ContainerStream:       Executed DbCommand (3ms) [Parameters=[], CommandType='Text', CommandTimeout='30']
2026-08-08T00:17:40.4648425+00:00 ContainerStream:       SELECT TOP(1) [b].[BankAccountNumber]
2026-08-08T00:17:40.4648469+00:00 ContainerStream:       FROM [Beneficiaries] AS [b]
2026-08-08T00:17:40.4648510+00:00 ContainerStream:       ORDER BY [b].[Id]
2026-08-08T00:17:41.2354568+00:00 ContainerStream: info: Microsoft.EntityFrameworkCore.Database.Command[20101]
2026-08-08T00:17:41.2355358+00:00 ContainerStream:       Executed DbCommand (5ms) [Parameters=[], CommandType='Text', CommandTimeout='30']
2026-08-08T00:17:41.2355467+00:00 ContainerStream:       SELECT 1
2026-08-08T00:17:41.2430248+00:00 ContainerStream: info: Microsoft.EntityFrameworkCore.Database.Command[20101]
2026-08-08T00:17:41.2430990+00:00 ContainerStream:       Executed DbCommand (3ms) [Parameters=[], CommandType='Text', CommandTimeout='30']
2026-08-08T00:17:41.2431101+00:00 ContainerStream:       SELECT OBJECT_ID(N'[__EFMigrationsHistory]');
2026-08-08T00:17:41.2472597+00:00 ContainerStream: info: Microsoft.EntityFrameworkCore.Database.Command[20101]
2026-08-08T00:17:41.2473080+00:00 ContainerStream:       Executed DbCommand (2ms) [Parameters=[], CommandType='Text', CommandTimeout='30']
2026-08-08T00:17:41.2473224+00:00 ContainerStream:       SELECT [MigrationId], [ProductVersion]
2026-08-08T00:17:41.2473266+00:00 ContainerStream:       FROM [__EFMigrationsHistory]
2026-08-08T00:17:41.2473305+00:00 ContainerStream:       ORDER BY [MigrationId];
2026-08-08T00:17:41.2548179+00:00 ContainerStream: info: Microsoft.EntityFrameworkCore.Database.Command[20101]
2026-08-08T00:17:41.2548663+00:00 ContainerStream:       Executed DbCommand (5ms) [Parameters=[], CommandType='Text', CommandTimeout='30']
2026-08-08T00:17:41.2548803+00:00 ContainerStream:       SELECT TOP(1) [b].[BankAccountNumber]
2026-08-08T00:17:41.2548850+00:00 ContainerStream:       FROM [Beneficiaries] AS [b]
2026-08-08T00:17:41.2548888+00:00 ContainerStream:       ORDER BY [b].[Id]
2026-08-08T00:17:41.4459208+00:00 ContainerStream: info: Microsoft.EntityFrameworkCore.Database.Command[20101]
2026-08-08T00:17:41.4460134+00:00 ContainerStream:       Executed DbCommand (4ms) [Parameters=[], CommandType='Text', CommandTimeout='30']
2026-08-08T00:17:41.4460241+00:00 ContainerStream:       SELECT 1
2026-08-08T00:17:41.4546549+00:00 ContainerStream: info: Microsoft.EntityFrameworkCore.Database.Command[20101]
2026-08-08T00:17:41.4547435+00:00 ContainerStream:       Executed DbCommand (5ms) [Parameters=[], CommandType='Text', CommandTimeout='30']
2026-08-08T00:17:41.4547543+00:00 ContainerStream:       SELECT OBJECT_ID(N'[__EFMigrationsHistory]');
2026-08-08T00:17:41.4568004+00:00 ContainerStream: info: Microsoft.EntityFrameworkCore.Database.Command[20101]
2026-08-08T00:17:41.4568690+00:00 ContainerStream:       Executed DbCommand (2ms) [Parameters=[], CommandType='Text', CommandTimeout='30']
2026-08-08T00:17:41.4568785+00:00 ContainerStream:       SELECT [MigrationId], [ProductVersion]
2026-08-08T00:17:41.4568823+00:00 ContainerStream:       FROM [__EFMigrationsHistory]
2026-08-08T00:17:41.4568935+00:00 ContainerStream:       ORDER BY [MigrationId];
2026-08-08T00:17:41.4598086+00:00 ContainerStream: info: Microsoft.EntityFrameworkCore.Database.Command[20101]
2026-08-08T00:17:41.4598503+00:00 ContainerStream:       Executed DbCommand (2ms) [Parameters=[], CommandType='Text', CommandTimeout='30']
2026-08-08T00:17:41.4598575+00:00 ContainerStream:       SELECT TOP(1) [b].[BankAccountNumber]
2026-08-08T00:17:41.4598614+00:00 ContainerStream:       FROM [Beneficiaries] AS [b]
2026-08-08T00:17:41.4598708+00:00 ContainerStream:       ORDER BY [b].[Id]
2026-08-08T00:17:45.5131840+00:00 ContainerStream: info: Microsoft.EntityFrameworkCore.Database.Command[20101]
2026-08-08T00:17:45.5132660+00:00 ContainerStream:       Executed DbCommand (3ms) [Parameters=[], CommandType='Text', CommandTimeout='30']
2026-08-08T00:17:45.5132771+00:00 ContainerStream:       SELECT 1
2026-08-08T00:17:45.5157118+00:00 ContainerStream: info: Microsoft.EntityFrameworkCore.Database.Command[20101]
2026-08-08T00:17:45.5157689+00:00 ContainerStream:       Executed DbCommand (3ms) [Parameters=[], CommandType='Text', CommandTimeout='30']
2026-08-08T00:17:45.5157769+00:00 ContainerStream:       SELECT OBJECT_ID(N'[__EFMigrationsHistory]');
2026-08-08T00:17:45.5209191+00:00 ContainerStream: info: Microsoft.EntityFrameworkCore.Database.Command[20101]
2026-08-08T00:17:45.5209623+00:00 ContainerStream:       Executed DbCommand (3ms) [Parameters=[], CommandType='Text', CommandTimeout='30']
2026-08-08T00:17:45.5209747+00:00 ContainerStream:       SELECT [MigrationId], [ProductVersion]
2026-08-08T00:17:45.5209789+00:00 ContainerStream:       FROM [__EFMigrationsHistory]
2026-08-08T00:17:45.5214923+00:00 ContainerStream:       ORDER BY [MigrationId];
2026-08-08T00:17:45.5237572+00:00 ContainerStream: info: Microsoft.EntityFrameworkCore.Database.Command[20101]
2026-08-08T00:17:45.5237925+00:00 ContainerStream:       Executed DbCommand (2ms) [Parameters=[], CommandType='Text', CommandTimeout='30']
2026-08-08T00:17:45.5237993+00:00 ContainerStream:       SELECT TOP(1) [b].[BankAccountNumber]
2026-08-08T00:17:45.5238030+00:00 ContainerStream:       FROM [Beneficiaries] AS [b]
2026-08-08T00:17:45.5238064+00:00 ContainerStream:       ORDER BY [b].[Id]
2026-08-08T00:17:45.7163573+00:00 ContainerStream: info: Microsoft.EntityFrameworkCore.Database.Command[20101]
2026-08-08T00:17:45.7164521+00:00 ContainerStream:       Executed DbCommand (7ms) [Parameters=[], CommandType='Text', CommandTimeout='30']
2026-08-08T00:17:45.7164625+00:00 ContainerStream:       SELECT 1
2026-08-08T00:17:45.7202868+00:00 ContainerStream: info: Microsoft.EntityFrameworkCore.Database.Command[20101]
2026-08-08T00:17:45.7203497+00:00 ContainerStream:       Executed DbCommand (3ms) [Parameters=[], CommandType='Text', CommandTimeout='30']
2026-08-08T00:17:45.7203638+00:00 ContainerStream:       SELECT OBJECT_ID(N'[__EFMigrationsHistory]');
2026-08-08T00:17:45.7268305+00:00 ContainerStream: info: Microsoft.EntityFrameworkCore.Database.Command[20101]
2026-08-08T00:17:45.7269008+00:00 ContainerStream:       Executed DbCommand (4ms) [Parameters=[], CommandType='Text', CommandTimeout='30']
2026-08-08T00:17:45.7269100+00:00 ContainerStream:       SELECT [MigrationId], [ProductVersion]
2026-08-08T00:17:45.7269142+00:00 ContainerStream:       FROM [__EFMigrationsHistory]
2026-08-08T00:17:45.7269730+00:00 ContainerStream:       ORDER BY [MigrationId];
2026-08-08T00:17:45.7313439+00:00 ContainerStream: info: Microsoft.EntityFrameworkCore.Database.Command[20101]
2026-08-08T00:17:45.7313955+00:00 ContainerStream:       Executed DbCommand (3ms) [Parameters=[], CommandType='Text', CommandTimeout='30']
2026-08-08T00:17:45.7314035+00:00 ContainerStream:       SELECT TOP(1) [b].[BankAccountNumber]
2026-08-08T00:17:45.7314135+00:00 ContainerStream:       FROM [Beneficiaries] AS [b]
2026-08-08T00:17:45.7314174+00:00 ContainerStream:       ORDER BY [b].[Id]
2026-08-08T00:17:46.4415556+00:00 ContainerStream: info: Microsoft.EntityFrameworkCore.Database.Command[20101]
2026-08-08T00:17:46.4416280+00:00 ContainerStream:       Executed DbCommand (3ms) [Parameters=[], CommandType='Text', CommandTimeout='30']
2026-08-08T00:17:46.4416395+00:00 ContainerStream:       SELECT 1
2026-08-08T00:17:46.4438167+00:00 ContainerStream: info: Microsoft.EntityFrameworkCore.Database.Command[20101]
2026-08-08T00:17:46.4438715+00:00 ContainerStream:       Executed DbCommand (2ms) [Parameters=[], CommandType='Text', CommandTimeout='30']
2026-08-08T00:17:46.4438803+00:00 ContainerStream:       SELECT OBJECT_ID(N'[__EFMigrationsHistory]');
2026-08-08T00:17:46.4481973+00:00 ContainerStream: info: Microsoft.EntityFrameworkCore.Database.Command[20101]
2026-08-08T00:17:46.4482484+00:00 ContainerStream:       Executed DbCommand (2ms) [Parameters=[], CommandType='Text', CommandTimeout='30']
2026-08-08T00:17:46.4482567+00:00 ContainerStream:       SELECT [MigrationId], [ProductVersion]
2026-08-08T00:17:46.4482613+00:00 ContainerStream:       FROM [__EFMigrationsHistory]
2026-08-08T00:17:46.4482653+00:00 ContainerStream:       ORDER BY [MigrationId];
2026-08-08T00:17:46.4512877+00:00 ContainerStream: info: Microsoft.EntityFrameworkCore.Database.Command[20101]
2026-08-08T00:17:46.4513299+00:00 ContainerStream:       Executed DbCommand (2ms) [Parameters=[], CommandType='Text', CommandTimeout='30']
2026-08-08T00:17:46.4513367+00:00 ContainerStream:       SELECT TOP(1) [b].[BankAccountNumber]
2026-08-08T00:17:46.4513404+00:00 ContainerStream:       FROM [Beneficiaries] AS [b]
2026-08-08T00:17:46.4513438+00:00 ContainerStream:       ORDER BY [b].[Id]
2026-08-08T00:17:47.1579976+00:00 ContainerStream: info: Microsoft.EntityFrameworkCore.Database.Command[20101]
2026-08-08T00:17:47.1580664+00:00 ContainerStream:       Executed DbCommand (3ms) [Parameters=[], CommandType='Text', CommandTimeout='30']
2026-08-08T00:17:47.1580767+00:00 ContainerStream:       SELECT 1
2026-08-08T00:17:47.1612312+00:00 ContainerStream: info: Microsoft.EntityFrameworkCore.Database.Command[20101]
2026-08-08T00:17:47.1612668+00:00 ContainerStream:       Executed DbCommand (2ms) [Parameters=[], CommandType='Text', CommandTimeout='30']
2026-08-08T00:17:47.1612796+00:00 ContainerStream:       SELECT OBJECT_ID(N'[__EFMigrationsHistory]');
2026-08-08T00:17:47.1715260+00:00 ContainerStream: info: Microsoft.EntityFrameworkCore.Database.Command[20101]
2026-08-08T00:17:47.1715659+00:00 ContainerStream:       Executed DbCommand (2ms) [Parameters=[], CommandType='Text', CommandTimeout='30']
2026-08-08T00:17:47.1715742+00:00 ContainerStream:       SELECT [MigrationId], [ProductVersion]
2026-08-08T00:17:47.1715838+00:00 ContainerStream:       FROM [__EFMigrationsHistory]
2026-08-08T00:17:47.1715885+00:00 ContainerStream:       ORDER BY [MigrationId];
2026-08-08T00:17:47.1744343+00:00 ContainerStream: info: Microsoft.EntityFrameworkCore.Database.Command[20101]
2026-08-08T00:17:47.1744643+00:00 ContainerStream:       Executed DbCommand (2ms) [Parameters=[], CommandType='Text', CommandTimeout='30']
2026-08-08T00:17:47.1744725+00:00 ContainerStream:       SELECT TOP(1) [b].[BankAccountNumber]
2026-08-08T00:17:47.1744823+00:00 ContainerStream:       FROM [Beneficiaries] AS [b]
2026-08-08T00:17:47.1744870+00:00 ContainerStream:       ORDER BY [b].[Id]
2026-08-08T00:17:47.9195707+00:00 ContainerStream: info: Microsoft.EntityFrameworkCore.Database.Command[20101]
2026-08-08T00:17:47.9196537+00:00 ContainerStream:       Executed DbCommand (3ms) [Parameters=[], CommandType='Text', CommandTimeout='30']
2026-08-08T00:17:47.9196781+00:00 ContainerStream:       SELECT 1
2026-08-08T00:17:47.9288630+00:00 ContainerStream: info: Microsoft.EntityFrameworkCore.Database.Command[20101]
2026-08-08T00:17:47.9289515+00:00 ContainerStream:       Executed DbCommand (7ms) [Parameters=[], CommandType='Text', CommandTimeout='30']
2026-08-08T00:17:47.9289643+00:00 ContainerStream:       SELECT OBJECT_ID(N'[__EFMigrationsHistory]');
2026-08-08T00:17:47.9351588+00:00 ContainerStream: info: Microsoft.EntityFrameworkCore.Database.Command[20101]
2026-08-08T00:17:47.9352177+00:00 ContainerStream:       Executed DbCommand (2ms) [Parameters=[], CommandType='Text', CommandTimeout='30']
2026-08-08T00:17:47.9352293+00:00 ContainerStream:       SELECT [MigrationId], [ProductVersion]
2026-08-08T00:17:47.9352344+00:00 ContainerStream:       FROM [__EFMigrationsHistory]
2026-08-08T00:17:47.9359537+00:00 ContainerStream:       ORDER BY [MigrationId];
2026-08-08T00:17:47.9396630+00:00 ContainerStream: info: Microsoft.EntityFrameworkCore.Database.Command[20101]
2026-08-08T00:17:47.9396952+00:00 ContainerStream:       Executed DbCommand (2ms) [Parameters=[], CommandType='Text', CommandTimeout='30']
2026-08-08T00:17:47.9397050+00:00 ContainerStream:       SELECT TOP(1) [b].[BankAccountNumber]
2026-08-08T00:17:47.9397095+00:00 ContainerStream:       FROM [Beneficiaries] AS [b]
2026-08-08T00:17:47.9397175+00:00 ContainerStream:       ORDER BY [b].[Id]
2026-08-08T00:17:48.2662301+00:00 ContainerStream: info: Microsoft.EntityFrameworkCore.Database.Command[20101]
2026-08-08T00:17:48.2664561+00:00 ContainerStream:       Executed DbCommand (3ms) [Parameters=[], CommandType='Text', CommandTimeout='30']
2026-08-08T00:17:48.2664771+00:00 ContainerStream:       SELECT 1
2026-08-08T00:17:48.2682630+00:00 ContainerStream: info: Microsoft.EntityFrameworkCore.Database.Command[20101]
2026-08-08T00:17:48.2683102+00:00 ContainerStream:       Executed DbCommand (2ms) [Parameters=[], CommandType='Text', CommandTimeout='30']
2026-08-08T00:17:48.2683181+00:00 ContainerStream:       SELECT OBJECT_ID(N'[__EFMigrationsHistory]');
2026-08-08T00:17:48.2723574+00:00 ContainerStream: info: Microsoft.EntityFrameworkCore.Database.Command[20101]
2026-08-08T00:17:48.2723905+00:00 ContainerStream:       Executed DbCommand (2ms) [Parameters=[], CommandType='Text', CommandTimeout='30']
2026-08-08T00:17:48.2723977+00:00 ContainerStream:       SELECT [MigrationId], [ProductVersion]
2026-08-08T00:17:48.2724023+00:00 ContainerStream:       FROM [__EFMigrationsHistory]
2026-08-08T00:17:48.2729182+00:00 ContainerStream:       ORDER BY [MigrationId];
2026-08-08T00:17:48.2750982+00:00 ContainerStream: info: Microsoft.EntityFrameworkCore.Database.Command[20101]
2026-08-08T00:17:48.2751287+00:00 ContainerStream:       Executed DbCommand (2ms) [Parameters=[], CommandType='Text', CommandTimeout='30']
2026-08-08T00:17:48.2751353+00:00 ContainerStream:       SELECT TOP(1) [b].[BankAccountNumber]
2026-08-08T00:17:48.2751391+00:00 ContainerStream:       FROM [Beneficiaries] AS [b]
2026-08-08T00:17:48.2751471+00:00 ContainerStream:       ORDER BY [b].[Id]
2026-08-08T00:17:52.8938062+00:00 ContainerStream: info: Microsoft.EntityFrameworkCore.Database.Command[20101]
2026-08-08T00:17:52.8938788+00:00 ContainerStream:       Executed DbCommand (3ms) [Parameters=[], CommandType='Text', CommandTimeout='30']
2026-08-08T00:17:52.8938917+00:00 ContainerStream:       SELECT 1
2026-08-08T00:17:52.8961939+00:00 ContainerStream: info: Microsoft.EntityFrameworkCore.Database.Command[20101]
2026-08-08T00:17:52.8962615+00:00 ContainerStream:       Executed DbCommand (2ms) [Parameters=[], CommandType='Text', CommandTimeout='30']
2026-08-08T00:17:52.8962708+00:00 ContainerStream:       SELECT OBJECT_ID(N'[__EFMigrationsHistory]');
2026-08-08T00:17:52.9006895+00:00 ContainerStream: info: Microsoft.EntityFrameworkCore.Database.Command[20101]
2026-08-08T00:17:52.9007248+00:00 ContainerStream:       Executed DbCommand (2ms) [Parameters=[], CommandType='Text', CommandTimeout='30']
2026-08-08T00:17:52.9007370+00:00 ContainerStream:       SELECT [MigrationId], [ProductVersion]
2026-08-08T00:17:52.9007411+00:00 ContainerStream:       FROM [__EFMigrationsHistory]
2026-08-08T00:17:52.9007449+00:00 ContainerStream:       ORDER BY [MigrationId];
2026-08-08T00:17:52.9048188+00:00 ContainerStream: info: Microsoft.EntityFrameworkCore.Database.Command[20101]
2026-08-08T00:17:52.9048807+00:00 ContainerStream:       Executed DbCommand (2ms) [Parameters=[], CommandType='Text', CommandTimeout='30']
2026-08-08T00:17:52.9048929+00:00 ContainerStream:       SELECT TOP(1) [b].[BankAccountNumber]
2026-08-08T00:17:52.9048970+00:00 ContainerStream:       FROM [Beneficiaries] AS [b]
2026-08-08T00:17:52.9049007+00:00 ContainerStream:       ORDER BY [b].[Id]
2026-08-08T00:17:59.7327786+00:00 ContainerStream: info: Microsoft.EntityFrameworkCore.Database.Command[20101]
2026-08-08T00:17:59.7328580+00:00 ContainerStream:       Executed DbCommand (3ms) [Parameters=[], CommandType='Text', CommandTimeout='30']
2026-08-08T00:17:59.7328689+00:00 ContainerStream:       SELECT 1
2026-08-08T00:17:59.7373248+00:00 ContainerStream: info: Microsoft.EntityFrameworkCore.Database.Command[20101]
2026-08-08T00:17:59.7373750+00:00 ContainerStream:       Executed DbCommand (2ms) [Parameters=[], CommandType='Text', CommandTimeout='30']
2026-08-08T00:17:59.7373845+00:00 ContainerStream:       SELECT OBJECT_ID(N'[__EFMigrationsHistory]');
2026-08-08T00:17:59.7392991+00:00 ContainerStream: info: Microsoft.EntityFrameworkCore.Database.Command[20101]
2026-08-08T00:17:59.7393400+00:00 ContainerStream:       Executed DbCommand (2ms) [Parameters=[], CommandType='Text', CommandTimeout='30']
2026-08-08T00:17:59.7393475+00:00 ContainerStream:       SELECT [MigrationId], [ProductVersion]
2026-08-08T00:17:59.7393521+00:00 ContainerStream:       FROM [__EFMigrationsHistory]
2026-08-08T00:17:59.7393619+00:00 ContainerStream:       ORDER BY [MigrationId];
2026-08-08T00:17:59.7418516+00:00 ContainerStream: info: Microsoft.EntityFrameworkCore.Database.Command[20101]
2026-08-08T00:17:59.7418880+00:00 ContainerStream:       Executed DbCommand (2ms) [Parameters=[], CommandType='Text', CommandTimeout='30']
2026-08-08T00:17:59.7418951+00:00 ContainerStream:       SELECT TOP(1) [b].[BankAccountNumber]
2026-08-08T00:17:59.7418996+00:00 ContainerStream:       FROM [Beneficiaries] AS [b]
2026-08-08T00:17:59.7419081+00:00 ContainerStream:       ORDER BY [b].[Id]
2026-08-08T00:18:00.8265241+00:00 ContainerStream: info: Microsoft.EntityFrameworkCore.Database.Command[20101]
2026-08-08T00:18:00.8266228+00:00 ContainerStream:       Executed DbCommand (3ms) [Parameters=[], CommandType='Text', CommandTimeout='30']
2026-08-08T00:18:00.8266337+00:00 ContainerStream:       SELECT 1
2026-08-08T00:18:00.8291903+00:00 ContainerStream: info: Microsoft.EntityFrameworkCore.Database.Command[20101]
2026-08-08T00:18:00.8292593+00:00 ContainerStream:       Executed DbCommand (2ms) [Parameters=[], CommandType='Text', CommandTimeout='30']
2026-08-08T00:18:00.8292678+00:00 ContainerStream:       SELECT OBJECT_ID(N'[__EFMigrationsHistory]');
2026-08-08T00:18:00.8369772+00:00 ContainerStream: info: Microsoft.EntityFrameworkCore.Database.Command[20101]
2026-08-08T00:18:00.8370346+00:00 ContainerStream:       Executed DbCommand (4ms) [Parameters=[], CommandType='Text', CommandTimeout='30']
2026-08-08T00:18:00.8370493+00:00 ContainerStream:       SELECT [MigrationId], [ProductVersion]
2026-08-08T00:18:00.8370537+00:00 ContainerStream:       FROM [__EFMigrationsHistory]
2026-08-08T00:18:00.8370577+00:00 ContainerStream:       ORDER BY [MigrationId];
2026-08-08T00:18:00.8410643+00:00 ContainerStream: info: Microsoft.EntityFrameworkCore.Database.Command[20101]
2026-08-08T00:18:00.8411084+00:00 ContainerStream:       Executed DbCommand (4ms) [Parameters=[], CommandType='Text', CommandTimeout='30']
2026-08-08T00:18:00.8411240+00:00 ContainerStream:       SELECT TOP(1) [b].[BankAccountNumber]
2026-08-08T00:18:00.8411286+00:00 ContainerStream:       FROM [Beneficiaries] AS [b]
2026-08-08T00:18:00.8411332+00:00 ContainerStream:       ORDER BY [b].[Id]
2026-08-08T00:18:12.8113135+00:00 ContainerStream: info: Microsoft.EntityFrameworkCore.Database.Command[20101]
2026-08-08T00:18:12.8113894+00:00 ContainerStream:       Executed DbCommand (3ms) [Parameters=[], CommandType='Text', CommandTimeout='30']
2026-08-08T00:18:12.8114014+00:00 ContainerStream:       SELECT 1
2026-08-08T00:18:12.8133306+00:00 ContainerStream: info: Microsoft.EntityFrameworkCore.Database.Command[20101]
2026-08-08T00:18:12.8134016+00:00 ContainerStream:       Executed DbCommand (2ms) [Parameters=[], CommandType='Text', CommandTimeout='30']
2026-08-08T00:18:12.8134104+00:00 ContainerStream:       SELECT OBJECT_ID(N'[__EFMigrationsHistory]');
2026-08-08T00:18:12.8180972+00:00 ContainerStream: info: Microsoft.EntityFrameworkCore.Database.Command[20101]
2026-08-08T00:18:12.8181372+00:00 ContainerStream:       Executed DbCommand (2ms) [Parameters=[], CommandType='Text', CommandTimeout='30']
2026-08-08T00:18:12.8182369+00:00 ContainerStream:       SELECT [MigrationId], [ProductVersion]
2026-08-08T00:18:12.8182421+00:00 ContainerStream:       FROM [__EFMigrationsHistory]
2026-08-08T00:18:12.8183175+00:00 ContainerStream:       ORDER BY [MigrationId];
2026-08-08T00:18:12.8203236+00:00 ContainerStream: info: Microsoft.EntityFrameworkCore.Database.Command[20101]
2026-08-08T00:18:12.8203600+00:00 ContainerStream:       Executed DbCommand (2ms) [Parameters=[], CommandType='Text', CommandTimeout='30']
2026-08-08T00:18:12.8203668+00:00 ContainerStream:       SELECT TOP(1) [b].[BankAccountNumber]
2026-08-08T00:18:12.8203704+00:00 ContainerStream:       FROM [Beneficiaries] AS [b]
2026-08-08T00:18:12.8203740+00:00 ContainerStream:       ORDER BY [b].[Id]
2026-08-08T00:18:14.6238729+00:00 ContainerStream: info: Microsoft.EntityFrameworkCore.Database.Command[20101]
2026-08-08T00:18:14.6239676+00:00 ContainerStream:       Executed DbCommand (3ms) [Parameters=[], CommandType='Text', CommandTimeout='30']
2026-08-08T00:18:14.6239775+00:00 ContainerStream:       SELECT 1
2026-08-08T00:18:14.6283245+00:00 ContainerStream: info: Microsoft.EntityFrameworkCore.Database.Command[20101]
2026-08-08T00:18:14.6284138+00:00 ContainerStream:       Executed DbCommand (2ms) [Parameters=[], CommandType='Text', CommandTimeout='30']
2026-08-08T00:18:14.6284301+00:00 ContainerStream:       SELECT OBJECT_ID(N'[__EFMigrationsHistory]');
2026-08-08T00:18:14.6300175+00:00 ContainerStream: info: Microsoft.EntityFrameworkCore.Database.Command[20101]
2026-08-08T00:18:14.6300846+00:00 ContainerStream:       Executed DbCommand (2ms) [Parameters=[], CommandType='Text', CommandTimeout='30']
2026-08-08T00:18:14.6300919+00:00 ContainerStream:       SELECT [MigrationId], [ProductVersion]
2026-08-08T00:18:14.6300957+00:00 ContainerStream:       FROM [__EFMigrationsHistory]
2026-08-08T00:18:14.6301667+00:00 ContainerStream:       ORDER BY [MigrationId];
2026-08-08T00:18:14.6333060+00:00 ContainerStream: info: Microsoft.EntityFrameworkCore.Database.Command[20101]
2026-08-08T00:18:14.6333486+00:00 ContainerStream:       Executed DbCommand (2ms) [Parameters=[], CommandType='Text', CommandTimeout='30']
2026-08-08T00:18:14.6333565+00:00 ContainerStream:       SELECT TOP(1) [b].[BankAccountNumber]
2026-08-08T00:18:14.6333650+00:00 ContainerStream:       FROM [Beneficiaries] AS [b]
2026-08-08T00:18:14.6333690+00:00 ContainerStream:       ORDER BY [b].[Id]
2026-08-08T00:18:15.0466467+00:00 ContainerStream: info: Microsoft.EntityFrameworkCore.Database.Command[20101]
2026-08-08T00:18:15.0467351+00:00 ContainerStream:       Executed DbCommand (3ms) [Parameters=[], CommandType='Text', CommandTimeout='30']
2026-08-08T00:18:15.0467459+00:00 ContainerStream:       SELECT 1
2026-08-08T00:18:15.0488220+00:00 ContainerStream: info: Microsoft.EntityFrameworkCore.Database.Command[20101]
2026-08-08T00:18:15.0489347+00:00 ContainerStream:       Executed DbCommand (2ms) [Parameters=[], CommandType='Text', CommandTimeout='30']
2026-08-08T00:18:15.0489449+00:00 ContainerStream:       SELECT OBJECT_ID(N'[__EFMigrationsHistory]');
2026-08-08T00:18:15.0579667+00:00 ContainerStream: info: Microsoft.EntityFrameworkCore.Database.Command[20101]
2026-08-08T00:18:15.0580237+00:00 ContainerStream:       Executed DbCommand (3ms) [Parameters=[], CommandType='Text', CommandTimeout='30']
2026-08-08T00:18:15.0580324+00:00 ContainerStream:       SELECT [MigrationId], [ProductVersion]
2026-08-08T00:18:15.0580371+00:00 ContainerStream:       FROM [__EFMigrationsHistory]
2026-08-08T00:18:15.0580417+00:00 ContainerStream:       ORDER BY [MigrationId];
2026-08-08T00:18:15.0649269+00:00 ContainerStream: info: Microsoft.EntityFrameworkCore.Database.Command[20101]
2026-08-08T00:18:15.0650970+00:00 ContainerStream:       Executed DbCommand (2ms) [Parameters=[], CommandType='Text', CommandTimeout='30']
2026-08-08T00:18:15.0651103+00:00 ContainerStream:       SELECT TOP(1) [b].[BankAccountNumber]
2026-08-08T00:18:15.0651148+00:00 ContainerStream:       FROM [Beneficiaries] AS [b]
2026-08-08T00:18:15.0651191+00:00 ContainerStream:       ORDER BY [b].[Id]
2026-08-08T00:18:18.1338429+00:00 ContainerStream: info: Microsoft.EntityFrameworkCore.Database.Command[20101]
2026-08-08T00:18:18.1339366+00:00 ContainerStream:       Executed DbCommand (4ms) [Parameters=[], CommandType='Text', CommandTimeout='30']
2026-08-08T00:18:18.1339478+00:00 ContainerStream:       SELECT 1
2026-08-08T00:18:18.1373377+00:00 ContainerStream: info: Microsoft.EntityFrameworkCore.Database.Command[20101]
2026-08-08T00:18:18.1374141+00:00 ContainerStream:       Executed DbCommand (3ms) [Parameters=[], CommandType='Text', CommandTimeout='30']
2026-08-08T00:18:18.1374339+00:00 ContainerStream:       SELECT OBJECT_ID(N'[__EFMigrationsHistory]');
2026-08-08T00:18:18.1424040+00:00 ContainerStream: info: Microsoft.EntityFrameworkCore.Database.Command[20101]
2026-08-08T00:18:18.1424642+00:00 ContainerStream:       Executed DbCommand (2ms) [Parameters=[], CommandType='Text', CommandTimeout='30']
2026-08-08T00:18:18.1424729+00:00 ContainerStream:       SELECT [MigrationId], [ProductVersion]
2026-08-08T00:18:18.1424845+00:00 ContainerStream:       FROM [__EFMigrationsHistory]
2026-08-08T00:18:18.1424887+00:00 ContainerStream:       ORDER BY [MigrationId];
2026-08-08T00:18:18.1460433+00:00 ContainerStream: info: Microsoft.EntityFrameworkCore.Database.Command[20101]
2026-08-08T00:18:18.1460914+00:00 ContainerStream:       Executed DbCommand (2ms) [Parameters=[], CommandType='Text', CommandTimeout='30']
2026-08-08T00:18:18.1461006+00:00 ContainerStream:       SELECT TOP(1) [b].[BankAccountNumber]
2026-08-08T00:18:18.1461255+00:00 ContainerStream:       FROM [Beneficiaries] AS [b]
2026-08-08T00:18:18.1461292+00:00 ContainerStream:       ORDER BY [b].[Id]
2026-08-08T00:18:18.3362261+00:00 ContainerStream: info: Microsoft.EntityFrameworkCore.Database.Command[20101]
2026-08-08T00:18:18.3363150+00:00 ContainerStream:       Executed DbCommand (2ms) [Parameters=[], CommandType='Text', CommandTimeout='30']
2026-08-08T00:18:18.3363388+00:00 ContainerStream:       SELECT 1
2026-08-08T00:18:18.3407023+00:00 ContainerStream: info: Microsoft.EntityFrameworkCore.Database.Command[20101]
2026-08-08T00:18:18.3407590+00:00 ContainerStream:       Executed DbCommand (5ms) [Parameters=[], CommandType='Text', CommandTimeout='30']
2026-08-08T00:18:18.3407684+00:00 ContainerStream:       SELECT OBJECT_ID(N'[__EFMigrationsHistory]');
2026-08-08T00:18:18.3466332+00:00 ContainerStream: info: Microsoft.EntityFrameworkCore.Database.Command[20101]
2026-08-08T00:18:18.3466931+00:00 ContainerStream:       Executed DbCommand (2ms) [Parameters=[], CommandType='Text', CommandTimeout='30']
2026-08-08T00:18:18.3467031+00:00 ContainerStream:       SELECT [MigrationId], [ProductVersion]
2026-08-08T00:18:18.3467079+00:00 ContainerStream:       FROM [__EFMigrationsHistory]
2026-08-08T00:18:18.3467120+00:00 ContainerStream:       ORDER BY [MigrationId];
2026-08-08T00:18:18.3489982+00:00 ContainerStream: info: Microsoft.EntityFrameworkCore.Database.Command[20101]
2026-08-08T00:18:18.3490356+00:00 ContainerStream:       Executed DbCommand (2ms) [Parameters=[], CommandType='Text', CommandTimeout='30']
2026-08-08T00:18:18.3490432+00:00 ContainerStream:       SELECT TOP(1) [b].[BankAccountNumber]
2026-08-08T00:18:18.3490481+00:00 ContainerStream:       FROM [Beneficiaries] AS [b]
2026-08-08T00:18:18.3490521+00:00 ContainerStream:       ORDER BY [b].[Id]
2026-08-08T00:18:19.3880866+00:00 ContainerStream: info: Microsoft.EntityFrameworkCore.Database.Command[20101]
2026-08-08T00:18:19.3881637+00:00 ContainerStream:       Executed DbCommand (2ms) [Parameters=[], CommandType='Text', CommandTimeout='30']
2026-08-08T00:18:19.3881749+00:00 ContainerStream:       SELECT 1
2026-08-08T00:18:19.3914243+00:00 ContainerStream: info: Microsoft.EntityFrameworkCore.Database.Command[20101]
2026-08-08T00:18:19.3914764+00:00 ContainerStream:       Executed DbCommand (2ms) [Parameters=[], CommandType='Text', CommandTimeout='30']
2026-08-08T00:18:19.3914855+00:00 ContainerStream:       SELECT OBJECT_ID(N'[__EFMigrationsHistory]');
2026-08-08T00:18:19.3961721+00:00 ContainerStream: info: Microsoft.EntityFrameworkCore.Database.Command[20101]
2026-08-08T00:18:19.3962122+00:00 ContainerStream:       Executed DbCommand (2ms) [Parameters=[], CommandType='Text', CommandTimeout='30']
2026-08-08T00:18:19.3962347+00:00 ContainerStream:       SELECT [MigrationId], [ProductVersion]
2026-08-08T00:18:19.3962396+00:00 ContainerStream:       FROM [__EFMigrationsHistory]
2026-08-08T00:18:19.3967823+00:00 ContainerStream:       ORDER BY [MigrationId];
2026-08-08T00:18:19.3990445+00:00 ContainerStream: info: Microsoft.EntityFrameworkCore.Database.Command[20101]
2026-08-08T00:18:19.3990774+00:00 ContainerStream:       Executed DbCommand (2ms) [Parameters=[], CommandType='Text', CommandTimeout='30']
2026-08-08T00:18:19.3990841+00:00 ContainerStream:       SELECT TOP(1) [b].[BankAccountNumber]
2026-08-08T00:18:19.3990879+00:00 ContainerStream:       FROM [Beneficiaries] AS [b]
2026-08-08T00:18:19.3990919+00:00 ContainerStream:       ORDER BY [b].[Id]
2026-08-08T00:18:22.2884293+00:00 ContainerStream: info: Microsoft.EntityFrameworkCore.Database.Command[20101]
2026-08-08T00:18:22.2885268+00:00 ContainerStream:       Executed DbCommand (3ms) [Parameters=[], CommandType='Text', CommandTimeout='30']
2026-08-08T00:18:22.2885384+00:00 ContainerStream:       SELECT 1
2026-08-08T00:18:22.2906868+00:00 ContainerStream: info: Microsoft.EntityFrameworkCore.Database.Command[20101]
2026-08-08T00:18:22.2907269+00:00 ContainerStream:       Executed DbCommand (4ms) [Parameters=[], CommandType='Text', CommandTimeout='30']
2026-08-08T00:18:22.2907392+00:00 ContainerStream:       SELECT OBJECT_ID(N'[__EFMigrationsHistory]');
2026-08-08T00:18:22.2952662+00:00 ContainerStream: info: Microsoft.EntityFrameworkCore.Database.Command[20101]
2026-08-08T00:18:22.2953062+00:00 ContainerStream:       Executed DbCommand (2ms) [Parameters=[], CommandType='Text', CommandTimeout='30']
2026-08-08T00:18:22.2953146+00:00 ContainerStream:       SELECT [MigrationId], [ProductVersion]
2026-08-08T00:18:22.2953184+00:00 ContainerStream:       FROM [__EFMigrationsHistory]
2026-08-08T00:18:22.2953271+00:00 ContainerStream:       ORDER BY [MigrationId];
2026-08-08T00:18:22.2979386+00:00 ContainerStream: info: Microsoft.EntityFrameworkCore.Database.Command[20101]
2026-08-08T00:18:22.2979739+00:00 ContainerStream:       Executed DbCommand (2ms) [Parameters=[], CommandType='Text', CommandTimeout='30']
2026-08-08T00:18:22.2979805+00:00 ContainerStream:       SELECT TOP(1) [b].[BankAccountNumber]
2026-08-08T00:18:22.2979947+00:00 ContainerStream:       FROM [Beneficiaries] AS [b]
2026-08-08T00:18:22.2980037+00:00 ContainerStream:       ORDER BY [b].[Id]
2026-08-08T00:18:26.8069131+00:00 ContainerStream: info: Microsoft.EntityFrameworkCore.Database.Command[20101]
2026-08-08T00:18:26.8069906+00:00 ContainerStream:       Executed DbCommand (2ms) [Parameters=[], CommandType='Text', CommandTimeout='30']
2026-08-08T00:18:26.8070023+00:00 ContainerStream:       SELECT 1
2026-08-08T00:18:26.8113915+00:00 ContainerStream: info: Microsoft.EntityFrameworkCore.Database.Command[20101]
2026-08-08T00:18:26.8114638+00:00 ContainerStream:       Executed DbCommand (2ms) [Parameters=[], CommandType='Text', CommandTimeout='30']
2026-08-08T00:18:26.8114811+00:00 ContainerStream:       SELECT OBJECT_ID(N'[__EFMigrationsHistory]');
2026-08-08T00:18:26.8134505+00:00 ContainerStream: info: Microsoft.EntityFrameworkCore.Database.Command[20101]
2026-08-08T00:18:26.8134970+00:00 ContainerStream:       Executed DbCommand (2ms) [Parameters=[], CommandType='Text', CommandTimeout='30']
2026-08-08T00:18:26.8135047+00:00 ContainerStream:       SELECT [MigrationId], [ProductVersion]
2026-08-08T00:18:26.8135152+00:00 ContainerStream:       FROM [__EFMigrationsHistory]
2026-08-08T00:18:26.8141057+00:00 ContainerStream:       ORDER BY [MigrationId];
2026-08-08T00:18:26.8159168+00:00 ContainerStream: info: Microsoft.EntityFrameworkCore.Database.Command[20101]
2026-08-08T00:18:26.8159483+00:00 ContainerStream:       Executed DbCommand (2ms) [Parameters=[], CommandType='Text', CommandTimeout='30']
2026-08-08T00:18:26.8159552+00:00 ContainerStream:       SELECT TOP(1) [b].[BankAccountNumber]
2026-08-08T00:18:26.8159634+00:00 ContainerStream:       FROM [Beneficiaries] AS [b]
2026-08-08T00:18:26.8159671+00:00 ContainerStream:       ORDER BY [b].[Id]
2026-08-08T00:18:27.9694683+00:00 ContainerStream: info: Microsoft.EntityFrameworkCore.Database.Command[20101]
2026-08-08T00:18:27.9695774+00:00 ContainerStream:       Executed DbCommand (5ms) [Parameters=[], CommandType='Text', CommandTimeout='30']
2026-08-08T00:18:27.9695879+00:00 ContainerStream:       SELECT 1
2026-08-08T00:18:27.9729188+00:00 ContainerStream: info: Microsoft.EntityFrameworkCore.Database.Command[20101]
2026-08-08T00:18:27.9729748+00:00 ContainerStream:       Executed DbCommand (2ms) [Parameters=[], CommandType='Text', CommandTimeout='30']
2026-08-08T00:18:27.9729896+00:00 ContainerStream:       SELECT OBJECT_ID(N'[__EFMigrationsHistory]');
2026-08-08T00:18:27.9773041+00:00 ContainerStream: info: Microsoft.EntityFrameworkCore.Database.Command[20101]
2026-08-08T00:18:27.9773512+00:00 ContainerStream:       Executed DbCommand (2ms) [Parameters=[], CommandType='Text', CommandTimeout='30']
2026-08-08T00:18:27.9773601+00:00 ContainerStream:       SELECT [MigrationId], [ProductVersion]
2026-08-08T00:18:27.9773697+00:00 ContainerStream:       FROM [__EFMigrationsHistory]
2026-08-08T00:18:27.9774406+00:00 ContainerStream:       ORDER BY [MigrationId];
2026-08-08T00:18:27.9822159+00:00 ContainerStream: info: Microsoft.EntityFrameworkCore.Database.Command[20101]
2026-08-08T00:18:27.9822749+00:00 ContainerStream:       Executed DbCommand (4ms) [Parameters=[], CommandType='Text', CommandTimeout='30']
2026-08-08T00:18:27.9822887+00:00 ContainerStream:       SELECT TOP(1) [b].[BankAccountNumber]
2026-08-08T00:18:27.9822931+00:00 ContainerStream:       FROM [Beneficiaries] AS [b]
2026-08-08T00:18:27.9822969+00:00 ContainerStream:       ORDER BY [b].[Id]
2026-08-08T00:18:30.0695414+00:00 ContainerStream: info: Microsoft.EntityFrameworkCore.Database.Command[20101]
2026-08-08T00:18:30.0696252+00:00 ContainerStream:       Executed DbCommand (3ms) [Parameters=[], CommandType='Text', CommandTimeout='30']
2026-08-08T00:18:30.0696486+00:00 ContainerStream:       SELECT 1
2026-08-08T00:18:30.0720214+00:00 ContainerStream: info: Microsoft.EntityFrameworkCore.Database.Command[20101]
2026-08-08T00:18:30.0721001+00:00 ContainerStream:       Executed DbCommand (3ms) [Parameters=[], CommandType='Text', CommandTimeout='30']
2026-08-08T00:18:30.0721116+00:00 ContainerStream:       SELECT OBJECT_ID(N'[__EFMigrationsHistory]');
2026-08-08T00:18:30.0785949+00:00 ContainerStream: info: Microsoft.EntityFrameworkCore.Database.Command[20101]
2026-08-08T00:18:30.0786595+00:00 ContainerStream:       Executed DbCommand (2ms) [Parameters=[], CommandType='Text', CommandTimeout='30']
2026-08-08T00:18:30.0786712+00:00 ContainerStream:       SELECT [MigrationId], [ProductVersion]
2026-08-08T00:18:30.0786764+00:00 ContainerStream:       FROM [__EFMigrationsHistory]
2026-08-08T00:18:30.0795547+00:00 ContainerStream:       ORDER BY [MigrationId];
2026-08-08T00:18:30.0828290+00:00 ContainerStream: info: Microsoft.EntityFrameworkCore.Database.Command[20101]
2026-08-08T00:18:30.0828710+00:00 ContainerStream:       Executed DbCommand (2ms) [Parameters=[], CommandType='Text', CommandTimeout='30']
2026-08-08T00:18:30.0828807+00:00 ContainerStream:       SELECT TOP(1) [b].[BankAccountNumber]
2026-08-08T00:18:30.0828853+00:00 ContainerStream:       FROM [Beneficiaries] AS [b]
2026-08-08T00:18:30.0828951+00:00 ContainerStream:       ORDER BY [b].[Id]
2026-08-08T00:18:31.5270517+00:00 ContainerStream: info: Microsoft.EntityFrameworkCore.Database.Command[20101]
2026-08-08T00:18:31.5271225+00:00 ContainerStream:       Executed DbCommand (3ms) [Parameters=[], CommandType='Text', CommandTimeout='30']
2026-08-08T00:18:31.5271328+00:00 ContainerStream:       SELECT 1
2026-08-08T00:18:31.5290903+00:00 ContainerStream: info: Microsoft.EntityFrameworkCore.Database.Command[20101]
2026-08-08T00:18:31.5291418+00:00 ContainerStream:       Executed DbCommand (2ms) [Parameters=[], CommandType='Text', CommandTimeout='30']
2026-08-08T00:18:31.5291500+00:00 ContainerStream:       SELECT OBJECT_ID(N'[__EFMigrationsHistory]');
2026-08-08T00:18:31.5339175+00:00 ContainerStream: info: Microsoft.EntityFrameworkCore.Database.Command[20101]
2026-08-08T00:18:31.5339673+00:00 ContainerStream:       Executed DbCommand (2ms) [Parameters=[], CommandType='Text', CommandTimeout='30']
2026-08-08T00:18:31.5339798+00:00 ContainerStream:       SELECT [MigrationId], [ProductVersion]
2026-08-08T00:18:31.5339843+00:00 ContainerStream:       FROM [__EFMigrationsHistory]
2026-08-08T00:18:31.5339884+00:00 ContainerStream:       ORDER BY [MigrationId];
2026-08-08T00:18:31.5357268+00:00 ContainerStream: info: Microsoft.EntityFrameworkCore.Database.Command[20101]
2026-08-08T00:18:31.5357607+00:00 ContainerStream:       Executed DbCommand (2ms) [Parameters=[], CommandType='Text', CommandTimeout='30']
2026-08-08T00:18:31.5357724+00:00 ContainerStream:       SELECT TOP(1) [b].[BankAccountNumber]
2026-08-08T00:18:31.5357769+00:00 ContainerStream:       FROM [Beneficiaries] AS [b]
2026-08-08T00:18:31.5357810+00:00 ContainerStream:       ORDER BY [b].[Id]
2026-08-08T00:18:31.6232234+00:00 ContainerStream: info: Microsoft.EntityFrameworkCore.Database.Command[20101]
2026-08-08T00:18:31.6233154+00:00 ContainerStream:       Executed DbCommand (2ms) [Parameters=[], CommandType='Text', CommandTimeout='30']
2026-08-08T00:18:31.6233259+00:00 ContainerStream:       SELECT 1
2026-08-08T00:18:31.6252875+00:00 ContainerStream: info: Microsoft.EntityFrameworkCore.Database.Command[20101]
2026-08-08T00:18:31.6253344+00:00 ContainerStream:       Executed DbCommand (2ms) [Parameters=[], CommandType='Text', CommandTimeout='30']
2026-08-08T00:18:31.6253421+00:00 ContainerStream:       SELECT OBJECT_ID(N'[__EFMigrationsHistory]');
2026-08-08T00:18:31.6291028+00:00 ContainerStream: info: Microsoft.EntityFrameworkCore.Database.Command[20101]
2026-08-08T00:18:31.6291383+00:00 ContainerStream:       Executed DbCommand (2ms) [Parameters=[], CommandType='Text', CommandTimeout='30']
2026-08-08T00:18:31.6291454+00:00 ContainerStream:       SELECT [MigrationId], [ProductVersion]
2026-08-08T00:18:31.6291498+00:00 ContainerStream:       FROM [__EFMigrationsHistory]
2026-08-08T00:18:31.6300301+00:00 ContainerStream:       ORDER BY [MigrationId];
2026-08-08T00:18:31.6316647+00:00 ContainerStream: info: Microsoft.EntityFrameworkCore.Database.Command[20101]
2026-08-08T00:18:31.6316938+00:00 ContainerStream:       Executed DbCommand (2ms) [Parameters=[], CommandType='Text', CommandTimeout='30']
2026-08-08T00:18:31.6317011+00:00 ContainerStream:       SELECT TOP(1) [b].[BankAccountNumber]
2026-08-08T00:18:31.6317050+00:00 ContainerStream:       FROM [Beneficiaries] AS [b]
2026-08-08T00:18:31.6317136+00:00 ContainerStream:       ORDER BY [b].[Id]
2026-08-08T00:18:31.9258510+00:00 ContainerStream: info: Microsoft.EntityFrameworkCore.Database.Command[20101]
2026-08-08T00:18:31.9259254+00:00 ContainerStream:       Executed DbCommand (2ms) [Parameters=[], CommandType='Text', CommandTimeout='30']
2026-08-08T00:18:31.9275282+00:00 ContainerStream:       SELECT 1
2026-08-08T00:18:31.9281945+00:00 ContainerStream: info: Microsoft.EntityFrameworkCore.Database.Command[20101]
2026-08-08T00:18:31.9282236+00:00 ContainerStream:       Executed DbCommand (2ms) [Parameters=[], CommandType='Text', CommandTimeout='30']
2026-08-08T00:18:31.9282324+00:00 ContainerStream:       SELECT OBJECT_ID(N'[__EFMigrationsHistory]');
2026-08-08T00:18:31.9321393+00:00 ContainerStream: info: Microsoft.EntityFrameworkCore.Database.Command[20101]
2026-08-08T00:18:31.9321757+00:00 ContainerStream:       Executed DbCommand (2ms) [Parameters=[], CommandType='Text', CommandTimeout='30']
2026-08-08T00:18:31.9321893+00:00 ContainerStream:       SELECT [MigrationId], [ProductVersion]
2026-08-08T00:18:31.9321943+00:00 ContainerStream:       FROM [__EFMigrationsHistory]
2026-08-08T00:18:31.9322114+00:00 ContainerStream:       ORDER BY [MigrationId];
2026-08-08T00:18:31.9355309+00:00 ContainerStream: info: Microsoft.EntityFrameworkCore.Database.Command[20101]
2026-08-08T00:18:31.9355971+00:00 ContainerStream:       Executed DbCommand (2ms) [Parameters=[], CommandType='Text', CommandTimeout='30']
2026-08-08T00:18:31.9356202+00:00 ContainerStream:       SELECT TOP(1) [b].[BankAccountNumber]
2026-08-08T00:18:31.9356366+00:00 ContainerStream:       FROM [Beneficiaries] AS [b]
2026-08-08T00:18:31.9356496+00:00 ContainerStream:       ORDER BY [b].[Id]
2026-08-08T00:18:34.4745084+00:00 ContainerStream: info: Microsoft.EntityFrameworkCore.Database.Command[20101]
2026-08-08T00:18:34.4745915+00:00 ContainerStream:       Executed DbCommand (3ms) [Parameters=[], CommandType='Text', CommandTimeout='30']
2026-08-08T00:18:34.4746044+00:00 ContainerStream:       SELECT 1
2026-08-08T00:18:34.4794658+00:00 ContainerStream: info: Microsoft.EntityFrameworkCore.Database.Command[20101]
2026-08-08T00:18:34.4795082+00:00 ContainerStream:       Executed DbCommand (3ms) [Parameters=[], CommandType='Text', CommandTimeout='30']
2026-08-08T00:18:34.4795235+00:00 ContainerStream:       SELECT OBJECT_ID(N'[__EFMigrationsHistory]');
2026-08-08T00:18:34.4821923+00:00 ContainerStream: info: Microsoft.EntityFrameworkCore.Database.Command[20101]
2026-08-08T00:18:34.4822339+00:00 ContainerStream:       Executed DbCommand (2ms) [Parameters=[], CommandType='Text', CommandTimeout='30']
2026-08-08T00:18:34.4822425+00:00 ContainerStream:       SELECT [MigrationId], [ProductVersion]
2026-08-08T00:18:34.4822523+00:00 ContainerStream:       FROM [__EFMigrationsHistory]
2026-08-08T00:18:34.4828021+00:00 ContainerStream:       ORDER BY [MigrationId];
2026-08-08T00:18:34.4890281+00:00 ContainerStream: info: Microsoft.EntityFrameworkCore.Database.Command[20101]
2026-08-08T00:18:34.4890603+00:00 ContainerStream:       Executed DbCommand (4ms) [Parameters=[], CommandType='Text', CommandTimeout='30']
2026-08-08T00:18:34.4890682+00:00 ContainerStream:       SELECT TOP(1) [b].[BankAccountNumber]
2026-08-08T00:18:34.4890782+00:00 ContainerStream:       FROM [Beneficiaries] AS [b]
2026-08-08T00:18:34.4890826+00:00 ContainerStream:       ORDER BY [b].[Id]
2026-08-08T00:18:40.4559623+00:00 ContainerStream: info: Microsoft.EntityFrameworkCore.Database.Command[20101]
2026-08-08T00:18:40.4560332+00:00 ContainerStream:       Executed DbCommand (3ms) [Parameters=[], CommandType='Text', CommandTimeout='30']
2026-08-08T00:18:40.4560450+00:00 ContainerStream:       SELECT 1
2026-08-08T00:18:40.4583292+00:00 ContainerStream: info: Microsoft.EntityFrameworkCore.Database.Command[20101]
2026-08-08T00:18:40.4585305+00:00 ContainerStream:       Executed DbCommand (3ms) [Parameters=[], CommandType='Text', CommandTimeout='30']
2026-08-08T00:18:40.4585443+00:00 ContainerStream:       SELECT OBJECT_ID(N'[__EFMigrationsHistory]');
2026-08-08T00:18:40.4647035+00:00 ContainerStream: info: Microsoft.EntityFrameworkCore.Database.Command[20101]
2026-08-08T00:18:40.4648676+00:00 ContainerStream:       Executed DbCommand (2ms) [Parameters=[], CommandType='Text', CommandTimeout='30']
2026-08-08T00:18:40.4648792+00:00 ContainerStream:       SELECT [MigrationId], [ProductVersion]
2026-08-08T00:18:40.4648836+00:00 ContainerStream:       FROM [__EFMigrationsHistory]
2026-08-08T00:18:40.4653054+00:00 ContainerStream:       ORDER BY [MigrationId];
2026-08-08T00:18:40.4680879+00:00 ContainerStream: info: Microsoft.EntityFrameworkCore.Database.Command[20101]
2026-08-08T00:18:40.4681176+00:00 ContainerStream:       Executed DbCommand (2ms) [Parameters=[], CommandType='Text', CommandTimeout='30']
2026-08-08T00:18:40.4681258+00:00 ContainerStream:       SELECT TOP(1) [b].[BankAccountNumber]
2026-08-08T00:18:40.4681305+00:00 ContainerStream:       FROM [Beneficiaries] AS [b]
2026-08-08T00:18:40.4681348+00:00 ContainerStream:       ORDER BY [b].[Id]
2026-08-08T00:18:45.5167667+00:00 ContainerStream: info: Microsoft.EntityFrameworkCore.Database.Command[20101]
2026-08-08T00:18:45.5168601+00:00 ContainerStream:       Executed DbCommand (2ms) [Parameters=[], CommandType='Text', CommandTimeout='30']
2026-08-08T00:18:45.5168723+00:00 ContainerStream:       SELECT 1
2026-08-08T00:18:45.5215620+00:00 ContainerStream: info: Microsoft.EntityFrameworkCore.Database.Command[20101]
2026-08-08T00:18:45.5216350+00:00 ContainerStream:       Executed DbCommand (2ms) [Parameters=[], CommandType='Text', CommandTimeout='30']
2026-08-08T00:18:45.5216456+00:00 ContainerStream:       SELECT OBJECT_ID(N'[__EFMigrationsHistory]');
2026-08-08T00:18:45.5233400+00:00 ContainerStream: info: Microsoft.EntityFrameworkCore.Database.Command[20101]
2026-08-08T00:18:45.5233727+00:00 ContainerStream:       Executed DbCommand (2ms) [Parameters=[], CommandType='Text', CommandTimeout='30']
2026-08-08T00:18:45.5233803+00:00 ContainerStream:       SELECT [MigrationId], [ProductVersion]
2026-08-08T00:18:45.5234001+00:00 ContainerStream:       FROM [__EFMigrationsHistory]
2026-08-08T00:18:45.5234702+00:00 ContainerStream:       ORDER BY [MigrationId];
2026-08-08T00:18:45.5280327+00:00 ContainerStream: info: Microsoft.EntityFrameworkCore.Database.Command[20101]
2026-08-08T00:18:45.5280685+00:00 ContainerStream:       Executed DbCommand (2ms) [Parameters=[], CommandType='Text', CommandTimeout='30']
2026-08-08T00:18:45.5280873+00:00 ContainerStream:       SELECT TOP(1) [b].[BankAccountNumber]
2026-08-08T00:18:45.5280916+00:00 ContainerStream:       FROM [Beneficiaries] AS [b]
2026-08-08T00:18:45.5280952+00:00 ContainerStream:       ORDER BY [b].[Id]
2026-08-08T00:18:48.2602430+00:00 ContainerStream: info: Microsoft.EntityFrameworkCore.Database.Command[20101]
2026-08-08T00:18:48.2603215+00:00 ContainerStream:       Executed DbCommand (2ms) [Parameters=[], CommandType='Text', CommandTimeout='30']
2026-08-08T00:18:48.2603391+00:00 ContainerStream:       SELECT 1
2026-08-08T00:18:48.2624182+00:00 ContainerStream: info: Microsoft.EntityFrameworkCore.Database.Command[20101]
2026-08-08T00:18:48.2624733+00:00 ContainerStream:       Executed DbCommand (2ms) [Parameters=[], CommandType='Text', CommandTimeout='30']
2026-08-08T00:18:48.2624813+00:00 ContainerStream:       SELECT OBJECT_ID(N'[__EFMigrationsHistory]');
2026-08-08T00:18:48.2665286+00:00 ContainerStream: info: Microsoft.EntityFrameworkCore.Database.Command[20101]
2026-08-08T00:18:48.2667054+00:00 ContainerStream:       Executed DbCommand (2ms) [Parameters=[], CommandType='Text', CommandTimeout='30']
2026-08-08T00:18:48.2667156+00:00 ContainerStream:       SELECT [MigrationId], [ProductVersion]
2026-08-08T00:18:48.2667190+00:00 ContainerStream:       FROM [__EFMigrationsHistory]
2026-08-08T00:18:48.2667219+00:00 ContainerStream:       ORDER BY [MigrationId];
2026-08-08T00:18:48.2681156+00:00 ContainerStream: info: Microsoft.EntityFrameworkCore.Database.Command[20101]
2026-08-08T00:18:48.2681501+00:00 ContainerStream:       Executed DbCommand (2ms) [Parameters=[], CommandType='Text', CommandTimeout='30']
2026-08-08T00:18:48.2681571+00:00 ContainerStream:       SELECT TOP(1) [b].[BankAccountNumber]
2026-08-08T00:18:48.2681608+00:00 ContainerStream:       FROM [Beneficiaries] AS [b]
2026-08-08T00:18:48.2687680+00:00 ContainerStream:       ORDER BY [b].[Id]
2026-08-08T00:18:52.9187978+00:00 ContainerStream: info: Microsoft.EntityFrameworkCore.Database.Command[20101]
2026-08-08T00:18:52.9188670+00:00 ContainerStream:       Executed DbCommand (3ms) [Parameters=[], CommandType='Text', CommandTimeout='30']
2026-08-08T00:18:52.9188784+00:00 ContainerStream:       SELECT 1
2026-08-08T00:18:52.9227036+00:00 ContainerStream: info: Microsoft.EntityFrameworkCore.Database.Command[20101]
2026-08-08T00:18:52.9227461+00:00 ContainerStream:       Executed DbCommand (2ms) [Parameters=[], CommandType='Text', CommandTimeout='30']
2026-08-08T00:18:52.9227553+00:00 ContainerStream:       SELECT OBJECT_ID(N'[__EFMigrationsHistory]');
2026-08-08T00:18:52.9251383+00:00 ContainerStream: info: Microsoft.EntityFrameworkCore.Database.Command[20101]
2026-08-08T00:18:52.9251721+00:00 ContainerStream:       Executed DbCommand (2ms) [Parameters=[], CommandType='Text', CommandTimeout='30']
2026-08-08T00:18:52.9251842+00:00 ContainerStream:       SELECT [MigrationId], [ProductVersion]
2026-08-08T00:18:52.9254308+00:00 ContainerStream:       FROM [__EFMigrationsHistory]
2026-08-08T00:18:52.9256410+00:00 ContainerStream:       ORDER BY [MigrationId];
2026-08-08T00:18:52.9271353+00:00 ContainerStream: info: Microsoft.EntityFrameworkCore.Database.Command[20101]
2026-08-08T00:18:52.9271709+00:00 ContainerStream:       Executed DbCommand (2ms) [Parameters=[], CommandType='Text', CommandTimeout='30']
2026-08-08T00:18:52.9271788+00:00 ContainerStream:       SELECT TOP(1) [b].[BankAccountNumber]
2026-08-08T00:18:52.9271835+00:00 ContainerStream:       FROM [Beneficiaries] AS [b]
2026-08-08T00:18:52.9271882+00:00 ContainerStream:       ORDER BY [b].[Id]
2026-08-08T00:19:00.6911366+00:00 ContainerStream: info: Microsoft.EntityFrameworkCore.Database.Command[20101]
2026-08-08T00:19:00.6912228+00:00 ContainerStream:       Executed DbCommand (2ms) [Parameters=[], CommandType='Text', CommandTimeout='30']
2026-08-08T00:19:00.6912341+00:00 ContainerStream:       SELECT 1
2026-08-08T00:19:00.6932098+00:00 ContainerStream: info: Microsoft.EntityFrameworkCore.Database.Command[20101]
2026-08-08T00:19:00.6932471+00:00 ContainerStream:       Executed DbCommand (2ms) [Parameters=[], CommandType='Text', CommandTimeout='30']
2026-08-08T00:19:00.6932592+00:00 ContainerStream:       SELECT OBJECT_ID(N'[__EFMigrationsHistory]');
2026-08-08T00:19:00.6974723+00:00 ContainerStream: info: Microsoft.EntityFrameworkCore.Database.Command[20101]
2026-08-08T00:19:00.6975152+00:00 ContainerStream:       Executed DbCommand (2ms) [Parameters=[], CommandType='Text', CommandTimeout='30']
2026-08-08T00:19:00.6975232+00:00 ContainerStream:       SELECT [MigrationId], [ProductVersion]
2026-08-08T00:19:00.6975281+00:00 ContainerStream:       FROM [__EFMigrationsHistory]
2026-08-08T00:19:00.6975369+00:00 ContainerStream:       ORDER BY [MigrationId];
2026-08-08T00:19:00.7012013+00:00 ContainerStream: info: Microsoft.EntityFrameworkCore.Database.Command[20101]
2026-08-08T00:19:00.7012326+00:00 ContainerStream:       Executed DbCommand (4ms) [Parameters=[], CommandType='Text', CommandTimeout='30']
2026-08-08T00:19:00.7012395+00:00 ContainerStream:       SELECT TOP(1) [b].[BankAccountNumber]
2026-08-08T00:19:00.7012435+00:00 ContainerStream:       FROM [Beneficiaries] AS [b]
2026-08-08T00:19:00.7012512+00:00 ContainerStream:       ORDER BY [b].[Id]
2026-08-08T00:19:02.1827641+00:00 ContainerStream: info: Microsoft.EntityFrameworkCore.Database.Command[20101]
2026-08-08T00:19:02.1828412+00:00 ContainerStream:       Executed DbCommand (2ms) [Parameters=[], CommandType='Text', CommandTimeout='30']
2026-08-08T00:19:02.1828536+00:00 ContainerStream:       SELECT 1
2026-08-08T00:19:02.1850455+00:00 ContainerStream: info: Microsoft.EntityFrameworkCore.Database.Command[20101]
2026-08-08T00:19:02.1850980+00:00 ContainerStream:       Executed DbCommand (2ms) [Parameters=[], CommandType='Text', CommandTimeout='30']
2026-08-08T00:19:02.1851079+00:00 ContainerStream:       SELECT OBJECT_ID(N'[__EFMigrationsHistory]');
2026-08-08T00:19:02.1887591+00:00 ContainerStream: info: Microsoft.EntityFrameworkCore.Database.Command[20101]
2026-08-08T00:19:02.1888118+00:00 ContainerStream:       Executed DbCommand (2ms) [Parameters=[], CommandType='Text', CommandTimeout='30']
2026-08-08T00:19:02.1888209+00:00 ContainerStream:       SELECT [MigrationId], [ProductVersion]
2026-08-08T00:19:02.1888256+00:00 ContainerStream:       FROM [__EFMigrationsHistory]
2026-08-08T00:19:02.1888293+00:00 ContainerStream:       ORDER BY [MigrationId];
2026-08-08T00:19:02.1948334+00:00 ContainerStream: info: Microsoft.EntityFrameworkCore.Database.Command[20101]
2026-08-08T00:19:02.1948703+00:00 ContainerStream:       Executed DbCommand (2ms) [Parameters=[], CommandType='Text', CommandTimeout='30']
2026-08-08T00:19:02.1948780+00:00 ContainerStream:       SELECT TOP(1) [b].[BankAccountNumber]
2026-08-08T00:19:02.1948822+00:00 ContainerStream:       FROM [Beneficiaries] AS [b]
2026-08-08T00:19:02.1948864+00:00 ContainerStream:       ORDER BY [b].[Id]
2026-08-08T00:19:04.9257698+00:00 ContainerStream: info: Microsoft.EntityFrameworkCore.Database.Command[20101]
2026-08-08T00:19:04.9258492+00:00 ContainerStream:       Executed DbCommand (3ms) [Parameters=[], CommandType='Text', CommandTimeout='30']
2026-08-08T00:19:04.9258618+00:00 ContainerStream:       SELECT 1
2026-08-08T00:19:04.9286344+00:00 ContainerStream: info: Microsoft.EntityFrameworkCore.Database.Command[20101]
2026-08-08T00:19:04.9287012+00:00 ContainerStream:       Executed DbCommand (2ms) [Parameters=[], CommandType='Text', CommandTimeout='30']
2026-08-08T00:19:04.9287177+00:00 ContainerStream:       SELECT OBJECT_ID(N'[__EFMigrationsHistory]');
2026-08-08T00:19:04.9322038+00:00 ContainerStream: info: Microsoft.EntityFrameworkCore.Database.Command[20101]
2026-08-08T00:19:04.9322403+00:00 ContainerStream:       Executed DbCommand (2ms) [Parameters=[], CommandType='Text', CommandTimeout='30']
2026-08-08T00:19:04.9322474+00:00 ContainerStream:       SELECT [MigrationId], [ProductVersion]
2026-08-08T00:19:04.9322570+00:00 ContainerStream:       FROM [__EFMigrationsHistory]
2026-08-08T00:19:04.9331249+00:00 ContainerStream:       ORDER BY [MigrationId];
2026-08-08T00:19:04.9349027+00:00 ContainerStream: info: Microsoft.EntityFrameworkCore.Database.Command[20101]
2026-08-08T00:19:04.9349429+00:00 ContainerStream:       Executed DbCommand (2ms) [Parameters=[], CommandType='Text', CommandTimeout='30']
2026-08-08T00:19:04.9349501+00:00 ContainerStream:       SELECT TOP(1) [b].[BankAccountNumber]
2026-08-08T00:19:04.9349636+00:00 ContainerStream:       FROM [Beneficiaries] AS [b]
2026-08-08T00:19:04.9349672+00:00 ContainerStream:       ORDER BY [b].[Id]
2026-08-08T00:19:08.6737531+00:00 ContainerStream: info: Microsoft.EntityFrameworkCore.Database.Command[20101]
2026-08-08T00:19:08.6738384+00:00 ContainerStream:       Executed DbCommand (2ms) [Parameters=[], CommandType='Text', CommandTimeout='30']
2026-08-08T00:19:08.6738504+00:00 ContainerStream:       SELECT 1
2026-08-08T00:19:08.6758962+00:00 ContainerStream: info: Microsoft.EntityFrameworkCore.Database.Command[20101]
2026-08-08T00:19:08.6759359+00:00 ContainerStream:       Executed DbCommand (2ms) [Parameters=[], CommandType='Text', CommandTimeout='30']
2026-08-08T00:19:08.6759499+00:00 ContainerStream:       SELECT OBJECT_ID(N'[__EFMigrationsHistory]');
2026-08-08T00:19:08.6805515+00:00 ContainerStream: info: Microsoft.EntityFrameworkCore.Database.Command[20101]
2026-08-08T00:19:08.6805988+00:00 ContainerStream:       Executed DbCommand (2ms) [Parameters=[], CommandType='Text', CommandTimeout='30']
2026-08-08T00:19:08.6806073+00:00 ContainerStream:       SELECT [MigrationId], [ProductVersion]
2026-08-08T00:19:08.6806120+00:00 ContainerStream:       FROM [__EFMigrationsHistory]
2026-08-08T00:19:08.6806214+00:00 ContainerStream:       ORDER BY [MigrationId];
2026-08-08T00:19:08.6822741+00:00 ContainerStream: info: Microsoft.EntityFrameworkCore.Database.Command[20101]
2026-08-08T00:19:08.6823083+00:00 ContainerStream:       Executed DbCommand (2ms) [Parameters=[], CommandType='Text', CommandTimeout='30']
2026-08-08T00:19:08.6823162+00:00 ContainerStream:       SELECT TOP(1) [b].[BankAccountNumber]
2026-08-08T00:19:08.6823202+00:00 ContainerStream:       FROM [Beneficiaries] AS [b]
2026-08-08T00:19:08.6823291+00:00 ContainerStream:       ORDER BY [b].[Id]
2026-08-08T00:19:10.9247788+00:00 ContainerStream: info: Microsoft.EntityFrameworkCore.Database.Command[20101]
2026-08-08T00:19:10.9248526+00:00 ContainerStream:       Executed DbCommand (4ms) [Parameters=[], CommandType='Text', CommandTimeout='30']
2026-08-08T00:19:10.9248634+00:00 ContainerStream:       SELECT 1
2026-08-08T00:19:10.9275853+00:00 ContainerStream: info: Microsoft.EntityFrameworkCore.Database.Command[20101]
2026-08-08T00:19:10.9276316+00:00 ContainerStream:       Executed DbCommand (3ms) [Parameters=[], CommandType='Text', CommandTimeout='30']
2026-08-08T00:19:10.9276403+00:00 ContainerStream:       SELECT OBJECT_ID(N'[__EFMigrationsHistory]');
2026-08-08T00:19:10.9314369+00:00 ContainerStream: info: Microsoft.EntityFrameworkCore.Database.Command[20101]
2026-08-08T00:19:10.9314847+00:00 ContainerStream:       Executed DbCommand (2ms) [Parameters=[], CommandType='Text', CommandTimeout='30']
2026-08-08T00:19:10.9314933+00:00 ContainerStream:       SELECT [MigrationId], [ProductVersion]
2026-08-08T00:19:10.9314975+00:00 ContainerStream:       FROM [__EFMigrationsHistory]
2026-08-08T00:19:10.9315015+00:00 ContainerStream:       ORDER BY [MigrationId];
2026-08-08T00:19:10.9337530+00:00 ContainerStream: info: Microsoft.EntityFrameworkCore.Database.Command[20101]
2026-08-08T00:19:10.9340440+00:00 ContainerStream:       Executed DbCommand (2ms) [Parameters=[], CommandType='Text', CommandTimeout='30']
2026-08-08T00:19:10.9340587+00:00 ContainerStream:       SELECT TOP(1) [b].[BankAccountNumber]
2026-08-08T00:19:10.9340629+00:00 ContainerStream:       FROM [Beneficiaries] AS [b]
2026-08-08T00:19:10.9340671+00:00 ContainerStream:       ORDER BY [b].[Id]
2026-08-08T00:19:13.7075675+00:00 ContainerStream: info: Microsoft.EntityFrameworkCore.Database.Command[20101]
2026-08-08T00:19:13.7076447+00:00 ContainerStream:       Executed DbCommand (2ms) [Parameters=[], CommandType='Text', CommandTimeout='30']
2026-08-08T00:19:13.7076573+00:00 ContainerStream:       SELECT 1
2026-08-08T00:19:13.7103059+00:00 ContainerStream: info: Microsoft.EntityFrameworkCore.Database.Command[20101]
2026-08-08T00:19:13.7103681+00:00 ContainerStream:       Executed DbCommand (2ms) [Parameters=[], CommandType='Text', CommandTimeout='30']
2026-08-08T00:19:13.7103847+00:00 ContainerStream:       SELECT OBJECT_ID(N'[__EFMigrationsHistory]');
2026-08-08T00:19:13.7150211+00:00 ContainerStream: info: Microsoft.EntityFrameworkCore.Database.Command[20101]
2026-08-08T00:19:13.7150593+00:00 ContainerStream:       Executed DbCommand (2ms) [Parameters=[], CommandType='Text', CommandTimeout='30']
2026-08-08T00:19:13.7150668+00:00 ContainerStream:       SELECT [MigrationId], [ProductVersion]
2026-08-08T00:19:13.7150765+00:00 ContainerStream:       FROM [__EFMigrationsHistory]
2026-08-08T00:19:13.7150811+00:00 ContainerStream:       ORDER BY [MigrationId];
2026-08-08T00:19:13.7177473+00:00 ContainerStream: info: Microsoft.EntityFrameworkCore.Database.Command[20101]
2026-08-08T00:19:13.7177855+00:00 ContainerStream:       Executed DbCommand (2ms) [Parameters=[], CommandType='Text', CommandTimeout='30']
2026-08-08T00:19:13.7178020+00:00 ContainerStream:       SELECT TOP(1) [b].[BankAccountNumber]
2026-08-08T00:19:13.7178119+00:00 ContainerStream:       FROM [Beneficiaries] AS [b]
2026-08-08T00:19:13.7178162+00:00 ContainerStream:       ORDER BY [b].[Id]
2026-08-08T00:19:13.8813450+00:00 ContainerStream: info: Microsoft.EntityFrameworkCore.Database.Command[20101]
2026-08-08T00:19:13.8814254+00:00 ContainerStream:       Executed DbCommand (2ms) [Parameters=[], CommandType='Text', CommandTimeout='30']
2026-08-08T00:19:13.8814482+00:00 ContainerStream:       SELECT 1
2026-08-08T00:19:13.8835612+00:00 ContainerStream: info: Microsoft.EntityFrameworkCore.Database.Command[20101]
2026-08-08T00:19:13.8836461+00:00 ContainerStream:       Executed DbCommand (2ms) [Parameters=[], CommandType='Text', CommandTimeout='30']
2026-08-08T00:19:13.8836570+00:00 ContainerStream:       SELECT OBJECT_ID(N'[__EFMigrationsHistory]');
2026-08-08T00:19:13.8883987+00:00 ContainerStream: info: Microsoft.EntityFrameworkCore.Database.Command[20101]
2026-08-08T00:19:13.8884374+00:00 ContainerStream:       Executed DbCommand (2ms) [Parameters=[], CommandType='Text', CommandTimeout='30']
2026-08-08T00:19:13.8884459+00:00 ContainerStream:       SELECT [MigrationId], [ProductVersion]
2026-08-08T00:19:13.8884507+00:00 ContainerStream:       FROM [__EFMigrationsHistory]
2026-08-08T00:19:13.8889715+00:00 ContainerStream:       ORDER BY [MigrationId];
2026-08-08T00:19:13.8924632+00:00 ContainerStream: info: Microsoft.EntityFrameworkCore.Database.Command[20101]
2026-08-08T00:19:13.8924958+00:00 ContainerStream:       Executed DbCommand (2ms) [Parameters=[], CommandType='Text', CommandTimeout='30']
2026-08-08T00:19:13.8925031+00:00 ContainerStream:       SELECT TOP(1) [b].[BankAccountNumber]
2026-08-08T00:19:13.8925069+00:00 ContainerStream:       FROM [Beneficiaries] AS [b]
2026-08-08T00:19:13.8926080+00:00 ContainerStream:       ORDER BY [b].[Id]
2026-08-08T00:19:14.3491445+00:00 ContainerStream: info: Microsoft.EntityFrameworkCore.Database.Command[20101]
2026-08-08T00:19:14.3492235+00:00 ContainerStream:       Executed DbCommand (3ms) [Parameters=[], CommandType='Text', CommandTimeout='30']
2026-08-08T00:19:14.3492335+00:00 ContainerStream:       SELECT 1
2026-08-08T00:19:14.3513834+00:00 ContainerStream: info: Microsoft.EntityFrameworkCore.Database.Command[20101]
2026-08-08T00:19:14.3515824+00:00 ContainerStream:       Executed DbCommand (2ms) [Parameters=[], CommandType='Text', CommandTimeout='30']
2026-08-08T00:19:14.3515946+00:00 ContainerStream:       SELECT OBJECT_ID(N'[__EFMigrationsHistory]');
2026-08-08T00:19:14.3565338+00:00 ContainerStream: info: Microsoft.EntityFrameworkCore.Database.Command[20101]
2026-08-08T00:19:14.3565538+00:00 ContainerStream:       Executed DbCommand (2ms) [Parameters=[], CommandType='Text', CommandTimeout='30']
2026-08-08T00:19:14.3565627+00:00 ContainerStream:       SELECT [MigrationId], [ProductVersion]
2026-08-08T00:19:14.3565657+00:00 ContainerStream:       FROM [__EFMigrationsHistory]
2026-08-08T00:19:14.3565683+00:00 ContainerStream:       ORDER BY [MigrationId];
2026-08-08T00:19:14.3579971+00:00 ContainerStream: info: Microsoft.EntityFrameworkCore.Database.Command[20101]
2026-08-08T00:19:14.3580273+00:00 ContainerStream:       Executed DbCommand (2ms) [Parameters=[], CommandType='Text', CommandTimeout='30']
2026-08-08T00:19:14.3580386+00:00 ContainerStream:       SELECT TOP(1) [b].[BankAccountNumber]
2026-08-08T00:19:14.3580424+00:00 ContainerStream:       FROM [Beneficiaries] AS [b]
2026-08-08T00:19:14.3580459+00:00 ContainerStream:       ORDER BY [b].[Id]
2026-08-08T00:19:24.0784431+00:00 ContainerStream: info: Microsoft.EntityFrameworkCore.Database.Command[20101]
2026-08-08T00:19:24.0785390+00:00 ContainerStream:       Executed DbCommand (2ms) [Parameters=[], CommandType='Text', CommandTimeout='30']
2026-08-08T00:19:24.0785518+00:00 ContainerStream:       SELECT 1
2026-08-08T00:19:24.0827354+00:00 ContainerStream: info: Microsoft.EntityFrameworkCore.Database.Command[20101]
2026-08-08T00:19:24.0828033+00:00 ContainerStream:       Executed DbCommand (2ms) [Parameters=[], CommandType='Text', CommandTimeout='30']
2026-08-08T00:19:24.0828117+00:00 ContainerStream:       SELECT OBJECT_ID(N'[__EFMigrationsHistory]');
2026-08-08T00:19:24.0844746+00:00 ContainerStream: info: Microsoft.EntityFrameworkCore.Database.Command[20101]
2026-08-08T00:19:24.0847788+00:00 ContainerStream:       Executed DbCommand (2ms) [Parameters=[], CommandType='Text', CommandTimeout='30']
2026-08-08T00:19:24.0847920+00:00 ContainerStream:       SELECT [MigrationId], [ProductVersion]
2026-08-08T00:19:24.0847962+00:00 ContainerStream:       FROM [__EFMigrationsHistory]
2026-08-08T00:19:24.0853337+00:00 ContainerStream:       ORDER BY [MigrationId];
2026-08-08T00:19:24.0872557+00:00 ContainerStream: info: Microsoft.EntityFrameworkCore.Database.Command[20101]
2026-08-08T00:19:24.0872930+00:00 ContainerStream:       Executed DbCommand (2ms) [Parameters=[], CommandType='Text', CommandTimeout='30']
2026-08-08T00:19:24.0873006+00:00 ContainerStream:       SELECT TOP(1) [b].[BankAccountNumber]
2026-08-08T00:19:24.0873150+00:00 ContainerStream:       FROM [Beneficiaries] AS [b]
2026-08-08T00:19:24.0873236+00:00 ContainerStream:       ORDER BY [b].[Id]
2026-08-08T00:19:30.0431575+00:00 ContainerStream: info: Microsoft.EntityFrameworkCore.Database.Command[20101]
2026-08-08T00:19:30.0432393+00:00 ContainerStream:       Executed DbCommand (2ms) [Parameters=[], CommandType='Text', CommandTimeout='30']
2026-08-08T00:19:30.0432509+00:00 ContainerStream:       SELECT 1
2026-08-08T00:19:30.0452451+00:00 ContainerStream: info: Microsoft.EntityFrameworkCore.Database.Command[20101]
2026-08-08T00:19:30.0452914+00:00 ContainerStream:       Executed DbCommand (2ms) [Parameters=[], CommandType='Text', CommandTimeout='30']
2026-08-08T00:19:30.0452994+00:00 ContainerStream:       SELECT OBJECT_ID(N'[__EFMigrationsHistory]');
2026-08-08T00:19:30.0489703+00:00 ContainerStream: info: Microsoft.EntityFrameworkCore.Database.Command[20101]
2026-08-08T00:19:30.0490112+00:00 ContainerStream:       Executed DbCommand (2ms) [Parameters=[], CommandType='Text', CommandTimeout='30']
2026-08-08T00:19:30.0490237+00:00 ContainerStream:       SELECT [MigrationId], [ProductVersion]
2026-08-08T00:19:30.0490277+00:00 ContainerStream:       FROM [__EFMigrationsHistory]
2026-08-08T00:19:30.0490313+00:00 ContainerStream:       ORDER BY [MigrationId];
2026-08-08T00:19:30.0521375+00:00 ContainerStream: info: Microsoft.EntityFrameworkCore.Database.Command[20101]
2026-08-08T00:19:30.0521940+00:00 ContainerStream:       Executed DbCommand (2ms) [Parameters=[], CommandType='Text', CommandTimeout='30']
2026-08-08T00:19:30.0522020+00:00 ContainerStream:       SELECT TOP(1) [b].[BankAccountNumber]
2026-08-08T00:19:30.0522058+00:00 ContainerStream:       FROM [Beneficiaries] AS [b]
2026-08-08T00:19:30.0522096+00:00 ContainerStream:       ORDER BY [b].[Id]
2026-08-08T00:19:36.2712153+00:00 ContainerStream: info: Microsoft.EntityFrameworkCore.Database.Command[20101]
2026-08-08T00:19:36.2713066+00:00 ContainerStream:       Executed DbCommand (2ms) [Parameters=[], CommandType='Text', CommandTimeout='30']
2026-08-08T00:19:36.2713193+00:00 ContainerStream:       SELECT 1
2026-08-08T00:19:36.2735903+00:00 ContainerStream: info: Microsoft.EntityFrameworkCore.Database.Command[20101]
2026-08-08T00:19:36.2738389+00:00 ContainerStream:       Executed DbCommand (2ms) [Parameters=[], CommandType='Text', CommandTimeout='30']
2026-08-08T00:19:36.2738557+00:00 ContainerStream:       SELECT OBJECT_ID(N'[__EFMigrationsHistory]');
2026-08-08T00:19:36.2773594+00:00 ContainerStream: info: Microsoft.EntityFrameworkCore.Database.Command[20101]
2026-08-08T00:19:36.2773917+00:00 ContainerStream:       Executed DbCommand (2ms) [Parameters=[], CommandType='Text', CommandTimeout='30']
2026-08-08T00:19:36.2773978+00:00 ContainerStream:       SELECT [MigrationId], [ProductVersion]
2026-08-08T00:19:36.2774015+00:00 ContainerStream:       FROM [__EFMigrationsHistory]
2026-08-08T00:19:36.2778726+00:00 ContainerStream:       ORDER BY [MigrationId];
2026-08-08T00:19:36.2796718+00:00 ContainerStream: info: Microsoft.EntityFrameworkCore.Database.Command[20101]
2026-08-08T00:19:36.2796995+00:00 ContainerStream:       Executed DbCommand (2ms) [Parameters=[], CommandType='Text', CommandTimeout='30']
2026-08-08T00:19:36.2797057+00:00 ContainerStream:       SELECT TOP(1) [b].[BankAccountNumber]
2026-08-08T00:19:36.2797139+00:00 ContainerStream:       FROM [Beneficiaries] AS [b]
2026-08-08T00:19:36.2797175+00:00 ContainerStream:       ORDER BY [b].[Id]
2026-08-08T00:19:37.4312880+00:00 ContainerStream: info: Microsoft.EntityFrameworkCore.Database.Command[20101]
2026-08-08T00:19:37.4313530+00:00 ContainerStream:       Executed DbCommand (3ms) [Parameters=[], CommandType='Text', CommandTimeout='30']
2026-08-08T00:19:37.4313633+00:00 ContainerStream:       SELECT 1
2026-08-08T00:19:37.4333378+00:00 ContainerStream: info: Microsoft.EntityFrameworkCore.Database.Command[20101]
2026-08-08T00:19:37.4333905+00:00 ContainerStream:       Executed DbCommand (2ms) [Parameters=[], CommandType='Text', CommandTimeout='30']
2026-08-08T00:19:37.4334001+00:00 ContainerStream:       SELECT OBJECT_ID(N'[__EFMigrationsHistory]');
2026-08-08T00:19:37.4385046+00:00 ContainerStream: info: Microsoft.EntityFrameworkCore.Database.Command[20101]
2026-08-08T00:19:37.4385504+00:00 ContainerStream:       Executed DbCommand (2ms) [Parameters=[], CommandType='Text', CommandTimeout='30']
2026-08-08T00:19:37.4385589+00:00 ContainerStream:       SELECT [MigrationId], [ProductVersion]
2026-08-08T00:19:37.4385632+00:00 ContainerStream:       FROM [__EFMigrationsHistory]
2026-08-08T00:19:37.4385671+00:00 ContainerStream:       ORDER BY [MigrationId];
2026-08-08T00:19:37.4404570+00:00 ContainerStream: info: Microsoft.EntityFrameworkCore.Database.Command[20101]
2026-08-08T00:19:37.4405024+00:00 ContainerStream:       Executed DbCommand (2ms) [Parameters=[], CommandType='Text', CommandTimeout='30']
2026-08-08T00:19:37.4405098+00:00 ContainerStream:       SELECT TOP(1) [b].[BankAccountNumber]
2026-08-08T00:19:37.4405137+00:00 ContainerStream:       FROM [Beneficiaries] AS [b]
2026-08-08T00:19:37.4405173+00:00 ContainerStream:       ORDER BY [b].[Id]
2026-08-08T00:19:40.7456117+00:00 ContainerStream: info: Microsoft.EntityFrameworkCore.Database.Command[20101]
2026-08-08T00:19:40.7456900+00:00 ContainerStream:       Executed DbCommand (2ms) [Parameters=[], CommandType='Text', CommandTimeout='30']
2026-08-08T00:19:40.7457002+00:00 ContainerStream:       SELECT 1
2026-08-08T00:19:40.7487394+00:00 ContainerStream: info: Microsoft.EntityFrameworkCore.Database.Command[20101]
2026-08-08T00:19:40.7487943+00:00 ContainerStream:       Executed DbCommand (2ms) [Parameters=[], CommandType='Text', CommandTimeout='30']
2026-08-08T00:19:40.7488096+00:00 ContainerStream:       SELECT OBJECT_ID(N'[__EFMigrationsHistory]');
2026-08-08T00:19:40.7517211+00:00 ContainerStream: info: Microsoft.EntityFrameworkCore.Database.Command[20101]
2026-08-08T00:19:40.7517575+00:00 ContainerStream:       Executed DbCommand (2ms) [Parameters=[], CommandType='Text', CommandTimeout='30']
2026-08-08T00:19:40.7517655+00:00 ContainerStream:       SELECT [MigrationId], [ProductVersion]
2026-08-08T00:19:40.7517746+00:00 ContainerStream:       FROM [__EFMigrationsHistory]
2026-08-08T00:19:40.7517793+00:00 ContainerStream:       ORDER BY [MigrationId];
2026-08-08T00:19:40.7535679+00:00 ContainerStream: info: Microsoft.EntityFrameworkCore.Database.Command[20101]
2026-08-08T00:19:40.7536001+00:00 ContainerStream:       Executed DbCommand (2ms) [Parameters=[], CommandType='Text', CommandTimeout='30']
2026-08-08T00:19:40.7536067+00:00 ContainerStream:       SELECT TOP(1) [b].[BankAccountNumber]
2026-08-08T00:19:40.7536149+00:00 ContainerStream:       FROM [Beneficiaries] AS [b]
2026-08-08T00:19:40.7536184+00:00 ContainerStream:       ORDER BY [b].[Id]
2026-08-08T00:19:41.3749863+00:00 ContainerStream: info: Microsoft.EntityFrameworkCore.Database.Command[20101]
2026-08-08T00:19:41.3750795+00:00 ContainerStream:       Executed DbCommand (3ms) [Parameters=[], CommandType='Text', CommandTimeout='30']
2026-08-08T00:19:41.3750993+00:00 ContainerStream:       SELECT 1
2026-08-08T00:19:41.3771731+00:00 ContainerStream: info: Microsoft.EntityFrameworkCore.Database.Command[20101]
2026-08-08T00:19:41.3794468+00:00 ContainerStream:       Executed DbCommand (2ms) [Parameters=[], CommandType='Text', CommandTimeout='30']
2026-08-08T00:19:41.3794668+00:00 ContainerStream:       SELECT OBJECT_ID(N'[__EFMigrationsHistory]');
2026-08-08T00:19:41.3816881+00:00 ContainerStream: info: Microsoft.EntityFrameworkCore.Database.Command[20101]
2026-08-08T00:19:41.3817230+00:00 ContainerStream:       Executed DbCommand (2ms) [Parameters=[], CommandType='Text', CommandTimeout='30']
2026-08-08T00:19:41.3817308+00:00 ContainerStream:       SELECT [MigrationId], [ProductVersion]
2026-08-08T00:19:41.3817353+00:00 ContainerStream:       FROM [__EFMigrationsHistory]
2026-08-08T00:19:41.3824188+00:00 ContainerStream:       ORDER BY [MigrationId];
2026-08-08T00:19:41.3840652+00:00 ContainerStream: info: Microsoft.EntityFrameworkCore.Database.Command[20101]
2026-08-08T00:19:41.3840982+00:00 ContainerStream:       Executed DbCommand (2ms) [Parameters=[], CommandType='Text', CommandTimeout='30']
2026-08-08T00:19:41.3841055+00:00 ContainerStream:       SELECT TOP(1) [b].[BankAccountNumber]
2026-08-08T00:19:41.3841093+00:00 ContainerStream:       FROM [Beneficiaries] AS [b]
2026-08-08T00:19:41.3844172+00:00 ContainerStream:       ORDER BY [b].[Id]
2026-08-08T00:19:41.6897194+00:00 ContainerStream: info: Microsoft.EntityFrameworkCore.Database.Command[20101]
2026-08-08T00:19:41.6897929+00:00 ContainerStream:       Executed DbCommand (5ms) [Parameters=[], CommandType='Text', CommandTimeout='30']
2026-08-08T00:19:41.6898037+00:00 ContainerStream:       SELECT 1
2026-08-08T00:19:41.6927945+00:00 ContainerStream: info: Microsoft.EntityFrameworkCore.Database.Command[20101]
2026-08-08T00:19:41.6928479+00:00 ContainerStream:       Executed DbCommand (3ms) [Parameters=[], CommandType='Text', CommandTimeout='30']
2026-08-08T00:19:41.6928569+00:00 ContainerStream:       SELECT OBJECT_ID(N'[__EFMigrationsHistory]');
2026-08-08T00:19:41.6995524+00:00 ContainerStream: info: Microsoft.EntityFrameworkCore.Database.Command[20101]
2026-08-08T00:19:41.6995894+00:00 ContainerStream:       Executed DbCommand (2ms) [Parameters=[], CommandType='Text', CommandTimeout='30']
2026-08-08T00:19:41.6996019+00:00 ContainerStream:       SELECT [MigrationId], [ProductVersion]
2026-08-08T00:19:41.6996062+00:00 ContainerStream:       FROM [__EFMigrationsHistory]
2026-08-08T00:19:41.6996100+00:00 ContainerStream:       ORDER BY [MigrationId];
2026-08-08T00:19:41.7017319+00:00 ContainerStream: info: Microsoft.EntityFrameworkCore.Database.Command[20101]
2026-08-08T00:19:41.7017646+00:00 ContainerStream:       Executed DbCommand (2ms) [Parameters=[], CommandType='Text', CommandTimeout='30']
2026-08-08T00:19:41.7017750+00:00 ContainerStream:       SELECT TOP(1) [b].[BankAccountNumber]
2026-08-08T00:19:41.7017787+00:00 ContainerStream:       FROM [Beneficiaries] AS [b]
2026-08-08T00:19:41.7017822+00:00 ContainerStream:       ORDER BY [b].[Id]
2026-08-08T00:19:45.6174736+00:00 ContainerStream: info: Microsoft.EntityFrameworkCore.Database.Command[20101]
2026-08-08T00:19:45.6175621+00:00 ContainerStream:       Executed DbCommand (2ms) [Parameters=[], CommandType='Text', CommandTimeout='30']
2026-08-08T00:19:45.6175726+00:00 ContainerStream:       SELECT 1
2026-08-08T00:19:45.6207945+00:00 ContainerStream: info: Microsoft.EntityFrameworkCore.Database.Command[20101]
2026-08-08T00:19:45.6208566+00:00 ContainerStream:       Executed DbCommand (2ms) [Parameters=[], CommandType='Text', CommandTimeout='30']
2026-08-08T00:19:45.6208663+00:00 ContainerStream:       SELECT OBJECT_ID(N'[__EFMigrationsHistory]');
2026-08-08T00:19:45.6237182+00:00 ContainerStream: info: Microsoft.EntityFrameworkCore.Database.Command[20101]
2026-08-08T00:19:45.6237589+00:00 ContainerStream:       Executed DbCommand (2ms) [Parameters=[], CommandType='Text', CommandTimeout='30']
2026-08-08T00:19:45.6237729+00:00 ContainerStream:       SELECT [MigrationId], [ProductVersion]
2026-08-08T00:19:45.6237782+00:00 ContainerStream:       FROM [__EFMigrationsHistory]
2026-08-08T00:19:45.6244734+00:00 ContainerStream:       ORDER BY [MigrationId];
2026-08-08T00:19:45.6271195+00:00 ContainerStream: info: Microsoft.EntityFrameworkCore.Database.Command[20101]
2026-08-08T00:19:45.6271417+00:00 ContainerStream:       Executed DbCommand (2ms) [Parameters=[], CommandType='Text', CommandTimeout='30']
2026-08-08T00:19:45.6271497+00:00 ContainerStream:       SELECT TOP(1) [b].[BankAccountNumber]
2026-08-08T00:19:45.6271536+00:00 ContainerStream:       FROM [Beneficiaries] AS [b]
2026-08-08T00:19:45.6271617+00:00 ContainerStream:       ORDER BY [b].[Id]
2026-08-08T00:19:46.2796599+00:00 ContainerStream: info: Microsoft.EntityFrameworkCore.Database.Command[20101]
2026-08-08T00:19:46.2797273+00:00 ContainerStream:       Executed DbCommand (2ms) [Parameters=[], CommandType='Text', CommandTimeout='30']
2026-08-08T00:19:46.2797381+00:00 ContainerStream:       SELECT 1
2026-08-08T00:19:46.2798288+00:00 ContainerStream: info: Microsoft.EntityFrameworkCore.Database.Command[20101]
2026-08-08T00:19:46.2798373+00:00 ContainerStream:       Executed DbCommand (2ms) [Parameters=[], CommandType='Text', CommandTimeout='30']
2026-08-08T00:19:46.2798419+00:00 ContainerStream:       SELECT OBJECT_ID(N'[__EFMigrationsHistory]');
2026-08-08T00:19:46.2848566+00:00 ContainerStream: info: Microsoft.EntityFrameworkCore.Database.Command[20101]
2026-08-08T00:19:46.2849141+00:00 ContainerStream:       Executed DbCommand (2ms) [Parameters=[], CommandType='Text', CommandTimeout='30']
2026-08-08T00:19:46.2849286+00:00 ContainerStream:       SELECT [MigrationId], [ProductVersion]
2026-08-08T00:19:46.2849326+00:00 ContainerStream:       FROM [__EFMigrationsHistory]
2026-08-08T00:19:46.2855633+00:00 ContainerStream:       ORDER BY [MigrationId];
2026-08-08T00:19:46.2880719+00:00 ContainerStream: info: Microsoft.EntityFrameworkCore.Database.Command[20101]
2026-08-08T00:19:46.2881130+00:00 ContainerStream:       Executed DbCommand (2ms) [Parameters=[], CommandType='Text', CommandTimeout='30']
2026-08-08T00:19:46.2881207+00:00 ContainerStream:       SELECT TOP(1) [b].[BankAccountNumber]
2026-08-08T00:19:46.2881562+00:00 ContainerStream:       FROM [Beneficiaries] AS [b]
2026-08-08T00:19:46.2881611+00:00 ContainerStream:       ORDER BY [b].[Id]
2026-08-08T00:19:48.2612694+00:00 ContainerStream: info: Microsoft.EntityFrameworkCore.Database.Command[20101]
2026-08-08T00:19:48.2613519+00:00 ContainerStream:       Executed DbCommand (2ms) [Parameters=[], CommandType='Text', CommandTimeout='30']
2026-08-08T00:19:48.2613624+00:00 ContainerStream:       SELECT 1
2026-08-08T00:19:48.2635004+00:00 ContainerStream: info: Microsoft.EntityFrameworkCore.Database.Command[20101]
2026-08-08T00:19:48.2635575+00:00 ContainerStream:       Executed DbCommand (2ms) [Parameters=[], CommandType='Text', CommandTimeout='30']
2026-08-08T00:19:48.2635708+00:00 ContainerStream:       SELECT OBJECT_ID(N'[__EFMigrationsHistory]');
2026-08-08T00:19:48.2688198+00:00 ContainerStream: info: Microsoft.EntityFrameworkCore.Database.Command[20101]
2026-08-08T00:19:48.2688519+00:00 ContainerStream:       Executed DbCommand (2ms) [Parameters=[], CommandType='Text', CommandTimeout='30']
2026-08-08T00:19:48.2688598+00:00 ContainerStream:       SELECT [MigrationId], [ProductVersion]
2026-08-08T00:19:48.2688680+00:00 ContainerStream:       FROM [__EFMigrationsHistory]
2026-08-08T00:19:48.2696547+00:00 ContainerStream:       ORDER BY [MigrationId];
2026-08-08T00:19:48.2720269+00:00 ContainerStream: info: Microsoft.EntityFrameworkCore.Database.Command[20101]
2026-08-08T00:19:48.2720587+00:00 ContainerStream:       Executed DbCommand (3ms) [Parameters=[], CommandType='Text', CommandTimeout='30']
2026-08-08T00:19:48.2720673+00:00 ContainerStream:       SELECT TOP(1) [b].[BankAccountNumber]
2026-08-08T00:19:48.2720888+00:00 ContainerStream:       FROM [Beneficiaries] AS [b]
2026-08-08T00:19:48.2720935+00:00 ContainerStream:       ORDER BY [b].[Id]
2026-08-08T00:19:51.9532809+00:00 ContainerStream: info: Microsoft.EntityFrameworkCore.Database.Command[20101]
2026-08-08T00:19:51.9533588+00:00 ContainerStream:       Executed DbCommand (3ms) [Parameters=[], CommandType='Text', CommandTimeout='30']
2026-08-08T00:19:51.9533697+00:00 ContainerStream:       SELECT 1
2026-08-08T00:19:51.9558468+00:00 ContainerStream: info: Microsoft.EntityFrameworkCore.Database.Command[20101]
2026-08-08T00:19:51.9558851+00:00 ContainerStream:       Executed DbCommand (2ms) [Parameters=[], CommandType='Text', CommandTimeout='30']
2026-08-08T00:19:51.9558942+00:00 ContainerStream:       SELECT OBJECT_ID(N'[__EFMigrationsHistory]');
2026-08-08T00:19:51.9601374+00:00 ContainerStream: info: Microsoft.EntityFrameworkCore.Database.Command[20101]
2026-08-08T00:19:51.9601805+00:00 ContainerStream:       Executed DbCommand (2ms) [Parameters=[], CommandType='Text', CommandTimeout='30']
2026-08-08T00:19:51.9601882+00:00 ContainerStream:       SELECT [MigrationId], [ProductVersion]
2026-08-08T00:19:51.9601926+00:00 ContainerStream:       FROM [__EFMigrationsHistory]
2026-08-08T00:19:51.9603173+00:00 ContainerStream:       ORDER BY [MigrationId];
2026-08-08T00:19:51.9637996+00:00 ContainerStream: info: Microsoft.EntityFrameworkCore.Database.Command[20101]
2026-08-08T00:19:51.9638309+00:00 ContainerStream:       Executed DbCommand (2ms) [Parameters=[], CommandType='Text', CommandTimeout='30']
2026-08-08T00:19:51.9638383+00:00 ContainerStream:       SELECT TOP(1) [b].[BankAccountNumber]
2026-08-08T00:19:51.9638422+00:00 ContainerStream:       FROM [Beneficiaries] AS [b]
2026-08-08T00:19:51.9638461+00:00 ContainerStream:       ORDER BY [b].[Id]
2026-08-08T00:19:54.3174958+00:00 ContainerStream: info: Microsoft.EntityFrameworkCore.Database.Command[20101]
2026-08-08T00:19:54.3175956+00:00 ContainerStream:       Executed DbCommand (6ms) [Parameters=[], CommandType='Text', CommandTimeout='30']
2026-08-08T00:19:54.3176095+00:00 ContainerStream:       SELECT 1
2026-08-08T00:19:54.3199551+00:00 ContainerStream: info: Microsoft.EntityFrameworkCore.Database.Command[20101]
2026-08-08T00:19:54.3200056+00:00 ContainerStream:       Executed DbCommand (3ms) [Parameters=[], CommandType='Text', CommandTimeout='30']
2026-08-08T00:19:54.3200192+00:00 ContainerStream:       SELECT OBJECT_ID(N'[__EFMigrationsHistory]');
2026-08-08T00:19:54.3247627+00:00 ContainerStream: info: Microsoft.EntityFrameworkCore.Database.Command[20101]
2026-08-08T00:19:54.3248196+00:00 ContainerStream:       Executed DbCommand (2ms) [Parameters=[], CommandType='Text', CommandTimeout='30']
2026-08-08T00:19:54.3248280+00:00 ContainerStream:       SELECT [MigrationId], [ProductVersion]
2026-08-08T00:19:54.3248379+00:00 ContainerStream:       FROM [__EFMigrationsHistory]
2026-08-08T00:19:54.3248426+00:00 ContainerStream:       ORDER BY [MigrationId];
2026-08-08T00:19:54.3274321+00:00 ContainerStream: info: Microsoft.EntityFrameworkCore.Database.Command[20101]
2026-08-08T00:19:54.3274694+00:00 ContainerStream:       Executed DbCommand (2ms) [Parameters=[], CommandType='Text', CommandTimeout='30']
2026-08-08T00:19:54.3274768+00:00 ContainerStream:       SELECT TOP(1) [b].[BankAccountNumber]
2026-08-08T00:19:54.3274945+00:00 ContainerStream:       FROM [Beneficiaries] AS [b]
2026-08-08T00:19:54.3274990+00:00 ContainerStream:       ORDER BY [b].[Id]
2026-08-08T00:19:55.3432134+00:00 ContainerStream: info: Microsoft.EntityFrameworkCore.Database.Command[20101]
2026-08-08T00:19:55.3432908+00:00 ContainerStream:       Executed DbCommand (3ms) [Parameters=[], CommandType='Text', CommandTimeout='30']
2026-08-08T00:19:55.3433091+00:00 ContainerStream:       SELECT 1
2026-08-08T00:19:55.3462074+00:00 ContainerStream: info: Microsoft.EntityFrameworkCore.Database.Command[20101]
2026-08-08T00:19:55.3462643+00:00 ContainerStream:       Executed DbCommand (3ms) [Parameters=[], CommandType='Text', CommandTimeout='30']
2026-08-08T00:19:55.3462735+00:00 ContainerStream:       SELECT OBJECT_ID(N'[__EFMigrationsHistory]');
2026-08-08T00:19:55.3508545+00:00 ContainerStream: info: Microsoft.EntityFrameworkCore.Database.Command[20101]
2026-08-08T00:19:55.3508956+00:00 ContainerStream:       Executed DbCommand (2ms) [Parameters=[], CommandType='Text', CommandTimeout='30']
2026-08-08T00:19:55.3509037+00:00 ContainerStream:       SELECT [MigrationId], [ProductVersion]
2026-08-08T00:19:55.3509086+00:00 ContainerStream:       FROM [__EFMigrationsHistory]
2026-08-08T00:19:55.3509131+00:00 ContainerStream:       ORDER BY [MigrationId];
2026-08-08T00:19:55.3538791+00:00 ContainerStream: info: Microsoft.EntityFrameworkCore.Database.Command[20101]
2026-08-08T00:19:55.3539181+00:00 ContainerStream:       Executed DbCommand (2ms) [Parameters=[], CommandType='Text', CommandTimeout='30']
2026-08-08T00:19:55.3539372+00:00 ContainerStream:       SELECT TOP(1) [b].[BankAccountNumber]
2026-08-08T00:19:55.3539422+00:00 ContainerStream:       FROM [Beneficiaries] AS [b]
2026-08-08T00:19:55.3539464+00:00 ContainerStream:       ORDER BY [b].[Id]
2026-08-08T00:19:56.7967665+00:00 ContainerStream: info: Microsoft.EntityFrameworkCore.Database.Command[20101]
2026-08-08T00:19:56.7968620+00:00 ContainerStream:       Executed DbCommand (4ms) [Parameters=[], CommandType='Text', CommandTimeout='30']
2026-08-08T00:19:56.7968726+00:00 ContainerStream:       SELECT 1
2026-08-08T00:19:56.8036804+00:00 ContainerStream: info: Microsoft.EntityFrameworkCore.Database.Command[20101]
2026-08-08T00:19:56.8037832+00:00 ContainerStream:       Executed DbCommand (6ms) [Parameters=[], CommandType='Text', CommandTimeout='30']
2026-08-08T00:19:56.8037935+00:00 ContainerStream:       SELECT OBJECT_ID(N'[__EFMigrationsHistory]');
2026-08-08T00:19:56.8056660+00:00 ContainerStream: info: Microsoft.EntityFrameworkCore.Database.Command[20101]
2026-08-08T00:19:56.8058675+00:00 ContainerStream:       Executed DbCommand (2ms) [Parameters=[], CommandType='Text', CommandTimeout='30']
2026-08-08T00:19:56.8058842+00:00 ContainerStream:       SELECT [MigrationId], [ProductVersion]
2026-08-08T00:19:56.8058893+00:00 ContainerStream:       FROM [__EFMigrationsHistory]
2026-08-08T00:19:56.8064849+00:00 ContainerStream:       ORDER BY [MigrationId];
2026-08-08T00:19:56.8122421+00:00 ContainerStream: info: Microsoft.EntityFrameworkCore.Database.Command[20101]
2026-08-08T00:19:56.8122806+00:00 ContainerStream:       Executed DbCommand (5ms) [Parameters=[], CommandType='Text', CommandTimeout='30']
2026-08-08T00:19:56.8125189+00:00 ContainerStream:       SELECT TOP(1) [b].[BankAccountNumber]
2026-08-08T00:19:56.8125321+00:00 ContainerStream:       FROM [Beneficiaries] AS [b]
2026-08-08T00:19:56.8125371+00:00 ContainerStream:       ORDER BY [b].[Id]
2026-08-08T00:19:58.3212551+00:00 ContainerStream: info: Microsoft.EntityFrameworkCore.Database.Command[20101]
2026-08-08T00:19:58.3213360+00:00 ContainerStream:       Executed DbCommand (2ms) [Parameters=[], CommandType='Text', CommandTimeout='30']
2026-08-08T00:19:58.3213468+00:00 ContainerStream:       SELECT 1
2026-08-08T00:19:58.3245405+00:00 ContainerStream: info: Microsoft.EntityFrameworkCore.Database.Command[20101]
2026-08-08T00:19:58.3246063+00:00 ContainerStream:       Executed DbCommand (2ms) [Parameters=[], CommandType='Text', CommandTimeout='30']
2026-08-08T00:19:58.3246230+00:00 ContainerStream:       SELECT OBJECT_ID(N'[__EFMigrationsHistory]');
2026-08-08T00:19:58.3282001+00:00 ContainerStream: info: Microsoft.EntityFrameworkCore.Database.Command[20101]
2026-08-08T00:19:58.3282347+00:00 ContainerStream:       Executed DbCommand (2ms) [Parameters=[], CommandType='Text', CommandTimeout='30']
2026-08-08T00:19:58.3282409+00:00 ContainerStream:       SELECT [MigrationId], [ProductVersion]
2026-08-08T00:19:58.3283068+00:00 ContainerStream:       FROM [__EFMigrationsHistory]
2026-08-08T00:19:58.3283324+00:00 ContainerStream:       ORDER BY [MigrationId];
2026-08-08T00:19:58.3316816+00:00 ContainerStream: info: Microsoft.EntityFrameworkCore.Database.Command[20101]
2026-08-08T00:19:58.3317215+00:00 ContainerStream:       Executed DbCommand (2ms) [Parameters=[], CommandType='Text', CommandTimeout='30']
2026-08-08T00:19:58.3317280+00:00 ContainerStream:       SELECT TOP(1) [b].[BankAccountNumber]
2026-08-08T00:19:58.3317351+00:00 ContainerStream:       FROM [Beneficiaries] AS [b]
2026-08-08T00:19:58.3317388+00:00 ContainerStream:       ORDER BY [b].[Id]
2026-08-08T00:20:04.3847572+00:00 ContainerStream: info: Microsoft.EntityFrameworkCore.Database.Command[20101]
2026-08-08T00:20:04.3848456+00:00 ContainerStream:       Executed DbCommand (5ms) [Parameters=[], CommandType='Text', CommandTimeout='30']
2026-08-08T00:20:04.3848586+00:00 ContainerStream:       SELECT 1
2026-08-08T00:20:04.3902829+00:00 ContainerStream: info: Microsoft.EntityFrameworkCore.Database.Command[20101]
2026-08-08T00:20:04.3903339+00:00 ContainerStream:       Executed DbCommand (4ms) [Parameters=[], CommandType='Text', CommandTimeout='30']
2026-08-08T00:20:04.3903426+00:00 ContainerStream:       SELECT OBJECT_ID(N'[__EFMigrationsHistory]');
2026-08-08T00:20:04.3920589+00:00 ContainerStream: info: Microsoft.EntityFrameworkCore.Database.Command[20101]
2026-08-08T00:20:04.3920984+00:00 ContainerStream:       Executed DbCommand (2ms) [Parameters=[], CommandType='Text', CommandTimeout='30']
2026-08-08T00:20:04.3921060+00:00 ContainerStream:       SELECT [MigrationId], [ProductVersion]
2026-08-08T00:20:04.3921104+00:00 ContainerStream:       FROM [__EFMigrationsHistory]
2026-08-08T00:20:04.3929725+00:00 ContainerStream:       ORDER BY [MigrationId];
2026-08-08T00:20:04.3957823+00:00 ContainerStream: info: Microsoft.EntityFrameworkCore.Database.Command[20101]
2026-08-08T00:20:04.3958118+00:00 ContainerStream:       Executed DbCommand (2ms) [Parameters=[], CommandType='Text', CommandTimeout='30']
2026-08-08T00:20:04.3958186+00:00 ContainerStream:       SELECT TOP(1) [b].[BankAccountNumber]
2026-08-08T00:20:04.3958233+00:00 ContainerStream:       FROM [Beneficiaries] AS [b]
2026-08-08T00:20:04.3958278+00:00 ContainerStream:       ORDER BY [b].[Id]
2026-08-08T00:20:08.8148279+00:00 ContainerStream: info: Microsoft.EntityFrameworkCore.Database.Command[20101]
2026-08-08T00:20:08.8149187+00:00 ContainerStream:       Executed DbCommand (2ms) [Parameters=[], CommandType='Text', CommandTimeout='30']
2026-08-08T00:20:08.8149320+00:00 ContainerStream:       SELECT 1
2026-08-08T00:20:08.8169507+00:00 ContainerStream: info: Microsoft.EntityFrameworkCore.Database.Command[20101]
2026-08-08T00:20:08.8170022+00:00 ContainerStream:       Executed DbCommand (2ms) [Parameters=[], CommandType='Text', CommandTimeout='30']
2026-08-08T00:20:08.8170110+00:00 ContainerStream:       SELECT OBJECT_ID(N'[__EFMigrationsHistory]');
2026-08-08T00:20:08.8208713+00:00 ContainerStream: info: Microsoft.EntityFrameworkCore.Database.Command[20101]
2026-08-08T00:20:08.8209055+00:00 ContainerStream:       Executed DbCommand (2ms) [Parameters=[], CommandType='Text', CommandTimeout='30']
2026-08-08T00:20:08.8209124+00:00 ContainerStream:       SELECT [MigrationId], [ProductVersion]
2026-08-08T00:20:08.8209205+00:00 ContainerStream:       FROM [__EFMigrationsHistory]
2026-08-08T00:20:08.8209246+00:00 ContainerStream:       ORDER BY [MigrationId];
2026-08-08T00:20:08.8231274+00:00 ContainerStream: info: Microsoft.EntityFrameworkCore.Database.Command[20101]
2026-08-08T00:20:08.8231588+00:00 ContainerStream:       Executed DbCommand (2ms) [Parameters=[], CommandType='Text', CommandTimeout='30']
2026-08-08T00:20:08.8231700+00:00 ContainerStream:       SELECT TOP(1) [b].[BankAccountNumber]
2026-08-08T00:20:08.8231744+00:00 ContainerStream:       FROM [Beneficiaries] AS [b]
2026-08-08T00:20:08.8231782+00:00 ContainerStream:       ORDER BY [b].[Id]
2026-08-08T00:20:09.6014110+00:00 ContainerStream: info: Microsoft.EntityFrameworkCore.Database.Command[20101]
2026-08-08T00:20:09.6014912+00:00 ContainerStream:       Executed DbCommand (2ms) [Parameters=[], CommandType='Text', CommandTimeout='30']
2026-08-08T00:20:09.6015070+00:00 ContainerStream:       SELECT 1
2026-08-08T00:20:09.6033591+00:00 ContainerStream: info: Microsoft.EntityFrameworkCore.Database.Command[20101]
2026-08-08T00:20:09.6034152+00:00 ContainerStream:       Executed DbCommand (2ms) [Parameters=[], CommandType='Text', CommandTimeout='30']
2026-08-08T00:20:09.6034234+00:00 ContainerStream:       SELECT OBJECT_ID(N'[__EFMigrationsHistory]');
2026-08-08T00:20:09.6065708+00:00 ContainerStream: info: Microsoft.EntityFrameworkCore.Database.Command[20101]
2026-08-08T00:20:09.6066033+00:00 ContainerStream:       Executed DbCommand (2ms) [Parameters=[], CommandType='Text', CommandTimeout='30']
2026-08-08T00:20:09.6066096+00:00 ContainerStream:       SELECT [MigrationId], [ProductVersion]
2026-08-08T00:20:09.6066132+00:00 ContainerStream:       FROM [__EFMigrationsHistory]
2026-08-08T00:20:09.6072560+00:00 ContainerStream:       ORDER BY [MigrationId];
2026-08-08T00:20:09.6089212+00:00 ContainerStream: info: Microsoft.EntityFrameworkCore.Database.Command[20101]
2026-08-08T00:20:09.6089499+00:00 ContainerStream:       Executed DbCommand (2ms) [Parameters=[], CommandType='Text', CommandTimeout='30']
2026-08-08T00:20:09.6089559+00:00 ContainerStream:       SELECT TOP(1) [b].[BankAccountNumber]
2026-08-08T00:20:09.6089595+00:00 ContainerStream:       FROM [Beneficiaries] AS [b]
2026-08-08T00:20:09.6089673+00:00 ContainerStream:       ORDER BY [b].[Id]
2026-08-08T00:20:14.4873008+00:00 ContainerStream: info: Microsoft.EntityFrameworkCore.Database.Command[20101]
2026-08-08T00:20:14.4873890+00:00 ContainerStream:       Executed DbCommand (3ms) [Parameters=[], CommandType='Text', CommandTimeout='30']
2026-08-08T00:20:14.4873996+00:00 ContainerStream:       SELECT 1
2026-08-08T00:20:14.4907509+00:00 ContainerStream: info: Microsoft.EntityFrameworkCore.Database.Command[20101]
2026-08-08T00:20:14.4908159+00:00 ContainerStream:       Executed DbCommand (2ms) [Parameters=[], CommandType='Text', CommandTimeout='30']
2026-08-08T00:20:14.4908237+00:00 ContainerStream:       SELECT OBJECT_ID(N'[__EFMigrationsHistory]');
2026-08-08T00:20:14.4933801+00:00 ContainerStream: info: Microsoft.EntityFrameworkCore.Database.Command[20101]
2026-08-08T00:20:14.4934133+00:00 ContainerStream:       Executed DbCommand (2ms) [Parameters=[], CommandType='Text', CommandTimeout='30']
2026-08-08T00:20:14.4934238+00:00 ContainerStream:       SELECT [MigrationId], [ProductVersion]
2026-08-08T00:20:14.4934376+00:00 ContainerStream:       FROM [__EFMigrationsHistory]
2026-08-08T00:20:14.4941168+00:00 ContainerStream:       ORDER BY [MigrationId];
2026-08-08T00:20:14.4983272+00:00 ContainerStream: info: Microsoft.EntityFrameworkCore.Database.Command[20101]
2026-08-08T00:20:14.4983637+00:00 ContainerStream:       Executed DbCommand (2ms) [Parameters=[], CommandType='Text', CommandTimeout='30']
2026-08-08T00:20:14.4983709+00:00 ContainerStream:       SELECT TOP(1) [b].[BankAccountNumber]
2026-08-08T00:20:14.4983747+00:00 ContainerStream:       FROM [Beneficiaries] AS [b]
2026-08-08T00:20:14.4983786+00:00 ContainerStream:       ORDER BY [b].[Id]
2026-08-08T00:20:20.3874276+00:00 ContainerStream: info: Microsoft.EntityFrameworkCore.Database.Command[20101]
2026-08-08T00:20:20.3875181+00:00 ContainerStream:       Executed DbCommand (3ms) [Parameters=[], CommandType='Text', CommandTimeout='30']
2026-08-08T00:20:20.3875289+00:00 ContainerStream:       SELECT 1
2026-08-08T00:20:20.3895870+00:00 ContainerStream: info: Microsoft.EntityFrameworkCore.Database.Command[20101]
2026-08-08T00:20:20.3896426+00:00 ContainerStream:       Executed DbCommand (2ms) [Parameters=[], CommandType='Text', CommandTimeout='30']
2026-08-08T00:20:20.3896570+00:00 ContainerStream:       SELECT OBJECT_ID(N'[__EFMigrationsHistory]');
2026-08-08T00:20:20.3931314+00:00 ContainerStream: info: Microsoft.EntityFrameworkCore.Database.Command[20101]
2026-08-08T00:20:20.3931724+00:00 ContainerStream:       Executed DbCommand (2ms) [Parameters=[], CommandType='Text', CommandTimeout='30']
2026-08-08T00:20:20.3931804+00:00 ContainerStream:       SELECT [MigrationId], [ProductVersion]
2026-08-08T00:20:20.3931849+00:00 ContainerStream:       FROM [__EFMigrationsHistory]
2026-08-08T00:20:20.3931955+00:00 ContainerStream:       ORDER BY [MigrationId];
2026-08-08T00:20:20.3965955+00:00 ContainerStream: info: Microsoft.EntityFrameworkCore.Database.Command[20101]
2026-08-08T00:20:20.3966270+00:00 ContainerStream:       Executed DbCommand (2ms) [Parameters=[], CommandType='Text', CommandTimeout='30']
2026-08-08T00:20:20.3966322+00:00 ContainerStream:       SELECT TOP(1) [b].[BankAccountNumber]
2026-08-08T00:20:20.3966351+00:00 ContainerStream:       FROM [Beneficiaries] AS [b]
2026-08-08T00:20:20.3966420+00:00 ContainerStream:       ORDER BY [b].[Id]
2026-08-08T00:20:22.8249613+00:00 ContainerStream: info: Microsoft.EntityFrameworkCore.Database.Command[20101]
2026-08-08T00:20:22.8250413+00:00 ContainerStream:       Executed DbCommand (2ms) [Parameters=[], CommandType='Text', CommandTimeout='30']
2026-08-08T00:20:22.8250529+00:00 ContainerStream:       SELECT 1
2026-08-08T00:20:22.8267616+00:00 ContainerStream: info: Microsoft.EntityFrameworkCore.Database.Command[20101]
2026-08-08T00:20:22.8268160+00:00 ContainerStream:       Executed DbCommand (2ms) [Parameters=[], CommandType='Text', CommandTimeout='30']
2026-08-08T00:20:22.8268270+00:00 ContainerStream:       SELECT OBJECT_ID(N'[__EFMigrationsHistory]');
2026-08-08T00:20:22.8305108+00:00 ContainerStream: info: Microsoft.EntityFrameworkCore.Database.Command[20101]
2026-08-08T00:20:22.8305542+00:00 ContainerStream:       Executed DbCommand (2ms) [Parameters=[], CommandType='Text', CommandTimeout='30']
2026-08-08T00:20:22.8305635+00:00 ContainerStream:       SELECT [MigrationId], [ProductVersion]
2026-08-08T00:20:22.8305695+00:00 ContainerStream:       FROM [__EFMigrationsHistory]
2026-08-08T00:20:22.8314517+00:00 ContainerStream:       ORDER BY [MigrationId];
2026-08-08T00:20:22.8331151+00:00 ContainerStream: info: Microsoft.EntityFrameworkCore.Database.Command[20101]
2026-08-08T00:20:22.8331439+00:00 ContainerStream:       Executed DbCommand (2ms) [Parameters=[], CommandType='Text', CommandTimeout='30']
2026-08-08T00:20:22.8331506+00:00 ContainerStream:       SELECT TOP(1) [b].[BankAccountNumber]
2026-08-08T00:20:22.8331544+00:00 ContainerStream:       FROM [Beneficiaries] AS [b]
2026-08-08T00:20:22.8331581+00:00 ContainerStream:       ORDER BY [b].[Id]
2026-08-08T00:20:26.3941566+00:00 ContainerStream: info: Microsoft.EntityFrameworkCore.Database.Command[20101]
2026-08-08T00:20:26.3942347+00:00 ContainerStream:       Executed DbCommand (2ms) [Parameters=[], CommandType='Text', CommandTimeout='30']
2026-08-08T00:20:26.3942477+00:00 ContainerStream:       SELECT 1
2026-08-08T00:20:26.3960798+00:00 ContainerStream: info: Microsoft.EntityFrameworkCore.Database.Command[20101]
2026-08-08T00:20:26.3961229+00:00 ContainerStream:       Executed DbCommand (2ms) [Parameters=[], CommandType='Text', CommandTimeout='30']
2026-08-08T00:20:26.3961305+00:00 ContainerStream:       SELECT OBJECT_ID(N'[__EFMigrationsHistory]');
2026-08-08T00:20:26.4002671+00:00 ContainerStream: info: Microsoft.EntityFrameworkCore.Database.Command[20101]
2026-08-08T00:20:26.4003112+00:00 ContainerStream:       Executed DbCommand (2ms) [Parameters=[], CommandType='Text', CommandTimeout='30']
2026-08-08T00:20:26.4003187+00:00 ContainerStream:       SELECT [MigrationId], [ProductVersion]
2026-08-08T00:20:26.4003227+00:00 ContainerStream:       FROM [__EFMigrationsHistory]
2026-08-08T00:20:26.4003316+00:00 ContainerStream:       ORDER BY [MigrationId];
2026-08-08T00:20:26.4026377+00:00 ContainerStream: info: Microsoft.EntityFrameworkCore.Database.Command[20101]
2026-08-08T00:20:26.4031729+00:00 ContainerStream:       Executed DbCommand (2ms) [Parameters=[], CommandType='Text', CommandTimeout='30']
2026-08-08T00:20:26.4031994+00:00 ContainerStream:       SELECT TOP(1) [b].[BankAccountNumber]
2026-08-08T00:20:26.4032054+00:00 ContainerStream:       FROM [Beneficiaries] AS [b]
2026-08-08T00:20:26.4032128+00:00 ContainerStream:       ORDER BY [b].[Id]
2026-08-08T00:20:27.4370640+00:00 ContainerStream: info: Microsoft.EntityFrameworkCore.Database.Command[20101]
2026-08-08T00:20:27.4371183+00:00 ContainerStream:       Executed DbCommand (2ms) [Parameters=[], CommandType='Text', CommandTimeout='30']
2026-08-08T00:20:27.4371293+00:00 ContainerStream:       SELECT 1
2026-08-08T00:20:27.4371355+00:00 ContainerStream: info: Microsoft.EntityFrameworkCore.Database.Command[20101]
2026-08-08T00:20:27.4372369+00:00 ContainerStream:       Executed DbCommand (2ms) [Parameters=[], CommandType='Text', CommandTimeout='30']
2026-08-08T00:20:27.4372477+00:00 ContainerStream:       SELECT OBJECT_ID(N'[__EFMigrationsHistory]');
2026-08-08T00:20:27.4399585+00:00 ContainerStream: info: Microsoft.EntityFrameworkCore.Database.Command[20101]
2026-08-08T00:20:27.4401313+00:00 ContainerStream:       Executed DbCommand (3ms) [Parameters=[], CommandType='Text', CommandTimeout='30']
2026-08-08T00:20:27.4401452+00:00 ContainerStream:       SELECT [MigrationId], [ProductVersion]
2026-08-08T00:20:27.4402588+00:00 ContainerStream:       FROM [__EFMigrationsHistory]
2026-08-08T00:20:27.4622604+00:00 ContainerStream:       ORDER BY [MigrationId];
2026-08-08T00:20:27.4623161+00:00 ContainerStream: info: Microsoft.EntityFrameworkCore.Database.Command[20101]
2026-08-08T00:20:27.4623231+00:00 ContainerStream:       Executed DbCommand (2ms) [Parameters=[], CommandType='Text', CommandTimeout='30']
2026-08-08T00:20:27.4623342+00:00 ContainerStream:       SELECT TOP(1) [b].[BankAccountNumber]
2026-08-08T00:20:27.4623377+00:00 ContainerStream:       FROM [Beneficiaries] AS [b]
2026-08-08T00:20:27.4623411+00:00 ContainerStream:       ORDER BY [b].[Id]
2026-08-08T00:20:29.3643191+00:00 ContainerStream: info: Microsoft.EntityFrameworkCore.Database.Command[20101]
2026-08-08T00:20:29.3644130+00:00 ContainerStream:       Executed DbCommand (2ms) [Parameters=[], CommandType='Text', CommandTimeout='30']
2026-08-08T00:20:29.3644256+00:00 ContainerStream:       SELECT 1
2026-08-08T00:20:29.3669843+00:00 ContainerStream: info: Microsoft.EntityFrameworkCore.Database.Command[20101]
2026-08-08T00:20:29.3670339+00:00 ContainerStream:       Executed DbCommand (2ms) [Parameters=[], CommandType='Text', CommandTimeout='30']
2026-08-08T00:20:29.3670432+00:00 ContainerStream:       SELECT OBJECT_ID(N'[__EFMigrationsHistory]');
2026-08-08T00:20:29.3702299+00:00 ContainerStream: info: Microsoft.EntityFrameworkCore.Database.Command[20101]
2026-08-08T00:20:29.3702718+00:00 ContainerStream:       Executed DbCommand (2ms) [Parameters=[], CommandType='Text', CommandTimeout='30']
2026-08-08T00:20:29.3702794+00:00 ContainerStream:       SELECT [MigrationId], [ProductVersion]
2026-08-08T00:20:29.3702840+00:00 ContainerStream:       FROM [__EFMigrationsHistory]
2026-08-08T00:20:29.3702930+00:00 ContainerStream:       ORDER BY [MigrationId];
2026-08-08T00:20:29.3730084+00:00 ContainerStream: info: Microsoft.EntityFrameworkCore.Database.Command[20101]
2026-08-08T00:20:29.3730448+00:00 ContainerStream:       Executed DbCommand (2ms) [Parameters=[], CommandType='Text', CommandTimeout='30']
2026-08-08T00:20:29.3730524+00:00 ContainerStream:       SELECT TOP(1) [b].[BankAccountNumber]
2026-08-08T00:20:29.3730567+00:00 ContainerStream:       FROM [Beneficiaries] AS [b]
2026-08-08T00:20:29.3730655+00:00 ContainerStream:       ORDER BY [b].[Id]
2026-08-08T00:20:30.0874519+00:00 ContainerStream: info: Microsoft.EntityFrameworkCore.Database.Command[20101]
2026-08-08T00:20:30.0875279+00:00 ContainerStream:       Executed DbCommand (3ms) [Parameters=[], CommandType='Text', CommandTimeout='30']
2026-08-08T00:20:30.0875401+00:00 ContainerStream:       SELECT 1
2026-08-08T00:20:30.0897908+00:00 ContainerStream: info: Microsoft.EntityFrameworkCore.Database.Command[20101]
2026-08-08T00:20:30.0898434+00:00 ContainerStream:       Executed DbCommand (2ms) [Parameters=[], CommandType='Text', CommandTimeout='30']
2026-08-08T00:20:30.0898528+00:00 ContainerStream:       SELECT OBJECT_ID(N'[__EFMigrationsHistory]');
2026-08-08T00:20:30.0931970+00:00 ContainerStream: info: Microsoft.EntityFrameworkCore.Database.Command[20101]
2026-08-08T00:20:30.0932438+00:00 ContainerStream:       Executed DbCommand (2ms) [Parameters=[], CommandType='Text', CommandTimeout='30']
2026-08-08T00:20:30.0932582+00:00 ContainerStream:       SELECT [MigrationId], [ProductVersion]
2026-08-08T00:20:30.0932626+00:00 ContainerStream:       FROM [__EFMigrationsHistory]
2026-08-08T00:20:30.0932674+00:00 ContainerStream:       ORDER BY [MigrationId];
2026-08-08T00:20:30.0961915+00:00 ContainerStream: info: Microsoft.EntityFrameworkCore.Database.Command[20101]
2026-08-08T00:20:30.0962297+00:00 ContainerStream:       Executed DbCommand (2ms) [Parameters=[], CommandType='Text', CommandTimeout='30']
2026-08-08T00:20:30.0962404+00:00 ContainerStream:       SELECT TOP(1) [b].[BankAccountNumber]
2026-08-08T00:20:30.0962443+00:00 ContainerStream:       FROM [Beneficiaries] AS [b]
2026-08-08T00:20:30.0962504+00:00 ContainerStream:       ORDER BY [b].[Id]
2026-08-08T00:20:32.2151161+00:00 ContainerStream: info: Microsoft.EntityFrameworkCore.Database.Command[20101]
2026-08-08T00:20:32.2152111+00:00 ContainerStream:       Executed DbCommand (2ms) [Parameters=[], CommandType='Text', CommandTimeout='30']
2026-08-08T00:20:32.2152245+00:00 ContainerStream:       SELECT 1
2026-08-08T00:20:32.2172639+00:00 ContainerStream: info: Microsoft.EntityFrameworkCore.Database.Command[20101]
2026-08-08T00:20:32.2174958+00:00 ContainerStream:       Executed DbCommand (2ms) [Parameters=[], CommandType='Text', CommandTimeout='30']
2026-08-08T00:20:32.2175061+00:00 ContainerStream:       SELECT OBJECT_ID(N'[__EFMigrationsHistory]');
2026-08-08T00:20:32.2210870+00:00 ContainerStream: info: Microsoft.EntityFrameworkCore.Database.Command[20101]
2026-08-08T00:20:32.2211232+00:00 ContainerStream:       Executed DbCommand (2ms) [Parameters=[], CommandType='Text', CommandTimeout='30']
2026-08-08T00:20:32.2211298+00:00 ContainerStream:       SELECT [MigrationId], [ProductVersion]
2026-08-08T00:20:32.2211336+00:00 ContainerStream:       FROM [__EFMigrationsHistory]
2026-08-08T00:20:32.2215815+00:00 ContainerStream:       ORDER BY [MigrationId];
2026-08-08T00:20:32.2227799+00:00 ContainerStream: info: Microsoft.EntityFrameworkCore.Database.Command[20101]
2026-08-08T00:20:32.2228084+00:00 ContainerStream:       Executed DbCommand (2ms) [Parameters=[], CommandType='Text', CommandTimeout='30']
2026-08-08T00:20:32.2228155+00:00 ContainerStream:       SELECT TOP(1) [b].[BankAccountNumber]
2026-08-08T00:20:32.2228202+00:00 ContainerStream:       FROM [Beneficiaries] AS [b]
2026-08-08T00:20:32.2228287+00:00 ContainerStream:       ORDER BY [b].[Id]
2026-08-08T00:20:34.5977959+00:00 ContainerStream: info: Microsoft.EntityFrameworkCore.Database.Command[20101]
2026-08-08T00:20:34.5978715+00:00 ContainerStream:       Executed DbCommand (3ms) [Parameters=[], CommandType='Text', CommandTimeout='30']
2026-08-08T00:20:34.5978834+00:00 ContainerStream:       SELECT 1
2026-08-08T00:20:34.6001470+00:00 ContainerStream: info: Microsoft.EntityFrameworkCore.Database.Command[20101]
2026-08-08T00:20:34.6003677+00:00 ContainerStream:       Executed DbCommand (2ms) [Parameters=[], CommandType='Text', CommandTimeout='30']
2026-08-08T00:20:34.6003843+00:00 ContainerStream:       SELECT OBJECT_ID(N'[__EFMigrationsHistory]');
2026-08-08T00:20:34.6037987+00:00 ContainerStream: info: Microsoft.EntityFrameworkCore.Database.Command[20101]
2026-08-08T00:20:34.6038311+00:00 ContainerStream:       Executed DbCommand (2ms) [Parameters=[], CommandType='Text', CommandTimeout='30']
2026-08-08T00:20:34.6038430+00:00 ContainerStream:       SELECT [MigrationId], [ProductVersion]
2026-08-08T00:20:34.6038570+00:00 ContainerStream:       FROM [__EFMigrationsHistory]
2026-08-08T00:20:34.6042792+00:00 ContainerStream:       ORDER BY [MigrationId];
2026-08-08T00:20:34.6063966+00:00 ContainerStream: info: Microsoft.EntityFrameworkCore.Database.Command[20101]
2026-08-08T00:20:34.6064291+00:00 ContainerStream:       Executed DbCommand (2ms) [Parameters=[], CommandType='Text', CommandTimeout='30']
2026-08-08T00:20:34.6064365+00:00 ContainerStream:       SELECT TOP(1) [b].[BankAccountNumber]
2026-08-08T00:20:34.6064409+00:00 ContainerStream:       FROM [Beneficiaries] AS [b]
2026-08-08T00:20:34.6064453+00:00 ContainerStream:       ORDER BY [b].[Id]
2026-08-08T00:20:35.9011894+00:00 ContainerStream: info: Microsoft.EntityFrameworkCore.Database.Command[20101]
2026-08-08T00:20:35.9012956+00:00 ContainerStream:       Executed DbCommand (2ms) [Parameters=[], CommandType='Text', CommandTimeout='30']
2026-08-08T00:20:35.9013047+00:00 ContainerStream:       SELECT 1
2026-08-08T00:20:35.9033198+00:00 ContainerStream: info: Microsoft.EntityFrameworkCore.Database.Command[20101]
2026-08-08T00:20:35.9033792+00:00 ContainerStream:       Executed DbCommand (2ms) [Parameters=[], CommandType='Text', CommandTimeout='30']
2026-08-08T00:20:35.9033953+00:00 ContainerStream:       SELECT OBJECT_ID(N'[__EFMigrationsHistory]');
2026-08-08T00:20:35.9067638+00:00 ContainerStream: info: Microsoft.EntityFrameworkCore.Database.Command[20101]
2026-08-08T00:20:35.9068036+00:00 ContainerStream:       Executed DbCommand (2ms) [Parameters=[], CommandType='Text', CommandTimeout='30']
2026-08-08T00:20:35.9068100+00:00 ContainerStream:       SELECT [MigrationId], [ProductVersion]
2026-08-08T00:20:35.9068183+00:00 ContainerStream:       FROM [__EFMigrationsHistory]
2026-08-08T00:20:35.9070917+00:00 ContainerStream:       ORDER BY [MigrationId];
2026-08-08T00:20:35.9095435+00:00 ContainerStream: info: Microsoft.EntityFrameworkCore.Database.Command[20101]
2026-08-08T00:20:35.9095766+00:00 ContainerStream:       Executed DbCommand (2ms) [Parameters=[], CommandType='Text', CommandTimeout='30']
2026-08-08T00:20:35.9095877+00:00 ContainerStream:       SELECT TOP(1) [b].[BankAccountNumber]
2026-08-08T00:20:35.9095922+00:00 ContainerStream:       FROM [Beneficiaries] AS [b]
2026-08-08T00:20:35.9095957+00:00 ContainerStream:       ORDER BY [b].[Id]
2026-08-08T00:20:46.0069805+00:00 ContainerStream: info: Microsoft.EntityFrameworkCore.Database.Command[20101]
2026-08-08T00:20:46.0070899+00:00 ContainerStream:       Executed DbCommand (3ms) [Parameters=[], CommandType='Text', CommandTimeout='30']
2026-08-08T00:20:46.0071083+00:00 ContainerStream:       SELECT 1
2026-08-08T00:20:46.0098090+00:00 ContainerStream: info: Microsoft.EntityFrameworkCore.Database.Command[20101]
2026-08-08T00:20:46.0100681+00:00 ContainerStream:       Executed DbCommand (3ms) [Parameters=[], CommandType='Text', CommandTimeout='30']
2026-08-08T00:20:46.0100962+00:00 ContainerStream:       SELECT OBJECT_ID(N'[__EFMigrationsHistory]');
2026-08-08T00:20:46.0134338+00:00 ContainerStream: info: Microsoft.EntityFrameworkCore.Database.Command[20101]
2026-08-08T00:20:46.0134791+00:00 ContainerStream:       Executed DbCommand (2ms) [Parameters=[], CommandType='Text', CommandTimeout='30']
2026-08-08T00:20:46.0134867+00:00 ContainerStream:       SELECT [MigrationId], [ProductVersion]
2026-08-08T00:20:46.0134902+00:00 ContainerStream:       FROM [__EFMigrationsHistory]
2026-08-08T00:20:46.0141335+00:00 ContainerStream:       ORDER BY [MigrationId];
2026-08-08T00:20:46.0157081+00:00 ContainerStream: info: Microsoft.EntityFrameworkCore.Database.Command[20101]
2026-08-08T00:20:46.0157384+00:00 ContainerStream:       Executed DbCommand (2ms) [Parameters=[], CommandType='Text', CommandTimeout='30']
2026-08-08T00:20:46.0157456+00:00 ContainerStream:       SELECT TOP(1) [b].[BankAccountNumber]
2026-08-08T00:20:46.0157494+00:00 ContainerStream:       FROM [Beneficiaries] AS [b]
2026-08-08T00:20:46.0157576+00:00 ContainerStream:       ORDER BY [b].[Id]
2026-08-08T00:20:48.2631221+00:00 ContainerStream: info: Microsoft.EntityFrameworkCore.Database.Command[20101]
2026-08-08T00:20:48.2631900+00:00 ContainerStream:       Executed DbCommand (2ms) [Parameters=[], CommandType='Text', CommandTimeout='30']
2026-08-08T00:20:48.2631991+00:00 ContainerStream:       SELECT 1
2026-08-08T00:20:48.2662270+00:00 ContainerStream: info: Microsoft.EntityFrameworkCore.Database.Command[20101]
2026-08-08T00:20:48.2662762+00:00 ContainerStream:       Executed DbCommand (2ms) [Parameters=[], CommandType='Text', CommandTimeout='30']
2026-08-08T00:20:48.2662848+00:00 ContainerStream:       SELECT OBJECT_ID(N'[__EFMigrationsHistory]');
2026-08-08T00:20:48.2681562+00:00 ContainerStream: info: Microsoft.EntityFrameworkCore.Database.Command[20101]
2026-08-08T00:20:48.2681926+00:00 ContainerStream:       Executed DbCommand (2ms) [Parameters=[], CommandType='Text', CommandTimeout='30']
2026-08-08T00:20:48.2682041+00:00 ContainerStream:       SELECT [MigrationId], [ProductVersion]
2026-08-08T00:20:48.2682083+00:00 ContainerStream:       FROM [__EFMigrationsHistory]
2026-08-08T00:20:48.2682528+00:00 ContainerStream:       ORDER BY [MigrationId];
2026-08-08T00:20:48.2709132+00:00 ContainerStream: info: Microsoft.EntityFrameworkCore.Database.Command[20101]
2026-08-08T00:20:48.2709992+00:00 ContainerStream:       Executed DbCommand (2ms) [Parameters=[], CommandType='Text', CommandTimeout='30']
2026-08-08T00:20:48.2710204+00:00 ContainerStream:       SELECT TOP(1) [b].[BankAccountNumber]
2026-08-08T00:20:48.2710336+00:00 ContainerStream:       FROM [Beneficiaries] AS [b]
2026-08-08T00:20:48.2710469+00:00 ContainerStream:       ORDER BY [b].[Id]
2026-08-08T00:20:54.2497825+00:00 ContainerStream: info: Microsoft.EntityFrameworkCore.Database.Command[20101]
2026-08-08T00:20:54.2498741+00:00 ContainerStream:       Executed DbCommand (3ms) [Parameters=[], CommandType='Text', CommandTimeout='30']
2026-08-08T00:20:54.2498844+00:00 ContainerStream:       SELECT 1
2026-08-08T00:20:54.2520718+00:00 ContainerStream: info: Microsoft.EntityFrameworkCore.Database.Command[20101]
2026-08-08T00:20:54.2521120+00:00 ContainerStream:       Executed DbCommand (2ms) [Parameters=[], CommandType='Text', CommandTimeout='30']
2026-08-08T00:20:54.2521261+00:00 ContainerStream:       SELECT OBJECT_ID(N'[__EFMigrationsHistory]');
2026-08-08T00:20:54.2561061+00:00 ContainerStream: info: Microsoft.EntityFrameworkCore.Database.Command[20101]
2026-08-08T00:20:54.2561652+00:00 ContainerStream:       Executed DbCommand (2ms) [Parameters=[], CommandType='Text', CommandTimeout='30']
2026-08-08T00:20:54.2561739+00:00 ContainerStream:       SELECT [MigrationId], [ProductVersion]
2026-08-08T00:20:54.2561782+00:00 ContainerStream:       FROM [__EFMigrationsHistory]
2026-08-08T00:20:54.2561890+00:00 ContainerStream:       ORDER BY [MigrationId];
2026-08-08T00:20:54.2585163+00:00 ContainerStream: info: Microsoft.EntityFrameworkCore.Database.Command[20101]
2026-08-08T00:20:54.2585459+00:00 ContainerStream:       Executed DbCommand (2ms) [Parameters=[], CommandType='Text', CommandTimeout='30']
2026-08-08T00:20:54.2585528+00:00 ContainerStream:       SELECT TOP(1) [b].[BankAccountNumber]
2026-08-08T00:20:54.2585570+00:00 ContainerStream:       FROM [Beneficiaries] AS [b]
2026-08-08T00:20:54.2585652+00:00 ContainerStream:       ORDER BY [b].[Id]
2026-08-08T00:21:02.1444935+00:00 ContainerStream: info: Microsoft.EntityFrameworkCore.Database.Command[20101]
2026-08-08T00:21:02.1445689+00:00 ContainerStream:       Executed DbCommand (3ms) [Parameters=[], CommandType='Text', CommandTimeout='30']
2026-08-08T00:21:02.1445795+00:00 ContainerStream:       SELECT 1
2026-08-08T00:21:02.1466399+00:00 ContainerStream: info: Microsoft.EntityFrameworkCore.Database.Command[20101]
2026-08-08T00:21:02.1469385+00:00 ContainerStream:       Executed DbCommand (2ms) [Parameters=[], CommandType='Text', CommandTimeout='30']
2026-08-08T00:21:02.1469548+00:00 ContainerStream:       SELECT OBJECT_ID(N'[__EFMigrationsHistory]');
2026-08-08T00:21:02.1507137+00:00 ContainerStream: info: Microsoft.EntityFrameworkCore.Database.Command[20101]
2026-08-08T00:21:02.1507594+00:00 ContainerStream:       Executed DbCommand (2ms) [Parameters=[], CommandType='Text', CommandTimeout='30']
2026-08-08T00:21:02.1508109+00:00 ContainerStream:       SELECT [MigrationId], [ProductVersion]
2026-08-08T00:21:02.1508188+00:00 ContainerStream:       FROM [__EFMigrationsHistory]
2026-08-08T00:21:02.1508236+00:00 ContainerStream:       ORDER BY [MigrationId];
2026-08-08T00:21:02.1522549+00:00 ContainerStream: info: Microsoft.EntityFrameworkCore.Database.Command[20101]
2026-08-08T00:21:02.1522933+00:00 ContainerStream:       Executed DbCommand (2ms) [Parameters=[], CommandType='Text', CommandTimeout='30']
2026-08-08T00:21:02.1522997+00:00 ContainerStream:       SELECT TOP(1) [b].[BankAccountNumber]
2026-08-08T00:21:02.1523034+00:00 ContainerStream:       FROM [Beneficiaries] AS [b]
2026-08-08T00:21:02.1523069+00:00 ContainerStream:       ORDER BY [b].[Id]
2026-08-08T00:21:03.6629304+00:00 ContainerStream: info: Microsoft.EntityFrameworkCore.Database.Command[20101]
2026-08-08T00:21:03.6630138+00:00 ContainerStream:       Executed DbCommand (3ms) [Parameters=[], CommandType='Text', CommandTimeout='30']
2026-08-08T00:21:03.6630281+00:00 ContainerStream:       SELECT 1
2026-08-08T00:21:03.6667051+00:00 ContainerStream: info: Microsoft.EntityFrameworkCore.Database.Command[20101]
2026-08-08T00:21:03.6667606+00:00 ContainerStream:       Executed DbCommand (2ms) [Parameters=[], CommandType='Text', CommandTimeout='30']
2026-08-08T00:21:03.6669977+00:00 ContainerStream:       SELECT OBJECT_ID(N'[__EFMigrationsHistory]');
2026-08-08T00:21:03.6687442+00:00 ContainerStream: info: Microsoft.EntityFrameworkCore.Database.Command[20101]
2026-08-08T00:21:03.6687770+00:00 ContainerStream:       Executed DbCommand (2ms) [Parameters=[], CommandType='Text', CommandTimeout='30']
2026-08-08T00:21:03.6687839+00:00 ContainerStream:       SELECT [MigrationId], [ProductVersion]
2026-08-08T00:21:03.6688018+00:00 ContainerStream:       FROM [__EFMigrationsHistory]
2026-08-08T00:21:03.6688180+00:00 ContainerStream:       ORDER BY [MigrationId];
2026-08-08T00:21:03.6713020+00:00 ContainerStream: info: Microsoft.EntityFrameworkCore.Database.Command[20101]
2026-08-08T00:21:03.6713329+00:00 ContainerStream:       Executed DbCommand (2ms) [Parameters=[], CommandType='Text', CommandTimeout='30']
2026-08-08T00:21:03.6713453+00:00 ContainerStream:       SELECT TOP(1) [b].[BankAccountNumber]
2026-08-08T00:21:03.6713500+00:00 ContainerStream:       FROM [Beneficiaries] AS [b]
2026-08-08T00:21:03.6713542+00:00 ContainerStream:       ORDER BY [b].[Id]
2026-08-08T00:21:06.6067093+00:00 ContainerStream: info: Microsoft.EntityFrameworkCore.Database.Command[20101]
2026-08-08T00:21:06.6067921+00:00 ContainerStream:       Executed DbCommand (3ms) [Parameters=[], CommandType='Text', CommandTimeout='30']
2026-08-08T00:21:06.6068076+00:00 ContainerStream:       SELECT 1
2026-08-08T00:21:06.6089286+00:00 ContainerStream: info: Microsoft.EntityFrameworkCore.Database.Command[20101]
2026-08-08T00:21:06.6089870+00:00 ContainerStream:       Executed DbCommand (2ms) [Parameters=[], CommandType='Text', CommandTimeout='30']
2026-08-08T00:21:06.6089953+00:00 ContainerStream:       SELECT OBJECT_ID(N'[__EFMigrationsHistory]');
2026-08-08T00:21:06.6125052+00:00 ContainerStream: info: Microsoft.EntityFrameworkCore.Database.Command[20101]
2026-08-08T00:21:06.6125468+00:00 ContainerStream:       Executed DbCommand (2ms) [Parameters=[], CommandType='Text', CommandTimeout='30']
2026-08-08T00:21:06.6125557+00:00 ContainerStream:       SELECT [MigrationId], [ProductVersion]
2026-08-08T00:21:06.6125608+00:00 ContainerStream:       FROM [__EFMigrationsHistory]
2026-08-08T00:21:06.6126092+00:00 ContainerStream:       ORDER BY [MigrationId];
2026-08-08T00:21:06.6149257+00:00 ContainerStream: info: Microsoft.EntityFrameworkCore.Database.Command[20101]
2026-08-08T00:21:06.6149583+00:00 ContainerStream:       Executed DbCommand (2ms) [Parameters=[], CommandType='Text', CommandTimeout='30']
2026-08-08T00:21:06.6149647+00:00 ContainerStream:       SELECT TOP(1) [b].[BankAccountNumber]
2026-08-08T00:21:06.6149686+00:00 ContainerStream:       FROM [Beneficiaries] AS [b]
2026-08-08T00:21:06.6149862+00:00 ContainerStream:       ORDER BY [b].[Id]
2026-08-08T00:21:07.1201952+00:00 ContainerStream: info: Microsoft.EntityFrameworkCore.Database.Command[20101]
2026-08-08T00:21:07.1202783+00:00 ContainerStream:       Executed DbCommand (3ms) [Parameters=[], CommandType='Text', CommandTimeout='30']
2026-08-08T00:21:07.1202869+00:00 ContainerStream:       SELECT 1
2026-08-08T00:21:07.1221881+00:00 ContainerStream: info: Microsoft.EntityFrameworkCore.Database.Command[20101]
2026-08-08T00:21:07.1222565+00:00 ContainerStream:       Executed DbCommand (2ms) [Parameters=[], CommandType='Text', CommandTimeout='30']
2026-08-08T00:21:07.1222673+00:00 ContainerStream:       SELECT OBJECT_ID(N'[__EFMigrationsHistory]');
2026-08-08T00:21:07.1263158+00:00 ContainerStream: info: Microsoft.EntityFrameworkCore.Database.Command[20101]
2026-08-08T00:21:07.1263567+00:00 ContainerStream:       Executed DbCommand (2ms) [Parameters=[], CommandType='Text', CommandTimeout='30']
2026-08-08T00:21:07.1263778+00:00 ContainerStream:       SELECT [MigrationId], [ProductVersion]
2026-08-08T00:21:07.1263825+00:00 ContainerStream:       FROM [__EFMigrationsHistory]
2026-08-08T00:21:07.1267515+00:00 ContainerStream:       ORDER BY [MigrationId];
2026-08-08T00:21:07.1279873+00:00 ContainerStream: info: Microsoft.EntityFrameworkCore.Database.Command[20101]
2026-08-08T00:21:07.1280605+00:00 ContainerStream:       Executed DbCommand (2ms) [Parameters=[], CommandType='Text', CommandTimeout='30']
2026-08-08T00:21:07.1280672+00:00 ContainerStream:       SELECT TOP(1) [b].[BankAccountNumber]
2026-08-08T00:21:07.1280710+00:00 ContainerStream:       FROM [Beneficiaries] AS [b]
2026-08-08T00:21:07.1280745+00:00 ContainerStream:       ORDER BY [b].[Id]
2026-08-08T00:21:08.8582866+00:00 ContainerStream: info: Microsoft.EntityFrameworkCore.Database.Command[20101]
2026-08-08T00:21:08.8583889+00:00 ContainerStream:       Executed DbCommand (2ms) [Parameters=[], CommandType='Text', CommandTimeout='30']
2026-08-08T00:21:08.8584013+00:00 ContainerStream:       SELECT 1
2026-08-08T00:21:08.8604720+00:00 ContainerStream: info: Microsoft.EntityFrameworkCore.Database.Command[20101]
2026-08-08T00:21:08.8607285+00:00 ContainerStream:       Executed DbCommand (2ms) [Parameters=[], CommandType='Text', CommandTimeout='30']
2026-08-08T00:21:08.8607536+00:00 ContainerStream:       SELECT OBJECT_ID(N'[__EFMigrationsHistory]');
2026-08-08T00:21:08.8642469+00:00 ContainerStream: info: Microsoft.EntityFrameworkCore.Database.Command[20101]
2026-08-08T00:21:08.8642841+00:00 ContainerStream:       Executed DbCommand (2ms) [Parameters=[], CommandType='Text', CommandTimeout='30']
2026-08-08T00:21:08.8642912+00:00 ContainerStream:       SELECT [MigrationId], [ProductVersion]
2026-08-08T00:21:08.8642959+00:00 ContainerStream:       FROM [__EFMigrationsHistory]
2026-08-08T00:21:08.8643050+00:00 ContainerStream:       ORDER BY [MigrationId];
2026-08-08T00:21:08.8671126+00:00 ContainerStream: info: Microsoft.EntityFrameworkCore.Database.Command[20101]
2026-08-08T00:21:08.8671456+00:00 ContainerStream:       Executed DbCommand (3ms) [Parameters=[], CommandType='Text', CommandTimeout='30']
2026-08-08T00:21:08.8671528+00:00 ContainerStream:       SELECT TOP(1) [b].[BankAccountNumber]
2026-08-08T00:21:08.8671571+00:00 ContainerStream:       FROM [Beneficiaries] AS [b]
2026-08-08T00:21:08.8671750+00:00 ContainerStream:       ORDER BY [b].[Id]
2026-08-08T00:21:09.8902699+00:00 ContainerStream: info: Microsoft.EntityFrameworkCore.Database.Command[20101]
2026-08-08T00:21:09.8903460+00:00 ContainerStream:       Executed DbCommand (2ms) [Parameters=[], CommandType='Text', CommandTimeout='30']
2026-08-08T00:21:09.8903554+00:00 ContainerStream:       SELECT 1
2026-08-08T00:21:09.8935409+00:00 ContainerStream: info: Microsoft.EntityFrameworkCore.Database.Command[20101]
2026-08-08T00:21:09.8936063+00:00 ContainerStream:       Executed DbCommand (2ms) [Parameters=[], CommandType='Text', CommandTimeout='30']
2026-08-08T00:21:09.8936151+00:00 ContainerStream:       SELECT OBJECT_ID(N'[__EFMigrationsHistory]');
2026-08-08T00:21:09.8958075+00:00 ContainerStream: info: Microsoft.EntityFrameworkCore.Database.Command[20101]
2026-08-08T00:21:09.8958467+00:00 ContainerStream:       Executed DbCommand (2ms) [Parameters=[], CommandType='Text', CommandTimeout='30']
2026-08-08T00:21:09.8958532+00:00 ContainerStream:       SELECT [MigrationId], [ProductVersion]
2026-08-08T00:21:09.8958570+00:00 ContainerStream:       FROM [__EFMigrationsHistory]
2026-08-08T00:21:09.8962876+00:00 ContainerStream:       ORDER BY [MigrationId];
2026-08-08T00:21:09.8982274+00:00 ContainerStream: info: Microsoft.EntityFrameworkCore.Database.Command[20101]
2026-08-08T00:21:09.8982598+00:00 ContainerStream:       Executed DbCommand (2ms) [Parameters=[], CommandType='Text', CommandTimeout='30']
2026-08-08T00:21:09.8982667+00:00 ContainerStream:       SELECT TOP(1) [b].[BankAccountNumber]
2026-08-08T00:21:09.8982811+00:00 ContainerStream:       FROM [Beneficiaries] AS [b]
2026-08-08T00:21:09.8982858+00:00 ContainerStream:       ORDER BY [b].[Id]
2026-08-08T00:21:10.7671812+00:00 ContainerStream: info: Microsoft.EntityFrameworkCore.Database.Command[20101]
2026-08-08T00:21:10.7672611+00:00 ContainerStream:       Executed DbCommand (6ms) [Parameters=[], CommandType='Text', CommandTimeout='30']
2026-08-08T00:21:10.7672714+00:00 ContainerStream:       SELECT 1
2026-08-08T00:21:10.7708961+00:00 ContainerStream: info: Microsoft.EntityFrameworkCore.Database.Command[20101]
2026-08-08T00:21:10.7709687+00:00 ContainerStream:       Executed DbCommand (3ms) [Parameters=[], CommandType='Text', CommandTimeout='30']
2026-08-08T00:21:10.7709773+00:00 ContainerStream:       SELECT OBJECT_ID(N'[__EFMigrationsHistory]');
2026-08-08T00:21:10.7727375+00:00 ContainerStream: info: Microsoft.EntityFrameworkCore.Database.Command[20101]
2026-08-08T00:21:10.7729241+00:00 ContainerStream:       Executed DbCommand (2ms) [Parameters=[], CommandType='Text', CommandTimeout='30']
2026-08-08T00:21:10.7729381+00:00 ContainerStream:       SELECT [MigrationId], [ProductVersion]
2026-08-08T00:21:10.7729465+00:00 ContainerStream:       FROM [__EFMigrationsHistory]
2026-08-08T00:21:10.7734006+00:00 ContainerStream:       ORDER BY [MigrationId];
2026-08-08T00:21:10.7748722+00:00 ContainerStream: info: Microsoft.EntityFrameworkCore.Database.Command[20101]
2026-08-08T00:21:10.7749008+00:00 ContainerStream:       Executed DbCommand (2ms) [Parameters=[], CommandType='Text', CommandTimeout='30']
2026-08-08T00:21:10.7749113+00:00 ContainerStream:       SELECT TOP(1) [b].[BankAccountNumber]
2026-08-08T00:21:10.7749149+00:00 ContainerStream:       FROM [Beneficiaries] AS [b]
2026-08-08T00:21:10.7749183+00:00 ContainerStream:       ORDER BY [b].[Id]
2026-08-08T00:21:17.9318800+00:00 ContainerStream: info: Microsoft.EntityFrameworkCore.Database.Command[20101]
2026-08-08T00:21:17.9319635+00:00 ContainerStream:       Executed DbCommand (2ms) [Parameters=[], CommandType='Text', CommandTimeout='30']
2026-08-08T00:21:17.9319725+00:00 ContainerStream:       SELECT 1
2026-08-08T00:21:17.9338447+00:00 ContainerStream: info: Microsoft.EntityFrameworkCore.Database.Command[20101]
2026-08-08T00:21:17.9338875+00:00 ContainerStream:       Executed DbCommand (2ms) [Parameters=[], CommandType='Text', CommandTimeout='30']
2026-08-08T00:21:17.9338996+00:00 ContainerStream:       SELECT OBJECT_ID(N'[__EFMigrationsHistory]');
2026-08-08T00:21:17.9370314+00:00 ContainerStream: info: Microsoft.EntityFrameworkCore.Database.Command[20101]
2026-08-08T00:21:17.9370654+00:00 ContainerStream:       Executed DbCommand (2ms) [Parameters=[], CommandType='Text', CommandTimeout='30']
2026-08-08T00:21:17.9370725+00:00 ContainerStream:       SELECT [MigrationId], [ProductVersion]
2026-08-08T00:21:17.9370769+00:00 ContainerStream:       FROM [__EFMigrationsHistory]
2026-08-08T00:21:17.9375928+00:00 ContainerStream:       ORDER BY [MigrationId];
2026-08-08T00:21:17.9391035+00:00 ContainerStream: info: Microsoft.EntityFrameworkCore.Database.Command[20101]
2026-08-08T00:21:17.9391357+00:00 ContainerStream:       Executed DbCommand (2ms) [Parameters=[], CommandType='Text', CommandTimeout='30']
2026-08-08T00:21:17.9391430+00:00 ContainerStream:       SELECT TOP(1) [b].[BankAccountNumber]
2026-08-08T00:21:17.9391521+00:00 ContainerStream:       FROM [Beneficiaries] AS [b]
2026-08-08T00:21:17.9391562+00:00 ContainerStream:       ORDER BY [b].[Id]
2026-08-08T00:21:20.1970063+00:00 ContainerStream: info: Microsoft.EntityFrameworkCore.Database.Command[20101]
2026-08-08T00:21:20.1971029+00:00 ContainerStream:       Executed DbCommand (2ms) [Parameters=[], CommandType='Text', CommandTimeout='30']
2026-08-08T00:21:20.1971146+00:00 ContainerStream:       SELECT 1
2026-08-08T00:21:20.1990902+00:00 ContainerStream: info: Microsoft.EntityFrameworkCore.Database.Command[20101]
2026-08-08T00:21:20.1992793+00:00 ContainerStream:       Executed DbCommand (2ms) [Parameters=[], CommandType='Text', CommandTimeout='30']
2026-08-08T00:21:20.1992942+00:00 ContainerStream:       SELECT OBJECT_ID(N'[__EFMigrationsHistory]');
2026-08-08T00:21:20.2025503+00:00 ContainerStream: info: Microsoft.EntityFrameworkCore.Database.Command[20101]
2026-08-08T00:21:20.2025868+00:00 ContainerStream:       Executed DbCommand (2ms) [Parameters=[], CommandType='Text', CommandTimeout='30']
2026-08-08T00:21:20.2025941+00:00 ContainerStream:       SELECT [MigrationId], [ProductVersion]
2026-08-08T00:21:20.2025988+00:00 ContainerStream:       FROM [__EFMigrationsHistory]
2026-08-08T00:21:20.2033803+00:00 ContainerStream:       ORDER BY [MigrationId];
2026-08-08T00:21:20.2055243+00:00 ContainerStream: info: Microsoft.EntityFrameworkCore.Database.Command[20101]
2026-08-08T00:21:20.2055521+00:00 ContainerStream:       Executed DbCommand (2ms) [Parameters=[], CommandType='Text', CommandTimeout='30']
2026-08-08T00:21:20.2055593+00:00 ContainerStream:       SELECT TOP(1) [b].[BankAccountNumber]
2026-08-08T00:21:20.2055640+00:00 ContainerStream:       FROM [Beneficiaries] AS [b]
2026-08-08T00:21:20.2055686+00:00 ContainerStream:       ORDER BY [b].[Id]
2026-08-08T00:21:22.5733676+00:00 ContainerStream: info: Microsoft.EntityFrameworkCore.Database.Command[20101]
2026-08-08T00:21:22.5734445+00:00 ContainerStream:       Executed DbCommand (3ms) [Parameters=[], CommandType='Text', CommandTimeout='30']
2026-08-08T00:21:22.5734559+00:00 ContainerStream:       SELECT 1
2026-08-08T00:21:22.5765611+00:00 ContainerStream: info: Microsoft.EntityFrameworkCore.Database.Command[20101]
2026-08-08T00:21:22.5766297+00:00 ContainerStream:       Executed DbCommand (2ms) [Parameters=[], CommandType='Text', CommandTimeout='30']
2026-08-08T00:21:22.5766386+00:00 ContainerStream:       SELECT OBJECT_ID(N'[__EFMigrationsHistory]');
2026-08-08T00:21:22.5784524+00:00 ContainerStream: info: Microsoft.EntityFrameworkCore.Database.Command[20101]
2026-08-08T00:21:22.5784956+00:00 ContainerStream:       Executed DbCommand (2ms) [Parameters=[], CommandType='Text', CommandTimeout='30']
2026-08-08T00:21:22.5785035+00:00 ContainerStream:       SELECT [MigrationId], [ProductVersion]
2026-08-08T00:21:22.5785120+00:00 ContainerStream:       FROM [__EFMigrationsHistory]
2026-08-08T00:21:22.5785888+00:00 ContainerStream:       ORDER BY [MigrationId];
2026-08-08T00:21:22.5813662+00:00 ContainerStream: info: Microsoft.EntityFrameworkCore.Database.Command[20101]
2026-08-08T00:21:22.5813990+00:00 ContainerStream:       Executed DbCommand (2ms) [Parameters=[], CommandType='Text', CommandTimeout='30']
2026-08-08T00:21:22.5814119+00:00 ContainerStream:       SELECT TOP(1) [b].[BankAccountNumber]
2026-08-08T00:21:22.5814171+00:00 ContainerStream:       FROM [Beneficiaries] AS [b]
2026-08-08T00:21:22.5814217+00:00 ContainerStream:       ORDER BY [b].[Id]
2026-08-08T00:21:23.5106104+00:00 ContainerStream: info: Microsoft.EntityFrameworkCore.Database.Command[20101]
2026-08-08T00:21:23.5106890+00:00 ContainerStream:       Executed DbCommand (3ms) [Parameters=[], CommandType='Text', CommandTimeout='30']
2026-08-08T00:21:23.5107106+00:00 ContainerStream:       SELECT 1
2026-08-08T00:21:23.5142568+00:00 ContainerStream: info: Microsoft.EntityFrameworkCore.Database.Command[20101]
2026-08-08T00:21:23.5143162+00:00 ContainerStream:       Executed DbCommand (2ms) [Parameters=[], CommandType='Text', CommandTimeout='30']
2026-08-08T00:21:23.5143246+00:00 ContainerStream:       SELECT OBJECT_ID(N'[__EFMigrationsHistory]');
2026-08-08T00:21:23.5162009+00:00 ContainerStream: info: Microsoft.EntityFrameworkCore.Database.Command[20101]
2026-08-08T00:21:23.5162414+00:00 ContainerStream:       Executed DbCommand (2ms) [Parameters=[], CommandType='Text', CommandTimeout='30']
2026-08-08T00:21:23.5163061+00:00 ContainerStream:       SELECT [MigrationId], [ProductVersion]
2026-08-08T00:21:23.5163123+00:00 ContainerStream:       FROM [__EFMigrationsHistory]
2026-08-08T00:21:23.5163390+00:00 ContainerStream:       ORDER BY [MigrationId];
2026-08-08T00:21:23.5189980+00:00 ContainerStream: info: Microsoft.EntityFrameworkCore.Database.Command[20101]
2026-08-08T00:21:23.5190219+00:00 ContainerStream:       Executed DbCommand (2ms) [Parameters=[], CommandType='Text', CommandTimeout='30']
2026-08-08T00:21:23.5190290+00:00 ContainerStream:       SELECT TOP(1) [b].[BankAccountNumber]
2026-08-08T00:21:23.5190329+00:00 ContainerStream:       FROM [Beneficiaries] AS [b]
2026-08-08T00:21:23.5190410+00:00 ContainerStream:       ORDER BY [b].[Id]
2026-08-08T00:21:26.5927280+00:00 ContainerStream: info: Microsoft.EntityFrameworkCore.Database.Command[20101]
2026-08-08T00:21:26.5928090+00:00 ContainerStream:       Executed DbCommand (3ms) [Parameters=[], CommandType='Text', CommandTimeout='30']
2026-08-08T00:21:26.5928195+00:00 ContainerStream:       SELECT 1
2026-08-08T00:21:26.5953419+00:00 ContainerStream: info: Microsoft.EntityFrameworkCore.Database.Command[20101]
2026-08-08T00:21:26.5953963+00:00 ContainerStream:       Executed DbCommand (2ms) [Parameters=[], CommandType='Text', CommandTimeout='30']
2026-08-08T00:21:26.5954047+00:00 ContainerStream:       SELECT OBJECT_ID(N'[__EFMigrationsHistory]');
2026-08-08T00:21:26.5980957+00:00 ContainerStream: info: Microsoft.EntityFrameworkCore.Database.Command[20101]
2026-08-08T00:21:26.5981375+00:00 ContainerStream:       Executed DbCommand (2ms) [Parameters=[], CommandType='Text', CommandTimeout='30']
2026-08-08T00:21:26.5986932+00:00 ContainerStream:       SELECT [MigrationId], [ProductVersion]
2026-08-08T00:21:26.5987008+00:00 ContainerStream:       FROM [__EFMigrationsHistory]
2026-08-08T00:21:26.5987181+00:00 ContainerStream:       ORDER BY [MigrationId];
2026-08-08T00:21:26.6008373+00:00 ContainerStream: info: Microsoft.EntityFrameworkCore.Database.Command[20101]
2026-08-08T00:21:26.6008712+00:00 ContainerStream:       Executed DbCommand (2ms) [Parameters=[], CommandType='Text', CommandTimeout='30']
2026-08-08T00:21:26.6008788+00:00 ContainerStream:       SELECT TOP(1) [b].[BankAccountNumber]
2026-08-08T00:21:26.6008826+00:00 ContainerStream:       FROM [Beneficiaries] AS [b]
2026-08-08T00:21:26.6008863+00:00 ContainerStream:       ORDER BY [b].[Id]
2026-08-08T00:21:31.3538747+00:00 ContainerStream: info: Microsoft.EntityFrameworkCore.Database.Command[20101]
2026-08-08T00:21:31.3539715+00:00 ContainerStream:       Executed DbCommand (2ms) [Parameters=[], CommandType='Text', CommandTimeout='30']
2026-08-08T00:21:31.3539827+00:00 ContainerStream:       SELECT 1
2026-08-08T00:21:31.3558725+00:00 ContainerStream: info: Microsoft.EntityFrameworkCore.Database.Command[20101]
2026-08-08T00:21:31.3559144+00:00 ContainerStream:       Executed DbCommand (2ms) [Parameters=[], CommandType='Text', CommandTimeout='30']
2026-08-08T00:21:31.3559289+00:00 ContainerStream:       SELECT OBJECT_ID(N'[__EFMigrationsHistory]');
2026-08-08T00:21:31.3598033+00:00 ContainerStream: info: Microsoft.EntityFrameworkCore.Database.Command[20101]
2026-08-08T00:21:31.3598363+00:00 ContainerStream:       Executed DbCommand (2ms) [Parameters=[], CommandType='Text', CommandTimeout='30']
2026-08-08T00:21:31.3598431+00:00 ContainerStream:       SELECT [MigrationId], [ProductVersion]
2026-08-08T00:21:31.3598476+00:00 ContainerStream:       FROM [__EFMigrationsHistory]
2026-08-08T00:21:31.3598565+00:00 ContainerStream:       ORDER BY [MigrationId];
2026-08-08T00:21:31.3619678+00:00 ContainerStream: info: Microsoft.EntityFrameworkCore.Database.Command[20101]
2026-08-08T00:21:31.3619978+00:00 ContainerStream:       Executed DbCommand (2ms) [Parameters=[], CommandType='Text', CommandTimeout='30']
2026-08-08T00:21:31.3620049+00:00 ContainerStream:       SELECT TOP(1) [b].[BankAccountNumber]
2026-08-08T00:21:31.3620097+00:00 ContainerStream:       FROM [Beneficiaries] AS [b]
2026-08-08T00:21:31.3620187+00:00 ContainerStream:       ORDER BY [b].[Id]
2026-08-08T00:21:43.2136777+00:00 ContainerStream: info: Microsoft.EntityFrameworkCore.Database.Command[20101]
2026-08-08T00:21:43.2137546+00:00 ContainerStream:       Executed DbCommand (4ms) [Parameters=[], CommandType='Text', CommandTimeout='30']
2026-08-08T00:21:43.2137654+00:00 ContainerStream:       SELECT 1
2026-08-08T00:21:43.2160247+00:00 ContainerStream: info: Microsoft.EntityFrameworkCore.Database.Command[20101]
2026-08-08T00:21:43.2160797+00:00 ContainerStream:       Executed DbCommand (2ms) [Parameters=[], CommandType='Text', CommandTimeout='30']
2026-08-08T00:21:43.2160880+00:00 ContainerStream:       SELECT OBJECT_ID(N'[__EFMigrationsHistory]');
2026-08-08T00:21:43.2220216+00:00 ContainerStream: info: Microsoft.EntityFrameworkCore.Database.Command[20101]
2026-08-08T00:21:43.2221525+00:00 ContainerStream:       Executed DbCommand (2ms) [Parameters=[], CommandType='Text', CommandTimeout='30']
2026-08-08T00:21:43.2221646+00:00 ContainerStream:       SELECT [MigrationId], [ProductVersion]
2026-08-08T00:21:43.2221694+00:00 ContainerStream:       FROM [__EFMigrationsHistory]
2026-08-08T00:21:43.2224539+00:00 ContainerStream:       ORDER BY [MigrationId];
2026-08-08T00:21:43.2245021+00:00 ContainerStream: info: Microsoft.EntityFrameworkCore.Database.Command[20101]
2026-08-08T00:21:43.2245304+00:00 ContainerStream:       Executed DbCommand (3ms) [Parameters=[], CommandType='Text', CommandTimeout='30']
2026-08-08T00:21:43.2245373+00:00 ContainerStream:       SELECT TOP(1) [b].[BankAccountNumber]
2026-08-08T00:21:43.2245414+00:00 ContainerStream:       FROM [Beneficiaries] AS [b]
2026-08-08T00:21:43.2245454+00:00 ContainerStream:       ORDER BY [b].[Id]
2026-08-08T00:21:44.9293771+00:00 ContainerStream: info: Microsoft.EntityFrameworkCore.Database.Command[20101]
2026-08-08T00:21:44.9294464+00:00 ContainerStream:       Executed DbCommand (2ms) [Parameters=[], CommandType='Text', CommandTimeout='30']
2026-08-08T00:21:44.9294565+00:00 ContainerStream:       SELECT 1
2026-08-08T00:21:44.9314415+00:00 ContainerStream: info: Microsoft.EntityFrameworkCore.Database.Command[20101]
2026-08-08T00:21:44.9321055+00:00 ContainerStream:       Executed DbCommand (2ms) [Parameters=[], CommandType='Text', CommandTimeout='30']
2026-08-08T00:21:44.9321268+00:00 ContainerStream:       SELECT OBJECT_ID(N'[__EFMigrationsHistory]');
2026-08-08T00:21:44.9352369+00:00 ContainerStream: info: Microsoft.EntityFrameworkCore.Database.Command[20101]
2026-08-08T00:21:44.9352682+00:00 ContainerStream:       Executed DbCommand (2ms) [Parameters=[], CommandType='Text', CommandTimeout='30']
2026-08-08T00:21:44.9352751+00:00 ContainerStream:       SELECT [MigrationId], [ProductVersion]
2026-08-08T00:21:44.9352832+00:00 ContainerStream:       FROM [__EFMigrationsHistory]
2026-08-08T00:21:44.9358981+00:00 ContainerStream:       ORDER BY [MigrationId];
2026-08-08T00:21:44.9375538+00:00 ContainerStream: info: Microsoft.EntityFrameworkCore.Database.Command[20101]
2026-08-08T00:21:44.9375833+00:00 ContainerStream:       Executed DbCommand (2ms) [Parameters=[], CommandType='Text', CommandTimeout='30']
2026-08-08T00:21:44.9376017+00:00 ContainerStream:       SELECT TOP(1) [b].[BankAccountNumber]
2026-08-08T00:21:44.9376063+00:00 ContainerStream:       FROM [Beneficiaries] AS [b]
2026-08-08T00:21:44.9376099+00:00 ContainerStream:       ORDER BY [b].[Id]
2026-08-08T00:21:46.0482045+00:00 ContainerStream: info: Microsoft.EntityFrameworkCore.Database.Command[20101]
2026-08-08T00:21:46.0482938+00:00 ContainerStream:       Executed DbCommand (2ms) [Parameters=[], CommandType='Text', CommandTimeout='30']
2026-08-08T00:21:46.0483140+00:00 ContainerStream:       SELECT 1
2026-08-08T00:21:46.0523816+00:00 ContainerStream: info: Microsoft.EntityFrameworkCore.Database.Command[20101]
2026-08-08T00:21:46.0524597+00:00 ContainerStream:       Executed DbCommand (3ms) [Parameters=[], CommandType='Text', CommandTimeout='30']
2026-08-08T00:21:46.0524709+00:00 ContainerStream:       SELECT OBJECT_ID(N'[__EFMigrationsHistory]');
2026-08-08T00:21:46.0545168+00:00 ContainerStream: info: Microsoft.EntityFrameworkCore.Database.Command[20101]
2026-08-08T00:21:46.0545663+00:00 ContainerStream:       Executed DbCommand (2ms) [Parameters=[], CommandType='Text', CommandTimeout='30']
2026-08-08T00:21:46.0545738+00:00 ContainerStream:       SELECT [MigrationId], [ProductVersion]
2026-08-08T00:21:46.0545776+00:00 ContainerStream:       FROM [__EFMigrationsHistory]
2026-08-08T00:21:46.0551496+00:00 ContainerStream:       ORDER BY [MigrationId];
2026-08-08T00:21:46.0577260+00:00 ContainerStream: info: Microsoft.EntityFrameworkCore.Database.Command[20101]
2026-08-08T00:21:46.0577596+00:00 ContainerStream:       Executed DbCommand (2ms) [Parameters=[], CommandType='Text', CommandTimeout='30']
2026-08-08T00:21:46.0577673+00:00 ContainerStream:       SELECT TOP(1) [b].[BankAccountNumber]
2026-08-08T00:21:46.0577714+00:00 ContainerStream:       FROM [Beneficiaries] AS [b]
2026-08-08T00:21:46.0577799+00:00 ContainerStream:       ORDER BY [b].[Id]
2026-08-08T00:21:47.9239727+00:00 ContainerStream: info: Microsoft.EntityFrameworkCore.Database.Command[20101]
2026-08-08T00:21:47.9240555+00:00 ContainerStream:       Executed DbCommand (2ms) [Parameters=[], CommandType='Text', CommandTimeout='30']
2026-08-08T00:21:47.9240676+00:00 ContainerStream:       SELECT 1
2026-08-08T00:21:47.9257825+00:00 ContainerStream: info: Microsoft.EntityFrameworkCore.Database.Command[20101]
2026-08-08T00:21:47.9258458+00:00 ContainerStream:       Executed DbCommand (2ms) [Parameters=[], CommandType='Text', CommandTimeout='30']
2026-08-08T00:21:47.9258560+00:00 ContainerStream:       SELECT OBJECT_ID(N'[__EFMigrationsHistory]');
2026-08-08T00:21:47.9291280+00:00 ContainerStream: info: Microsoft.EntityFrameworkCore.Database.Command[20101]
2026-08-08T00:21:47.9291647+00:00 ContainerStream:       Executed DbCommand (2ms) [Parameters=[], CommandType='Text', CommandTimeout='30']
2026-08-08T00:21:47.9291764+00:00 ContainerStream:       SELECT [MigrationId], [ProductVersion]
2026-08-08T00:21:47.9291810+00:00 ContainerStream:       FROM [__EFMigrationsHistory]
2026-08-08T00:21:47.9291848+00:00 ContainerStream:       ORDER BY [MigrationId];
2026-08-08T00:21:47.9320152+00:00 ContainerStream: info: Microsoft.EntityFrameworkCore.Database.Command[20101]
2026-08-08T00:21:47.9320442+00:00 ContainerStream:       Executed DbCommand (2ms) [Parameters=[], CommandType='Text', CommandTimeout='30']
2026-08-08T00:21:47.9320548+00:00 ContainerStream:       SELECT TOP(1) [b].[BankAccountNumber]
2026-08-08T00:21:47.9320587+00:00 ContainerStream:       FROM [Beneficiaries] AS [b]
2026-08-08T00:21:47.9320622+00:00 ContainerStream:       ORDER BY [b].[Id]
2026-08-08T00:21:48.2627263+00:00 ContainerStream: info: Microsoft.EntityFrameworkCore.Database.Command[20101]
2026-08-08T00:21:48.2628021+00:00 ContainerStream:       Executed DbCommand (2ms) [Parameters=[], CommandType='Text', CommandTimeout='30']
2026-08-08T00:21:48.2628142+00:00 ContainerStream:       SELECT 1
2026-08-08T00:21:48.2650248+00:00 ContainerStream: info: Microsoft.EntityFrameworkCore.Database.Command[20101]
2026-08-08T00:21:48.2651317+00:00 ContainerStream:       Executed DbCommand (2ms) [Parameters=[], CommandType='Text', CommandTimeout='30']
2026-08-08T00:21:48.2651413+00:00 ContainerStream:       SELECT OBJECT_ID(N'[__EFMigrationsHistory]');
2026-08-08T00:21:48.2717779+00:00 ContainerStream: info: Microsoft.EntityFrameworkCore.Database.Command[20101]
2026-08-08T00:21:48.2718373+00:00 ContainerStream:       Executed DbCommand (5ms) [Parameters=[], CommandType='Text', CommandTimeout='30']
2026-08-08T00:21:48.2718472+00:00 ContainerStream:       SELECT [MigrationId], [ProductVersion]
2026-08-08T00:21:48.2718519+00:00 ContainerStream:       FROM [__EFMigrationsHistory]
2026-08-08T00:21:48.2718629+00:00 ContainerStream:       ORDER BY [MigrationId];
2026-08-08T00:21:48.2737528+00:00 ContainerStream: info: Microsoft.EntityFrameworkCore.Database.Command[20101]
2026-08-08T00:21:48.2737922+00:00 ContainerStream:       Executed DbCommand (2ms) [Parameters=[], CommandType='Text', CommandTimeout='30']
2026-08-08T00:21:48.2737996+00:00 ContainerStream:       SELECT TOP(1) [b].[BankAccountNumber]
2026-08-08T00:21:48.2738039+00:00 ContainerStream:       FROM [Beneficiaries] AS [b]
2026-08-08T00:21:48.2738138+00:00 ContainerStream:       ORDER BY [b].[Id]
2026-08-08T00:21:48.6228255+00:00 ContainerStream: info: Microsoft.EntityFrameworkCore.Database.Command[20101]
2026-08-08T00:21:48.6228996+00:00 ContainerStream:       Executed DbCommand (3ms) [Parameters=[], CommandType='Text', CommandTimeout='30']
2026-08-08T00:21:48.6229102+00:00 ContainerStream:       SELECT 1
2026-08-08T00:21:48.6250610+00:00 ContainerStream: info: Microsoft.EntityFrameworkCore.Database.Command[20101]
2026-08-08T00:21:48.6251093+00:00 ContainerStream:       Executed DbCommand (2ms) [Parameters=[], CommandType='Text', CommandTimeout='30']
2026-08-08T00:21:48.6251178+00:00 ContainerStream:       SELECT OBJECT_ID(N'[__EFMigrationsHistory]');
2026-08-08T00:21:48.6292477+00:00 ContainerStream: info: Microsoft.EntityFrameworkCore.Database.Command[20101]
2026-08-08T00:21:48.6293133+00:00 ContainerStream:       Executed DbCommand (2ms) [Parameters=[], CommandType='Text', CommandTimeout='30']
2026-08-08T00:21:48.6293274+00:00 ContainerStream:       SELECT [MigrationId], [ProductVersion]
2026-08-08T00:21:48.6293317+00:00 ContainerStream:       FROM [__EFMigrationsHistory]
2026-08-08T00:21:48.6293360+00:00 ContainerStream:       ORDER BY [MigrationId];
2026-08-08T00:21:48.6318316+00:00 ContainerStream: info: Microsoft.EntityFrameworkCore.Database.Command[20101]
2026-08-08T00:21:48.6318648+00:00 ContainerStream:       Executed DbCommand (2ms) [Parameters=[], CommandType='Text', CommandTimeout='30']
2026-08-08T00:21:48.6318776+00:00 ContainerStream:       SELECT TOP(1) [b].[BankAccountNumber]
2026-08-08T00:21:48.6318811+00:00 ContainerStream:       FROM [Beneficiaries] AS [b]
2026-08-08T00:21:48.6318948+00:00 ContainerStream:       ORDER BY [b].[Id]
2026-08-08T00:21:56.2579401+00:00 ContainerStream: info: Microsoft.EntityFrameworkCore.Database.Command[20101]
2026-08-08T00:21:56.2580319+00:00 ContainerStream:       Executed DbCommand (3ms) [Parameters=[], CommandType='Text', CommandTimeout='30']
2026-08-08T00:21:56.2580415+00:00 ContainerStream:       SELECT 1
2026-08-08T00:21:56.2616364+00:00 ContainerStream: info: Microsoft.EntityFrameworkCore.Database.Command[20101]
2026-08-08T00:21:56.2616983+00:00 ContainerStream:       Executed DbCommand (2ms) [Parameters=[], CommandType='Text', CommandTimeout='30']
2026-08-08T00:21:56.2617099+00:00 ContainerStream:       SELECT OBJECT_ID(N'[__EFMigrationsHistory]');
2026-08-08T00:21:56.2645560+00:00 ContainerStream: info: Microsoft.EntityFrameworkCore.Database.Command[20101]
2026-08-08T00:21:56.2646092+00:00 ContainerStream:       Executed DbCommand (3ms) [Parameters=[], CommandType='Text', CommandTimeout='30']
2026-08-08T00:21:56.2646246+00:00 ContainerStream:       SELECT [MigrationId], [ProductVersion]
2026-08-08T00:21:56.2646291+00:00 ContainerStream:       FROM [__EFMigrationsHistory]
2026-08-08T00:21:56.2646395+00:00 ContainerStream:       ORDER BY [MigrationId];
2026-08-08T00:21:56.2664390+00:00 ContainerStream: info: Microsoft.EntityFrameworkCore.Database.Command[20101]
2026-08-08T00:21:56.2664806+00:00 ContainerStream:       Executed DbCommand (2ms) [Parameters=[], CommandType='Text', CommandTimeout='30']
2026-08-08T00:21:56.2664872+00:00 ContainerStream:       SELECT TOP(1) [b].[BankAccountNumber]
2026-08-08T00:21:56.2664907+00:00 ContainerStream:       FROM [Beneficiaries] AS [b]
2026-08-08T00:21:56.2664994+00:00 ContainerStream:       ORDER BY [b].[Id]
2026-08-08T00:21:56.5461521+00:00 ContainerStream: info: Microsoft.EntityFrameworkCore.Database.Command[20101]
2026-08-08T00:21:56.5462342+00:00 ContainerStream:       Executed DbCommand (2ms) [Parameters=[], CommandType='Text', CommandTimeout='30']
2026-08-08T00:21:56.5462451+00:00 ContainerStream:       SELECT 1
2026-08-08T00:21:56.5488023+00:00 ContainerStream: info: Microsoft.EntityFrameworkCore.Database.Command[20101]
2026-08-08T00:21:56.5488563+00:00 ContainerStream:       Executed DbCommand (2ms) [Parameters=[], CommandType='Text', CommandTimeout='30']
2026-08-08T00:21:56.5488637+00:00 ContainerStream:       SELECT OBJECT_ID(N'[__EFMigrationsHistory]');
2026-08-08T00:21:56.5514647+00:00 ContainerStream: info: Microsoft.EntityFrameworkCore.Database.Command[20101]
2026-08-08T00:21:56.5515019+00:00 ContainerStream:       Executed DbCommand (2ms) [Parameters=[], CommandType='Text', CommandTimeout='30']
2026-08-08T00:21:56.5515130+00:00 ContainerStream:       SELECT [MigrationId], [ProductVersion]
2026-08-08T00:21:56.5515172+00:00 ContainerStream:       FROM [__EFMigrationsHistory]
2026-08-08T00:21:56.5515212+00:00 ContainerStream:       ORDER BY [MigrationId];
2026-08-08T00:21:56.5537452+00:00 ContainerStream: info: Microsoft.EntityFrameworkCore.Database.Command[20101]
2026-08-08T00:21:56.5537789+00:00 ContainerStream:       Executed DbCommand (2ms) [Parameters=[], CommandType='Text', CommandTimeout='30']
2026-08-08T00:21:56.5542032+00:00 ContainerStream:       SELECT TOP(1) [b].[BankAccountNumber]
2026-08-08T00:21:56.5542108+00:00 ContainerStream:       FROM [Beneficiaries] AS [b]
2026-08-08T00:21:56.5542149+00:00 ContainerStream:       ORDER BY [b].[Id]
2026-08-08T00:21:56.9614255+00:00 ContainerStream: info: Microsoft.EntityFrameworkCore.Database.Command[20101]
2026-08-08T00:21:56.9615292+00:00 ContainerStream:       Executed DbCommand (2ms) [Parameters=[], CommandType='Text', CommandTimeout='30']
2026-08-08T00:21:56.9615418+00:00 ContainerStream:       SELECT 1
2026-08-08T00:21:56.9633631+00:00 ContainerStream: info: Microsoft.EntityFrameworkCore.Database.Command[20101]
2026-08-08T00:21:56.9634506+00:00 ContainerStream:       Executed DbCommand (2ms) [Parameters=[], CommandType='Text', CommandTimeout='30']
2026-08-08T00:21:56.9634694+00:00 ContainerStream:       SELECT OBJECT_ID(N'[__EFMigrationsHistory]');
2026-08-08T00:21:56.9668925+00:00 ContainerStream: info: Microsoft.EntityFrameworkCore.Database.Command[20101]
2026-08-08T00:21:56.9669339+00:00 ContainerStream:       Executed DbCommand (2ms) [Parameters=[], CommandType='Text', CommandTimeout='30']
2026-08-08T00:21:56.9669431+00:00 ContainerStream:       SELECT [MigrationId], [ProductVersion]
2026-08-08T00:21:56.9669486+00:00 ContainerStream:       FROM [__EFMigrationsHistory]
2026-08-08T00:21:56.9670688+00:00 ContainerStream:       ORDER BY [MigrationId];
2026-08-08T00:21:56.9688042+00:00 ContainerStream: info: Microsoft.EntityFrameworkCore.Database.Command[20101]
2026-08-08T00:21:56.9688372+00:00 ContainerStream:       Executed DbCommand (2ms) [Parameters=[], CommandType='Text', CommandTimeout='30']
2026-08-08T00:21:56.9688440+00:00 ContainerStream:       SELECT TOP(1) [b].[BankAccountNumber]
2026-08-08T00:21:56.9688480+00:00 ContainerStream:       FROM [Beneficiaries] AS [b]
2026-08-08T00:21:56.9688561+00:00 ContainerStream:       ORDER BY [b].[Id]
2026-08-08T00:21:57.1966467+00:00 ContainerStream: info: Microsoft.EntityFrameworkCore.Database.Command[20101]
2026-08-08T00:21:57.1967620+00:00 ContainerStream:       Executed DbCommand (2ms) [Parameters=[], CommandType='Text', CommandTimeout='30']
2026-08-08T00:21:57.1967743+00:00 ContainerStream:       SELECT 1
2026-08-08T00:21:57.2000160+00:00 ContainerStream: info: Microsoft.EntityFrameworkCore.Database.Command[20101]
2026-08-08T00:21:57.2000702+00:00 ContainerStream:       Executed DbCommand (2ms) [Parameters=[], CommandType='Text', CommandTimeout='30']
2026-08-08T00:21:57.2000784+00:00 ContainerStream:       SELECT OBJECT_ID(N'[__EFMigrationsHistory]');
2026-08-08T00:21:57.2026153+00:00 ContainerStream: info: Microsoft.EntityFrameworkCore.Database.Command[20101]
2026-08-08T00:21:57.2026558+00:00 ContainerStream:       Executed DbCommand (2ms) [Parameters=[], CommandType='Text', CommandTimeout='30']
2026-08-08T00:21:57.2026674+00:00 ContainerStream:       SELECT [MigrationId], [ProductVersion]
2026-08-08T00:21:57.2026713+00:00 ContainerStream:       FROM [__EFMigrationsHistory]
2026-08-08T00:21:57.2026752+00:00 ContainerStream:       ORDER BY [MigrationId];
2026-08-08T00:21:57.2044105+00:00 ContainerStream: info: Microsoft.EntityFrameworkCore.Database.Command[20101]
2026-08-08T00:21:57.2044492+00:00 ContainerStream:       Executed DbCommand (2ms) [Parameters=[], CommandType='Text', CommandTimeout='30']
2026-08-08T00:21:57.2044564+00:00 ContainerStream:       SELECT TOP(1) [b].[BankAccountNumber]
2026-08-08T00:21:57.2045860+00:00 ContainerStream:       FROM [Beneficiaries] AS [b]
2026-08-08T00:21:57.2045923+00:00 ContainerStream:       ORDER BY [b].[Id]
2026-08-08T00:22:05.2310632+00:00 ContainerStream: info: Microsoft.EntityFrameworkCore.Database.Command[20101]
2026-08-08T00:22:05.2311487+00:00 ContainerStream:       Executed DbCommand (2ms) [Parameters=[], CommandType='Text', CommandTimeout='30']
2026-08-08T00:22:05.2311604+00:00 ContainerStream:       SELECT 1
2026-08-08T00:22:05.2329340+00:00 ContainerStream: info: Microsoft.EntityFrameworkCore.Database.Command[20101]
2026-08-08T00:22:05.2329822+00:00 ContainerStream:       Executed DbCommand (2ms) [Parameters=[], CommandType='Text', CommandTimeout='30']
2026-08-08T00:22:05.2330058+00:00 ContainerStream:       SELECT OBJECT_ID(N'[__EFMigrationsHistory]');
2026-08-08T00:22:05.2366509+00:00 ContainerStream: info: Microsoft.EntityFrameworkCore.Database.Command[20101]
2026-08-08T00:22:05.2367213+00:00 ContainerStream:       Executed DbCommand (2ms) [Parameters=[], CommandType='Text', CommandTimeout='30']
2026-08-08T00:22:05.2367294+00:00 ContainerStream:       SELECT [MigrationId], [ProductVersion]
2026-08-08T00:22:05.2367334+00:00 ContainerStream:       FROM [__EFMigrationsHistory]
2026-08-08T00:22:05.2367433+00:00 ContainerStream:       ORDER BY [MigrationId];
2026-08-08T00:22:05.2386789+00:00 ContainerStream: info: Microsoft.EntityFrameworkCore.Database.Command[20101]
2026-08-08T00:22:05.2388067+00:00 ContainerStream:       Executed DbCommand (2ms) [Parameters=[], CommandType='Text', CommandTimeout='30']
2026-08-08T00:22:05.2388299+00:00 ContainerStream:       SELECT TOP(1) [b].[BankAccountNumber]
2026-08-08T00:22:05.2388457+00:00 ContainerStream:       FROM [Beneficiaries] AS [b]
2026-08-08T00:22:05.2388691+00:00 ContainerStream:       ORDER BY [b].[Id]
2026-08-08T00:22:08.3621938+00:00 ContainerStream: info: Microsoft.EntityFrameworkCore.Database.Command[20101]
2026-08-08T00:22:08.3622686+00:00 ContainerStream:       Executed DbCommand (3ms) [Parameters=[], CommandType='Text', CommandTimeout='30']
2026-08-08T00:22:08.3622824+00:00 ContainerStream:       SELECT 1
2026-08-08T00:22:08.3678453+00:00 ContainerStream: info: Microsoft.EntityFrameworkCore.Database.Command[20101]
2026-08-08T00:22:08.3680081+00:00 ContainerStream:       Executed DbCommand (4ms) [Parameters=[], CommandType='Text', CommandTimeout='30']
2026-08-08T00:22:08.3680193+00:00 ContainerStream:       SELECT OBJECT_ID(N'[__EFMigrationsHistory]');
2026-08-08T00:22:08.3705958+00:00 ContainerStream: info: Microsoft.EntityFrameworkCore.Database.Command[20101]
2026-08-08T00:22:08.3708093+00:00 ContainerStream:       Executed DbCommand (2ms) [Parameters=[], CommandType='Text', CommandTimeout='30']
2026-08-08T00:22:08.3708235+00:00 ContainerStream:       SELECT [MigrationId], [ProductVersion]
2026-08-08T00:22:08.3708281+00:00 ContainerStream:       FROM [__EFMigrationsHistory]
2026-08-08T00:22:08.3708323+00:00 ContainerStream:       ORDER BY [MigrationId];
2026-08-08T00:22:08.3733528+00:00 ContainerStream: info: Microsoft.EntityFrameworkCore.Database.Command[20101]
2026-08-08T00:22:08.3733892+00:00 ContainerStream:       Executed DbCommand (2ms) [Parameters=[], CommandType='Text', CommandTimeout='30']
2026-08-08T00:22:08.3745376+00:00 ContainerStream:       SELECT TOP(1) [b].[BankAccountNumber]
2026-08-08T00:22:08.3745599+00:00 ContainerStream:       FROM [Beneficiaries] AS [b]
2026-08-08T00:22:08.3745651+00:00 ContainerStream:       ORDER BY [b].[Id]
2026-08-08T00:22:10.3188226+00:00 ContainerStream: info: Microsoft.EntityFrameworkCore.Database.Command[20101]
2026-08-08T00:22:10.3189265+00:00 ContainerStream:       Executed DbCommand (2ms) [Parameters=[], CommandType='Text', CommandTimeout='30']
2026-08-08T00:22:10.3189371+00:00 ContainerStream:       SELECT 1
2026-08-08T00:22:10.3237039+00:00 ContainerStream: info: Microsoft.EntityFrameworkCore.Database.Command[20101]
2026-08-08T00:22:10.3237673+00:00 ContainerStream:       Executed DbCommand (3ms) [Parameters=[], CommandType='Text', CommandTimeout='30']
2026-08-08T00:22:10.3237823+00:00 ContainerStream:       SELECT OBJECT_ID(N'[__EFMigrationsHistory]');
2026-08-08T00:22:10.3247374+00:00 ContainerStream: info: Microsoft.EntityFrameworkCore.Database.Command[20101]
2026-08-08T00:22:10.3247872+00:00 ContainerStream:       Executed DbCommand (2ms) [Parameters=[], CommandType='Text', CommandTimeout='30']
2026-08-08T00:22:10.3247958+00:00 ContainerStream:       SELECT [MigrationId], [ProductVersion]
2026-08-08T00:22:10.3248050+00:00 ContainerStream:       FROM [__EFMigrationsHistory]
2026-08-08T00:22:10.3248092+00:00 ContainerStream:       ORDER BY [MigrationId];
2026-08-08T00:22:10.3276396+00:00 ContainerStream: info: Microsoft.EntityFrameworkCore.Database.Command[20101]
2026-08-08T00:22:10.3276805+00:00 ContainerStream:       Executed DbCommand (2ms) [Parameters=[], CommandType='Text', CommandTimeout='30']
2026-08-08T00:22:10.3276887+00:00 ContainerStream:       SELECT TOP(1) [b].[BankAccountNumber]
2026-08-08T00:22:10.3276969+00:00 ContainerStream:       FROM [Beneficiaries] AS [b]
2026-08-08T00:22:10.3277007+00:00 ContainerStream:       ORDER BY [b].[Id]
2026-08-08T00:22:14.3414871+00:00 ContainerStream: info: Microsoft.EntityFrameworkCore.Database.Command[20101]
2026-08-08T00:22:14.3415620+00:00 ContainerStream:       Executed DbCommand (2ms) [Parameters=[], CommandType='Text', CommandTimeout='30']
2026-08-08T00:22:14.3415801+00:00 ContainerStream:       SELECT 1
2026-08-08T00:22:14.3438733+00:00 ContainerStream: info: Microsoft.EntityFrameworkCore.Database.Command[20101]
2026-08-08T00:22:14.3439193+00:00 ContainerStream:       Executed DbCommand (2ms) [Parameters=[], CommandType='Text', CommandTimeout='30']
2026-08-08T00:22:14.3439267+00:00 ContainerStream:       SELECT OBJECT_ID(N'[__EFMigrationsHistory]');
2026-08-08T00:22:14.3474124+00:00 ContainerStream: info: Microsoft.EntityFrameworkCore.Database.Command[20101]
2026-08-08T00:22:14.3474426+00:00 ContainerStream:       Executed DbCommand (2ms) [Parameters=[], CommandType='Text', CommandTimeout='30']
2026-08-08T00:22:14.3474503+00:00 ContainerStream:       SELECT [MigrationId], [ProductVersion]
2026-08-08T00:22:14.3474551+00:00 ContainerStream:       FROM [__EFMigrationsHistory]
2026-08-08T00:22:14.3476015+00:00 ContainerStream:       ORDER BY [MigrationId];
2026-08-08T00:22:14.3497982+00:00 ContainerStream: info: Microsoft.EntityFrameworkCore.Database.Command[20101]
2026-08-08T00:22:14.3498277+00:00 ContainerStream:       Executed DbCommand (2ms) [Parameters=[], CommandType='Text', CommandTimeout='30']
2026-08-08T00:22:14.3498343+00:00 ContainerStream:       SELECT TOP(1) [b].[BankAccountNumber]
2026-08-08T00:22:14.3498378+00:00 ContainerStream:       FROM [Beneficiaries] AS [b]
2026-08-08T00:22:14.3498415+00:00 ContainerStream:       ORDER BY [b].[Id]
2026-08-08T00:22:15.7298887+00:00 ContainerStream: info: Microsoft.EntityFrameworkCore.Database.Command[20101]
2026-08-08T00:22:15.7299643+00:00 ContainerStream:       Executed DbCommand (2ms) [Parameters=[], CommandType='Text', CommandTimeout='30']
2026-08-08T00:22:15.7299759+00:00 ContainerStream:       SELECT 1
2026-08-08T00:22:15.7322092+00:00 ContainerStream: info: Microsoft.EntityFrameworkCore.Database.Command[20101]
2026-08-08T00:22:15.7322661+00:00 ContainerStream:       Executed DbCommand (2ms) [Parameters=[], CommandType='Text', CommandTimeout='30']
2026-08-08T00:22:15.7322738+00:00 ContainerStream:       SELECT OBJECT_ID(N'[__EFMigrationsHistory]');
2026-08-08T00:22:15.7363282+00:00 ContainerStream: info: Microsoft.EntityFrameworkCore.Database.Command[20101]
2026-08-08T00:22:15.7363709+00:00 ContainerStream:       Executed DbCommand (2ms) [Parameters=[], CommandType='Text', CommandTimeout='30']
2026-08-08T00:22:15.7364046+00:00 ContainerStream:       SELECT [MigrationId], [ProductVersion]
2026-08-08T00:22:15.7364093+00:00 ContainerStream:       FROM [__EFMigrationsHistory]
2026-08-08T00:22:15.7364131+00:00 ContainerStream:       ORDER BY [MigrationId];
2026-08-08T00:22:15.7384563+00:00 ContainerStream: info: Microsoft.EntityFrameworkCore.Database.Command[20101]
2026-08-08T00:22:15.7384881+00:00 ContainerStream:       Executed DbCommand (2ms) [Parameters=[], CommandType='Text', CommandTimeout='30']
2026-08-08T00:22:15.7385009+00:00 ContainerStream:       SELECT TOP(1) [b].[BankAccountNumber]
2026-08-08T00:22:15.7385050+00:00 ContainerStream:       FROM [Beneficiaries] AS [b]
2026-08-08T00:22:15.7385089+00:00 ContainerStream:       ORDER BY [b].[Id]
2026-08-08T00:22:30.3129132+00:00 ContainerStream: info: Microsoft.EntityFrameworkCore.Database.Command[20101]
2026-08-08T00:22:30.3130097+00:00 ContainerStream:       Executed DbCommand (2ms) [Parameters=[], CommandType='Text', CommandTimeout='30']
2026-08-08T00:22:30.3130215+00:00 ContainerStream:       SELECT 1
2026-08-08T00:22:30.3153662+00:00 ContainerStream: info: Microsoft.EntityFrameworkCore.Database.Command[20101]
2026-08-08T00:22:30.3154242+00:00 ContainerStream:       Executed DbCommand (2ms) [Parameters=[], CommandType='Text', CommandTimeout='30']
2026-08-08T00:22:30.3154325+00:00 ContainerStream:       SELECT OBJECT_ID(N'[__EFMigrationsHistory]');
2026-08-08T00:22:30.3207193+00:00 ContainerStream: info: Microsoft.EntityFrameworkCore.Database.Command[20101]
2026-08-08T00:22:30.3207612+00:00 ContainerStream:       Executed DbCommand (2ms) [Parameters=[], CommandType='Text', CommandTimeout='30']
2026-08-08T00:22:30.3207689+00:00 ContainerStream:       SELECT [MigrationId], [ProductVersion]
2026-08-08T00:22:30.3207729+00:00 ContainerStream:       FROM [__EFMigrationsHistory]
2026-08-08T00:22:30.3207815+00:00 ContainerStream:       ORDER BY [MigrationId];
2026-08-08T00:22:30.3218087+00:00 ContainerStream: info: Microsoft.EntityFrameworkCore.Database.Command[20101]
2026-08-08T00:22:30.3218455+00:00 ContainerStream:       Executed DbCommand (2ms) [Parameters=[], CommandType='Text', CommandTimeout='30']
2026-08-08T00:22:30.3218527+00:00 ContainerStream:       SELECT TOP(1) [b].[BankAccountNumber]
2026-08-08T00:22:30.3218571+00:00 ContainerStream:       FROM [Beneficiaries] AS [b]
2026-08-08T00:22:30.3220814+00:00 ContainerStream:       ORDER BY [b].[Id]
2026-08-08T00:22:34.3269344+00:00 ContainerStream: info: Microsoft.EntityFrameworkCore.Database.Command[20101]
2026-08-08T00:22:34.3270213+00:00 ContainerStream:       Executed DbCommand (3ms) [Parameters=[], CommandType='Text', CommandTimeout='30']
2026-08-08T00:22:34.3270339+00:00 ContainerStream:       SELECT 1
2026-08-08T00:22:34.3295916+00:00 ContainerStream: info: Microsoft.EntityFrameworkCore.Database.Command[20101]
2026-08-08T00:22:34.3296403+00:00 ContainerStream:       Executed DbCommand (2ms) [Parameters=[], CommandType='Text', CommandTimeout='30']
2026-08-08T00:22:34.3296485+00:00 ContainerStream:       SELECT OBJECT_ID(N'[__EFMigrationsHistory]');
2026-08-08T00:22:34.3335028+00:00 ContainerStream: info: Microsoft.EntityFrameworkCore.Database.Command[20101]
2026-08-08T00:22:34.3335404+00:00 ContainerStream:       Executed DbCommand (2ms) [Parameters=[], CommandType='Text', CommandTimeout='30']
2026-08-08T00:22:34.3335569+00:00 ContainerStream:       SELECT [MigrationId], [ProductVersion]
2026-08-08T00:22:34.3335620+00:00 ContainerStream:       FROM [__EFMigrationsHistory]
2026-08-08T00:22:34.3335666+00:00 ContainerStream:       ORDER BY [MigrationId];
2026-08-08T00:22:34.3355065+00:00 ContainerStream: info: Microsoft.EntityFrameworkCore.Database.Command[20101]
2026-08-08T00:22:34.3355385+00:00 ContainerStream:       Executed DbCommand (2ms) [Parameters=[], CommandType='Text', CommandTimeout='30']
2026-08-08T00:22:34.3355511+00:00 ContainerStream:       SELECT TOP(1) [b].[BankAccountNumber]
2026-08-08T00:22:34.3355548+00:00 ContainerStream:       FROM [Beneficiaries] AS [b]
2026-08-08T00:22:34.3355585+00:00 ContainerStream:       ORDER BY [b].[Id]
2026-08-08T00:22:35.1086466+00:00 ContainerStream: info: Microsoft.EntityFrameworkCore.Database.Command[20101]
2026-08-08T00:22:35.1087784+00:00 ContainerStream:       Executed DbCommand (3ms) [Parameters=[], CommandType='Text', CommandTimeout='30']
2026-08-08T00:22:35.1087925+00:00 ContainerStream:       SELECT 1
2026-08-08T00:22:35.1108081+00:00 ContainerStream: info: Microsoft.EntityFrameworkCore.Database.Command[20101]
2026-08-08T00:22:35.1108561+00:00 ContainerStream:       Executed DbCommand (2ms) [Parameters=[], CommandType='Text', CommandTimeout='30']
2026-08-08T00:22:35.1108639+00:00 ContainerStream:       SELECT OBJECT_ID(N'[__EFMigrationsHistory]');
2026-08-08T00:22:35.1143644+00:00 ContainerStream: info: Microsoft.EntityFrameworkCore.Database.Command[20101]
2026-08-08T00:22:35.1144139+00:00 ContainerStream:       Executed DbCommand (2ms) [Parameters=[], CommandType='Text', CommandTimeout='30']
2026-08-08T00:22:35.1144217+00:00 ContainerStream:       SELECT [MigrationId], [ProductVersion]
2026-08-08T00:22:35.1144260+00:00 ContainerStream:       FROM [__EFMigrationsHistory]
2026-08-08T00:22:35.1144354+00:00 ContainerStream:       ORDER BY [MigrationId];
2026-08-08T00:22:35.1165948+00:00 ContainerStream: info: Microsoft.EntityFrameworkCore.Database.Command[20101]
2026-08-08T00:22:35.1166235+00:00 ContainerStream:       Executed DbCommand (2ms) [Parameters=[], CommandType='Text', CommandTimeout='30']
2026-08-08T00:22:35.1166310+00:00 ContainerStream:       SELECT TOP(1) [b].[BankAccountNumber]
2026-08-08T00:22:35.1166357+00:00 ContainerStream:       FROM [Beneficiaries] AS [b]
2026-08-08T00:22:35.1166441+00:00 ContainerStream:       ORDER BY [b].[Id]
2026-08-08T00:22:38.6373947+00:00 ContainerStream: info: Microsoft.EntityFrameworkCore.Database.Command[20101]
2026-08-08T00:22:38.6374838+00:00 ContainerStream:       Executed DbCommand (2ms) [Parameters=[], CommandType='Text', CommandTimeout='30']
2026-08-08T00:22:38.6374949+00:00 ContainerStream:       SELECT 1
2026-08-08T00:22:38.6393448+00:00 ContainerStream: info: Microsoft.EntityFrameworkCore.Database.Command[20101]
2026-08-08T00:22:38.6393941+00:00 ContainerStream:       Executed DbCommand (2ms) [Parameters=[], CommandType='Text', CommandTimeout='30']
2026-08-08T00:22:38.6394023+00:00 ContainerStream:       SELECT OBJECT_ID(N'[__EFMigrationsHistory]');
2026-08-08T00:22:38.6431736+00:00 ContainerStream: info: Microsoft.EntityFrameworkCore.Database.Command[20101]
2026-08-08T00:22:38.6432153+00:00 ContainerStream:       Executed DbCommand (2ms) [Parameters=[], CommandType='Text', CommandTimeout='30']
2026-08-08T00:22:38.6432287+00:00 ContainerStream:       SELECT [MigrationId], [ProductVersion]
2026-08-08T00:22:38.6432337+00:00 ContainerStream:       FROM [__EFMigrationsHistory]
2026-08-08T00:22:38.6432517+00:00 ContainerStream:       ORDER BY [MigrationId];
2026-08-08T00:22:38.6452113+00:00 ContainerStream: info: Microsoft.EntityFrameworkCore.Database.Command[20101]
2026-08-08T00:22:38.6452526+00:00 ContainerStream:       Executed DbCommand (2ms) [Parameters=[], CommandType='Text', CommandTimeout='30']
2026-08-08T00:22:38.6452606+00:00 ContainerStream:       SELECT TOP(1) [b].[BankAccountNumber]
2026-08-08T00:22:38.6452654+00:00 ContainerStream:       FROM [Beneficiaries] AS [b]
2026-08-08T00:22:38.6452698+00:00 ContainerStream:       ORDER BY [b].[Id]
2026-08-08T00:22:39.4530000+00:00 ContainerStream: info: Microsoft.EntityFrameworkCore.Database.Command[20101]
2026-08-08T00:22:39.4531074+00:00 ContainerStream:       Executed DbCommand (2ms) [Parameters=[], CommandType='Text', CommandTimeout='30']
2026-08-08T00:22:39.4531197+00:00 ContainerStream:       SELECT 1
2026-08-08T00:22:39.4603052+00:00 ContainerStream: info: Microsoft.EntityFrameworkCore.Database.Command[20101]
2026-08-08T00:22:39.4603750+00:00 ContainerStream:       Executed DbCommand (6ms) [Parameters=[], CommandType='Text', CommandTimeout='30']
2026-08-08T00:22:39.4603934+00:00 ContainerStream:       SELECT OBJECT_ID(N'[__EFMigrationsHistory]');
2026-08-08T00:22:39.4620926+00:00 ContainerStream: info: Microsoft.EntityFrameworkCore.Database.Command[20101]
2026-08-08T00:22:39.4621411+00:00 ContainerStream:       Executed DbCommand (2ms) [Parameters=[], CommandType='Text', CommandTimeout='30']
2026-08-08T00:22:39.4621500+00:00 ContainerStream:       SELECT [MigrationId], [ProductVersion]
2026-08-08T00:22:39.4621546+00:00 ContainerStream:       FROM [__EFMigrationsHistory]
2026-08-08T00:22:39.4621796+00:00 ContainerStream:       ORDER BY [MigrationId];
2026-08-08T00:22:39.4680725+00:00 ContainerStream: info: Microsoft.EntityFrameworkCore.Database.Command[20101]
2026-08-08T00:22:39.4681157+00:00 ContainerStream:       Executed DbCommand (5ms) [Parameters=[], CommandType='Text', CommandTimeout='30']
2026-08-08T00:22:39.4681240+00:00 ContainerStream:       SELECT TOP(1) [b].[BankAccountNumber]
2026-08-08T00:22:39.4681329+00:00 ContainerStream:       FROM [Beneficiaries] AS [b]
2026-08-08T00:22:39.4681371+00:00 ContainerStream:       ORDER BY [b].[Id]
2026-08-08T00:22:40.2692790+00:00 ContainerStream: info: Microsoft.EntityFrameworkCore.Database.Command[20101]
2026-08-08T00:22:40.2693661+00:00 ContainerStream:       Executed DbCommand (2ms) [Parameters=[], CommandType='Text', CommandTimeout='30']
2026-08-08T00:22:40.2693789+00:00 ContainerStream:       SELECT 1
2026-08-08T00:22:40.2730495+00:00 ContainerStream: info: Microsoft.EntityFrameworkCore.Database.Command[20101]
2026-08-08T00:22:40.2731120+00:00 ContainerStream:       Executed DbCommand (2ms) [Parameters=[], CommandType='Text', CommandTimeout='30']
2026-08-08T00:22:40.2731216+00:00 ContainerStream:       SELECT OBJECT_ID(N'[__EFMigrationsHistory]');
2026-08-08T00:22:40.2755162+00:00 ContainerStream: info: Microsoft.EntityFrameworkCore.Database.Command[20101]
2026-08-08T00:22:40.2755682+00:00 ContainerStream:       Executed DbCommand (2ms) [Parameters=[], CommandType='Text', CommandTimeout='30']
2026-08-08T00:22:40.2755777+00:00 ContainerStream:       SELECT [MigrationId], [ProductVersion]
2026-08-08T00:22:40.2755838+00:00 ContainerStream:       FROM [__EFMigrationsHistory]
2026-08-08T00:22:40.2755899+00:00 ContainerStream:       ORDER BY [MigrationId];
2026-08-08T00:22:40.2776103+00:00 ContainerStream: info: Microsoft.EntityFrameworkCore.Database.Command[20101]
2026-08-08T00:22:40.2776536+00:00 ContainerStream:       Executed DbCommand (2ms) [Parameters=[], CommandType='Text', CommandTimeout='30']
2026-08-08T00:22:40.2776620+00:00 ContainerStream:       SELECT TOP(1) [b].[BankAccountNumber]
2026-08-08T00:22:40.2776673+00:00 ContainerStream:       FROM [Beneficiaries] AS [b]
2026-08-08T00:22:40.2776723+00:00 ContainerStream:       ORDER BY [b].[Id]
2026-08-08T00:22:41.8070810+00:00 ContainerStream: info: Microsoft.EntityFrameworkCore.Database.Command[20101]
2026-08-08T00:22:41.8071851+00:00 ContainerStream:       Executed DbCommand (2ms) [Parameters=[], CommandType='Text', CommandTimeout='30']
2026-08-08T00:22:41.8071962+00:00 ContainerStream:       SELECT 1
2026-08-08T00:22:41.8093932+00:00 ContainerStream: info: Microsoft.EntityFrameworkCore.Database.Command[20101]
2026-08-08T00:22:41.8094861+00:00 ContainerStream:       Executed DbCommand (2ms) [Parameters=[], CommandType='Text', CommandTimeout='30']
2026-08-08T00:22:41.8095015+00:00 ContainerStream:       SELECT OBJECT_ID(N'[__EFMigrationsHistory]');
2026-08-08T00:22:41.8134078+00:00 ContainerStream: info: Microsoft.EntityFrameworkCore.Database.Command[20101]
2026-08-08T00:22:41.8134559+00:00 ContainerStream:       Executed DbCommand (2ms) [Parameters=[], CommandType='Text', CommandTimeout='30']
2026-08-08T00:22:41.8134629+00:00 ContainerStream:       SELECT [MigrationId], [ProductVersion]
2026-08-08T00:22:41.8134708+00:00 ContainerStream:       FROM [__EFMigrationsHistory]
2026-08-08T00:22:41.8134738+00:00 ContainerStream:       ORDER BY [MigrationId];
2026-08-08T00:22:41.8154869+00:00 ContainerStream: info: Microsoft.EntityFrameworkCore.Database.Command[20101]
2026-08-08T00:22:41.8155289+00:00 ContainerStream:       Executed DbCommand (2ms) [Parameters=[], CommandType='Text', CommandTimeout='30']
2026-08-08T00:22:41.8155370+00:00 ContainerStream:       SELECT TOP(1) [b].[BankAccountNumber]
2026-08-08T00:22:41.8155464+00:00 ContainerStream:       FROM [Beneficiaries] AS [b]
2026-08-08T00:22:41.8155509+00:00 ContainerStream:       ORDER BY [b].[Id]
2026-08-08T00:22:42.9804520+00:00 ContainerStream: info: Microsoft.EntityFrameworkCore.Database.Command[20101]
2026-08-08T00:22:42.9805344+00:00 ContainerStream:       Executed DbCommand (3ms) [Parameters=[], CommandType='Text', CommandTimeout='30']
2026-08-08T00:22:42.9805541+00:00 ContainerStream:       SELECT 1
2026-08-08T00:22:42.9839892+00:00 ContainerStream: info: Microsoft.EntityFrameworkCore.Database.Command[20101]
2026-08-08T00:22:42.9840573+00:00 ContainerStream:       Executed DbCommand (2ms) [Parameters=[], CommandType='Text', CommandTimeout='30']
2026-08-08T00:22:42.9840678+00:00 ContainerStream:       SELECT OBJECT_ID(N'[__EFMigrationsHistory]');
2026-08-08T00:22:42.9874050+00:00 ContainerStream: info: Microsoft.EntityFrameworkCore.Database.Command[20101]
2026-08-08T00:22:42.9875533+00:00 ContainerStream:       Executed DbCommand (3ms) [Parameters=[], CommandType='Text', CommandTimeout='30']
2026-08-08T00:22:42.9875763+00:00 ContainerStream:       SELECT [MigrationId], [ProductVersion]
2026-08-08T00:22:42.9875815+00:00 ContainerStream:       FROM [__EFMigrationsHistory]
2026-08-08T00:22:42.9875860+00:00 ContainerStream:       ORDER BY [MigrationId];
2026-08-08T00:22:42.9892791+00:00 ContainerStream: info: Microsoft.EntityFrameworkCore.Database.Command[20101]
2026-08-08T00:22:42.9893086+00:00 ContainerStream:       Executed DbCommand (2ms) [Parameters=[], CommandType='Text', CommandTimeout='30']
2026-08-08T00:22:42.9893143+00:00 ContainerStream:       SELECT TOP(1) [b].[BankAccountNumber]
2026-08-08T00:22:42.9893182+00:00 ContainerStream:       FROM [Beneficiaries] AS [b]
2026-08-08T00:22:42.9893218+00:00 ContainerStream:       ORDER BY [b].[Id]
2026-08-08T00:22:46.8009482+00:00 ContainerStream: info: Microsoft.EntityFrameworkCore.Database.Command[20101]
2026-08-08T00:22:46.8010249+00:00 ContainerStream:       Executed DbCommand (2ms) [Parameters=[], CommandType='Text', CommandTimeout='30']
2026-08-08T00:22:46.8010362+00:00 ContainerStream:       SELECT 1
2026-08-08T00:22:46.8032680+00:00 ContainerStream: info: Microsoft.EntityFrameworkCore.Database.Command[20101]
2026-08-08T00:22:46.8033136+00:00 ContainerStream:       Executed DbCommand (2ms) [Parameters=[], CommandType='Text', CommandTimeout='30']
2026-08-08T00:22:46.8033307+00:00 ContainerStream:       SELECT OBJECT_ID(N'[__EFMigrationsHistory]');
2026-08-08T00:22:46.8065224+00:00 ContainerStream: info: Microsoft.EntityFrameworkCore.Database.Command[20101]
2026-08-08T00:22:46.8065573+00:00 ContainerStream:       Executed DbCommand (2ms) [Parameters=[], CommandType='Text', CommandTimeout='30']
2026-08-08T00:22:46.8065697+00:00 ContainerStream:       SELECT [MigrationId], [ProductVersion]
2026-08-08T00:22:46.8065736+00:00 ContainerStream:       FROM [__EFMigrationsHistory]
2026-08-08T00:22:46.8069957+00:00 ContainerStream:       ORDER BY [MigrationId];
2026-08-08T00:22:46.8087061+00:00 ContainerStream: info: Microsoft.EntityFrameworkCore.Database.Command[20101]
2026-08-08T00:22:46.8087384+00:00 ContainerStream:       Executed DbCommand (2ms) [Parameters=[], CommandType='Text', CommandTimeout='30']
2026-08-08T00:22:46.8087453+00:00 ContainerStream:       SELECT TOP(1) [b].[BankAccountNumber]
2026-08-08T00:22:46.8087488+00:00 ContainerStream:       FROM [Beneficiaries] AS [b]
2026-08-08T00:22:46.8087522+00:00 ContainerStream:       ORDER BY [b].[Id]
2026-08-08T00:22:48.1807407+00:00 ContainerStream: info: Microsoft.EntityFrameworkCore.Database.Command[20101]
2026-08-08T00:22:48.1808344+00:00 ContainerStream:       Executed DbCommand (4ms) [Parameters=[], CommandType='Text', CommandTimeout='30']
2026-08-08T00:22:48.1808450+00:00 ContainerStream:       SELECT 1
2026-08-08T00:22:48.1826926+00:00 ContainerStream: info: Microsoft.EntityFrameworkCore.Database.Command[20101]
2026-08-08T00:22:48.1827451+00:00 ContainerStream:       Executed DbCommand (2ms) [Parameters=[], CommandType='Text', CommandTimeout='30']
2026-08-08T00:22:48.1827598+00:00 ContainerStream:       SELECT OBJECT_ID(N'[__EFMigrationsHistory]');
2026-08-08T00:22:48.1861482+00:00 ContainerStream: info: Microsoft.EntityFrameworkCore.Database.Command[20101]
2026-08-08T00:22:48.1862044+00:00 ContainerStream:       Executed DbCommand (2ms) [Parameters=[], CommandType='Text', CommandTimeout='30']
2026-08-08T00:22:48.1862132+00:00 ContainerStream:       SELECT [MigrationId], [ProductVersion]
2026-08-08T00:22:48.1862174+00:00 ContainerStream:       FROM [__EFMigrationsHistory]
2026-08-08T00:22:48.1867749+00:00 ContainerStream:       ORDER BY [MigrationId];
2026-08-08T00:22:48.1883495+00:00 ContainerStream: info: Microsoft.EntityFrameworkCore.Database.Command[20101]
2026-08-08T00:22:48.1883810+00:00 ContainerStream:       Executed DbCommand (2ms) [Parameters=[], CommandType='Text', CommandTimeout='30']
2026-08-08T00:22:48.1883877+00:00 ContainerStream:       SELECT TOP(1) [b].[BankAccountNumber]
2026-08-08T00:22:48.1883963+00:00 ContainerStream:       FROM [Beneficiaries] AS [b]
2026-08-08T00:22:48.1884001+00:00 ContainerStream:       ORDER BY [b].[Id]
2026-08-08T00:22:48.2597981+00:00 ContainerStream: info: Microsoft.EntityFrameworkCore.Database.Command[20101]
2026-08-08T00:22:48.2598668+00:00 ContainerStream:       Executed DbCommand (2ms) [Parameters=[], CommandType='Text', CommandTimeout='30']
2026-08-08T00:22:48.2598768+00:00 ContainerStream:       SELECT 1
2026-08-08T00:22:48.2619489+00:00 ContainerStream: info: Microsoft.EntityFrameworkCore.Database.Command[20101]
2026-08-08T00:22:48.2619899+00:00 ContainerStream:       Executed DbCommand (2ms) [Parameters=[], CommandType='Text', CommandTimeout='30']
2026-08-08T00:22:48.2620255+00:00 ContainerStream:       SELECT OBJECT_ID(N'[__EFMigrationsHistory]');
2026-08-08T00:22:48.2653767+00:00 ContainerStream: info: Microsoft.EntityFrameworkCore.Database.Command[20101]
2026-08-08T00:22:48.2654155+00:00 ContainerStream:       Executed DbCommand (2ms) [Parameters=[], CommandType='Text', CommandTimeout='30']
2026-08-08T00:22:48.2654225+00:00 ContainerStream:       SELECT [MigrationId], [ProductVersion]
2026-08-08T00:22:48.2654263+00:00 ContainerStream:       FROM [__EFMigrationsHistory]
2026-08-08T00:22:48.2654771+00:00 ContainerStream:       ORDER BY [MigrationId];
2026-08-08T00:22:48.2672667+00:00 ContainerStream: info: Microsoft.EntityFrameworkCore.Database.Command[20101]
2026-08-08T00:22:48.2672978+00:00 ContainerStream:       Executed DbCommand (2ms) [Parameters=[], CommandType='Text', CommandTimeout='30']
2026-08-08T00:22:48.2673056+00:00 ContainerStream:       SELECT TOP(1) [b].[BankAccountNumber]
2026-08-08T00:22:48.2673103+00:00 ContainerStream:       FROM [Beneficiaries] AS [b]
2026-08-08T00:22:48.2673148+00:00 ContainerStream:       ORDER BY [b].[Id]
2026-08-08T00:22:52.0246543+00:00 ContainerStream: info: Microsoft.EntityFrameworkCore.Database.Command[20101]
2026-08-08T00:22:52.0247602+00:00 ContainerStream:       Executed DbCommand (2ms) [Parameters=[], CommandType='Text', CommandTimeout='30']
2026-08-08T00:22:52.0247737+00:00 ContainerStream:       SELECT 1
2026-08-08T00:22:52.0266539+00:00 ContainerStream: info: Microsoft.EntityFrameworkCore.Database.Command[20101]
2026-08-08T00:22:52.0269046+00:00 ContainerStream:       Executed DbCommand (2ms) [Parameters=[], CommandType='Text', CommandTimeout='30']
2026-08-08T00:22:52.0269165+00:00 ContainerStream:       SELECT OBJECT_ID(N'[__EFMigrationsHistory]');
2026-08-08T00:22:52.0307625+00:00 ContainerStream: info: Microsoft.EntityFrameworkCore.Database.Command[20101]
2026-08-08T00:22:52.0308003+00:00 ContainerStream:       Executed DbCommand (2ms) [Parameters=[], CommandType='Text', CommandTimeout='30']
2026-08-08T00:22:52.0308083+00:00 ContainerStream:       SELECT [MigrationId], [ProductVersion]
2026-08-08T00:22:52.0309860+00:00 ContainerStream:       FROM [__EFMigrationsHistory]
2026-08-08T00:22:52.0309912+00:00 ContainerStream:       ORDER BY [MigrationId];
2026-08-08T00:22:52.0324387+00:00 ContainerStream: info: Microsoft.EntityFrameworkCore.Database.Command[20101]
2026-08-08T00:22:52.0324709+00:00 ContainerStream:       Executed DbCommand (2ms) [Parameters=[], CommandType='Text', CommandTimeout='30']
2026-08-08T00:22:52.0324830+00:00 ContainerStream:       SELECT TOP(1) [b].[BankAccountNumber]
2026-08-08T00:22:52.0325024+00:00 ContainerStream:       FROM [Beneficiaries] AS [b]
2026-08-08T00:22:52.0325065+00:00 ContainerStream:       ORDER BY [b].[Id]
2026-08-08T00:22:53.9260728+00:00 ContainerStream: info: Microsoft.EntityFrameworkCore.Database.Command[20101]
2026-08-08T00:22:53.9261489+00:00 ContainerStream:       Executed DbCommand (2ms) [Parameters=[], CommandType='Text', CommandTimeout='30']
2026-08-08T00:22:53.9261671+00:00 ContainerStream:       SELECT 1
2026-08-08T00:22:53.9280757+00:00 ContainerStream: info: Microsoft.EntityFrameworkCore.Database.Command[20101]
2026-08-08T00:22:53.9281280+00:00 ContainerStream:       Executed DbCommand (2ms) [Parameters=[], CommandType='Text', CommandTimeout='30']
2026-08-08T00:22:53.9281367+00:00 ContainerStream:       SELECT OBJECT_ID(N'[__EFMigrationsHistory]');
2026-08-08T00:22:53.9314369+00:00 ContainerStream: info: Microsoft.EntityFrameworkCore.Database.Command[20101]
2026-08-08T00:22:53.9314693+00:00 ContainerStream:       Executed DbCommand (2ms) [Parameters=[], CommandType='Text', CommandTimeout='30']
2026-08-08T00:22:53.9314757+00:00 ContainerStream:       SELECT [MigrationId], [ProductVersion]
2026-08-08T00:22:53.9314795+00:00 ContainerStream:       FROM [__EFMigrationsHistory]
2026-08-08T00:22:53.9319638+00:00 ContainerStream:       ORDER BY [MigrationId];
2026-08-08T00:22:53.9342002+00:00 ContainerStream: info: Microsoft.EntityFrameworkCore.Database.Command[20101]
2026-08-08T00:22:53.9342288+00:00 ContainerStream:       Executed DbCommand (2ms) [Parameters=[], CommandType='Text', CommandTimeout='30']
2026-08-08T00:22:53.9342360+00:00 ContainerStream:       SELECT TOP(1) [b].[BankAccountNumber]
2026-08-08T00:22:53.9342412+00:00 ContainerStream:       FROM [Beneficiaries] AS [b]
2026-08-08T00:22:53.9342601+00:00 ContainerStream:       ORDER BY [b].[Id]
2026-08-08T00:22:56.6035373+00:00 ContainerStream: info: Microsoft.EntityFrameworkCore.Database.Command[20101]
2026-08-08T00:22:56.6036120+00:00 ContainerStream:       Executed DbCommand (3ms) [Parameters=[], CommandType='Text', CommandTimeout='30']
2026-08-08T00:22:56.6036227+00:00 ContainerStream:       SELECT 1
2026-08-08T00:22:56.6066622+00:00 ContainerStream: info: Microsoft.EntityFrameworkCore.Database.Command[20101]
2026-08-08T00:22:56.6067346+00:00 ContainerStream:       Executed DbCommand (2ms) [Parameters=[], CommandType='Text', CommandTimeout='30']
2026-08-08T00:22:56.6067433+00:00 ContainerStream:       SELECT OBJECT_ID(N'[__EFMigrationsHistory]');
2026-08-08T00:22:56.6088358+00:00 ContainerStream: info: Microsoft.EntityFrameworkCore.Database.Command[20101]
2026-08-08T00:22:56.6088762+00:00 ContainerStream:       Executed DbCommand (2ms) [Parameters=[], CommandType='Text', CommandTimeout='30']
2026-08-08T00:22:56.6091839+00:00 ContainerStream:       SELECT [MigrationId], [ProductVersion]
2026-08-08T00:22:56.6091999+00:00 ContainerStream:       FROM [__EFMigrationsHistory]
2026-08-08T00:22:56.6092188+00:00 ContainerStream:       ORDER BY [MigrationId];
2026-08-08T00:22:56.6108511+00:00 ContainerStream: info: Microsoft.EntityFrameworkCore.Database.Command[20101]
2026-08-08T00:22:56.6108846+00:00 ContainerStream:       Executed DbCommand (2ms) [Parameters=[], CommandType='Text', CommandTimeout='30']
2026-08-08T00:22:56.6108917+00:00 ContainerStream:       SELECT TOP(1) [b].[BankAccountNumber]
2026-08-08T00:22:56.6108953+00:00 ContainerStream:       FROM [Beneficiaries] AS [b]
2026-08-08T00:22:56.6108990+00:00 ContainerStream:       ORDER BY [b].[Id]
2026-08-08T00:22:57.4535514+00:00 ContainerStream: info: Microsoft.EntityFrameworkCore.Database.Command[20101]
2026-08-08T00:22:57.4536343+00:00 ContainerStream:       Executed DbCommand (3ms) [Parameters=[], CommandType='Text', CommandTimeout='30']
2026-08-08T00:22:57.4536442+00:00 ContainerStream:       SELECT 1
2026-08-08T00:22:57.4555451+00:00 ContainerStream: info: Microsoft.EntityFrameworkCore.Database.Command[20101]
2026-08-08T00:22:57.4557435+00:00 ContainerStream:       Executed DbCommand (2ms) [Parameters=[], CommandType='Text', CommandTimeout='30']
2026-08-08T00:22:57.4557580+00:00 ContainerStream:       SELECT OBJECT_ID(N'[__EFMigrationsHistory]');
2026-08-08T00:22:57.4590916+00:00 ContainerStream: info: Microsoft.EntityFrameworkCore.Database.Command[20101]
2026-08-08T00:22:57.4591318+00:00 ContainerStream:       Executed DbCommand (2ms) [Parameters=[], CommandType='Text', CommandTimeout='30']
2026-08-08T00:22:57.4593837+00:00 ContainerStream:       SELECT [MigrationId], [ProductVersion]
2026-08-08T00:22:57.4593912+00:00 ContainerStream:       FROM [__EFMigrationsHistory]
2026-08-08T00:22:57.4594168+00:00 ContainerStream:       ORDER BY [MigrationId];
2026-08-08T00:22:57.4610700+00:00 ContainerStream: info: Microsoft.EntityFrameworkCore.Database.Command[20101]
2026-08-08T00:22:57.4610983+00:00 ContainerStream:       Executed DbCommand (2ms) [Parameters=[], CommandType='Text', CommandTimeout='30']
2026-08-08T00:22:57.4611044+00:00 ContainerStream:       SELECT TOP(1) [b].[BankAccountNumber]
2026-08-08T00:22:57.4611127+00:00 ContainerStream:       FROM [Beneficiaries] AS [b]
2026-08-08T00:22:57.4611166+00:00 ContainerStream:       ORDER BY [b].[Id]
2026-08-08T00:22:57.6551239+00:00 ContainerStream: info: Microsoft.EntityFrameworkCore.Database.Command[20101]
2026-08-08T00:22:57.6552226+00:00 ContainerStream:       Executed DbCommand (2ms) [Parameters=[], CommandType='Text', CommandTimeout='30']
2026-08-08T00:22:57.6552376+00:00 ContainerStream:       SELECT 1
2026-08-08T00:22:57.6579016+00:00 ContainerStream: info: Microsoft.EntityFrameworkCore.Database.Command[20101]
2026-08-08T00:22:57.6579736+00:00 ContainerStream:       Executed DbCommand (2ms) [Parameters=[], CommandType='Text', CommandTimeout='30']
2026-08-08T00:22:57.6579869+00:00 ContainerStream:       SELECT OBJECT_ID(N'[__EFMigrationsHistory]');
2026-08-08T00:22:57.6617943+00:00 ContainerStream: info: Microsoft.EntityFrameworkCore.Database.Command[20101]
2026-08-08T00:22:57.6618450+00:00 ContainerStream:       Executed DbCommand (2ms) [Parameters=[], CommandType='Text', CommandTimeout='30']
2026-08-08T00:22:57.6618529+00:00 ContainerStream:       SELECT [MigrationId], [ProductVersion]
2026-08-08T00:22:57.6618569+00:00 ContainerStream:       FROM [__EFMigrationsHistory]
2026-08-08T00:22:57.6619844+00:00 ContainerStream:       ORDER BY [MigrationId];
2026-08-08T00:22:57.6637535+00:00 ContainerStream: info: Microsoft.EntityFrameworkCore.Database.Command[20101]
2026-08-08T00:22:57.6637877+00:00 ContainerStream:       Executed DbCommand (2ms) [Parameters=[], CommandType='Text', CommandTimeout='30']
2026-08-08T00:22:57.6637939+00:00 ContainerStream:       SELECT TOP(1) [b].[BankAccountNumber]
2026-08-08T00:22:57.6637978+00:00 ContainerStream:       FROM [Beneficiaries] AS [b]
2026-08-08T00:22:57.6638011+00:00 ContainerStream:       ORDER BY [b].[Id]
2026-08-08T00:23:11.9184446+00:00 ContainerStream: info: Microsoft.EntityFrameworkCore.Database.Command[20101]
2026-08-08T00:23:11.9185310+00:00 ContainerStream:       Executed DbCommand (2ms) [Parameters=[], CommandType='Text', CommandTimeout='30']
2026-08-08T00:23:11.9185443+00:00 ContainerStream:       SELECT 1
2026-08-08T00:23:11.9206008+00:00 ContainerStream: info: Microsoft.EntityFrameworkCore.Database.Command[20101]
2026-08-08T00:23:11.9206994+00:00 ContainerStream:       Executed DbCommand (2ms) [Parameters=[], CommandType='Text', CommandTimeout='30']
2026-08-08T00:23:11.9207131+00:00 ContainerStream:       SELECT OBJECT_ID(N'[__EFMigrationsHistory]');
2026-08-08T00:23:11.9244229+00:00 ContainerStream: info: Microsoft.EntityFrameworkCore.Database.Command[20101]
2026-08-08T00:23:11.9244646+00:00 ContainerStream:       Executed DbCommand (2ms) [Parameters=[], CommandType='Text', CommandTimeout='30']
2026-08-08T00:23:11.9244724+00:00 ContainerStream:       SELECT [MigrationId], [ProductVersion]
2026-08-08T00:23:11.9244813+00:00 ContainerStream:       FROM [__EFMigrationsHistory]
2026-08-08T00:23:11.9244857+00:00 ContainerStream:       ORDER BY [MigrationId];
2026-08-08T00:23:11.9263924+00:00 ContainerStream: info: Microsoft.EntityFrameworkCore.Database.Command[20101]
2026-08-08T00:23:11.9264378+00:00 ContainerStream:       Executed DbCommand (2ms) [Parameters=[], CommandType='Text', CommandTimeout='30']
2026-08-08T00:23:11.9264497+00:00 ContainerStream:       SELECT TOP(1) [b].[BankAccountNumber]
2026-08-08T00:23:11.9264536+00:00 ContainerStream:       FROM [Beneficiaries] AS [b]
2026-08-08T00:23:11.9264573+00:00 ContainerStream:       ORDER BY [b].[Id]
2026-08-08T00:23:16.1497714+00:00 ContainerStream: info: Microsoft.EntityFrameworkCore.Database.Command[20101]
2026-08-08T00:23:16.1498514+00:00 ContainerStream:       Executed DbCommand (3ms) [Parameters=[], CommandType='Text', CommandTimeout='30']
2026-08-08T00:23:16.1498728+00:00 ContainerStream:       SELECT 1
2026-08-08T00:23:16.1519596+00:00 ContainerStream: info: Microsoft.EntityFrameworkCore.Database.Command[20101]
2026-08-08T00:23:16.1520208+00:00 ContainerStream:       Executed DbCommand (2ms) [Parameters=[], CommandType='Text', CommandTimeout='30']
2026-08-08T00:23:16.1520310+00:00 ContainerStream:       SELECT OBJECT_ID(N'[__EFMigrationsHistory]');
2026-08-08T00:23:16.1554453+00:00 ContainerStream: info: Microsoft.EntityFrameworkCore.Database.Command[20101]
2026-08-08T00:23:16.1554797+00:00 ContainerStream:       Executed DbCommand (2ms) [Parameters=[], CommandType='Text', CommandTimeout='30']
2026-08-08T00:23:16.1554999+00:00 ContainerStream:       SELECT [MigrationId], [ProductVersion]
2026-08-08T00:23:16.1555054+00:00 ContainerStream:       FROM [__EFMigrationsHistory]
2026-08-08T00:23:16.1559721+00:00 ContainerStream:       ORDER BY [MigrationId];
2026-08-08T00:23:16.1577161+00:00 ContainerStream: info: Microsoft.EntityFrameworkCore.Database.Command[20101]
2026-08-08T00:23:16.1577484+00:00 ContainerStream:       Executed DbCommand (2ms) [Parameters=[], CommandType='Text', CommandTimeout='30']
2026-08-08T00:23:16.1577559+00:00 ContainerStream:       SELECT TOP(1) [b].[BankAccountNumber]
2026-08-08T00:23:16.1577604+00:00 ContainerStream:       FROM [Beneficiaries] AS [b]
2026-08-08T00:23:16.1591603+00:00 ContainerStream:       ORDER BY [b].[Id]
2026-08-08T00:23:17.4350786+00:00 ContainerStream: info: Microsoft.EntityFrameworkCore.Database.Command[20101]
2026-08-08T00:23:17.4351554+00:00 ContainerStream:       Executed DbCommand (2ms) [Parameters=[], CommandType='Text', CommandTimeout='30']
2026-08-08T00:23:17.4351663+00:00 ContainerStream:       SELECT 1
2026-08-08T00:23:17.4372269+00:00 ContainerStream: info: Microsoft.EntityFrameworkCore.Database.Command[20101]
2026-08-08T00:23:17.4372854+00:00 ContainerStream:       Executed DbCommand (2ms) [Parameters=[], CommandType='Text', CommandTimeout='30']
2026-08-08T00:23:17.4372944+00:00 ContainerStream:       SELECT OBJECT_ID(N'[__EFMigrationsHistory]');
2026-08-08T00:23:17.4405694+00:00 ContainerStream: info: Microsoft.EntityFrameworkCore.Database.Command[20101]
2026-08-08T00:23:17.4406073+00:00 ContainerStream:       Executed DbCommand (2ms) [Parameters=[], CommandType='Text', CommandTimeout='30']
2026-08-08T00:23:17.4406368+00:00 ContainerStream:       SELECT [MigrationId], [ProductVersion]
2026-08-08T00:23:17.4406419+00:00 ContainerStream:       FROM [__EFMigrationsHistory]
2026-08-08T00:23:17.4407282+00:00 ContainerStream:       ORDER BY [MigrationId];
2026-08-08T00:23:17.4430314+00:00 ContainerStream: info: Microsoft.EntityFrameworkCore.Database.Command[20101]
2026-08-08T00:23:17.4430677+00:00 ContainerStream:       Executed DbCommand (2ms) [Parameters=[], CommandType='Text', CommandTimeout='30']
2026-08-08T00:23:17.4430752+00:00 ContainerStream:       SELECT TOP(1) [b].[BankAccountNumber]
2026-08-08T00:23:17.4430790+00:00 ContainerStream:       FROM [Beneficiaries] AS [b]
2026-08-08T00:23:17.4431958+00:00 ContainerStream:       ORDER BY [b].[Id]
2026-08-08T00:23:25.2082188+00:00 ContainerStream: info: Microsoft.EntityFrameworkCore.Database.Command[20101]
2026-08-08T00:23:25.2083045+00:00 ContainerStream:       Executed DbCommand (2ms) [Parameters=[], CommandType='Text', CommandTimeout='30']
2026-08-08T00:23:25.2083140+00:00 ContainerStream:       SELECT 1
2026-08-08T00:23:25.2115072+00:00 ContainerStream: info: Microsoft.EntityFrameworkCore.Database.Command[20101]
2026-08-08T00:23:25.2115798+00:00 ContainerStream:       Executed DbCommand (3ms) [Parameters=[], CommandType='Text', CommandTimeout='30']
2026-08-08T00:23:25.2115938+00:00 ContainerStream:       SELECT OBJECT_ID(N'[__EFMigrationsHistory]');
2026-08-08T00:23:25.2146028+00:00 ContainerStream: info: Microsoft.EntityFrameworkCore.Database.Command[20101]
2026-08-08T00:23:25.2146572+00:00 ContainerStream:       Executed DbCommand (2ms) [Parameters=[], CommandType='Text', CommandTimeout='30']
2026-08-08T00:23:25.2146667+00:00 ContainerStream:       SELECT [MigrationId], [ProductVersion]
2026-08-08T00:23:25.2146717+00:00 ContainerStream:       FROM [__EFMigrationsHistory]
2026-08-08T00:23:25.2155405+00:00 ContainerStream:       ORDER BY [MigrationId];
2026-08-08T00:23:25.2176931+00:00 ContainerStream: info: Microsoft.EntityFrameworkCore.Database.Command[20101]
2026-08-08T00:23:25.2177289+00:00 ContainerStream:       Executed DbCommand (2ms) [Parameters=[], CommandType='Text', CommandTimeout='30']
2026-08-08T00:23:25.2177368+00:00 ContainerStream:       SELECT TOP(1) [b].[BankAccountNumber]
2026-08-08T00:23:25.2186346+00:00 ContainerStream:       FROM [Beneficiaries] AS [b]
2026-08-08T00:23:25.2191002+00:00 ContainerStream:       ORDER BY [b].[Id]
2026-08-08T00:23:26.9928005+00:00 ContainerStream: info: Microsoft.EntityFrameworkCore.Database.Command[20101]
2026-08-08T00:23:26.9928845+00:00 ContainerStream:       Executed DbCommand (2ms) [Parameters=[], CommandType='Text', CommandTimeout='30']
2026-08-08T00:23:26.9928980+00:00 ContainerStream:       SELECT 1
2026-08-08T00:23:26.9947709+00:00 ContainerStream: info: Microsoft.EntityFrameworkCore.Database.Command[20101]
2026-08-08T00:23:26.9948363+00:00 ContainerStream:       Executed DbCommand (2ms) [Parameters=[], CommandType='Text', CommandTimeout='30']
2026-08-08T00:23:26.9948480+00:00 ContainerStream:       SELECT OBJECT_ID(N'[__EFMigrationsHistory]');
2026-08-08T00:23:26.9990344+00:00 ContainerStream: info: Microsoft.EntityFrameworkCore.Database.Command[20101]
2026-08-08T00:23:26.9990857+00:00 ContainerStream:       Executed DbCommand (2ms) [Parameters=[], CommandType='Text', CommandTimeout='30']
2026-08-08T00:23:26.9990934+00:00 ContainerStream:       SELECT [MigrationId], [ProductVersion]
2026-08-08T00:23:26.9990976+00:00 ContainerStream:       FROM [__EFMigrationsHistory]
2026-08-08T00:23:26.9991015+00:00 ContainerStream:       ORDER BY [MigrationId];
2026-08-08T00:23:27.0012152+00:00 ContainerStream: info: Microsoft.EntityFrameworkCore.Database.Command[20101]
2026-08-08T00:23:27.0012498+00:00 ContainerStream:       Executed DbCommand (2ms) [Parameters=[], CommandType='Text', CommandTimeout='30']
2026-08-08T00:23:27.0012581+00:00 ContainerStream:       SELECT TOP(1) [b].[BankAccountNumber]
2026-08-08T00:23:27.0017788+00:00 ContainerStream:       FROM [Beneficiaries] AS [b]
2026-08-08T00:23:27.0018060+00:00 ContainerStream:       ORDER BY [b].[Id]
2026-08-08T00:23:28.5771345+00:00 ContainerStream: info: Microsoft.EntityFrameworkCore.Database.Command[20101]
2026-08-08T00:23:28.5772056+00:00 ContainerStream:       Executed DbCommand (3ms) [Parameters=[], CommandType='Text', CommandTimeout='30']
2026-08-08T00:23:28.5772165+00:00 ContainerStream:       SELECT 1
2026-08-08T00:23:28.5793312+00:00 ContainerStream: info: Microsoft.EntityFrameworkCore.Database.Command[20101]
2026-08-08T00:23:28.5793814+00:00 ContainerStream:       Executed DbCommand (2ms) [Parameters=[], CommandType='Text', CommandTimeout='30']
2026-08-08T00:23:28.5793947+00:00 ContainerStream:       SELECT OBJECT_ID(N'[__EFMigrationsHistory]');
2026-08-08T00:23:28.5824979+00:00 ContainerStream: info: Microsoft.EntityFrameworkCore.Database.Command[20101]
2026-08-08T00:23:28.5825339+00:00 ContainerStream:       Executed DbCommand (2ms) [Parameters=[], CommandType='Text', CommandTimeout='30']
2026-08-08T00:23:28.5825411+00:00 ContainerStream:       SELECT [MigrationId], [ProductVersion]
2026-08-08T00:23:28.5833334+00:00 ContainerStream:       FROM [__EFMigrationsHistory]
2026-08-08T00:23:28.5833648+00:00 ContainerStream:       ORDER BY [MigrationId];
2026-08-08T00:23:28.5855876+00:00 ContainerStream: info: Microsoft.EntityFrameworkCore.Database.Command[20101]
2026-08-08T00:23:28.5856156+00:00 ContainerStream:       Executed DbCommand (2ms) [Parameters=[], CommandType='Text', CommandTimeout='30']
2026-08-08T00:23:28.5856268+00:00 ContainerStream:       SELECT TOP(1) [b].[BankAccountNumber]
2026-08-08T00:23:28.5856314+00:00 ContainerStream:       FROM [Beneficiaries] AS [b]
2026-08-08T00:23:28.5856463+00:00 ContainerStream:       ORDER BY [b].[Id]
2026-08-08T00:23:29.8127336+00:00 ContainerStream: info: Microsoft.EntityFrameworkCore.Database.Command[20101]
2026-08-08T00:23:29.8128089+00:00 ContainerStream:       Executed DbCommand (2ms) [Parameters=[], CommandType='Text', CommandTimeout='30']
2026-08-08T00:23:29.8128290+00:00 ContainerStream:       SELECT 1
2026-08-08T00:23:29.8145518+00:00 ContainerStream: info: Microsoft.EntityFrameworkCore.Database.Command[20101]
2026-08-08T00:23:29.8145969+00:00 ContainerStream:       Executed DbCommand (2ms) [Parameters=[], CommandType='Text', CommandTimeout='30']
2026-08-08T00:23:29.8146057+00:00 ContainerStream:       SELECT OBJECT_ID(N'[__EFMigrationsHistory]');
2026-08-08T00:23:29.8176554+00:00 ContainerStream: info: Microsoft.EntityFrameworkCore.Database.Command[20101]
2026-08-08T00:23:29.8176882+00:00 ContainerStream:       Executed DbCommand (2ms) [Parameters=[], CommandType='Text', CommandTimeout='30']
2026-08-08T00:23:29.8176953+00:00 ContainerStream:       SELECT [MigrationId], [ProductVersion]
2026-08-08T00:23:29.8176992+00:00 ContainerStream:       FROM [__EFMigrationsHistory]
2026-08-08T00:23:29.8177030+00:00 ContainerStream:       ORDER BY [MigrationId];
2026-08-08T00:23:29.8204358+00:00 ContainerStream: info: Microsoft.EntityFrameworkCore.Database.Command[20101]
2026-08-08T00:23:29.8204696+00:00 ContainerStream:       Executed DbCommand (2ms) [Parameters=[], CommandType='Text', CommandTimeout='30']
2026-08-08T00:23:29.8204774+00:00 ContainerStream:       SELECT TOP(1) [b].[BankAccountNumber]
2026-08-08T00:23:29.8204918+00:00 ContainerStream:       FROM [Beneficiaries] AS [b]
2026-08-08T00:23:29.8204968+00:00 ContainerStream:       ORDER BY [b].[Id]
2026-08-08T00:23:35.8054320+00:00 ContainerStream: info: Microsoft.EntityFrameworkCore.Database.Command[20101]
2026-08-08T00:23:35.8055086+00:00 ContainerStream:       Executed DbCommand (2ms) [Parameters=[], CommandType='Text', CommandTimeout='30']
2026-08-08T00:23:35.8055201+00:00 ContainerStream:       SELECT 1
2026-08-08T00:23:35.8073401+00:00 ContainerStream: info: Microsoft.EntityFrameworkCore.Database.Command[20101]
2026-08-08T00:23:35.8076105+00:00 ContainerStream:       Executed DbCommand (2ms) [Parameters=[], CommandType='Text', CommandTimeout='30']
2026-08-08T00:23:35.8076253+00:00 ContainerStream:       SELECT OBJECT_ID(N'[__EFMigrationsHistory]');
2026-08-08T00:23:35.8110108+00:00 ContainerStream: info: Microsoft.EntityFrameworkCore.Database.Command[20101]
2026-08-08T00:23:35.8110518+00:00 ContainerStream:       Executed DbCommand (2ms) [Parameters=[], CommandType='Text', CommandTimeout='30']
2026-08-08T00:23:35.8110652+00:00 ContainerStream:       SELECT [MigrationId], [ProductVersion]
2026-08-08T00:23:35.8110697+00:00 ContainerStream:       FROM [__EFMigrationsHistory]
2026-08-08T00:23:35.8116243+00:00 ContainerStream:       ORDER BY [MigrationId];
2026-08-08T00:23:35.8138183+00:00 ContainerStream: info: Microsoft.EntityFrameworkCore.Database.Command[20101]
2026-08-08T00:23:35.8138463+00:00 ContainerStream:       Executed DbCommand (2ms) [Parameters=[], CommandType='Text', CommandTimeout='30']
2026-08-08T00:23:35.8138540+00:00 ContainerStream:       SELECT TOP(1) [b].[BankAccountNumber]
2026-08-08T00:23:35.8138586+00:00 ContainerStream:       FROM [Beneficiaries] AS [b]
2026-08-08T00:23:35.8138628+00:00 ContainerStream:       ORDER BY [b].[Id]
2026-08-08T00:23:37.5090409+00:00 ContainerStream: info: Microsoft.EntityFrameworkCore.Database.Command[20101]
2026-08-08T00:23:37.5091390+00:00 ContainerStream:       Executed DbCommand (3ms) [Parameters=[], CommandType='Text', CommandTimeout='30']
2026-08-08T00:23:37.5091493+00:00 ContainerStream:       SELECT 1
2026-08-08T00:23:37.5114622+00:00 ContainerStream: info: Microsoft.EntityFrameworkCore.Database.Command[20101]
2026-08-08T00:23:37.5118175+00:00 ContainerStream:       Executed DbCommand (2ms) [Parameters=[], CommandType='Text', CommandTimeout='30']
2026-08-08T00:23:37.5118404+00:00 ContainerStream:       SELECT OBJECT_ID(N'[__EFMigrationsHistory]');
2026-08-08T00:23:37.5153182+00:00 ContainerStream: info: Microsoft.EntityFrameworkCore.Database.Command[20101]
2026-08-08T00:23:37.5155388+00:00 ContainerStream:       Executed DbCommand (2ms) [Parameters=[], CommandType='Text', CommandTimeout='30']
2026-08-08T00:23:37.5155550+00:00 ContainerStream:       SELECT [MigrationId], [ProductVersion]
2026-08-08T00:23:37.5155598+00:00 ContainerStream:       FROM [__EFMigrationsHistory]
2026-08-08T00:23:37.5155675+00:00 ContainerStream:       ORDER BY [MigrationId];
2026-08-08T00:23:37.5169922+00:00 ContainerStream: info: Microsoft.EntityFrameworkCore.Database.Command[20101]
2026-08-08T00:23:37.5170239+00:00 ContainerStream:       Executed DbCommand (2ms) [Parameters=[], CommandType='Text', CommandTimeout='30']
2026-08-08T00:23:37.5170306+00:00 ContainerStream:       SELECT TOP(1) [b].[BankAccountNumber]
2026-08-08T00:23:37.5170342+00:00 ContainerStream:       FROM [Beneficiaries] AS [b]
2026-08-08T00:23:37.5170521+00:00 ContainerStream:       ORDER BY [b].[Id]
2026-08-08T00:23:38.3771268+00:00 ContainerStream: info: Microsoft.EntityFrameworkCore.Database.Command[20101]
2026-08-08T00:23:38.3772227+00:00 ContainerStream:       Executed DbCommand (2ms) [Parameters=[], CommandType='Text', CommandTimeout='30']
2026-08-08T00:23:38.3772350+00:00 ContainerStream:       SELECT 1
2026-08-08T00:23:38.3792504+00:00 ContainerStream: info: Microsoft.EntityFrameworkCore.Database.Command[20101]
2026-08-08T00:23:38.3793404+00:00 ContainerStream:       Executed DbCommand (2ms) [Parameters=[], CommandType='Text', CommandTimeout='30']
2026-08-08T00:23:38.3793506+00:00 ContainerStream:       SELECT OBJECT_ID(N'[__EFMigrationsHistory]');
2026-08-08T00:23:38.4073377+00:00 ContainerStream: info: Microsoft.EntityFrameworkCore.Database.Command[20101]
2026-08-08T00:23:38.4074005+00:00 ContainerStream:       Executed DbCommand (26ms) [Parameters=[], CommandType='Text', CommandTimeout='30']
2026-08-08T00:23:38.4074108+00:00 ContainerStream:       SELECT [MigrationId], [ProductVersion]
2026-08-08T00:23:38.4074168+00:00 ContainerStream:       FROM [__EFMigrationsHistory]
2026-08-08T00:23:38.4075441+00:00 ContainerStream:       ORDER BY [MigrationId];
2026-08-08T00:23:38.4092210+00:00 ContainerStream: info: Microsoft.EntityFrameworkCore.Database.Command[20101]
2026-08-08T00:23:38.4092738+00:00 ContainerStream:       Executed DbCommand (2ms) [Parameters=[], CommandType='Text', CommandTimeout='30']
2026-08-08T00:23:38.4092839+00:00 ContainerStream:       SELECT TOP(1) [b].[BankAccountNumber]
2026-08-08T00:23:38.4092901+00:00 ContainerStream:       FROM [Beneficiaries] AS [b]
2026-08-08T00:23:38.4092958+00:00 ContainerStream:       ORDER BY [b].[Id]
2026-08-08T00:23:39.1009760+00:00 ContainerStream: info: Microsoft.EntityFrameworkCore.Database.Command[20101]
2026-08-08T00:23:39.1010590+00:00 ContainerStream:       Executed DbCommand (2ms) [Parameters=[], CommandType='Text', CommandTimeout='30']
2026-08-08T00:23:39.1010718+00:00 ContainerStream:       SELECT 1
2026-08-08T00:23:39.1044363+00:00 ContainerStream: info: Microsoft.EntityFrameworkCore.Database.Command[20101]
2026-08-08T00:23:39.1044948+00:00 ContainerStream:       Executed DbCommand (2ms) [Parameters=[], CommandType='Text', CommandTimeout='30']
2026-08-08T00:23:39.1045032+00:00 ContainerStream:       SELECT OBJECT_ID(N'[__EFMigrationsHistory]');
2026-08-08T00:23:39.1065067+00:00 ContainerStream: info: Microsoft.EntityFrameworkCore.Database.Command[20101]
2026-08-08T00:23:39.1065444+00:00 ContainerStream:       Executed DbCommand (2ms) [Parameters=[], CommandType='Text', CommandTimeout='30']
2026-08-08T00:23:39.1065508+00:00 ContainerStream:       SELECT [MigrationId], [ProductVersion]
2026-08-08T00:23:39.1065610+00:00 ContainerStream:       FROM [__EFMigrationsHistory]
2026-08-08T00:23:39.1066112+00:00 ContainerStream:       ORDER BY [MigrationId];
2026-08-08T00:23:39.1084937+00:00 ContainerStream: info: Microsoft.EntityFrameworkCore.Database.Command[20101]
2026-08-08T00:23:39.1085287+00:00 ContainerStream:       Executed DbCommand (2ms) [Parameters=[], CommandType='Text', CommandTimeout='30']
2026-08-08T00:23:39.1085401+00:00 ContainerStream:       SELECT TOP(1) [b].[BankAccountNumber]
2026-08-08T00:23:39.1085538+00:00 ContainerStream:       FROM [Beneficiaries] AS [b]
2026-08-08T00:23:39.1085576+00:00 ContainerStream:       ORDER BY [b].[Id]
2026-08-08T00:23:39.7660977+00:00 ContainerStream: info: Microsoft.EntityFrameworkCore.Database.Command[20101]
2026-08-08T00:23:39.7661980+00:00 ContainerStream:       Executed DbCommand (2ms) [Parameters=[], CommandType='Text', CommandTimeout='30']
2026-08-08T00:23:39.7662183+00:00 ContainerStream:       SELECT 1
2026-08-08T00:23:39.7688074+00:00 ContainerStream: info: Microsoft.EntityFrameworkCore.Database.Command[20101]
2026-08-08T00:23:39.7688820+00:00 ContainerStream:       Executed DbCommand (2ms) [Parameters=[], CommandType='Text', CommandTimeout='30']
2026-08-08T00:23:39.7688909+00:00 ContainerStream:       SELECT OBJECT_ID(N'[__EFMigrationsHistory]');
2026-08-08T00:23:39.7725442+00:00 ContainerStream: info: Microsoft.EntityFrameworkCore.Database.Command[20101]
2026-08-08T00:23:39.7725822+00:00 ContainerStream:       Executed DbCommand (2ms) [Parameters=[], CommandType='Text', CommandTimeout='30']
2026-08-08T00:23:39.7725894+00:00 ContainerStream:       SELECT [MigrationId], [ProductVersion]
2026-08-08T00:23:39.7726563+00:00 ContainerStream:       FROM [__EFMigrationsHistory]
2026-08-08T00:23:39.7727620+00:00 ContainerStream:       ORDER BY [MigrationId];
2026-08-08T00:23:39.7743872+00:00 ContainerStream: info: Microsoft.EntityFrameworkCore.Database.Command[20101]
2026-08-08T00:23:39.7744221+00:00 ContainerStream:       Executed DbCommand (2ms) [Parameters=[], CommandType='Text', CommandTimeout='30']
2026-08-08T00:23:39.7744298+00:00 ContainerStream:       SELECT TOP(1) [b].[BankAccountNumber]
2026-08-08T00:23:39.7744343+00:00 ContainerStream:       FROM [Beneficiaries] AS [b]
2026-08-08T00:23:39.7744444+00:00 ContainerStream:       ORDER BY [b].[Id]
2026-08-08T00:23:40.6072864+00:00 ContainerStream: info: Microsoft.EntityFrameworkCore.Database.Command[20101]
2026-08-08T00:23:40.6073672+00:00 ContainerStream:       Executed DbCommand (2ms) [Parameters=[], CommandType='Text', CommandTimeout='30']
2026-08-08T00:23:40.6073802+00:00 ContainerStream:       SELECT 1
2026-08-08T00:23:40.6114812+00:00 ContainerStream: info: Microsoft.EntityFrameworkCore.Database.Command[20101]
2026-08-08T00:23:40.6115449+00:00 ContainerStream:       Executed DbCommand (2ms) [Parameters=[], CommandType='Text', CommandTimeout='30']
2026-08-08T00:23:40.6115541+00:00 ContainerStream:       SELECT OBJECT_ID(N'[__EFMigrationsHistory]');
2026-08-08T00:23:40.6135127+00:00 ContainerStream: info: Microsoft.EntityFrameworkCore.Database.Command[20101]
2026-08-08T00:23:40.6135492+00:00 ContainerStream:       Executed DbCommand (2ms) [Parameters=[], CommandType='Text', CommandTimeout='30']
2026-08-08T00:23:40.6136363+00:00 ContainerStream:       SELECT [MigrationId], [ProductVersion]
2026-08-08T00:23:40.6136428+00:00 ContainerStream:       FROM [__EFMigrationsHistory]
2026-08-08T00:23:40.6142736+00:00 ContainerStream:       ORDER BY [MigrationId];
2026-08-08T00:23:40.6158737+00:00 ContainerStream: info: Microsoft.EntityFrameworkCore.Database.Command[20101]
2026-08-08T00:23:40.6159055+00:00 ContainerStream:       Executed DbCommand (2ms) [Parameters=[], CommandType='Text', CommandTimeout='30']
2026-08-08T00:23:40.6159129+00:00 ContainerStream:       SELECT TOP(1) [b].[BankAccountNumber]
2026-08-08T00:23:40.6159176+00:00 ContainerStream:       FROM [Beneficiaries] AS [b]
2026-08-08T00:23:40.6159222+00:00 ContainerStream:       ORDER BY [b].[Id]
2026-08-08T00:23:44.3424231+00:00 ContainerStream: info: Microsoft.EntityFrameworkCore.Database.Command[20101]
2026-08-08T00:23:44.3425248+00:00 ContainerStream:       Executed DbCommand (2ms) [Parameters=[], CommandType='Text', CommandTimeout='30']
2026-08-08T00:23:44.3425370+00:00 ContainerStream:       SELECT 1
2026-08-08T00:23:44.3465452+00:00 ContainerStream: info: Microsoft.EntityFrameworkCore.Database.Command[20101]
2026-08-08T00:23:44.3468664+00:00 ContainerStream:       Executed DbCommand (4ms) [Parameters=[], CommandType='Text', CommandTimeout='30']
2026-08-08T00:23:44.3468856+00:00 ContainerStream:       SELECT OBJECT_ID(N'[__EFMigrationsHistory]');
2026-08-08T00:23:44.3509432+00:00 ContainerStream: info: Microsoft.EntityFrameworkCore.Database.Command[20101]
2026-08-08T00:23:44.3509808+00:00 ContainerStream:       Executed DbCommand (3ms) [Parameters=[], CommandType='Text', CommandTimeout='30']
2026-08-08T00:23:44.3509889+00:00 ContainerStream:       SELECT [MigrationId], [ProductVersion]
2026-08-08T00:23:44.3509938+00:00 ContainerStream:       FROM [__EFMigrationsHistory]
2026-08-08T00:23:44.3510028+00:00 ContainerStream:       ORDER BY [MigrationId];
2026-08-08T00:23:44.3533601+00:00 ContainerStream: info: Microsoft.EntityFrameworkCore.Database.Command[20101]
2026-08-08T00:23:44.3533922+00:00 ContainerStream:       Executed DbCommand (2ms) [Parameters=[], CommandType='Text', CommandTimeout='30']
2026-08-08T00:23:44.3533991+00:00 ContainerStream:       SELECT TOP(1) [b].[BankAccountNumber]
2026-08-08T00:23:44.3534031+00:00 ContainerStream:       FROM [Beneficiaries] AS [b]
2026-08-08T00:23:44.3534117+00:00 ContainerStream:       ORDER BY [b].[Id]
2026-08-08T00:23:48.2614909+00:00 ContainerStream: info: Microsoft.EntityFrameworkCore.Database.Command[20101]
2026-08-08T00:23:48.2615720+00:00 ContainerStream:       Executed DbCommand (3ms) [Parameters=[], CommandType='Text', CommandTimeout='30']
2026-08-08T00:23:48.2615827+00:00 ContainerStream:       SELECT 1
2026-08-08T00:23:48.2633956+00:00 ContainerStream: info: Microsoft.EntityFrameworkCore.Database.Command[20101]
2026-08-08T00:23:48.2648551+00:00 ContainerStream:       Executed DbCommand (2ms) [Parameters=[], CommandType='Text', CommandTimeout='30']
2026-08-08T00:23:48.2648812+00:00 ContainerStream:       SELECT OBJECT_ID(N'[__EFMigrationsHistory]');
2026-08-08T00:23:48.2675337+00:00 ContainerStream: info: Microsoft.EntityFrameworkCore.Database.Command[20101]
2026-08-08T00:23:48.2675760+00:00 ContainerStream:       Executed DbCommand (2ms) [Parameters=[], CommandType='Text', CommandTimeout='30']
2026-08-08T00:23:48.2675837+00:00 ContainerStream:       SELECT [MigrationId], [ProductVersion]
2026-08-08T00:23:48.2675885+00:00 ContainerStream:       FROM [__EFMigrationsHistory]
2026-08-08T00:23:48.2675932+00:00 ContainerStream:       ORDER BY [MigrationId];
2026-08-08T00:23:48.2695138+00:00 ContainerStream: info: Microsoft.EntityFrameworkCore.Database.Command[20101]
2026-08-08T00:23:48.2695698+00:00 ContainerStream:       Executed DbCommand (2ms) [Parameters=[], CommandType='Text', CommandTimeout='30']
2026-08-08T00:23:48.2695779+00:00 ContainerStream:       SELECT TOP(1) [b].[BankAccountNumber]
2026-08-08T00:23:48.2695822+00:00 ContainerStream:       FROM [Beneficiaries] AS [b]
2026-08-08T00:23:48.2695862+00:00 ContainerStream:       ORDER BY [b].[Id]
2026-08-08T00:24:01.7701483+00:00 ContainerStream: info: Microsoft.EntityFrameworkCore.Database.Command[20101]
2026-08-08T00:24:01.7702616+00:00 ContainerStream:       Executed DbCommand (3ms) [Parameters=[], CommandType='Text', CommandTimeout='30']
2026-08-08T00:24:01.7702718+00:00 ContainerStream:       SELECT 1
2026-08-08T00:24:01.7723595+00:00 ContainerStream: info: Microsoft.EntityFrameworkCore.Database.Command[20101]
2026-08-08T00:24:01.7724008+00:00 ContainerStream:       Executed DbCommand (2ms) [Parameters=[], CommandType='Text', CommandTimeout='30']
2026-08-08T00:24:01.7743971+00:00 ContainerStream:       SELECT OBJECT_ID(N'[__EFMigrationsHistory]');
2026-08-08T00:24:01.7757269+00:00 ContainerStream: info: Microsoft.EntityFrameworkCore.Database.Command[20101]
2026-08-08T00:24:01.7757591+00:00 ContainerStream:       Executed DbCommand (2ms) [Parameters=[], CommandType='Text', CommandTimeout='30']
2026-08-08T00:24:01.7757659+00:00 ContainerStream:       SELECT [MigrationId], [ProductVersion]
2026-08-08T00:24:01.7757737+00:00 ContainerStream:       FROM [__EFMigrationsHistory]
2026-08-08T00:24:01.7761226+00:00 ContainerStream:       ORDER BY [MigrationId];
2026-08-08T00:24:01.7781371+00:00 ContainerStream: info: Microsoft.EntityFrameworkCore.Database.Command[20101]
2026-08-08T00:24:01.7781630+00:00 ContainerStream:       Executed DbCommand (2ms) [Parameters=[], CommandType='Text', CommandTimeout='30']
2026-08-08T00:24:01.7781695+00:00 ContainerStream:       SELECT TOP(1) [b].[BankAccountNumber]
2026-08-08T00:24:01.7781774+00:00 ContainerStream:       FROM [Beneficiaries] AS [b]
2026-08-08T00:24:01.7781811+00:00 ContainerStream:       ORDER BY [b].[Id]
2026-08-08T00:24:02.0270997+00:00 ContainerStream: info: Microsoft.EntityFrameworkCore.Database.Command[20101]
2026-08-08T00:24:02.0274501+00:00 ContainerStream:       Executed DbCommand (2ms) [Parameters=[], CommandType='Text', CommandTimeout='30']
2026-08-08T00:24:02.0274642+00:00 ContainerStream:       SELECT 1
2026-08-08T00:24:02.0274912+00:00 ContainerStream: info: Microsoft.EntityFrameworkCore.Database.Command[20101]
2026-08-08T00:24:02.0274960+00:00 ContainerStream:       Executed DbCommand (2ms) [Parameters=[], CommandType='Text', CommandTimeout='30']
2026-08-08T00:24:02.0275007+00:00 ContainerStream:       SELECT OBJECT_ID(N'[__EFMigrationsHistory]');
2026-08-08T00:24:02.0275082+00:00 ContainerStream: info: Microsoft.EntityFrameworkCore.Database.Command[20101]
2026-08-08T00:24:02.0275124+00:00 ContainerStream:       Executed DbCommand (14ms) [Parameters=[], CommandType='Text', CommandTimeout='30']
2026-08-08T00:24:02.0275176+00:00 ContainerStream:       SELECT [MigrationId], [ProductVersion]
2026-08-08T00:24:02.0275218+00:00 ContainerStream:       FROM [__EFMigrationsHistory]
2026-08-08T00:24:02.0275268+00:00 ContainerStream:       ORDER BY [MigrationId];
2026-08-08T00:24:02.0285151+00:00 ContainerStream: info: Microsoft.EntityFrameworkCore.Database.Command[20101]
2026-08-08T00:24:02.0285578+00:00 ContainerStream:       Executed DbCommand (2ms) [Parameters=[], CommandType='Text', CommandTimeout='30']
2026-08-08T00:24:02.0285661+00:00 ContainerStream:       SELECT TOP(1) [b].[BankAccountNumber]
2026-08-08T00:24:02.0285705+00:00 ContainerStream:       FROM [Beneficiaries] AS [b]
2026-08-08T00:24:02.0285796+00:00 ContainerStream:       ORDER BY [b].[Id]
2026-08-08T00:24:02.2004130+00:00 ContainerStream: info: Microsoft.EntityFrameworkCore.Database.Command[20101]
2026-08-08T00:24:02.2004860+00:00 ContainerStream:       Executed DbCommand (3ms) [Parameters=[], CommandType='Text', CommandTimeout='30']
2026-08-08T00:24:02.2004956+00:00 ContainerStream:       SELECT 1
2026-08-08T00:24:02.2022038+00:00 ContainerStream: info: Microsoft.EntityFrameworkCore.Database.Command[20101]
2026-08-08T00:24:02.2022539+00:00 ContainerStream:       Executed DbCommand (2ms) [Parameters=[], CommandType='Text', CommandTimeout='30']
2026-08-08T00:24:02.2022611+00:00 ContainerStream:       SELECT OBJECT_ID(N'[__EFMigrationsHistory]');
2026-08-08T00:24:02.2057649+00:00 ContainerStream: info: Microsoft.EntityFrameworkCore.Database.Command[20101]
2026-08-08T00:24:02.2058020+00:00 ContainerStream:       Executed DbCommand (2ms) [Parameters=[], CommandType='Text', CommandTimeout='30']
2026-08-08T00:24:02.2058141+00:00 ContainerStream:       SELECT [MigrationId], [ProductVersion]
2026-08-08T00:24:02.2058189+00:00 ContainerStream:       FROM [__EFMigrationsHistory]
2026-08-08T00:24:02.2058235+00:00 ContainerStream:       ORDER BY [MigrationId];
2026-08-08T00:24:02.2075028+00:00 ContainerStream: info: Microsoft.EntityFrameworkCore.Database.Command[20101]
2026-08-08T00:24:02.2075339+00:00 ContainerStream:       Executed DbCommand (2ms) [Parameters=[], CommandType='Text', CommandTimeout='30']
2026-08-08T00:24:02.2075440+00:00 ContainerStream:       SELECT TOP(1) [b].[BankAccountNumber]
2026-08-08T00:24:02.2075479+00:00 ContainerStream:       FROM [Beneficiaries] AS [b]
2026-08-08T00:24:02.2075615+00:00 ContainerStream:       ORDER BY [b].[Id]
2026-08-08T00:24:02.9736206+00:00 ContainerStream: info: Microsoft.EntityFrameworkCore.Database.Command[20101]
2026-08-08T00:24:02.9737092+00:00 ContainerStream:       Executed DbCommand (2ms) [Parameters=[], CommandType='Text', CommandTimeout='30']
2026-08-08T00:24:02.9737199+00:00 ContainerStream:       SELECT 1
2026-08-08T00:24:02.9756658+00:00 ContainerStream: info: Microsoft.EntityFrameworkCore.Database.Command[20101]
2026-08-08T00:24:02.9757239+00:00 ContainerStream:       Executed DbCommand (2ms) [Parameters=[], CommandType='Text', CommandTimeout='30']
2026-08-08T00:24:02.9757324+00:00 ContainerStream:       SELECT OBJECT_ID(N'[__EFMigrationsHistory]');
2026-08-08T00:24:02.9791550+00:00 ContainerStream: info: Microsoft.EntityFrameworkCore.Database.Command[20101]
2026-08-08T00:24:02.9792004+00:00 ContainerStream:       Executed DbCommand (2ms) [Parameters=[], CommandType='Text', CommandTimeout='30']
2026-08-08T00:24:02.9792094+00:00 ContainerStream:       SELECT [MigrationId], [ProductVersion]
2026-08-08T00:24:02.9792139+00:00 ContainerStream:       FROM [__EFMigrationsHistory]
2026-08-08T00:24:02.9792229+00:00 ContainerStream:       ORDER BY [MigrationId];
2026-08-08T00:24:02.9814585+00:00 ContainerStream: info: Microsoft.EntityFrameworkCore.Database.Command[20101]
2026-08-08T00:24:02.9814973+00:00 ContainerStream:       Executed DbCommand (2ms) [Parameters=[], CommandType='Text', CommandTimeout='30']
2026-08-08T00:24:02.9815053+00:00 ContainerStream:       SELECT TOP(1) [b].[BankAccountNumber]
2026-08-08T00:24:02.9815094+00:00 ContainerStream:       FROM [Beneficiaries] AS [b]
2026-08-08T00:24:02.9815182+00:00 ContainerStream:       ORDER BY [b].[Id]
2026-08-08T00:24:07.0304007+00:00 ContainerStream: info: Microsoft.EntityFrameworkCore.Database.Command[20101]
2026-08-08T00:24:07.0304850+00:00 ContainerStream:       Executed DbCommand (2ms) [Parameters=[], CommandType='Text', CommandTimeout='30']
2026-08-08T00:24:07.0304975+00:00 ContainerStream:       SELECT 1
2026-08-08T00:24:07.0325010+00:00 ContainerStream: info: Microsoft.EntityFrameworkCore.Database.Command[20101]
2026-08-08T00:24:07.0325523+00:00 ContainerStream:       Executed DbCommand (2ms) [Parameters=[], CommandType='Text', CommandTimeout='30']
2026-08-08T00:24:07.0325595+00:00 ContainerStream:       SELECT OBJECT_ID(N'[__EFMigrationsHistory]');
2026-08-08T00:24:07.0360926+00:00 ContainerStream: info: Microsoft.EntityFrameworkCore.Database.Command[20101]
2026-08-08T00:24:07.0361273+00:00 ContainerStream:       Executed DbCommand (2ms) [Parameters=[], CommandType='Text', CommandTimeout='30']
2026-08-08T00:24:07.0361401+00:00 ContainerStream:       SELECT [MigrationId], [ProductVersion]
2026-08-08T00:24:07.0361449+00:00 ContainerStream:       FROM [__EFMigrationsHistory]
2026-08-08T00:24:07.0362670+00:00 ContainerStream:       ORDER BY [MigrationId];
2026-08-08T00:24:07.0379684+00:00 ContainerStream: info: Microsoft.EntityFrameworkCore.Database.Command[20101]
2026-08-08T00:24:07.0380024+00:00 ContainerStream:       Executed DbCommand (2ms) [Parameters=[], CommandType='Text', CommandTimeout='30']
2026-08-08T00:24:07.0380090+00:00 ContainerStream:       SELECT TOP(1) [b].[BankAccountNumber]
2026-08-08T00:24:07.0380218+00:00 ContainerStream:       FROM [Beneficiaries] AS [b]
2026-08-08T00:24:07.0380258+00:00 ContainerStream:       ORDER BY [b].[Id]
2026-08-08T00:24:08.3813576+00:00 ContainerStream: info: Microsoft.EntityFrameworkCore.Database.Command[20101]
2026-08-08T00:24:08.3814505+00:00 ContainerStream:       Executed DbCommand (2ms) [Parameters=[], CommandType='Text', CommandTimeout='30']
2026-08-08T00:24:08.3814629+00:00 ContainerStream:       SELECT 1
2026-08-08T00:24:08.3848016+00:00 ContainerStream: info: Microsoft.EntityFrameworkCore.Database.Command[20101]
2026-08-08T00:24:08.3848579+00:00 ContainerStream:       Executed DbCommand (2ms) [Parameters=[], CommandType='Text', CommandTimeout='30']
2026-08-08T00:24:08.3848736+00:00 ContainerStream:       SELECT OBJECT_ID(N'[__EFMigrationsHistory]');
2026-08-08T00:24:08.3881939+00:00 ContainerStream: info: Microsoft.EntityFrameworkCore.Database.Command[20101]
2026-08-08T00:24:08.3882348+00:00 ContainerStream:       Executed DbCommand (2ms) [Parameters=[], CommandType='Text', CommandTimeout='30']
2026-08-08T00:24:08.3882428+00:00 ContainerStream:       SELECT [MigrationId], [ProductVersion]
2026-08-08T00:24:08.3882479+00:00 ContainerStream:       FROM [__EFMigrationsHistory]
2026-08-08T00:24:08.3882569+00:00 ContainerStream:       ORDER BY [MigrationId];
2026-08-08T00:24:08.3907043+00:00 ContainerStream: info: Microsoft.EntityFrameworkCore.Database.Command[20101]
2026-08-08T00:24:08.3907402+00:00 ContainerStream:       Executed DbCommand (2ms) [Parameters=[], CommandType='Text', CommandTimeout='30']
2026-08-08T00:24:08.3907491+00:00 ContainerStream:       SELECT TOP(1) [b].[BankAccountNumber]
2026-08-08T00:24:08.3907533+00:00 ContainerStream:       FROM [Beneficiaries] AS [b]
2026-08-08T00:24:08.3907622+00:00 ContainerStream:       ORDER BY [b].[Id]
2026-08-08T00:24:08.8962583+00:00 ContainerStream: info: Microsoft.EntityFrameworkCore.Database.Command[20101]
2026-08-08T00:24:08.8966112+00:00 ContainerStream:       Executed DbCommand (2ms) [Parameters=[], CommandType='Text', CommandTimeout='30']
2026-08-08T00:24:08.8966261+00:00 ContainerStream:       SELECT 1
2026-08-08T00:24:08.8994848+00:00 ContainerStream: info: Microsoft.EntityFrameworkCore.Database.Command[20101]
2026-08-08T00:24:08.8997119+00:00 ContainerStream:       Executed DbCommand (2ms) [Parameters=[], CommandType='Text', CommandTimeout='30']
2026-08-08T00:24:08.8997241+00:00 ContainerStream:       SELECT OBJECT_ID(N'[__EFMigrationsHistory]');
2026-08-08T00:24:08.9012938+00:00 ContainerStream: info: Microsoft.EntityFrameworkCore.Database.Command[20101]
2026-08-08T00:24:08.9013337+00:00 ContainerStream:       Executed DbCommand (2ms) [Parameters=[], CommandType='Text', CommandTimeout='30']
2026-08-08T00:24:08.9013512+00:00 ContainerStream:       SELECT [MigrationId], [ProductVersion]
2026-08-08T00:24:08.9013553+00:00 ContainerStream:       FROM [__EFMigrationsHistory]
2026-08-08T00:24:08.9018228+00:00 ContainerStream:       ORDER BY [MigrationId];
2026-08-08T00:24:08.9034506+00:00 ContainerStream: info: Microsoft.EntityFrameworkCore.Database.Command[20101]
2026-08-08T00:24:08.9034779+00:00 ContainerStream:       Executed DbCommand (2ms) [Parameters=[], CommandType='Text', CommandTimeout='30']
2026-08-08T00:24:08.9034841+00:00 ContainerStream:       SELECT TOP(1) [b].[BankAccountNumber]
2026-08-08T00:24:08.9034879+00:00 ContainerStream:       FROM [Beneficiaries] AS [b]
2026-08-08T00:24:08.9034912+00:00 ContainerStream:       ORDER BY [b].[Id]
2026-08-08T00:24:10.5772740+00:00 ContainerStream: info: Microsoft.EntityFrameworkCore.Database.Command[20101]
2026-08-08T00:24:10.5773428+00:00 ContainerStream:       Executed DbCommand (2ms) [Parameters=[], CommandType='Text', CommandTimeout='30']
2026-08-08T00:24:10.5773539+00:00 ContainerStream:       SELECT 1
2026-08-08T00:24:10.5812221+00:00 ContainerStream: info: Microsoft.EntityFrameworkCore.Database.Command[20101]
2026-08-08T00:24:10.5812779+00:00 ContainerStream:       Executed DbCommand (3ms) [Parameters=[], CommandType='Text', CommandTimeout='30']
2026-08-08T00:24:10.5812884+00:00 ContainerStream:       SELECT OBJECT_ID(N'[__EFMigrationsHistory]');
2026-08-08T00:24:10.5870112+00:00 ContainerStream: info: Microsoft.EntityFrameworkCore.Database.Command[20101]
2026-08-08T00:24:10.5870529+00:00 ContainerStream:       Executed DbCommand (4ms) [Parameters=[], CommandType='Text', CommandTimeout='30']
2026-08-08T00:24:10.5871192+00:00 ContainerStream:       SELECT [MigrationId], [ProductVersion]
2026-08-08T00:24:10.5871295+00:00 ContainerStream:       FROM [__EFMigrationsHistory]
2026-08-08T00:24:10.5871533+00:00 ContainerStream:       ORDER BY [MigrationId];
2026-08-08T00:24:10.5901137+00:00 ContainerStream: info: Microsoft.EntityFrameworkCore.Database.Command[20101]
2026-08-08T00:24:10.5901543+00:00 ContainerStream:       Executed DbCommand (2ms) [Parameters=[], CommandType='Text', CommandTimeout='30']
2026-08-08T00:24:10.5901667+00:00 ContainerStream:       SELECT TOP(1) [b].[BankAccountNumber]
2026-08-08T00:24:10.5901709+00:00 ContainerStream:       FROM [Beneficiaries] AS [b]
2026-08-08T00:24:10.5901745+00:00 ContainerStream:       ORDER BY [b].[Id]
2026-08-08T00:24:12.9568067+00:00 ContainerStream: info: Microsoft.EntityFrameworkCore.Database.Command[20101]
2026-08-08T00:24:12.9568827+00:00 ContainerStream:       Executed DbCommand (2ms) [Parameters=[], CommandType='Text', CommandTimeout='30']
2026-08-08T00:24:12.9569048+00:00 ContainerStream:       SELECT 1
2026-08-08T00:24:12.9592271+00:00 ContainerStream: info: Microsoft.EntityFrameworkCore.Database.Command[20101]
2026-08-08T00:24:12.9592785+00:00 ContainerStream:       Executed DbCommand (2ms) [Parameters=[], CommandType='Text', CommandTimeout='30']
2026-08-08T00:24:12.9592883+00:00 ContainerStream:       SELECT OBJECT_ID(N'[__EFMigrationsHistory]');
2026-08-08T00:24:12.9631886+00:00 ContainerStream: info: Microsoft.EntityFrameworkCore.Database.Command[20101]
2026-08-08T00:24:12.9632702+00:00 ContainerStream:       Executed DbCommand (2ms) [Parameters=[], CommandType='Text', CommandTimeout='30']
2026-08-08T00:24:12.9632805+00:00 ContainerStream:       SELECT [MigrationId], [ProductVersion]
2026-08-08T00:24:12.9632849+00:00 ContainerStream:       FROM [__EFMigrationsHistory]
2026-08-08T00:24:12.9632891+00:00 ContainerStream:       ORDER BY [MigrationId];
2026-08-08T00:24:12.9651808+00:00 ContainerStream: info: Microsoft.EntityFrameworkCore.Database.Command[20101]
2026-08-08T00:24:12.9652104+00:00 ContainerStream:       Executed DbCommand (2ms) [Parameters=[], CommandType='Text', CommandTimeout='30']
2026-08-08T00:24:12.9652165+00:00 ContainerStream:       SELECT TOP(1) [b].[BankAccountNumber]
2026-08-08T00:24:12.9652201+00:00 ContainerStream:       FROM [Beneficiaries] AS [b]
2026-08-08T00:24:12.9652277+00:00 ContainerStream:       ORDER BY [b].[Id]
2026-08-08T00:24:15.8151944+00:00 ContainerStream: info: Microsoft.EntityFrameworkCore.Database.Command[20101]
2026-08-08T00:24:15.8152739+00:00 ContainerStream:       Executed DbCommand (2ms) [Parameters=[], CommandType='Text', CommandTimeout='30']
2026-08-08T00:24:15.8152887+00:00 ContainerStream:       SELECT 1
2026-08-08T00:24:15.8180247+00:00 ContainerStream: info: Microsoft.EntityFrameworkCore.Database.Command[20101]
2026-08-08T00:24:15.8180755+00:00 ContainerStream:       Executed DbCommand (3ms) [Parameters=[], CommandType='Text', CommandTimeout='30']
2026-08-08T00:24:15.8180832+00:00 ContainerStream:       SELECT OBJECT_ID(N'[__EFMigrationsHistory]');
2026-08-08T00:24:15.8215814+00:00 ContainerStream: info: Microsoft.EntityFrameworkCore.Database.Command[20101]
2026-08-08T00:24:15.8216192+00:00 ContainerStream:       Executed DbCommand (2ms) [Parameters=[], CommandType='Text', CommandTimeout='30']
2026-08-08T00:24:15.8216417+00:00 ContainerStream:       SELECT [MigrationId], [ProductVersion]
2026-08-08T00:24:15.8216470+00:00 ContainerStream:       FROM [__EFMigrationsHistory]
2026-08-08T00:24:15.8216517+00:00 ContainerStream:       ORDER BY [MigrationId];
2026-08-08T00:24:15.8236721+00:00 ContainerStream: info: Microsoft.EntityFrameworkCore.Database.Command[20101]
2026-08-08T00:24:15.8237021+00:00 ContainerStream:       Executed DbCommand (2ms) [Parameters=[], CommandType='Text', CommandTimeout='30']
2026-08-08T00:24:15.8237131+00:00 ContainerStream:       SELECT TOP(1) [b].[BankAccountNumber]
2026-08-08T00:24:15.8237177+00:00 ContainerStream:       FROM [Beneficiaries] AS [b]
2026-08-08T00:24:15.8242851+00:00 ContainerStream:       ORDER BY [b].[Id]
2026-08-08T00:24:16.9511907+00:00 ContainerStream: info: Microsoft.EntityFrameworkCore.Database.Command[20101]
2026-08-08T00:24:16.9512713+00:00 ContainerStream:       Executed DbCommand (2ms) [Parameters=[], CommandType='Text', CommandTimeout='30']
2026-08-08T00:24:16.9512822+00:00 ContainerStream:       SELECT 1
2026-08-08T00:24:16.9534387+00:00 ContainerStream: info: Microsoft.EntityFrameworkCore.Database.Command[20101]
2026-08-08T00:24:16.9535005+00:00 ContainerStream:       Executed DbCommand (2ms) [Parameters=[], CommandType='Text', CommandTimeout='30']
2026-08-08T00:24:16.9535101+00:00 ContainerStream:       SELECT OBJECT_ID(N'[__EFMigrationsHistory]');
2026-08-08T00:24:16.9568767+00:00 ContainerStream: info: Microsoft.EntityFrameworkCore.Database.Command[20101]
2026-08-08T00:24:16.9569095+00:00 ContainerStream:       Executed DbCommand (2ms) [Parameters=[], CommandType='Text', CommandTimeout='30']
2026-08-08T00:24:16.9569154+00:00 ContainerStream:       SELECT [MigrationId], [ProductVersion]
2026-08-08T00:24:16.9569183+00:00 ContainerStream:       FROM [__EFMigrationsHistory]
2026-08-08T00:24:16.9569514+00:00 ContainerStream:       ORDER BY [MigrationId];
2026-08-08T00:24:16.9604821+00:00 ContainerStream: info: Microsoft.EntityFrameworkCore.Database.Command[20101]
2026-08-08T00:24:16.9605067+00:00 ContainerStream:       Executed DbCommand (2ms) [Parameters=[], CommandType='Text', CommandTimeout='30']
2026-08-08T00:24:16.9605143+00:00 ContainerStream:       SELECT TOP(1) [b].[BankAccountNumber]
2026-08-08T00:24:16.9605187+00:00 ContainerStream:       FROM [Beneficiaries] AS [b]
2026-08-08T00:24:16.9605274+00:00 ContainerStream:       ORDER BY [b].[Id]
2026-08-08T00:24:30.2305791+00:00 ContainerStream: info: Microsoft.EntityFrameworkCore.Database.Command[20101]
2026-08-08T00:24:30.2306574+00:00 ContainerStream:       Executed DbCommand (2ms) [Parameters=[], CommandType='Text', CommandTimeout='30']
2026-08-08T00:24:30.2306701+00:00 ContainerStream:       SELECT 1
2026-08-08T00:24:30.2327468+00:00 ContainerStream: info: Microsoft.EntityFrameworkCore.Database.Command[20101]
2026-08-08T00:24:30.2328061+00:00 ContainerStream:       Executed DbCommand (2ms) [Parameters=[], CommandType='Text', CommandTimeout='30']
2026-08-08T00:24:30.2328163+00:00 ContainerStream:       SELECT OBJECT_ID(N'[__EFMigrationsHistory]');
2026-08-08T00:24:30.2366284+00:00 ContainerStream: info: Microsoft.EntityFrameworkCore.Database.Command[20101]
2026-08-08T00:24:30.2367018+00:00 ContainerStream:       Executed DbCommand (2ms) [Parameters=[], CommandType='Text', CommandTimeout='30']
2026-08-08T00:24:30.2367175+00:00 ContainerStream:       SELECT [MigrationId], [ProductVersion]
2026-08-08T00:24:30.2367223+00:00 ContainerStream:       FROM [__EFMigrationsHistory]
2026-08-08T00:24:30.2367270+00:00 ContainerStream:       ORDER BY [MigrationId];
2026-08-08T00:24:30.2385438+00:00 ContainerStream: info: Microsoft.EntityFrameworkCore.Database.Command[20101]
2026-08-08T00:24:30.2385960+00:00 ContainerStream:       Executed DbCommand (2ms) [Parameters=[], CommandType='Text', CommandTimeout='30']
2026-08-08T00:24:30.2386036+00:00 ContainerStream:       SELECT TOP(1) [b].[BankAccountNumber]
2026-08-08T00:24:30.2386079+00:00 ContainerStream:       FROM [Beneficiaries] AS [b]
2026-08-08T00:24:30.2386116+00:00 ContainerStream:       ORDER BY [b].[Id]
2026-08-08T00:24:31.1092387+00:00 ContainerStream: info: Microsoft.EntityFrameworkCore.Database.Command[20101]
2026-08-08T00:24:31.1093325+00:00 ContainerStream:       Executed DbCommand (3ms) [Parameters=[], CommandType='Text', CommandTimeout='30']
2026-08-08T00:24:31.1093426+00:00 ContainerStream:       SELECT 1
2026-08-08T00:24:31.1115007+00:00 ContainerStream: info: Microsoft.EntityFrameworkCore.Database.Command[20101]
2026-08-08T00:24:31.1115445+00:00 ContainerStream:       Executed DbCommand (2ms) [Parameters=[], CommandType='Text', CommandTimeout='30']
2026-08-08T00:24:31.1117911+00:00 ContainerStream:       SELECT OBJECT_ID(N'[__EFMigrationsHistory]');
2026-08-08T00:24:31.1149891+00:00 ContainerStream: info: Microsoft.EntityFrameworkCore.Database.Command[20101]
2026-08-08T00:24:31.1150278+00:00 ContainerStream:       Executed DbCommand (2ms) [Parameters=[], CommandType='Text', CommandTimeout='30']
2026-08-08T00:24:31.1150370+00:00 ContainerStream:       SELECT [MigrationId], [ProductVersion]
2026-08-08T00:24:31.1150409+00:00 ContainerStream:       FROM [__EFMigrationsHistory]
2026-08-08T00:24:31.1156923+00:00 ContainerStream:       ORDER BY [MigrationId];
2026-08-08T00:24:31.1174444+00:00 ContainerStream: info: Microsoft.EntityFrameworkCore.Database.Command[20101]
2026-08-08T00:24:31.1174765+00:00 ContainerStream:       Executed DbCommand (2ms) [Parameters=[], CommandType='Text', CommandTimeout='30']
2026-08-08T00:24:31.1174831+00:00 ContainerStream:       SELECT TOP(1) [b].[BankAccountNumber]
2026-08-08T00:24:31.1174922+00:00 ContainerStream:       FROM [Beneficiaries] AS [b]
2026-08-08T00:24:31.1174958+00:00 ContainerStream:       ORDER BY [b].[Id]
2026-08-08T00:24:34.2819694+00:00 ContainerStream: info: Microsoft.EntityFrameworkCore.Database.Command[20101]
2026-08-08T00:24:34.2820502+00:00 ContainerStream:       Executed DbCommand (9ms) [Parameters=[], CommandType='Text', CommandTimeout='30']
2026-08-08T00:24:34.2820610+00:00 ContainerStream:       SELECT 1
2026-08-08T00:24:34.2847566+00:00 ContainerStream: info: Microsoft.EntityFrameworkCore.Database.Command[20101]
2026-08-08T00:24:34.2848162+00:00 ContainerStream:       Executed DbCommand (2ms) [Parameters=[], CommandType='Text', CommandTimeout='30']
2026-08-08T00:24:34.2848247+00:00 ContainerStream:       SELECT OBJECT_ID(N'[__EFMigrationsHistory]');
2026-08-08T00:24:34.2883617+00:00 ContainerStream: info: Microsoft.EntityFrameworkCore.Database.Command[20101]
2026-08-08T00:24:34.2884083+00:00 ContainerStream:       Executed DbCommand (2ms) [Parameters=[], CommandType='Text', CommandTimeout='30']
2026-08-08T00:24:34.2884170+00:00 ContainerStream:       SELECT [MigrationId], [ProductVersion]
2026-08-08T00:24:34.2884214+00:00 ContainerStream:       FROM [__EFMigrationsHistory]
2026-08-08T00:24:34.2884254+00:00 ContainerStream:       ORDER BY [MigrationId];
2026-08-08T00:24:34.2901621+00:00 ContainerStream: info: Microsoft.EntityFrameworkCore.Database.Command[20101]
2026-08-08T00:24:34.2901998+00:00 ContainerStream:       Executed DbCommand (2ms) [Parameters=[], CommandType='Text', CommandTimeout='30']
2026-08-08T00:24:34.2902065+00:00 ContainerStream:       SELECT TOP(1) [b].[BankAccountNumber]
2026-08-08T00:24:34.2902108+00:00 ContainerStream:       FROM [Beneficiaries] AS [b]
2026-08-08T00:24:34.2902145+00:00 ContainerStream:       ORDER BY [b].[Id]
2026-08-08T00:24:39.0011476+00:00 ContainerStream: info: Microsoft.EntityFrameworkCore.Database.Command[20101]
2026-08-08T00:24:39.0012157+00:00 ContainerStream:       Executed DbCommand (2ms) [Parameters=[], CommandType='Text', CommandTimeout='30']
2026-08-08T00:24:39.0012260+00:00 ContainerStream:       SELECT 1
2026-08-08T00:24:39.0033705+00:00 ContainerStream: info: Microsoft.EntityFrameworkCore.Database.Command[20101]
2026-08-08T00:24:39.0035783+00:00 ContainerStream:       Executed DbCommand (2ms) [Parameters=[], CommandType='Text', CommandTimeout='30']
2026-08-08T00:24:39.0035957+00:00 ContainerStream:       SELECT OBJECT_ID(N'[__EFMigrationsHistory]');
2026-08-08T00:24:39.0069474+00:00 ContainerStream: info: Microsoft.EntityFrameworkCore.Database.Command[20101]
2026-08-08T00:24:39.0069849+00:00 ContainerStream:       Executed DbCommand (2ms) [Parameters=[], CommandType='Text', CommandTimeout='30']
2026-08-08T00:24:39.0069927+00:00 ContainerStream:       SELECT [MigrationId], [ProductVersion]
2026-08-08T00:24:39.0070017+00:00 ContainerStream:       FROM [__EFMigrationsHistory]
2026-08-08T00:24:39.0070056+00:00 ContainerStream:       ORDER BY [MigrationId];
2026-08-08T00:24:39.0100799+00:00 ContainerStream: info: Microsoft.EntityFrameworkCore.Database.Command[20101]
2026-08-08T00:24:39.0101158+00:00 ContainerStream:       Executed DbCommand (2ms) [Parameters=[], CommandType='Text', CommandTimeout='30']
2026-08-08T00:24:39.0101231+00:00 ContainerStream:       SELECT TOP(1) [b].[BankAccountNumber]
2026-08-08T00:24:39.0101320+00:00 ContainerStream:       FROM [Beneficiaries] AS [b]
2026-08-08T00:24:39.0101357+00:00 ContainerStream:       ORDER BY [b].[Id]
2026-08-08T00:24:46.0635016+00:00 ContainerStream: info: Microsoft.EntityFrameworkCore.Database.Command[20101]
2026-08-08T00:24:46.0635752+00:00 ContainerStream:       Executed DbCommand (3ms) [Parameters=[], CommandType='Text', CommandTimeout='30']
2026-08-08T00:24:46.0635936+00:00 ContainerStream:       SELECT 1
2026-08-08T00:24:46.0655244+00:00 ContainerStream: info: Microsoft.EntityFrameworkCore.Database.Command[20101]
2026-08-08T00:24:46.0655743+00:00 ContainerStream:       Executed DbCommand (2ms) [Parameters=[], CommandType='Text', CommandTimeout='30']
2026-08-08T00:24:46.0655829+00:00 ContainerStream:       SELECT OBJECT_ID(N'[__EFMigrationsHistory]');
2026-08-08T00:24:46.0689395+00:00 ContainerStream: info: Microsoft.EntityFrameworkCore.Database.Command[20101]
2026-08-08T00:24:46.0689786+00:00 ContainerStream:       Executed DbCommand (2ms) [Parameters=[], CommandType='Text', CommandTimeout='30']
2026-08-08T00:24:46.0689872+00:00 ContainerStream:       SELECT [MigrationId], [ProductVersion]
2026-08-08T00:24:46.0689913+00:00 ContainerStream:       FROM [__EFMigrationsHistory]
2026-08-08T00:24:46.0689950+00:00 ContainerStream:       ORDER BY [MigrationId];
2026-08-08T00:24:46.0716081+00:00 ContainerStream: info: Microsoft.EntityFrameworkCore.Database.Command[20101]
2026-08-08T00:24:46.0716329+00:00 ContainerStream:       Executed DbCommand (2ms) [Parameters=[], CommandType='Text', CommandTimeout='30']
2026-08-08T00:24:46.0716399+00:00 ContainerStream:       SELECT TOP(1) [b].[BankAccountNumber]
2026-08-08T00:24:46.0716437+00:00 ContainerStream:       FROM [Beneficiaries] AS [b]
2026-08-08T00:24:46.0716475+00:00 ContainerStream:       ORDER BY [b].[Id]
2026-08-08T00:24:48.0216524+00:00 ContainerStream: info: Microsoft.EntityFrameworkCore.Database.Command[20101]
2026-08-08T00:24:48.0217391+00:00 ContainerStream:       Executed DbCommand (2ms) [Parameters=[], CommandType='Text', CommandTimeout='30']
2026-08-08T00:24:48.0217491+00:00 ContainerStream:       SELECT 1
2026-08-08T00:24:48.0235573+00:00 ContainerStream: info: Microsoft.EntityFrameworkCore.Database.Command[20101]
2026-08-08T00:24:48.0236174+00:00 ContainerStream:       Executed DbCommand (2ms) [Parameters=[], CommandType='Text', CommandTimeout='30']
2026-08-08T00:24:48.0236259+00:00 ContainerStream:       SELECT OBJECT_ID(N'[__EFMigrationsHistory]');
2026-08-08T00:24:48.0272261+00:00 ContainerStream: info: Microsoft.EntityFrameworkCore.Database.Command[20101]
2026-08-08T00:24:48.0272649+00:00 ContainerStream:       Executed DbCommand (2ms) [Parameters=[], CommandType='Text', CommandTimeout='30']
2026-08-08T00:24:48.0272875+00:00 ContainerStream:       SELECT [MigrationId], [ProductVersion]
2026-08-08T00:24:48.0272975+00:00 ContainerStream:       FROM [__EFMigrationsHistory]
2026-08-08T00:24:48.0273650+00:00 ContainerStream:       ORDER BY [MigrationId];
2026-08-08T00:24:48.0292849+00:00 ContainerStream: info: Microsoft.EntityFrameworkCore.Database.Command[20101]
2026-08-08T00:24:48.0293229+00:00 ContainerStream:       Executed DbCommand (2ms) [Parameters=[], CommandType='Text', CommandTimeout='30']
2026-08-08T00:24:48.0293305+00:00 ContainerStream:       SELECT TOP(1) [b].[BankAccountNumber]
2026-08-08T00:24:48.0293343+00:00 ContainerStream:       FROM [Beneficiaries] AS [b]
2026-08-08T00:24:48.0293380+00:00 ContainerStream:       ORDER BY [b].[Id]
2026-08-08T00:24:48.2640748+00:00 ContainerStream: info: Microsoft.EntityFrameworkCore.Database.Command[20101]
2026-08-08T00:24:48.2641629+00:00 ContainerStream:       Executed DbCommand (2ms) [Parameters=[], CommandType='Text', CommandTimeout='30']
2026-08-08T00:24:48.2641752+00:00 ContainerStream:       SELECT 1
2026-08-08T00:24:48.2668592+00:00 ContainerStream: info: Microsoft.EntityFrameworkCore.Database.Command[20101]
2026-08-08T00:24:48.2669142+00:00 ContainerStream:       Executed DbCommand (2ms) [Parameters=[], CommandType='Text', CommandTimeout='30']
2026-08-08T00:24:48.2669294+00:00 ContainerStream:       SELECT OBJECT_ID(N'[__EFMigrationsHistory]');
2026-08-08T00:24:48.2705264+00:00 ContainerStream: info: Microsoft.EntityFrameworkCore.Database.Command[20101]
2026-08-08T00:24:48.2706569+00:00 ContainerStream:       Executed DbCommand (2ms) [Parameters=[], CommandType='Text', CommandTimeout='30']
2026-08-08T00:24:48.2706729+00:00 ContainerStream:       SELECT [MigrationId], [ProductVersion]
2026-08-08T00:24:48.2706780+00:00 ContainerStream:       FROM [__EFMigrationsHistory]
2026-08-08T00:24:48.2707190+00:00 ContainerStream:       ORDER BY [MigrationId];
2026-08-08T00:24:48.2733846+00:00 ContainerStream: info: Microsoft.EntityFrameworkCore.Database.Command[20101]
2026-08-08T00:24:48.2734204+00:00 ContainerStream:       Executed DbCommand (2ms) [Parameters=[], CommandType='Text', CommandTimeout='30']
2026-08-08T00:24:48.2734281+00:00 ContainerStream:       SELECT TOP(1) [b].[BankAccountNumber]
2026-08-08T00:24:48.2734381+00:00 ContainerStream:       FROM [Beneficiaries] AS [b]
2026-08-08T00:24:48.2734429+00:00 ContainerStream:       ORDER BY [b].[Id]
2026-08-08T00:24:48.9073581+00:00 ContainerStream: info: Microsoft.EntityFrameworkCore.Database.Command[20101]
2026-08-08T00:24:48.9074335+00:00 ContainerStream:       Executed DbCommand (2ms) [Parameters=[], CommandType='Text', CommandTimeout='30']
2026-08-08T00:24:48.9074446+00:00 ContainerStream:       SELECT 1
2026-08-08T00:24:48.9095355+00:00 ContainerStream: info: Microsoft.EntityFrameworkCore.Database.Command[20101]
2026-08-08T00:24:48.9095899+00:00 ContainerStream:       Executed DbCommand (2ms) [Parameters=[], CommandType='Text', CommandTimeout='30']
2026-08-08T00:24:48.9095986+00:00 ContainerStream:       SELECT OBJECT_ID(N'[__EFMigrationsHistory]');
2026-08-08T00:24:48.9131230+00:00 ContainerStream: info: Microsoft.EntityFrameworkCore.Database.Command[20101]
2026-08-08T00:24:48.9131803+00:00 ContainerStream:       Executed DbCommand (2ms) [Parameters=[], CommandType='Text', CommandTimeout='30']
2026-08-08T00:24:48.9131882+00:00 ContainerStream:       SELECT [MigrationId], [ProductVersion]
2026-08-08T00:24:48.9131927+00:00 ContainerStream:       FROM [__EFMigrationsHistory]
2026-08-08T00:24:48.9132183+00:00 ContainerStream:       ORDER BY [MigrationId];
2026-08-08T00:24:48.9151056+00:00 ContainerStream: info: Microsoft.EntityFrameworkCore.Database.Command[20101]
2026-08-08T00:24:48.9151452+00:00 ContainerStream:       Executed DbCommand (2ms) [Parameters=[], CommandType='Text', CommandTimeout='30']
2026-08-08T00:24:48.9154756+00:00 ContainerStream:       SELECT TOP(1) [b].[BankAccountNumber]
2026-08-08T00:24:48.9154945+00:00 ContainerStream:       FROM [Beneficiaries] AS [b]
2026-08-08T00:24:48.9154998+00:00 ContainerStream:       ORDER BY [b].[Id]
2026-08-08T00:24:50.7097795+00:00 ContainerStream: info: Microsoft.EntityFrameworkCore.Database.Command[20101]
2026-08-08T00:24:50.7098567+00:00 ContainerStream:       Executed DbCommand (2ms) [Parameters=[], CommandType='Text', CommandTimeout='30']
2026-08-08T00:24:50.7098682+00:00 ContainerStream:       SELECT 1
2026-08-08T00:24:50.7117998+00:00 ContainerStream: info: Microsoft.EntityFrameworkCore.Database.Command[20101]
2026-08-08T00:24:50.7120687+00:00 ContainerStream:       Executed DbCommand (2ms) [Parameters=[], CommandType='Text', CommandTimeout='30']
2026-08-08T00:24:50.7120895+00:00 ContainerStream:       SELECT OBJECT_ID(N'[__EFMigrationsHistory]');
2026-08-08T00:24:50.7152078+00:00 ContainerStream: info: Microsoft.EntityFrameworkCore.Database.Command[20101]
2026-08-08T00:24:50.7152407+00:00 ContainerStream:       Executed DbCommand (2ms) [Parameters=[], CommandType='Text', CommandTimeout='30']
2026-08-08T00:24:50.7152481+00:00 ContainerStream:       SELECT [MigrationId], [ProductVersion]
2026-08-08T00:24:50.7152678+00:00 ContainerStream:       FROM [__EFMigrationsHistory]
2026-08-08T00:24:50.7158461+00:00 ContainerStream:       ORDER BY [MigrationId];
2026-08-08T00:24:50.7175027+00:00 ContainerStream: info: Microsoft.EntityFrameworkCore.Database.Command[20101]
2026-08-08T00:24:50.7175332+00:00 ContainerStream:       Executed DbCommand (2ms) [Parameters=[], CommandType='Text', CommandTimeout='30']
2026-08-08T00:24:50.7175458+00:00 ContainerStream:       SELECT TOP(1) [b].[BankAccountNumber]
2026-08-08T00:24:50.7175499+00:00 ContainerStream:       FROM [Beneficiaries] AS [b]
2026-08-08T00:24:50.7175534+00:00 ContainerStream:       ORDER BY [b].[Id]
2026-08-08T00:24:52.9051308+00:00 ContainerStream: info: Microsoft.EntityFrameworkCore.Database.Command[20101]
2026-08-08T00:24:52.9052184+00:00 ContainerStream:       Executed DbCommand (2ms) [Parameters=[], CommandType='Text', CommandTimeout='30']
2026-08-08T00:24:52.9052374+00:00 ContainerStream:       SELECT 1
2026-08-08T00:24:52.9075215+00:00 ContainerStream: info: Microsoft.EntityFrameworkCore.Database.Command[20101]
2026-08-08T00:24:52.9078037+00:00 ContainerStream:       Executed DbCommand (3ms) [Parameters=[], CommandType='Text', CommandTimeout='30']
2026-08-08T00:24:52.9078174+00:00 ContainerStream:       SELECT OBJECT_ID(N'[__EFMigrationsHistory]');
2026-08-08T00:24:52.9109668+00:00 ContainerStream: info: Microsoft.EntityFrameworkCore.Database.Command[20101]
2026-08-08T00:24:52.9110036+00:00 ContainerStream:       Executed DbCommand (2ms) [Parameters=[], CommandType='Text', CommandTimeout='30']
2026-08-08T00:24:52.9110124+00:00 ContainerStream:       SELECT [MigrationId], [ProductVersion]
2026-08-08T00:24:52.9110170+00:00 ContainerStream:       FROM [__EFMigrationsHistory]
2026-08-08T00:24:52.9110402+00:00 ContainerStream:       ORDER BY [MigrationId];
2026-08-08T00:24:52.9140804+00:00 ContainerStream: info: Microsoft.EntityFrameworkCore.Database.Command[20101]
2026-08-08T00:24:52.9141153+00:00 ContainerStream:       Executed DbCommand (2ms) [Parameters=[], CommandType='Text', CommandTimeout='30']
2026-08-08T00:24:52.9141233+00:00 ContainerStream:       SELECT TOP(1) [b].[BankAccountNumber]
2026-08-08T00:24:52.9141272+00:00 ContainerStream:       FROM [Beneficiaries] AS [b]
2026-08-08T00:24:52.9148799+00:00 ContainerStream:       ORDER BY [b].[Id]
2026-08-08T00:24:53.8307770+00:00 ContainerStream: info: Microsoft.EntityFrameworkCore.Database.Command[20101]
2026-08-08T00:24:53.8308565+00:00 ContainerStream:       Executed DbCommand (2ms) [Parameters=[], CommandType='Text', CommandTimeout='30']
2026-08-08T00:24:53.8308687+00:00 ContainerStream:       SELECT 1
2026-08-08T00:24:53.8345077+00:00 ContainerStream: info: Microsoft.EntityFrameworkCore.Database.Command[20101]
2026-08-08T00:24:53.8345685+00:00 ContainerStream:       Executed DbCommand (2ms) [Parameters=[], CommandType='Text', CommandTimeout='30']
2026-08-08T00:24:53.8345780+00:00 ContainerStream:       SELECT OBJECT_ID(N'[__EFMigrationsHistory]');
2026-08-08T00:24:53.8367403+00:00 ContainerStream: info: Microsoft.EntityFrameworkCore.Database.Command[20101]
2026-08-08T00:24:53.8367793+00:00 ContainerStream:       Executed DbCommand (2ms) [Parameters=[], CommandType='Text', CommandTimeout='30']
2026-08-08T00:24:53.8367930+00:00 ContainerStream:       SELECT [MigrationId], [ProductVersion]
2026-08-08T00:24:53.8367978+00:00 ContainerStream:       FROM [__EFMigrationsHistory]
2026-08-08T00:24:53.8368024+00:00 ContainerStream:       ORDER BY [MigrationId];
2026-08-08T00:24:53.8386083+00:00 ContainerStream: info: Microsoft.EntityFrameworkCore.Database.Command[20101]
2026-08-08T00:24:53.8386379+00:00 ContainerStream:       Executed DbCommand (2ms) [Parameters=[], CommandType='Text', CommandTimeout='30']
2026-08-08T00:24:53.8386492+00:00 ContainerStream:       SELECT TOP(1) [b].[BankAccountNumber]
2026-08-08T00:24:53.8386541+00:00 ContainerStream:       FROM [Beneficiaries] AS [b]
2026-08-08T00:24:53.8386586+00:00 ContainerStream:       ORDER BY [b].[Id]
2026-08-08T00:24:55.6521632+00:00 ContainerStream: info: Microsoft.EntityFrameworkCore.Database.Command[20101]
2026-08-08T00:24:55.6522500+00:00 ContainerStream:       Executed DbCommand (2ms) [Parameters=[], CommandType='Text', CommandTimeout='30']
2026-08-08T00:24:55.6522584+00:00 ContainerStream:       SELECT 1
2026-08-08T00:24:55.6541524+00:00 ContainerStream: info: Microsoft.EntityFrameworkCore.Database.Command[20101]
2026-08-08T00:24:55.6542168+00:00 ContainerStream:       Executed DbCommand (2ms) [Parameters=[], CommandType='Text', CommandTimeout='30']
2026-08-08T00:24:55.6542270+00:00 ContainerStream:       SELECT OBJECT_ID(N'[__EFMigrationsHistory]');
2026-08-08T00:24:55.6578023+00:00 ContainerStream: info: Microsoft.EntityFrameworkCore.Database.Command[20101]
2026-08-08T00:24:55.6578435+00:00 ContainerStream:       Executed DbCommand (2ms) [Parameters=[], CommandType='Text', CommandTimeout='30']
2026-08-08T00:24:55.6578563+00:00 ContainerStream:       SELECT [MigrationId], [ProductVersion]
2026-08-08T00:24:55.6578606+00:00 ContainerStream:       FROM [__EFMigrationsHistory]
2026-08-08T00:24:55.6579239+00:00 ContainerStream:       ORDER BY [MigrationId];
2026-08-08T00:24:55.6598710+00:00 ContainerStream: info: Microsoft.EntityFrameworkCore.Database.Command[20101]
2026-08-08T00:24:55.6599068+00:00 ContainerStream:       Executed DbCommand (2ms) [Parameters=[], CommandType='Text', CommandTimeout='30']
2026-08-08T00:24:55.6599154+00:00 ContainerStream:       SELECT TOP(1) [b].[BankAccountNumber]
2026-08-08T00:24:55.6599202+00:00 ContainerStream:       FROM [Beneficiaries] AS [b]
2026-08-08T00:24:55.6599296+00:00 ContainerStream:       ORDER BY [b].[Id]
2026-08-08T00:24:55.9585939+00:00 ContainerStream: info: Microsoft.EntityFrameworkCore.Database.Command[20101]
2026-08-08T00:24:55.9586812+00:00 ContainerStream:       Executed DbCommand (2ms) [Parameters=[], CommandType='Text', CommandTimeout='30']
2026-08-08T00:24:55.9588906+00:00 ContainerStream:       SELECT 1
2026-08-08T00:24:55.9612651+00:00 ContainerStream: info: Microsoft.EntityFrameworkCore.Database.Command[20101]
2026-08-08T00:24:55.9613244+00:00 ContainerStream:       Executed DbCommand (3ms) [Parameters=[], CommandType='Text', CommandTimeout='30']
2026-08-08T00:24:55.9613324+00:00 ContainerStream:       SELECT OBJECT_ID(N'[__EFMigrationsHistory]');
2026-08-08T00:24:55.9647691+00:00 ContainerStream: info: Microsoft.EntityFrameworkCore.Database.Command[20101]
2026-08-08T00:24:55.9648351+00:00 ContainerStream:       Executed DbCommand (2ms) [Parameters=[], CommandType='Text', CommandTimeout='30']
2026-08-08T00:24:55.9648499+00:00 ContainerStream:       SELECT [MigrationId], [ProductVersion]
2026-08-08T00:24:55.9648540+00:00 ContainerStream:       FROM [__EFMigrationsHistory]
2026-08-08T00:24:55.9649301+00:00 ContainerStream:       ORDER BY [MigrationId];
2026-08-08T00:24:55.9669565+00:00 ContainerStream: info: Microsoft.EntityFrameworkCore.Database.Command[20101]
2026-08-08T00:24:55.9670140+00:00 ContainerStream:       Executed DbCommand (2ms) [Parameters=[], CommandType='Text', CommandTimeout='30']
2026-08-08T00:24:55.9670211+00:00 ContainerStream:       SELECT TOP(1) [b].[BankAccountNumber]
2026-08-08T00:24:55.9670248+00:00 ContainerStream:       FROM [Beneficiaries] AS [b]
2026-08-08T00:24:55.9670284+00:00 ContainerStream:       ORDER BY [b].[Id]
2026-08-08T00:25:01.3548604+00:00 ContainerStream: info: Microsoft.EntityFrameworkCore.Database.Command[20101]
2026-08-08T00:25:01.3549346+00:00 ContainerStream:       Executed DbCommand (2ms) [Parameters=[], CommandType='Text', CommandTimeout='30']
2026-08-08T00:25:01.3549433+00:00 ContainerStream:       SELECT 1
2026-08-08T00:25:01.3567590+00:00 ContainerStream: info: Microsoft.EntityFrameworkCore.Database.Command[20101]
2026-08-08T00:25:01.3568049+00:00 ContainerStream:       Executed DbCommand (2ms) [Parameters=[], CommandType='Text', CommandTimeout='30']
2026-08-08T00:25:01.3568172+00:00 ContainerStream:       SELECT OBJECT_ID(N'[__EFMigrationsHistory]');
2026-08-08T00:25:01.3605943+00:00 ContainerStream: info: Microsoft.EntityFrameworkCore.Database.Command[20101]
2026-08-08T00:25:01.3606296+00:00 ContainerStream:       Executed DbCommand (2ms) [Parameters=[], CommandType='Text', CommandTimeout='30']
2026-08-08T00:25:01.3606376+00:00 ContainerStream:       SELECT [MigrationId], [ProductVersion]
2026-08-08T00:25:01.3606465+00:00 ContainerStream:       FROM [__EFMigrationsHistory]
2026-08-08T00:25:01.3606512+00:00 ContainerStream:       ORDER BY [MigrationId];
2026-08-08T00:25:01.3625827+00:00 ContainerStream: info: Microsoft.EntityFrameworkCore.Database.Command[20101]
2026-08-08T00:25:01.3626183+00:00 ContainerStream:       Executed DbCommand (2ms) [Parameters=[], CommandType='Text', CommandTimeout='30']
2026-08-08T00:25:01.3626248+00:00 ContainerStream:       SELECT TOP(1) [b].[BankAccountNumber]
2026-08-08T00:25:01.3626438+00:00 ContainerStream:       FROM [Beneficiaries] AS [b]
2026-08-08T00:25:01.3626478+00:00 ContainerStream:       ORDER BY [b].[Id]
2026-08-08T00:25:08.7012460+00:00 ContainerStream: info: Microsoft.EntityFrameworkCore.Database.Command[20101]
2026-08-08T00:25:08.7013221+00:00 ContainerStream:       Executed DbCommand (3ms) [Parameters=[], CommandType='Text', CommandTimeout='30']
2026-08-08T00:25:08.7013347+00:00 ContainerStream:       SELECT 1
2026-08-08T00:25:08.7032458+00:00 ContainerStream: info: Microsoft.EntityFrameworkCore.Database.Command[20101]
2026-08-08T00:25:08.7033039+00:00 ContainerStream:       Executed DbCommand (2ms) [Parameters=[], CommandType='Text', CommandTimeout='30']
2026-08-08T00:25:08.7033144+00:00 ContainerStream:       SELECT OBJECT_ID(N'[__EFMigrationsHistory]');
2026-08-08T00:25:08.7073592+00:00 ContainerStream: info: Microsoft.EntityFrameworkCore.Database.Command[20101]
2026-08-08T00:25:08.7074104+00:00 ContainerStream:       Executed DbCommand (2ms) [Parameters=[], CommandType='Text', CommandTimeout='30']
2026-08-08T00:25:08.7074198+00:00 ContainerStream:       SELECT [MigrationId], [ProductVersion]
2026-08-08T00:25:08.7074247+00:00 ContainerStream:       FROM [__EFMigrationsHistory]
2026-08-08T00:25:08.7074292+00:00 ContainerStream:       ORDER BY [MigrationId];
2026-08-08T00:25:08.7094165+00:00 ContainerStream: info: Microsoft.EntityFrameworkCore.Database.Command[20101]
2026-08-08T00:25:08.7094520+00:00 ContainerStream:       Executed DbCommand (2ms) [Parameters=[], CommandType='Text', CommandTimeout='30']
2026-08-08T00:25:08.7094586+00:00 ContainerStream:       SELECT TOP(1) [b].[BankAccountNumber]
2026-08-08T00:25:08.7094620+00:00 ContainerStream:       FROM [Beneficiaries] AS [b]
2026-08-08T00:25:08.7099226+00:00 ContainerStream:       ORDER BY [b].[Id]
2026-08-08T00:25:11.7747528+00:00 ContainerStream: info: Microsoft.EntityFrameworkCore.Database.Command[20101]
2026-08-08T00:25:11.7748183+00:00 ContainerStream:       Executed DbCommand (2ms) [Parameters=[], CommandType='Text', CommandTimeout='30']
2026-08-08T00:25:11.7748265+00:00 ContainerStream:       SELECT 1
2026-08-08T00:25:11.7778561+00:00 ContainerStream: info: Microsoft.EntityFrameworkCore.Database.Command[20101]
2026-08-08T00:25:11.7779010+00:00 ContainerStream:       Executed DbCommand (2ms) [Parameters=[], CommandType='Text', CommandTimeout='30']
2026-08-08T00:25:11.7779155+00:00 ContainerStream:       SELECT OBJECT_ID(N'[__EFMigrationsHistory]');
2026-08-08T00:25:11.7803672+00:00 ContainerStream: info: Microsoft.EntityFrameworkCore.Database.Command[20101]
2026-08-08T00:25:11.7804040+00:00 ContainerStream:       Executed DbCommand (2ms) [Parameters=[], CommandType='Text', CommandTimeout='30']
2026-08-08T00:25:11.7804114+00:00 ContainerStream:       SELECT [MigrationId], [ProductVersion]
2026-08-08T00:25:11.7804203+00:00 ContainerStream:       FROM [__EFMigrationsHistory]
2026-08-08T00:25:11.7804250+00:00 ContainerStream:       ORDER BY [MigrationId];
2026-08-08T00:25:11.7821429+00:00 ContainerStream: info: Microsoft.EntityFrameworkCore.Database.Command[20101]
2026-08-08T00:25:11.7821730+00:00 ContainerStream:       Executed DbCommand (2ms) [Parameters=[], CommandType='Text', CommandTimeout='30']
2026-08-08T00:25:11.7821809+00:00 ContainerStream:       SELECT TOP(1) [b].[BankAccountNumber]
2026-08-08T00:25:11.7821896+00:00 ContainerStream:       FROM [Beneficiaries] AS [b]
2026-08-08T00:25:11.7822045+00:00 ContainerStream:       ORDER BY [b].[Id]
2026-08-08T00:25:18.8931469+00:00 ContainerStream: info: Microsoft.EntityFrameworkCore.Database.Command[20101]
2026-08-08T00:25:18.8932391+00:00 ContainerStream:       Executed DbCommand (3ms) [Parameters=[], CommandType='Text', CommandTimeout='30']
2026-08-08T00:25:18.8932626+00:00 ContainerStream:       SELECT 1
2026-08-08T00:25:18.8958294+00:00 ContainerStream: info: Microsoft.EntityFrameworkCore.Database.Command[20101]
2026-08-08T00:25:18.8959416+00:00 ContainerStream:       Executed DbCommand (2ms) [Parameters=[], CommandType='Text', CommandTimeout='30']
2026-08-08T00:25:18.8959525+00:00 ContainerStream:       SELECT OBJECT_ID(N'[__EFMigrationsHistory]');
2026-08-08T00:25:18.8997081+00:00 ContainerStream: info: Microsoft.EntityFrameworkCore.Database.Command[20101]
2026-08-08T00:25:18.8997427+00:00 ContainerStream:       Executed DbCommand (2ms) [Parameters=[], CommandType='Text', CommandTimeout='30']
2026-08-08T00:25:18.8997499+00:00 ContainerStream:       SELECT [MigrationId], [ProductVersion]
2026-08-08T00:25:18.9033937+00:00 ContainerStream:       FROM [__EFMigrationsHistory]
2026-08-08T00:25:18.9034503+00:00 ContainerStream:       ORDER BY [MigrationId];
2026-08-08T00:25:18.9034566+00:00 ContainerStream: info: Microsoft.EntityFrameworkCore.Database.Command[20101]
2026-08-08T00:25:18.9034608+00:00 ContainerStream:       Executed DbCommand (2ms) [Parameters=[], CommandType='Text', CommandTimeout='30']
2026-08-08T00:25:18.9034681+00:00 ContainerStream:       SELECT TOP(1) [b].[BankAccountNumber]
2026-08-08T00:25:18.9034721+00:00 ContainerStream:       FROM [Beneficiaries] AS [b]
2026-08-08T00:25:18.9034759+00:00 ContainerStream:       ORDER BY [b].[Id]
2026-08-08T00:25:23.9930745+00:00 ContainerStream: info: Microsoft.EntityFrameworkCore.Database.Command[20101]
2026-08-08T00:25:23.9931565+00:00 ContainerStream:       Executed DbCommand (2ms) [Parameters=[], CommandType='Text', CommandTimeout='30']
2026-08-08T00:25:23.9931765+00:00 ContainerStream:       SELECT 1
2026-08-08T00:25:23.9951665+00:00 ContainerStream: info: Microsoft.EntityFrameworkCore.Database.Command[20101]
2026-08-08T00:25:23.9952162+00:00 ContainerStream:       Executed DbCommand (2ms) [Parameters=[], CommandType='Text', CommandTimeout='30']
2026-08-08T00:25:23.9952243+00:00 ContainerStream:       SELECT OBJECT_ID(N'[__EFMigrationsHistory]');
2026-08-08T00:25:23.9988697+00:00 ContainerStream: info: Microsoft.EntityFrameworkCore.Database.Command[20101]
2026-08-08T00:25:23.9989112+00:00 ContainerStream:       Executed DbCommand (2ms) [Parameters=[], CommandType='Text', CommandTimeout='30']
2026-08-08T00:25:23.9989198+00:00 ContainerStream:       SELECT [MigrationId], [ProductVersion]
2026-08-08T00:25:23.9989245+00:00 ContainerStream:       FROM [__EFMigrationsHistory]
2026-08-08T00:25:23.9989290+00:00 ContainerStream:       ORDER BY [MigrationId];
2026-08-08T00:25:24.0011347+00:00 ContainerStream: info: Microsoft.EntityFrameworkCore.Database.Command[20101]
2026-08-08T00:25:24.0011683+00:00 ContainerStream:       Executed DbCommand (2ms) [Parameters=[], CommandType='Text', CommandTimeout='30']
2026-08-08T00:25:24.0011745+00:00 ContainerStream:       SELECT TOP(1) [b].[BankAccountNumber]
2026-08-08T00:25:24.0011782+00:00 ContainerStream:       FROM [Beneficiaries] AS [b]
2026-08-08T00:25:24.0011818+00:00 ContainerStream:       ORDER BY [b].[Id]
2026-08-08T00:25:24.8269096+00:00 ContainerStream: info: Microsoft.EntityFrameworkCore.Database.Command[20101]
2026-08-08T00:25:24.8269987+00:00 ContainerStream:       Executed DbCommand (2ms) [Parameters=[], CommandType='Text', CommandTimeout='30']
2026-08-08T00:25:24.8270134+00:00 ContainerStream:       SELECT 1
2026-08-08T00:25:24.8295876+00:00 ContainerStream: info: Microsoft.EntityFrameworkCore.Database.Command[20101]
2026-08-08T00:25:24.8296486+00:00 ContainerStream:       Executed DbCommand (2ms) [Parameters=[], CommandType='Text', CommandTimeout='30']
2026-08-08T00:25:24.8296576+00:00 ContainerStream:       SELECT OBJECT_ID(N'[__EFMigrationsHistory]');
2026-08-08T00:25:24.8332139+00:00 ContainerStream: info: Microsoft.EntityFrameworkCore.Database.Command[20101]
2026-08-08T00:25:24.8332642+00:00 ContainerStream:       Executed DbCommand (2ms) [Parameters=[], CommandType='Text', CommandTimeout='30']
2026-08-08T00:25:24.8332822+00:00 ContainerStream:       SELECT [MigrationId], [ProductVersion]
2026-08-08T00:25:24.8332869+00:00 ContainerStream:       FROM [__EFMigrationsHistory]
2026-08-08T00:25:24.8332908+00:00 ContainerStream:       ORDER BY [MigrationId];
2026-08-08T00:25:24.8392139+00:00 ContainerStream: info: Microsoft.EntityFrameworkCore.Database.Command[20101]
2026-08-08T00:25:24.8395590+00:00 ContainerStream:       Executed DbCommand (6ms) [Parameters=[], CommandType='Text', CommandTimeout='30']
2026-08-08T00:25:24.8395966+00:00 ContainerStream:       SELECT TOP(1) [b].[BankAccountNumber]
2026-08-08T00:25:24.8396017+00:00 ContainerStream:       FROM [Beneficiaries] AS [b]
2026-08-08T00:25:24.8396053+00:00 ContainerStream:       ORDER BY [b].[Id]
2026-08-08T00:25:25.6905642+00:00 ContainerStream: info: Microsoft.EntityFrameworkCore.Database.Command[20101]
2026-08-08T00:25:25.6906469+00:00 ContainerStream:       Executed DbCommand (2ms) [Parameters=[], CommandType='Text', CommandTimeout='30']
2026-08-08T00:25:25.6906583+00:00 ContainerStream:       SELECT 1
2026-08-08T00:25:25.6927245+00:00 ContainerStream: info: Microsoft.EntityFrameworkCore.Database.Command[20101]
2026-08-08T00:25:25.6929195+00:00 ContainerStream:       Executed DbCommand (2ms) [Parameters=[], CommandType='Text', CommandTimeout='30']
2026-08-08T00:25:25.6929308+00:00 ContainerStream:       SELECT OBJECT_ID(N'[__EFMigrationsHistory]');
2026-08-08T00:25:25.6966920+00:00 ContainerStream: info: Microsoft.EntityFrameworkCore.Database.Command[20101]
2026-08-08T00:25:25.6967276+00:00 ContainerStream:       Executed DbCommand (2ms) [Parameters=[], CommandType='Text', CommandTimeout='30']
2026-08-08T00:25:25.6967361+00:00 ContainerStream:       SELECT [MigrationId], [ProductVersion]
2026-08-08T00:25:25.6967411+00:00 ContainerStream:       FROM [__EFMigrationsHistory]
2026-08-08T00:25:25.6967493+00:00 ContainerStream:       ORDER BY [MigrationId];
2026-08-08T00:25:25.6981411+00:00 ContainerStream: info: Microsoft.EntityFrameworkCore.Database.Command[20101]
2026-08-08T00:25:25.6981697+00:00 ContainerStream:       Executed DbCommand (2ms) [Parameters=[], CommandType='Text', CommandTimeout='30']
2026-08-08T00:25:25.6981774+00:00 ContainerStream:       SELECT TOP(1) [b].[BankAccountNumber]
2026-08-08T00:25:25.6981823+00:00 ContainerStream:       FROM [Beneficiaries] AS [b]
2026-08-08T00:25:25.6982004+00:00 ContainerStream:       ORDER BY [b].[Id]
2026-08-08T00:25:27.1909740+00:00 ContainerStream: info: Microsoft.EntityFrameworkCore.Database.Command[20101]
2026-08-08T00:25:27.1910936+00:00 ContainerStream:       Executed DbCommand (3ms) [Parameters=[], CommandType='Text', CommandTimeout='30']
2026-08-08T00:25:27.1911038+00:00 ContainerStream:       SELECT 1
2026-08-08T00:25:27.1946626+00:00 ContainerStream: info: Microsoft.EntityFrameworkCore.Database.Command[20101]
2026-08-08T00:25:27.1949787+00:00 ContainerStream:       Executed DbCommand (2ms) [Parameters=[], CommandType='Text', CommandTimeout='30']
2026-08-08T00:25:27.1949914+00:00 ContainerStream:       SELECT OBJECT_ID(N'[__EFMigrationsHistory]');
2026-08-08T00:25:27.1965967+00:00 ContainerStream: info: Microsoft.EntityFrameworkCore.Database.Command[20101]
2026-08-08T00:25:27.1966199+00:00 ContainerStream:       Executed DbCommand (2ms) [Parameters=[], CommandType='Text', CommandTimeout='30']
2026-08-08T00:25:27.1966318+00:00 ContainerStream:       SELECT [MigrationId], [ProductVersion]
2026-08-08T00:25:27.1966367+00:00 ContainerStream:       FROM [__EFMigrationsHistory]
2026-08-08T00:25:27.1968528+00:00 ContainerStream:       ORDER BY [MigrationId];
2026-08-08T00:25:27.1994853+00:00 ContainerStream: info: Microsoft.EntityFrameworkCore.Database.Command[20101]
2026-08-08T00:25:27.1995190+00:00 ContainerStream:       Executed DbCommand (2ms) [Parameters=[], CommandType='Text', CommandTimeout='30']
2026-08-08T00:25:27.1995267+00:00 ContainerStream:       SELECT TOP(1) [b].[BankAccountNumber]
2026-08-08T00:25:27.1995311+00:00 ContainerStream:       FROM [Beneficiaries] AS [b]
2026-08-08T00:25:27.1995353+00:00 ContainerStream:       ORDER BY [b].[Id]
2026-08-08T00:25:30.1500727+00:00 ContainerStream: info: Microsoft.EntityFrameworkCore.Database.Command[20101]
2026-08-08T00:25:30.1501683+00:00 ContainerStream:       Executed DbCommand (2ms) [Parameters=[], CommandType='Text', CommandTimeout='30']
2026-08-08T00:25:30.1501812+00:00 ContainerStream:       SELECT 1
2026-08-08T00:25:30.1520046+00:00 ContainerStream: info: Microsoft.EntityFrameworkCore.Database.Command[20101]
2026-08-08T00:25:30.1520557+00:00 ContainerStream:       Executed DbCommand (2ms) [Parameters=[], CommandType='Text', CommandTimeout='30']
2026-08-08T00:25:30.1520681+00:00 ContainerStream:       SELECT OBJECT_ID(N'[__EFMigrationsHistory]');
2026-08-08T00:25:30.1557686+00:00 ContainerStream: info: Microsoft.EntityFrameworkCore.Database.Command[20101]
2026-08-08T00:25:30.1558044+00:00 ContainerStream:       Executed DbCommand (2ms) [Parameters=[], CommandType='Text', CommandTimeout='30']
2026-08-08T00:25:30.1558112+00:00 ContainerStream:       SELECT [MigrationId], [ProductVersion]
2026-08-08T00:25:30.1558153+00:00 ContainerStream:       FROM [__EFMigrationsHistory]
2026-08-08T00:25:30.1558338+00:00 ContainerStream:       ORDER BY [MigrationId];
2026-08-08T00:25:30.1588236+00:00 ContainerStream: info: Microsoft.EntityFrameworkCore.Database.Command[20101]
2026-08-08T00:25:30.1588614+00:00 ContainerStream:       Executed DbCommand (2ms) [Parameters=[], CommandType='Text', CommandTimeout='30']
2026-08-08T00:25:30.1588695+00:00 ContainerStream:       SELECT TOP(1) [b].[BankAccountNumber]
2026-08-08T00:25:30.1588782+00:00 ContainerStream:       FROM [Beneficiaries] AS [b]
2026-08-08T00:25:30.1588822+00:00 ContainerStream:       ORDER BY [b].[Id]
2026-08-08T00:25:30.2937830+00:00 ContainerStream: info: Microsoft.EntityFrameworkCore.Database.Command[20101]
2026-08-08T00:25:30.2938643+00:00 ContainerStream:       Executed DbCommand (3ms) [Parameters=[], CommandType='Text', CommandTimeout='30']
2026-08-08T00:25:30.2938762+00:00 ContainerStream:       SELECT 1
2026-08-08T00:25:30.2957335+00:00 ContainerStream: info: Microsoft.EntityFrameworkCore.Database.Command[20101]
2026-08-08T00:25:30.2957802+00:00 ContainerStream:       Executed DbCommand (2ms) [Parameters=[], CommandType='Text', CommandTimeout='30']
2026-08-08T00:25:30.2957879+00:00 ContainerStream:       SELECT OBJECT_ID(N'[__EFMigrationsHistory]');
2026-08-08T00:25:30.2994079+00:00 ContainerStream: info: Microsoft.EntityFrameworkCore.Database.Command[20101]
2026-08-08T00:25:30.2994554+00:00 ContainerStream:       Executed DbCommand (2ms) [Parameters=[], CommandType='Text', CommandTimeout='30']
2026-08-08T00:25:30.2994633+00:00 ContainerStream:       SELECT [MigrationId], [ProductVersion]
2026-08-08T00:25:30.2994677+00:00 ContainerStream:       FROM [__EFMigrationsHistory]
2026-08-08T00:25:30.2994723+00:00 ContainerStream:       ORDER BY [MigrationId];
2026-08-08T00:25:30.3012489+00:00 ContainerStream: info: Microsoft.EntityFrameworkCore.Database.Command[20101]
2026-08-08T00:25:30.3012872+00:00 ContainerStream:       Executed DbCommand (2ms) [Parameters=[], CommandType='Text', CommandTimeout='30']
2026-08-08T00:25:30.3012945+00:00 ContainerStream:       SELECT TOP(1) [b].[BankAccountNumber]
2026-08-08T00:25:30.3012994+00:00 ContainerStream:       FROM [Beneficiaries] AS [b]
2026-08-08T00:25:30.3013041+00:00 ContainerStream:       ORDER BY [b].[Id]
2026-08-08T00:25:33.1867455+00:00 ContainerStream: info: Microsoft.EntityFrameworkCore.Database.Command[20101]
2026-08-08T00:25:33.1868184+00:00 ContainerStream:       Executed DbCommand (2ms) [Parameters=[], CommandType='Text', CommandTimeout='30']
2026-08-08T00:25:33.1868302+00:00 ContainerStream:       SELECT 1
2026-08-08T00:25:33.1917865+00:00 ContainerStream: info: Microsoft.EntityFrameworkCore.Database.Command[20101]
2026-08-08T00:25:33.1918420+00:00 ContainerStream:       Executed DbCommand (2ms) [Parameters=[], CommandType='Text', CommandTimeout='30']
2026-08-08T00:25:33.1918515+00:00 ContainerStream:       SELECT OBJECT_ID(N'[__EFMigrationsHistory]');
2026-08-08T00:25:33.1924214+00:00 ContainerStream: info: Microsoft.EntityFrameworkCore.Database.Command[20101]
2026-08-08T00:25:33.1924587+00:00 ContainerStream:       Executed DbCommand (2ms) [Parameters=[], CommandType='Text', CommandTimeout='30']
2026-08-08T00:25:33.1924699+00:00 ContainerStream:       SELECT [MigrationId], [ProductVersion]
2026-08-08T00:25:33.1924738+00:00 ContainerStream:       FROM [__EFMigrationsHistory]
2026-08-08T00:25:33.1924777+00:00 ContainerStream:       ORDER BY [MigrationId];
2026-08-08T00:25:33.1952163+00:00 ContainerStream: info: Microsoft.EntityFrameworkCore.Database.Command[20101]
2026-08-08T00:25:33.1952577+00:00 ContainerStream:       Executed DbCommand (2ms) [Parameters=[], CommandType='Text', CommandTimeout='30']
2026-08-08T00:25:33.1952752+00:00 ContainerStream:       SELECT TOP(1) [b].[BankAccountNumber]
2026-08-08T00:25:33.1952800+00:00 ContainerStream:       FROM [Beneficiaries] AS [b]
2026-08-08T00:25:33.1952844+00:00 ContainerStream:       ORDER BY [b].[Id]
2026-08-08T00:25:34.3767726+00:00 ContainerStream: info: Microsoft.EntityFrameworkCore.Database.Command[20101]
2026-08-08T00:25:34.3768678+00:00 ContainerStream:       Executed DbCommand (2ms) [Parameters=[], CommandType='Text', CommandTimeout='30']
2026-08-08T00:25:34.3768778+00:00 ContainerStream:       SELECT 1
2026-08-08T00:25:34.3807247+00:00 ContainerStream: info: Microsoft.EntityFrameworkCore.Database.Command[20101]
2026-08-08T00:25:34.3807862+00:00 ContainerStream:       Executed DbCommand (3ms) [Parameters=[], CommandType='Text', CommandTimeout='30']
2026-08-08T00:25:34.3808018+00:00 ContainerStream:       SELECT OBJECT_ID(N'[__EFMigrationsHistory]');
2026-08-08T00:25:34.3826539+00:00 ContainerStream: info: Microsoft.EntityFrameworkCore.Database.Command[20101]
2026-08-08T00:25:34.3826906+00:00 ContainerStream:       Executed DbCommand (2ms) [Parameters=[], CommandType='Text', CommandTimeout='30']
2026-08-08T00:25:34.3826982+00:00 ContainerStream:       SELECT [MigrationId], [ProductVersion]
2026-08-08T00:25:34.3827071+00:00 ContainerStream:       FROM [__EFMigrationsHistory]
2026-08-08T00:25:34.3827230+00:00 ContainerStream:       ORDER BY [MigrationId];
2026-08-08T00:25:34.3852776+00:00 ContainerStream: info: Microsoft.EntityFrameworkCore.Database.Command[20101]
2026-08-08T00:25:34.3853154+00:00 ContainerStream:       Executed DbCommand (2ms) [Parameters=[], CommandType='Text', CommandTimeout='30']
2026-08-08T00:25:34.3853233+00:00 ContainerStream:       SELECT TOP(1) [b].[BankAccountNumber]
2026-08-08T00:25:34.3853328+00:00 ContainerStream:       FROM [Beneficiaries] AS [b]
2026-08-08T00:25:34.3853373+00:00 ContainerStream:       ORDER BY [b].[Id]
2026-08-08T00:25:41.4352191+00:00 ContainerStream: info: Microsoft.EntityFrameworkCore.Database.Command[20101]
2026-08-08T00:25:41.4352987+00:00 ContainerStream:       Executed DbCommand (3ms) [Parameters=[], CommandType='Text', CommandTimeout='30']
2026-08-08T00:25:41.4353124+00:00 ContainerStream:       SELECT 1
2026-08-08T00:25:41.4390423+00:00 ContainerStream: info: Microsoft.EntityFrameworkCore.Database.Command[20101]
2026-08-08T00:25:41.4391028+00:00 ContainerStream:       Executed DbCommand (2ms) [Parameters=[], CommandType='Text', CommandTimeout='30']
2026-08-08T00:25:41.4391132+00:00 ContainerStream:       SELECT OBJECT_ID(N'[__EFMigrationsHistory]');
2026-08-08T00:25:41.4412537+00:00 ContainerStream: info: Microsoft.EntityFrameworkCore.Database.Command[20101]
2026-08-08T00:25:41.4412970+00:00 ContainerStream:       Executed DbCommand (2ms) [Parameters=[], CommandType='Text', CommandTimeout='30']
2026-08-08T00:25:41.4413045+00:00 ContainerStream:       SELECT [MigrationId], [ProductVersion]
2026-08-08T00:25:41.4413085+00:00 ContainerStream:       FROM [__EFMigrationsHistory]
2026-08-08T00:25:41.4413127+00:00 ContainerStream:       ORDER BY [MigrationId];
2026-08-08T00:25:41.4434454+00:00 ContainerStream: info: Microsoft.EntityFrameworkCore.Database.Command[20101]
2026-08-08T00:25:41.4434952+00:00 ContainerStream:       Executed DbCommand (2ms) [Parameters=[], CommandType='Text', CommandTimeout='30']
2026-08-08T00:25:41.4435027+00:00 ContainerStream:       SELECT TOP(1) [b].[BankAccountNumber]
2026-08-08T00:25:41.4435072+00:00 ContainerStream:       FROM [Beneficiaries] AS [b]
2026-08-08T00:25:41.4435113+00:00 ContainerStream:       ORDER BY [b].[Id]
2026-08-08T00:25:42.3802843+00:00 ContainerStream: info: Microsoft.EntityFrameworkCore.Database.Command[20101]
2026-08-08T00:25:42.3803579+00:00 ContainerStream:       Executed DbCommand (3ms) [Parameters=[], CommandType='Text', CommandTimeout='30']
2026-08-08T00:25:42.3803691+00:00 ContainerStream:       SELECT 1
2026-08-08T00:25:42.3825495+00:00 ContainerStream: info: Microsoft.EntityFrameworkCore.Database.Command[20101]
2026-08-08T00:25:42.3825933+00:00 ContainerStream:       Executed DbCommand (2ms) [Parameters=[], CommandType='Text', CommandTimeout='30']
2026-08-08T00:25:42.3826065+00:00 ContainerStream:       SELECT OBJECT_ID(N'[__EFMigrationsHistory]');
2026-08-08T00:25:42.3860535+00:00 ContainerStream: info: Microsoft.EntityFrameworkCore.Database.Command[20101]
2026-08-08T00:25:42.3860925+00:00 ContainerStream:       Executed DbCommand (2ms) [Parameters=[], CommandType='Text', CommandTimeout='30']
2026-08-08T00:25:42.3861009+00:00 ContainerStream:       SELECT [MigrationId], [ProductVersion]
2026-08-08T00:25:42.3861107+00:00 ContainerStream:       FROM [__EFMigrationsHistory]
2026-08-08T00:25:42.3861151+00:00 ContainerStream:       ORDER BY [MigrationId];
2026-08-08T00:25:42.3894502+00:00 ContainerStream: info: Microsoft.EntityFrameworkCore.Database.Command[20101]
2026-08-08T00:25:42.3894892+00:00 ContainerStream:       Executed DbCommand (2ms) [Parameters=[], CommandType='Text', CommandTimeout='30']
2026-08-08T00:25:42.3894976+00:00 ContainerStream:       SELECT TOP(1) [b].[BankAccountNumber]
2026-08-08T00:25:42.3895073+00:00 ContainerStream:       FROM [Beneficiaries] AS [b]
2026-08-08T00:25:42.3895117+00:00 ContainerStream:       ORDER BY [b].[Id]
2026-08-08T00:25:43.3836139+00:00 ContainerStream: info: Microsoft.EntityFrameworkCore.Database.Command[20101]
2026-08-08T00:25:43.3836949+00:00 ContainerStream:       Executed DbCommand (2ms) [Parameters=[], CommandType='Text', CommandTimeout='30']
2026-08-08T00:25:43.3837158+00:00 ContainerStream:       SELECT 1
2026-08-08T00:25:43.3854880+00:00 ContainerStream: info: Microsoft.EntityFrameworkCore.Database.Command[20101]
2026-08-08T00:25:43.3855414+00:00 ContainerStream:       Executed DbCommand (2ms) [Parameters=[], CommandType='Text', CommandTimeout='30']
2026-08-08T00:25:43.3855494+00:00 ContainerStream:       SELECT OBJECT_ID(N'[__EFMigrationsHistory]');
2026-08-08T00:25:43.3889062+00:00 ContainerStream: info: Microsoft.EntityFrameworkCore.Database.Command[20101]
2026-08-08T00:25:43.3889446+00:00 ContainerStream:       Executed DbCommand (2ms) [Parameters=[], CommandType='Text', CommandTimeout='30']
2026-08-08T00:25:43.3889631+00:00 ContainerStream:       SELECT [MigrationId], [ProductVersion]
2026-08-08T00:25:43.3889678+00:00 ContainerStream:       FROM [__EFMigrationsHistory]
2026-08-08T00:25:43.3899392+00:00 ContainerStream:       ORDER BY [MigrationId];
2026-08-08T00:25:43.3916666+00:00 ContainerStream: info: Microsoft.EntityFrameworkCore.Database.Command[20101]
2026-08-08T00:25:43.3916961+00:00 ContainerStream:       Executed DbCommand (2ms) [Parameters=[], CommandType='Text', CommandTimeout='30']
2026-08-08T00:25:43.3917026+00:00 ContainerStream:       SELECT TOP(1) [b].[BankAccountNumber]
2026-08-08T00:25:43.3917064+00:00 ContainerStream:       FROM [Beneficiaries] AS [b]
2026-08-08T00:25:43.3917099+00:00 ContainerStream:       ORDER BY [b].[Id]
2026-08-08T00:25:45.2369994+00:00 ContainerStream: info: Microsoft.EntityFrameworkCore.Database.Command[20101]
2026-08-08T00:25:45.2370807+00:00 ContainerStream:       Executed DbCommand (2ms) [Parameters=[], CommandType='Text', CommandTimeout='30']
2026-08-08T00:25:45.2370931+00:00 ContainerStream:       SELECT 1
2026-08-08T00:25:45.2390795+00:00 ContainerStream: info: Microsoft.EntityFrameworkCore.Database.Command[20101]
2026-08-08T00:25:45.2391338+00:00 ContainerStream:       Executed DbCommand (2ms) [Parameters=[], CommandType='Text', CommandTimeout='30']
2026-08-08T00:25:45.2391423+00:00 ContainerStream:       SELECT OBJECT_ID(N'[__EFMigrationsHistory]');
2026-08-08T00:25:45.2426233+00:00 ContainerStream: info: Microsoft.EntityFrameworkCore.Database.Command[20101]
2026-08-08T00:25:45.2426629+00:00 ContainerStream:       Executed DbCommand (2ms) [Parameters=[], CommandType='Text', CommandTimeout='30']
2026-08-08T00:25:45.2426765+00:00 ContainerStream:       SELECT [MigrationId], [ProductVersion]
2026-08-08T00:25:45.2426814+00:00 ContainerStream:       FROM [__EFMigrationsHistory]
2026-08-08T00:25:45.2426856+00:00 ContainerStream:       ORDER BY [MigrationId];
2026-08-08T00:25:45.2444591+00:00 ContainerStream: info: Microsoft.EntityFrameworkCore.Database.Command[20101]
2026-08-08T00:25:45.2444915+00:00 ContainerStream:       Executed DbCommand (2ms) [Parameters=[], CommandType='Text', CommandTimeout='30']
2026-08-08T00:25:45.2445031+00:00 ContainerStream:       SELECT TOP(1) [b].[BankAccountNumber]
2026-08-08T00:25:45.2445076+00:00 ContainerStream:       FROM [Beneficiaries] AS [b]
2026-08-08T00:25:45.2445113+00:00 ContainerStream:       ORDER BY [b].[Id]
2026-08-08T00:25:47.6363657+00:00 ContainerStream: info: Microsoft.EntityFrameworkCore.Database.Command[20101]
2026-08-08T00:25:47.6364523+00:00 ContainerStream:       Executed DbCommand (2ms) [Parameters=[], CommandType='Text', CommandTimeout='30']
2026-08-08T00:25:47.6364629+00:00 ContainerStream:       SELECT 1
2026-08-08T00:25:47.6384930+00:00 ContainerStream: info: Microsoft.EntityFrameworkCore.Database.Command[20101]
2026-08-08T00:25:47.6385410+00:00 ContainerStream:       Executed DbCommand (2ms) [Parameters=[], CommandType='Text', CommandTimeout='30']
2026-08-08T00:25:47.6385486+00:00 ContainerStream:       SELECT OBJECT_ID(N'[__EFMigrationsHistory]');
2026-08-08T00:25:47.6425007+00:00 ContainerStream: info: Microsoft.EntityFrameworkCore.Database.Command[20101]
2026-08-08T00:25:47.6425333+00:00 ContainerStream:       Executed DbCommand (2ms) [Parameters=[], CommandType='Text', CommandTimeout='30']
2026-08-08T00:25:47.6425409+00:00 ContainerStream:       SELECT [MigrationId], [ProductVersion]
2026-08-08T00:25:47.6425560+00:00 ContainerStream:       FROM [__EFMigrationsHistory]
2026-08-08T00:25:47.6425654+00:00 ContainerStream:       ORDER BY [MigrationId];
2026-08-08T00:25:47.6444086+00:00 ContainerStream: info: Microsoft.EntityFrameworkCore.Database.Command[20101]
2026-08-08T00:25:47.6444385+00:00 ContainerStream:       Executed DbCommand (2ms) [Parameters=[], CommandType='Text', CommandTimeout='30']
2026-08-08T00:25:47.6444450+00:00 ContainerStream:       SELECT TOP(1) [b].[BankAccountNumber]
2026-08-08T00:25:47.6444487+00:00 ContainerStream:       FROM [Beneficiaries] AS [b]
2026-08-08T00:25:47.6444572+00:00 ContainerStream:       ORDER BY [b].[Id]
2026-08-08T00:25:47.8322887+00:00 ContainerStream: info: Microsoft.EntityFrameworkCore.Database.Command[20101]
2026-08-08T00:25:47.8323729+00:00 ContainerStream:       Executed DbCommand (2ms) [Parameters=[], CommandType='Text', CommandTimeout='30']
2026-08-08T00:25:47.8323869+00:00 ContainerStream:       SELECT 1
2026-08-08T00:25:47.8360680+00:00 ContainerStream: info: Microsoft.EntityFrameworkCore.Database.Command[20101]
2026-08-08T00:25:47.8361386+00:00 ContainerStream:       Executed DbCommand (2ms) [Parameters=[], CommandType='Text', CommandTimeout='30']
2026-08-08T00:25:47.8361499+00:00 ContainerStream:       SELECT OBJECT_ID(N'[__EFMigrationsHistory]');
2026-08-08T00:25:47.8378115+00:00 ContainerStream: info: Microsoft.EntityFrameworkCore.Database.Command[20101]
2026-08-08T00:25:47.8378559+00:00 ContainerStream:       Executed DbCommand (2ms) [Parameters=[], CommandType='Text', CommandTimeout='30']
2026-08-08T00:25:47.8378828+00:00 ContainerStream:       SELECT [MigrationId], [ProductVersion]
2026-08-08T00:25:47.8378889+00:00 ContainerStream:       FROM [__EFMigrationsHistory]
2026-08-08T00:25:47.8378943+00:00 ContainerStream:       ORDER BY [MigrationId];
2026-08-08T00:25:47.8405796+00:00 ContainerStream: info: Microsoft.EntityFrameworkCore.Database.Command[20101]
2026-08-08T00:25:47.8406200+00:00 ContainerStream:       Executed DbCommand (2ms) [Parameters=[], CommandType='Text', CommandTimeout='30']
2026-08-08T00:25:47.8406352+00:00 ContainerStream:       SELECT TOP(1) [b].[BankAccountNumber]
2026-08-08T00:25:47.8406419+00:00 ContainerStream:       FROM [Beneficiaries] AS [b]
2026-08-08T00:25:47.8406478+00:00 ContainerStream:       ORDER BY [b].[Id]
2026-08-08T00:25:48.2627823+00:00 ContainerStream: info: Microsoft.EntityFrameworkCore.Database.Command[20101]
2026-08-08T00:25:48.2628950+00:00 ContainerStream:       Executed DbCommand (2ms) [Parameters=[], CommandType='Text', CommandTimeout='30']
2026-08-08T00:25:48.2629094+00:00 ContainerStream:       SELECT 1
2026-08-08T00:25:48.2651957+00:00 ContainerStream: info: Microsoft.EntityFrameworkCore.Database.Command[20101]
2026-08-08T00:25:48.2654092+00:00 ContainerStream:       Executed DbCommand (2ms) [Parameters=[], CommandType='Text', CommandTimeout='30']
2026-08-08T00:25:48.2654194+00:00 ContainerStream:       SELECT OBJECT_ID(N'[__EFMigrationsHistory]');
2026-08-08T00:25:48.2690182+00:00 ContainerStream: info: Microsoft.EntityFrameworkCore.Database.Command[20101]
2026-08-08T00:25:48.2690493+00:00 ContainerStream:       Executed DbCommand (2ms) [Parameters=[], CommandType='Text', CommandTimeout='30']
2026-08-08T00:25:48.2690567+00:00 ContainerStream:       SELECT [MigrationId], [ProductVersion]
2026-08-08T00:25:48.2690613+00:00 ContainerStream:       FROM [__EFMigrationsHistory]
2026-08-08T00:25:48.2690701+00:00 ContainerStream:       ORDER BY [MigrationId];
2026-08-08T00:25:48.2720465+00:00 ContainerStream: info: Microsoft.EntityFrameworkCore.Database.Command[20101]
2026-08-08T00:25:48.2720759+00:00 ContainerStream:       Executed DbCommand (2ms) [Parameters=[], CommandType='Text', CommandTimeout='30']
2026-08-08T00:25:48.2720823+00:00 ContainerStream:       SELECT TOP(1) [b].[BankAccountNumber]
2026-08-08T00:25:48.2720858+00:00 ContainerStream:       FROM [Beneficiaries] AS [b]
2026-08-08T00:25:48.2720937+00:00 ContainerStream:       ORDER BY [b].[Id]
2026-08-08T00:26:03.6754159+00:00 ContainerStream: info: Microsoft.EntityFrameworkCore.Database.Command[20101]
2026-08-08T00:26:03.6754943+00:00 ContainerStream:       Executed DbCommand (4ms) [Parameters=[], CommandType='Text', CommandTimeout='30']
2026-08-08T00:26:03.6755036+00:00 ContainerStream:       SELECT 1
2026-08-08T00:26:03.6775183+00:00 ContainerStream: info: Microsoft.EntityFrameworkCore.Database.Command[20101]
2026-08-08T00:26:03.6775761+00:00 ContainerStream:       Executed DbCommand (2ms) [Parameters=[], CommandType='Text', CommandTimeout='30']
2026-08-08T00:26:03.6775847+00:00 ContainerStream:       SELECT OBJECT_ID(N'[__EFMigrationsHistory]');
2026-08-08T00:26:03.6810503+00:00 ContainerStream: info: Microsoft.EntityFrameworkCore.Database.Command[20101]
2026-08-08T00:26:03.6810867+00:00 ContainerStream:       Executed DbCommand (2ms) [Parameters=[], CommandType='Text', CommandTimeout='30']
2026-08-08T00:26:03.6815357+00:00 ContainerStream:       SELECT [MigrationId], [ProductVersion]
2026-08-08T00:26:03.6815555+00:00 ContainerStream:       FROM [__EFMigrationsHistory]
2026-08-08T00:26:03.6815761+00:00 ContainerStream:       ORDER BY [MigrationId];
2026-08-08T00:26:03.6832322+00:00 ContainerStream: info: Microsoft.EntityFrameworkCore.Database.Command[20101]
2026-08-08T00:26:03.6832687+00:00 ContainerStream:       Executed DbCommand (2ms) [Parameters=[], CommandType='Text', CommandTimeout='30']
2026-08-08T00:26:03.6832758+00:00 ContainerStream:       SELECT TOP(1) [b].[BankAccountNumber]
2026-08-08T00:26:03.6832797+00:00 ContainerStream:       FROM [Beneficiaries] AS [b]
2026-08-08T00:26:03.6832837+00:00 ContainerStream:       ORDER BY [b].[Id]
2026-08-08T00:26:08.7518288+00:00 ContainerStream: info: Microsoft.EntityFrameworkCore.Database.Command[20101]
2026-08-08T00:26:08.7519196+00:00 ContainerStream:       Executed DbCommand (2ms) [Parameters=[], CommandType='Text', CommandTimeout='30']
2026-08-08T00:26:08.7519321+00:00 ContainerStream:       SELECT 1
2026-08-08T00:26:08.7538989+00:00 ContainerStream: info: Microsoft.EntityFrameworkCore.Database.Command[20101]
2026-08-08T00:26:08.7539549+00:00 ContainerStream:       Executed DbCommand (2ms) [Parameters=[], CommandType='Text', CommandTimeout='30']
2026-08-08T00:26:08.7539711+00:00 ContainerStream:       SELECT OBJECT_ID(N'[__EFMigrationsHistory]');
2026-08-08T00:26:08.7579893+00:00 ContainerStream: info: Microsoft.EntityFrameworkCore.Database.Command[20101]
2026-08-08T00:26:08.7580450+00:00 ContainerStream:       Executed DbCommand (3ms) [Parameters=[], CommandType='Text', CommandTimeout='30']
2026-08-08T00:26:08.7580532+00:00 ContainerStream:       SELECT [MigrationId], [ProductVersion]
2026-08-08T00:26:08.7580564+00:00 ContainerStream:       FROM [__EFMigrationsHistory]
2026-08-08T00:26:08.7581294+00:00 ContainerStream:       ORDER BY [MigrationId];
2026-08-08T00:26:08.7605366+00:00 ContainerStream: info: Microsoft.EntityFrameworkCore.Database.Command[20101]
2026-08-08T00:26:08.7605769+00:00 ContainerStream:       Executed DbCommand (2ms) [Parameters=[], CommandType='Text', CommandTimeout='30']
2026-08-08T00:26:08.7605844+00:00 ContainerStream:       SELECT TOP(1) [b].[BankAccountNumber]
2026-08-08T00:26:08.7605928+00:00 ContainerStream:       FROM [Beneficiaries] AS [b]
2026-08-08T00:26:08.7605967+00:00 ContainerStream:       ORDER BY [b].[Id]
2026-08-08T00:26:09.0139012+00:00 ContainerStream: info: Microsoft.EntityFrameworkCore.Database.Command[20101]
2026-08-08T00:26:09.0139699+00:00 ContainerStream:       Executed DbCommand (2ms) [Parameters=[], CommandType='Text', CommandTimeout='30']
2026-08-08T00:26:09.0139814+00:00 ContainerStream:       SELECT 1
2026-08-08T00:26:09.0162734+00:00 ContainerStream: info: Microsoft.EntityFrameworkCore.Database.Command[20101]
2026-08-08T00:26:09.0163234+00:00 ContainerStream:       Executed DbCommand (2ms) [Parameters=[], CommandType='Text', CommandTimeout='30']
2026-08-08T00:26:09.0163314+00:00 ContainerStream:       SELECT OBJECT_ID(N'[__EFMigrationsHistory]');
2026-08-08T00:26:09.0202629+00:00 ContainerStream: info: Microsoft.EntityFrameworkCore.Database.Command[20101]
2026-08-08T00:26:09.0203042+00:00 ContainerStream:       Executed DbCommand (2ms) [Parameters=[], CommandType='Text', CommandTimeout='30']
2026-08-08T00:26:09.0203108+00:00 ContainerStream:       SELECT [MigrationId], [ProductVersion]
2026-08-08T00:26:09.0203138+00:00 ContainerStream:       FROM [__EFMigrationsHistory]
2026-08-08T00:26:09.0203166+00:00 ContainerStream:       ORDER BY [MigrationId];
2026-08-08T00:26:09.0220182+00:00 ContainerStream: info: Microsoft.EntityFrameworkCore.Database.Command[20101]
2026-08-08T00:26:09.0220645+00:00 ContainerStream:       Executed DbCommand (2ms) [Parameters=[], CommandType='Text', CommandTimeout='30']
2026-08-08T00:26:09.0220918+00:00 ContainerStream:       SELECT TOP(1) [b].[BankAccountNumber]
2026-08-08T00:26:09.0220957+00:00 ContainerStream:       FROM [Beneficiaries] AS [b]
2026-08-08T00:26:09.0220995+00:00 ContainerStream:       ORDER BY [b].[Id]
2026-08-08T00:26:10.6570897+00:00 ContainerStream: info: Microsoft.EntityFrameworkCore.Database.Command[20101]
2026-08-08T00:26:10.6571684+00:00 ContainerStream:       Executed DbCommand (3ms) [Parameters=[], CommandType='Text', CommandTimeout='30']
2026-08-08T00:26:10.6571800+00:00 ContainerStream:       SELECT 1
2026-08-08T00:26:10.6593346+00:00 ContainerStream: info: Microsoft.EntityFrameworkCore.Database.Command[20101]
2026-08-08T00:26:10.6593849+00:00 ContainerStream:       Executed DbCommand (2ms) [Parameters=[], CommandType='Text', CommandTimeout='30']
2026-08-08T00:26:10.6593973+00:00 ContainerStream:       SELECT OBJECT_ID(N'[__EFMigrationsHistory]');
2026-08-08T00:26:10.6626506+00:00 ContainerStream: info: Microsoft.EntityFrameworkCore.Database.Command[20101]
2026-08-08T00:26:10.6626831+00:00 ContainerStream:       Executed DbCommand (2ms) [Parameters=[], CommandType='Text', CommandTimeout='30']
2026-08-08T00:26:10.6626900+00:00 ContainerStream:       SELECT [MigrationId], [ProductVersion]
2026-08-08T00:26:10.6626937+00:00 ContainerStream:       FROM [__EFMigrationsHistory]
2026-08-08T00:26:10.6632560+00:00 ContainerStream:       ORDER BY [MigrationId];
2026-08-08T00:26:10.6648690+00:00 ContainerStream: info: Microsoft.EntityFrameworkCore.Database.Command[20101]
2026-08-08T00:26:10.6649001+00:00 ContainerStream:       Executed DbCommand (2ms) [Parameters=[], CommandType='Text', CommandTimeout='30']
2026-08-08T00:26:10.6649074+00:00 ContainerStream:       SELECT TOP(1) [b].[BankAccountNumber]
2026-08-08T00:26:10.6649155+00:00 ContainerStream:       FROM [Beneficiaries] AS [b]
2026-08-08T00:26:10.6649195+00:00 ContainerStream:       ORDER BY [b].[Id]
2026-08-08T00:26:10.7343346+00:00 ContainerStream: info: Microsoft.EntityFrameworkCore.Database.Command[20101]
2026-08-08T00:26:10.7344074+00:00 ContainerStream:       Executed DbCommand (5ms) [Parameters=[], CommandType='Text', CommandTimeout='30']
2026-08-08T00:26:10.7344179+00:00 ContainerStream:       SELECT 1
2026-08-08T00:26:10.7375552+00:00 ContainerStream: info: Microsoft.EntityFrameworkCore.Database.Command[20101]
2026-08-08T00:26:10.7376092+00:00 ContainerStream:       Executed DbCommand (2ms) [Parameters=[], CommandType='Text', CommandTimeout='30']
2026-08-08T00:26:10.7376184+00:00 ContainerStream:       SELECT OBJECT_ID(N'[__EFMigrationsHistory]');
2026-08-08T00:26:10.7417727+00:00 ContainerStream: info: Microsoft.EntityFrameworkCore.Database.Command[20101]
2026-08-08T00:26:10.7418225+00:00 ContainerStream:       Executed DbCommand (2ms) [Parameters=[], CommandType='Text', CommandTimeout='30']
2026-08-08T00:26:10.7418330+00:00 ContainerStream:       SELECT [MigrationId], [ProductVersion]
2026-08-08T00:26:10.7418385+00:00 ContainerStream:       FROM [__EFMigrationsHistory]
2026-08-08T00:26:10.7418452+00:00 ContainerStream:       ORDER BY [MigrationId];
2026-08-08T00:26:10.7436495+00:00 ContainerStream: info: Microsoft.EntityFrameworkCore.Database.Command[20101]
2026-08-08T00:26:10.7436829+00:00 ContainerStream:       Executed DbCommand (2ms) [Parameters=[], CommandType='Text', CommandTimeout='30']
2026-08-08T00:26:10.7436892+00:00 ContainerStream:       SELECT TOP(1) [b].[BankAccountNumber]
2026-08-08T00:26:10.7436929+00:00 ContainerStream:       FROM [Beneficiaries] AS [b]
2026-08-08T00:26:10.7436964+00:00 ContainerStream:       ORDER BY [b].[Id]
2026-08-08T00:26:11.2898867+00:00 ContainerStream: info: Microsoft.EntityFrameworkCore.Database.Command[20101]
2026-08-08T00:26:11.2899669+00:00 ContainerStream:       Executed DbCommand (3ms) [Parameters=[], CommandType='Text', CommandTimeout='30']
2026-08-08T00:26:11.2899786+00:00 ContainerStream:       SELECT 1
2026-08-08T00:26:11.2928041+00:00 ContainerStream: info: Microsoft.EntityFrameworkCore.Database.Command[20101]
2026-08-08T00:26:11.2928778+00:00 ContainerStream:       Executed DbCommand (2ms) [Parameters=[], CommandType='Text', CommandTimeout='30']
2026-08-08T00:26:11.2928864+00:00 ContainerStream:       SELECT OBJECT_ID(N'[__EFMigrationsHistory]');
2026-08-08T00:26:11.2961258+00:00 ContainerStream: info: Microsoft.EntityFrameworkCore.Database.Command[20101]
2026-08-08T00:26:11.2961706+00:00 ContainerStream:       Executed DbCommand (2ms) [Parameters=[], CommandType='Text', CommandTimeout='30']
2026-08-08T00:26:11.2961783+00:00 ContainerStream:       SELECT [MigrationId], [ProductVersion]
2026-08-08T00:26:11.2961883+00:00 ContainerStream:       FROM [__EFMigrationsHistory]
2026-08-08T00:26:11.2961931+00:00 ContainerStream:       ORDER BY [MigrationId];
2026-08-08T00:26:11.2989343+00:00 ContainerStream: info: Microsoft.EntityFrameworkCore.Database.Command[20101]
2026-08-08T00:26:11.2989759+00:00 ContainerStream:       Executed DbCommand (2ms) [Parameters=[], CommandType='Text', CommandTimeout='30']
2026-08-08T00:26:11.2989889+00:00 ContainerStream:       SELECT TOP(1) [b].[BankAccountNumber]
2026-08-08T00:26:11.2989930+00:00 ContainerStream:       FROM [Beneficiaries] AS [b]
2026-08-08T00:26:11.2989965+00:00 ContainerStream:       ORDER BY [b].[Id]
2026-08-08T00:26:14.1483705+00:00 ContainerStream: info: Microsoft.EntityFrameworkCore.Database.Command[20101]
2026-08-08T00:26:14.1484543+00:00 ContainerStream:       Executed DbCommand (3ms) [Parameters=[], CommandType='Text', CommandTimeout='30']
2026-08-08T00:26:14.1484766+00:00 ContainerStream:       SELECT 1
2026-08-08T00:26:14.1508360+00:00 ContainerStream: info: Microsoft.EntityFrameworkCore.Database.Command[20101]
2026-08-08T00:26:14.1508725+00:00 ContainerStream:       Executed DbCommand (2ms) [Parameters=[], CommandType='Text', CommandTimeout='30']
2026-08-08T00:26:14.1508808+00:00 ContainerStream:       SELECT OBJECT_ID(N'[__EFMigrationsHistory]');
2026-08-08T00:26:14.1545205+00:00 ContainerStream: info: Microsoft.EntityFrameworkCore.Database.Command[20101]
2026-08-08T00:26:14.1545549+00:00 ContainerStream:       Executed DbCommand (2ms) [Parameters=[], CommandType='Text', CommandTimeout='30']
2026-08-08T00:26:14.1545625+00:00 ContainerStream:       SELECT [MigrationId], [ProductVersion]
2026-08-08T00:26:14.1545668+00:00 ContainerStream:       FROM [__EFMigrationsHistory]
2026-08-08T00:26:14.1545710+00:00 ContainerStream:       ORDER BY [MigrationId];
2026-08-08T00:26:14.1562946+00:00 ContainerStream: info: Microsoft.EntityFrameworkCore.Database.Command[20101]
2026-08-08T00:26:14.1563272+00:00 ContainerStream:       Executed DbCommand (2ms) [Parameters=[], CommandType='Text', CommandTimeout='30']
2026-08-08T00:26:14.1563338+00:00 ContainerStream:       SELECT TOP(1) [b].[BankAccountNumber]
2026-08-08T00:26:14.1563375+00:00 ContainerStream:       FROM [Beneficiaries] AS [b]
2026-08-08T00:26:14.1563412+00:00 ContainerStream:       ORDER BY [b].[Id]
2026-08-08T00:26:19.5144285+00:00 ContainerStream: info: Microsoft.EntityFrameworkCore.Database.Command[20101]
2026-08-08T00:26:19.5145088+00:00 ContainerStream:       Executed DbCommand (3ms) [Parameters=[], CommandType='Text', CommandTimeout='30']
2026-08-08T00:26:19.5145222+00:00 ContainerStream:       SELECT 1
2026-08-08T00:26:19.5179419+00:00 ContainerStream: info: Microsoft.EntityFrameworkCore.Database.Command[20101]
2026-08-08T00:26:19.5180070+00:00 ContainerStream:       Executed DbCommand (3ms) [Parameters=[], CommandType='Text', CommandTimeout='30']
2026-08-08T00:26:19.5180173+00:00 ContainerStream:       SELECT OBJECT_ID(N'[__EFMigrationsHistory]');
2026-08-08T00:26:19.5197125+00:00 ContainerStream: info: Microsoft.EntityFrameworkCore.Database.Command[20101]
2026-08-08T00:26:19.5198579+00:00 ContainerStream:       Executed DbCommand (2ms) [Parameters=[], CommandType='Text', CommandTimeout='30']
2026-08-08T00:26:19.5198749+00:00 ContainerStream:       SELECT [MigrationId], [ProductVersion]
2026-08-08T00:26:19.5198797+00:00 ContainerStream:       FROM [__EFMigrationsHistory]
2026-08-08T00:26:19.5201528+00:00 ContainerStream:       ORDER BY [MigrationId];
2026-08-08T00:26:19.5224335+00:00 ContainerStream: info: Microsoft.EntityFrameworkCore.Database.Command[20101]
2026-08-08T00:26:19.5224756+00:00 ContainerStream:       Executed DbCommand (2ms) [Parameters=[], CommandType='Text', CommandTimeout='30']
2026-08-08T00:26:19.5225124+00:00 ContainerStream:       SELECT TOP(1) [b].[BankAccountNumber]
2026-08-08T00:26:19.5225193+00:00 ContainerStream:       FROM [Beneficiaries] AS [b]
2026-08-08T00:26:19.5225241+00:00 ContainerStream:       ORDER BY [b].[Id]
2026-08-08T00:26:19.6850870+00:00 ContainerStream: info: Microsoft.EntityFrameworkCore.Database.Command[20101]
2026-08-08T00:26:19.6852049+00:00 ContainerStream:       Executed DbCommand (2ms) [Parameters=[], CommandType='Text', CommandTimeout='30']
2026-08-08T00:26:19.6852171+00:00 ContainerStream:       SELECT 1
2026-08-08T00:26:19.6900943+00:00 ContainerStream: info: Microsoft.EntityFrameworkCore.Database.Command[20101]
2026-08-08T00:26:19.6901857+00:00 ContainerStream:       Executed DbCommand (2ms) [Parameters=[], CommandType='Text', CommandTimeout='30']
2026-08-08T00:26:19.6902013+00:00 ContainerStream:       SELECT OBJECT_ID(N'[__EFMigrationsHistory]');
2026-08-08T00:26:19.6920010+00:00 ContainerStream: info: Microsoft.EntityFrameworkCore.Database.Command[20101]
2026-08-08T00:26:19.6920355+00:00 ContainerStream:       Executed DbCommand (2ms) [Parameters=[], CommandType='Text', CommandTimeout='30']
2026-08-08T00:26:19.6920429+00:00 ContainerStream:       SELECT [MigrationId], [ProductVersion]
2026-08-08T00:26:19.6920585+00:00 ContainerStream:       FROM [__EFMigrationsHistory]
2026-08-08T00:26:19.6928923+00:00 ContainerStream:       ORDER BY [MigrationId];
2026-08-08T00:26:19.6958975+00:00 ContainerStream: info: Microsoft.EntityFrameworkCore.Database.Command[20101]
2026-08-08T00:26:19.6959280+00:00 ContainerStream:       Executed DbCommand (2ms) [Parameters=[], CommandType='Text', CommandTimeout='30']
2026-08-08T00:26:19.6959356+00:00 ContainerStream:       SELECT TOP(1) [b].[BankAccountNumber]
2026-08-08T00:26:19.6959550+00:00 ContainerStream:       FROM [Beneficiaries] AS [b]
2026-08-08T00:26:19.6959601+00:00 ContainerStream:       ORDER BY [b].[Id]
2026-08-08T00:26:20.2965080+00:00 ContainerStream: info: Microsoft.EntityFrameworkCore.Database.Command[20101]
2026-08-08T00:26:20.2966102+00:00 ContainerStream:       Executed DbCommand (3ms) [Parameters=[], CommandType='Text', CommandTimeout='30']
2026-08-08T00:26:20.2966240+00:00 ContainerStream:       SELECT 1
2026-08-08T00:26:20.3001653+00:00 ContainerStream: info: Microsoft.EntityFrameworkCore.Database.Command[20101]
2026-08-08T00:26:20.3002302+00:00 ContainerStream:       Executed DbCommand (2ms) [Parameters=[], CommandType='Text', CommandTimeout='30']
2026-08-08T00:26:20.3002388+00:00 ContainerStream:       SELECT OBJECT_ID(N'[__EFMigrationsHistory]');
2026-08-08T00:26:20.3019044+00:00 ContainerStream: info: Microsoft.EntityFrameworkCore.Database.Command[20101]
2026-08-08T00:26:20.3019727+00:00 ContainerStream:       Executed DbCommand (2ms) [Parameters=[], CommandType='Text', CommandTimeout='30']
2026-08-08T00:26:20.3019810+00:00 ContainerStream:       SELECT [MigrationId], [ProductVersion]
2026-08-08T00:26:20.3019852+00:00 ContainerStream:       FROM [__EFMigrationsHistory]
2026-08-08T00:26:20.3019890+00:00 ContainerStream:       ORDER BY [MigrationId];
2026-08-08T00:26:20.3044663+00:00 ContainerStream: info: Microsoft.EntityFrameworkCore.Database.Command[20101]
2026-08-08T00:26:20.3045347+00:00 ContainerStream:       Executed DbCommand (2ms) [Parameters=[], CommandType='Text', CommandTimeout='30']
2026-08-08T00:26:20.3045427+00:00 ContainerStream:       SELECT TOP(1) [b].[BankAccountNumber]
2026-08-08T00:26:20.3045474+00:00 ContainerStream:       FROM [Beneficiaries] AS [b]
2026-08-08T00:26:20.3045512+00:00 ContainerStream:       ORDER BY [b].[Id]
2026-08-08T00:26:25.5243098+00:00 ContainerStream: info: Microsoft.EntityFrameworkCore.Database.Command[20101]
2026-08-08T00:26:25.5243806+00:00 ContainerStream:       Executed DbCommand (4ms) [Parameters=[], CommandType='Text', CommandTimeout='30']
2026-08-08T00:26:25.5243910+00:00 ContainerStream:       SELECT 1
2026-08-08T00:26:25.5264567+00:00 ContainerStream: info: Microsoft.EntityFrameworkCore.Database.Command[20101]
2026-08-08T00:26:25.5265176+00:00 ContainerStream:       Executed DbCommand (2ms) [Parameters=[], CommandType='Text', CommandTimeout='30']
2026-08-08T00:26:25.5265339+00:00 ContainerStream:       SELECT OBJECT_ID(N'[__EFMigrationsHistory]');
2026-08-08T00:26:25.5296493+00:00 ContainerStream: info: Microsoft.EntityFrameworkCore.Database.Command[20101]
2026-08-08T00:26:25.5296939+00:00 ContainerStream:       Executed DbCommand (2ms) [Parameters=[], CommandType='Text', CommandTimeout='30']
2026-08-08T00:26:25.5297014+00:00 ContainerStream:       SELECT [MigrationId], [ProductVersion]
2026-08-08T00:26:25.5297100+00:00 ContainerStream:       FROM [__EFMigrationsHistory]
2026-08-08T00:26:25.5297139+00:00 ContainerStream:       ORDER BY [MigrationId];
2026-08-08T00:26:25.5318838+00:00 ContainerStream: info: Microsoft.EntityFrameworkCore.Database.Command[20101]
2026-08-08T00:26:25.5319138+00:00 ContainerStream:       Executed DbCommand (2ms) [Parameters=[], CommandType='Text', CommandTimeout='30']
2026-08-08T00:26:25.5319198+00:00 ContainerStream:       SELECT TOP(1) [b].[BankAccountNumber]
2026-08-08T00:26:25.5319262+00:00 ContainerStream:       FROM [Beneficiaries] AS [b]
2026-08-08T00:26:25.5319290+00:00 ContainerStream:       ORDER BY [b].[Id]
2026-08-08T00:26:28.7553953+00:00 ContainerStream: info: Microsoft.EntityFrameworkCore.Database.Command[20101]
2026-08-08T00:26:28.7554757+00:00 ContainerStream:       Executed DbCommand (3ms) [Parameters=[], CommandType='Text', CommandTimeout='30']
2026-08-08T00:26:28.7554966+00:00 ContainerStream:       SELECT 1
2026-08-08T00:26:28.7575592+00:00 ContainerStream: info: Microsoft.EntityFrameworkCore.Database.Command[20101]
2026-08-08T00:26:28.7576099+00:00 ContainerStream:       Executed DbCommand (2ms) [Parameters=[], CommandType='Text', CommandTimeout='30']
2026-08-08T00:26:28.7576199+00:00 ContainerStream:       SELECT OBJECT_ID(N'[__EFMigrationsHistory]');
2026-08-08T00:26:28.7614376+00:00 ContainerStream: info: Microsoft.EntityFrameworkCore.Database.Command[20101]
2026-08-08T00:26:28.7614731+00:00 ContainerStream:       Executed DbCommand (2ms) [Parameters=[], CommandType='Text', CommandTimeout='30']
2026-08-08T00:26:28.7614803+00:00 ContainerStream:       SELECT [MigrationId], [ProductVersion]
2026-08-08T00:26:28.7615037+00:00 ContainerStream:       FROM [__EFMigrationsHistory]
2026-08-08T00:26:28.7615079+00:00 ContainerStream:       ORDER BY [MigrationId];
2026-08-08T00:26:28.7631815+00:00 ContainerStream: info: Microsoft.EntityFrameworkCore.Database.Command[20101]
2026-08-08T00:26:28.7632119+00:00 ContainerStream:       Executed DbCommand (2ms) [Parameters=[], CommandType='Text', CommandTimeout='30']
2026-08-08T00:26:28.7632191+00:00 ContainerStream:       SELECT TOP(1) [b].[BankAccountNumber]
2026-08-08T00:26:28.7632238+00:00 ContainerStream:       FROM [Beneficiaries] AS [b]
2026-08-08T00:26:28.7632277+00:00 ContainerStream:       ORDER BY [b].[Id]
2026-08-08T00:26:28.7734310+00:00 ContainerStream: info: Microsoft.EntityFrameworkCore.Database.Command[20101]
2026-08-08T00:26:28.7734691+00:00 ContainerStream:       Executed DbCommand (2ms) [Parameters=[], CommandType='Text', CommandTimeout='30']
2026-08-08T00:26:28.7734771+00:00 ContainerStream:       SELECT 1
2026-08-08T00:26:28.7761182+00:00 ContainerStream: info: Microsoft.EntityFrameworkCore.Database.Command[20101]
2026-08-08T00:26:28.7761548+00:00 ContainerStream:       Executed DbCommand (2ms) [Parameters=[], CommandType='Text', CommandTimeout='30']
2026-08-08T00:26:28.7761628+00:00 ContainerStream:       SELECT OBJECT_ID(N'[__EFMigrationsHistory]');
2026-08-08T00:26:28.7794633+00:00 ContainerStream: info: Microsoft.EntityFrameworkCore.Database.Command[20101]
2026-08-08T00:26:28.7794939+00:00 ContainerStream:       Executed DbCommand (2ms) [Parameters=[], CommandType='Text', CommandTimeout='30']
2026-08-08T00:26:28.7795055+00:00 ContainerStream:       SELECT [MigrationId], [ProductVersion]
2026-08-08T00:26:28.7795105+00:00 ContainerStream:       FROM [__EFMigrationsHistory]
2026-08-08T00:26:28.7795246+00:00 ContainerStream:       ORDER BY [MigrationId];
2026-08-08T00:26:28.7824888+00:00 ContainerStream: info: Microsoft.EntityFrameworkCore.Database.Command[20101]
2026-08-08T00:26:28.7825141+00:00 ContainerStream:       Executed DbCommand (2ms) [Parameters=[], CommandType='Text', CommandTimeout='30']
2026-08-08T00:26:28.7825215+00:00 ContainerStream:       SELECT TOP(1) [b].[BankAccountNumber]
2026-08-08T00:26:28.7825262+00:00 ContainerStream:       FROM [Beneficiaries] AS [b]
2026-08-08T00:26:28.7825304+00:00 ContainerStream:       ORDER BY [b].[Id]
2026-08-08T00:26:32.8291714+00:00 ContainerStream: info: Microsoft.EntityFrameworkCore.Database.Command[20101]
2026-08-08T00:26:32.8292642+00:00 ContainerStream:       Executed DbCommand (4ms) [Parameters=[], CommandType='Text', CommandTimeout='30']
2026-08-08T00:26:32.8292802+00:00 ContainerStream:       SELECT 1
2026-08-08T00:26:32.8312388+00:00 ContainerStream: info: Microsoft.EntityFrameworkCore.Database.Command[20101]
2026-08-08T00:26:32.8312813+00:00 ContainerStream:       Executed DbCommand (2ms) [Parameters=[], CommandType='Text', CommandTimeout='30']
2026-08-08T00:26:32.8312953+00:00 ContainerStream:       SELECT OBJECT_ID(N'[__EFMigrationsHistory]');
2026-08-08T00:26:32.8349151+00:00 ContainerStream: info: Microsoft.EntityFrameworkCore.Database.Command[20101]
2026-08-08T00:26:32.8349536+00:00 ContainerStream:       Executed DbCommand (2ms) [Parameters=[], CommandType='Text', CommandTimeout='30']
2026-08-08T00:26:32.8349616+00:00 ContainerStream:       SELECT [MigrationId], [ProductVersion]
2026-08-08T00:26:32.8349663+00:00 ContainerStream:       FROM [__EFMigrationsHistory]
2026-08-08T00:26:32.8349750+00:00 ContainerStream:       ORDER BY [MigrationId];
2026-08-08T00:26:32.8369368+00:00 ContainerStream: info: Microsoft.EntityFrameworkCore.Database.Command[20101]
2026-08-08T00:26:32.8369719+00:00 ContainerStream:       Executed DbCommand (2ms) [Parameters=[], CommandType='Text', CommandTimeout='30']
2026-08-08T00:26:32.8369791+00:00 ContainerStream:       SELECT TOP(1) [b].[BankAccountNumber]
2026-08-08T00:26:32.8369922+00:00 ContainerStream:       FROM [Beneficiaries] AS [b]
2026-08-08T00:26:32.8370011+00:00 ContainerStream:       ORDER BY [b].[Id]
2026-08-08T00:26:42.3080272+00:00 ContainerStream: info: Microsoft.EntityFrameworkCore.Database.Command[20101]
2026-08-08T00:26:42.3081072+00:00 ContainerStream:       Executed DbCommand (3ms) [Parameters=[], CommandType='Text', CommandTimeout='30']
2026-08-08T00:26:42.3081173+00:00 ContainerStream:       SELECT 1
2026-08-08T00:26:42.3101410+00:00 ContainerStream: info: Microsoft.EntityFrameworkCore.Database.Command[20101]
2026-08-08T00:26:42.3101985+00:00 ContainerStream:       Executed DbCommand (2ms) [Parameters=[], CommandType='Text', CommandTimeout='30']
2026-08-08T00:26:42.3102082+00:00 ContainerStream:       SELECT OBJECT_ID(N'[__EFMigrationsHistory]');
2026-08-08T00:26:42.3134952+00:00 ContainerStream: info: Microsoft.EntityFrameworkCore.Database.Command[20101]
2026-08-08T00:26:42.3135374+00:00 ContainerStream:       Executed DbCommand (2ms) [Parameters=[], CommandType='Text', CommandTimeout='30']
2026-08-08T00:26:42.3135463+00:00 ContainerStream:       SELECT [MigrationId], [ProductVersion]
2026-08-08T00:26:42.3135520+00:00 ContainerStream:       FROM [__EFMigrationsHistory]
2026-08-08T00:26:42.3135578+00:00 ContainerStream:       ORDER BY [MigrationId];
2026-08-08T00:26:42.3165014+00:00 ContainerStream: info: Microsoft.EntityFrameworkCore.Database.Command[20101]
2026-08-08T00:26:42.3165389+00:00 ContainerStream:       Executed DbCommand (2ms) [Parameters=[], CommandType='Text', CommandTimeout='30']
2026-08-08T00:26:42.3165464+00:00 ContainerStream:       SELECT TOP(1) [b].[BankAccountNumber]
2026-08-08T00:26:42.3165511+00:00 ContainerStream:       FROM [Beneficiaries] AS [b]
2026-08-08T00:26:42.3165557+00:00 ContainerStream:       ORDER BY [b].[Id]
2026-08-08T00:26:48.2613370+00:00 ContainerStream: info: Microsoft.EntityFrameworkCore.Database.Command[20101]
2026-08-08T00:26:48.2614131+00:00 ContainerStream:       Executed DbCommand (3ms) [Parameters=[], CommandType='Text', CommandTimeout='30']
2026-08-08T00:26:48.2614251+00:00 ContainerStream:       SELECT 1
2026-08-08T00:26:48.2640615+00:00 ContainerStream: info: Microsoft.EntityFrameworkCore.Database.Command[20101]
2026-08-08T00:26:48.2641103+00:00 ContainerStream:       Executed DbCommand (3ms) [Parameters=[], CommandType='Text', CommandTimeout='30']
2026-08-08T00:26:48.2641236+00:00 ContainerStream:       SELECT OBJECT_ID(N'[__EFMigrationsHistory]');
2026-08-08T00:26:48.2672999+00:00 ContainerStream: info: Microsoft.EntityFrameworkCore.Database.Command[20101]
2026-08-08T00:26:48.2673418+00:00 ContainerStream:       Executed DbCommand (2ms) [Parameters=[], CommandType='Text', CommandTimeout='30']
2026-08-08T00:26:48.2676296+00:00 ContainerStream:       SELECT [MigrationId], [ProductVersion]
2026-08-08T00:26:48.2676516+00:00 ContainerStream:       FROM [__EFMigrationsHistory]
2026-08-08T00:26:48.2679143+00:00 ContainerStream:       ORDER BY [MigrationId];
2026-08-08T00:26:48.2701137+00:00 ContainerStream: info: Microsoft.EntityFrameworkCore.Database.Command[20101]
2026-08-08T00:26:48.2701458+00:00 ContainerStream:       Executed DbCommand (2ms) [Parameters=[], CommandType='Text', CommandTimeout='30']
2026-08-08T00:26:48.2701527+00:00 ContainerStream:       SELECT TOP(1) [b].[BankAccountNumber]
2026-08-08T00:26:48.2701564+00:00 ContainerStream:       FROM [Beneficiaries] AS [b]
2026-08-08T00:26:48.2701644+00:00 ContainerStream:       ORDER BY [b].[Id]
2026-08-08T00:26:48.6913537+00:00 ContainerStream: info: Microsoft.EntityFrameworkCore.Database.Command[20101]
2026-08-08T00:26:48.6914438+00:00 ContainerStream:       Executed DbCommand (2ms) [Parameters=[], CommandType='Text', CommandTimeout='30']
2026-08-08T00:26:48.6914577+00:00 ContainerStream:       SELECT 1
2026-08-08T00:26:48.6952622+00:00 ContainerStream: info: Microsoft.EntityFrameworkCore.Database.Command[20101]
2026-08-08T00:26:48.6953472+00:00 ContainerStream:       Executed DbCommand (2ms) [Parameters=[], CommandType='Text', CommandTimeout='30']
2026-08-08T00:26:48.6953575+00:00 ContainerStream:       SELECT OBJECT_ID(N'[__EFMigrationsHistory]');
2026-08-08T00:26:48.6970974+00:00 ContainerStream: info: Microsoft.EntityFrameworkCore.Database.Command[20101]
2026-08-08T00:26:48.6973011+00:00 ContainerStream:       Executed DbCommand (2ms) [Parameters=[], CommandType='Text', CommandTimeout='30']
2026-08-08T00:26:48.6973166+00:00 ContainerStream:       SELECT [MigrationId], [ProductVersion]
2026-08-08T00:26:48.6973216+00:00 ContainerStream:       FROM [__EFMigrationsHistory]
2026-08-08T00:26:48.6979075+00:00 ContainerStream:       ORDER BY [MigrationId];
2026-08-08T00:26:48.6993576+00:00 ContainerStream: info: Microsoft.EntityFrameworkCore.Database.Command[20101]
2026-08-08T00:26:48.6993910+00:00 ContainerStream:       Executed DbCommand (2ms) [Parameters=[], CommandType='Text', CommandTimeout='30']
2026-08-08T00:26:48.6993976+00:00 ContainerStream:       SELECT TOP(1) [b].[BankAccountNumber]
2026-08-08T00:26:48.6994012+00:00 ContainerStream:       FROM [Beneficiaries] AS [b]
2026-08-08T00:26:48.6994047+00:00 ContainerStream:       ORDER BY [b].[Id]
2026-08-08T00:26:50.4757449+00:00 ContainerStream: info: Microsoft.EntityFrameworkCore.Database.Command[20101]
2026-08-08T00:26:50.4758353+00:00 ContainerStream:       Executed DbCommand (2ms) [Parameters=[], CommandType='Text', CommandTimeout='30']
2026-08-08T00:26:50.4758452+00:00 ContainerStream:       SELECT 1
2026-08-08T00:26:50.4778870+00:00 ContainerStream: info: Microsoft.EntityFrameworkCore.Database.Command[20101]
2026-08-08T00:26:50.4779487+00:00 ContainerStream:       Executed DbCommand (2ms) [Parameters=[], CommandType='Text', CommandTimeout='30']
2026-08-08T00:26:50.4779639+00:00 ContainerStream:       SELECT OBJECT_ID(N'[__EFMigrationsHistory]');
2026-08-08T00:26:50.4810177+00:00 ContainerStream: info: Microsoft.EntityFrameworkCore.Database.Command[20101]
2026-08-08T00:26:50.4810567+00:00 ContainerStream:       Executed DbCommand (2ms) [Parameters=[], CommandType='Text', CommandTimeout='30']
2026-08-08T00:26:50.4810750+00:00 ContainerStream:       SELECT [MigrationId], [ProductVersion]
2026-08-08T00:26:50.4810798+00:00 ContainerStream:       FROM [__EFMigrationsHistory]
2026-08-08T00:26:50.4810883+00:00 ContainerStream:       ORDER BY [MigrationId];
2026-08-08T00:26:50.4836779+00:00 ContainerStream: info: Microsoft.EntityFrameworkCore.Database.Command[20101]
2026-08-08T00:26:50.4837128+00:00 ContainerStream:       Executed DbCommand (2ms) [Parameters=[], CommandType='Text', CommandTimeout='30']
2026-08-08T00:26:50.4837208+00:00 ContainerStream:       SELECT TOP(1) [b].[BankAccountNumber]
2026-08-08T00:26:50.4837254+00:00 ContainerStream:       FROM [Beneficiaries] AS [b]
2026-08-08T00:26:50.4837340+00:00 ContainerStream:       ORDER BY [b].[Id]
2026-08-08T00:26:53.7317870+00:00 ContainerStream: info: Microsoft.EntityFrameworkCore.Database.Command[20101]
2026-08-08T00:26:53.7318724+00:00 ContainerStream:       Executed DbCommand (2ms) [Parameters=[], CommandType='Text', CommandTimeout='30']
2026-08-08T00:26:53.7318850+00:00 ContainerStream:       SELECT 1
2026-08-08T00:26:53.7337178+00:00 ContainerStream: info: Microsoft.EntityFrameworkCore.Database.Command[20101]
2026-08-08T00:26:53.7338043+00:00 ContainerStream:       Executed DbCommand (2ms) [Parameters=[], CommandType='Text', CommandTimeout='30']
2026-08-08T00:26:53.7338147+00:00 ContainerStream:       SELECT OBJECT_ID(N'[__EFMigrationsHistory]');
2026-08-08T00:26:53.7374771+00:00 ContainerStream: info: Microsoft.EntityFrameworkCore.Database.Command[20101]
2026-08-08T00:26:53.7375248+00:00 ContainerStream:       Executed DbCommand (2ms) [Parameters=[], CommandType='Text', CommandTimeout='30']
2026-08-08T00:26:53.7375328+00:00 ContainerStream:       SELECT [MigrationId], [ProductVersion]
2026-08-08T00:26:53.7375375+00:00 ContainerStream:       FROM [__EFMigrationsHistory]
2026-08-08T00:26:53.7375420+00:00 ContainerStream:       ORDER BY [MigrationId];
2026-08-08T00:26:53.7392323+00:00 ContainerStream: info: Microsoft.EntityFrameworkCore.Database.Command[20101]
2026-08-08T00:26:53.7392760+00:00 ContainerStream:       Executed DbCommand (2ms) [Parameters=[], CommandType='Text', CommandTimeout='30']
2026-08-08T00:26:53.7392928+00:00 ContainerStream:       SELECT TOP(1) [b].[BankAccountNumber]
2026-08-08T00:26:53.7392968+00:00 ContainerStream:       FROM [Beneficiaries] AS [b]
2026-08-08T00:26:53.7393003+00:00 ContainerStream:       ORDER BY [b].[Id]
2026-08-08T00:26:53.8264118+00:00 ContainerStream: info: Microsoft.EntityFrameworkCore.Database.Command[20101]
2026-08-08T00:26:53.8264894+00:00 ContainerStream:       Executed DbCommand (2ms) [Parameters=[], CommandType='Text', CommandTimeout='30']
2026-08-08T00:26:53.8265011+00:00 ContainerStream:       SELECT 1
2026-08-08T00:26:53.8288581+00:00 ContainerStream: info: Microsoft.EntityFrameworkCore.Database.Command[20101]
2026-08-08T00:26:53.8291146+00:00 ContainerStream:       Executed DbCommand (2ms) [Parameters=[], CommandType='Text', CommandTimeout='30']
2026-08-08T00:26:53.8291353+00:00 ContainerStream:       SELECT OBJECT_ID(N'[__EFMigrationsHistory]');
2026-08-08T00:26:53.8328131+00:00 ContainerStream: info: Microsoft.EntityFrameworkCore.Database.Command[20101]
2026-08-08T00:26:53.8328463+00:00 ContainerStream:       Executed DbCommand (2ms) [Parameters=[], CommandType='Text', CommandTimeout='30']
2026-08-08T00:26:53.8328538+00:00 ContainerStream:       SELECT [MigrationId], [ProductVersion]
2026-08-08T00:26:53.8328623+00:00 ContainerStream:       FROM [__EFMigrationsHistory]
2026-08-08T00:26:53.8328663+00:00 ContainerStream:       ORDER BY [MigrationId];
2026-08-08T00:26:53.8353602+00:00 ContainerStream: info: Microsoft.EntityFrameworkCore.Database.Command[20101]
2026-08-08T00:26:53.8353921+00:00 ContainerStream:       Executed DbCommand (2ms) [Parameters=[], CommandType='Text', CommandTimeout='30']
2026-08-08T00:26:53.8353988+00:00 ContainerStream:       SELECT TOP(1) [b].[BankAccountNumber]
2026-08-08T00:26:53.8354069+00:00 ContainerStream:       FROM [Beneficiaries] AS [b]
2026-08-08T00:26:53.8354204+00:00 ContainerStream:       ORDER BY [b].[Id]
2026-08-08T00:26:55.6194727+00:00 ContainerStream: info: Microsoft.EntityFrameworkCore.Database.Command[20101]
2026-08-08T00:26:55.6195712+00:00 ContainerStream:       Executed DbCommand (3ms) [Parameters=[], CommandType='Text', CommandTimeout='30']
2026-08-08T00:26:55.6195923+00:00 ContainerStream:       SELECT 1
2026-08-08T00:26:55.6233828+00:00 ContainerStream: info: Microsoft.EntityFrameworkCore.Database.Command[20101]
2026-08-08T00:26:55.6235639+00:00 ContainerStream:       Executed DbCommand (4ms) [Parameters=[], CommandType='Text', CommandTimeout='30']
2026-08-08T00:26:55.6235753+00:00 ContainerStream:       SELECT OBJECT_ID(N'[__EFMigrationsHistory]');
2026-08-08T00:26:55.6355950+00:00 ContainerStream: info: Microsoft.EntityFrameworkCore.Database.Command[20101]
2026-08-08T00:26:55.6356500+00:00 ContainerStream:       Executed DbCommand (10ms) [Parameters=[], CommandType='Text', CommandTimeout='30']
2026-08-08T00:26:55.6356605+00:00 ContainerStream:       SELECT [MigrationId], [ProductVersion]
2026-08-08T00:26:55.6356648+00:00 ContainerStream:       FROM [__EFMigrationsHistory]
2026-08-08T00:26:55.6356688+00:00 ContainerStream:       ORDER BY [MigrationId];
2026-08-08T00:26:55.6377701+00:00 ContainerStream: info: Microsoft.EntityFrameworkCore.Database.Command[20101]
2026-08-08T00:26:55.6378129+00:00 ContainerStream:       Executed DbCommand (2ms) [Parameters=[], CommandType='Text', CommandTimeout='30']
2026-08-08T00:26:55.6378205+00:00 ContainerStream:       SELECT TOP(1) [b].[BankAccountNumber]
2026-08-08T00:26:55.6378243+00:00 ContainerStream:       FROM [Beneficiaries] AS [b]
2026-08-08T00:26:55.6378278+00:00 ContainerStream:       ORDER BY [b].[Id]
2026-08-08T00:26:58.3549190+00:00 ContainerStream: info: Microsoft.EntityFrameworkCore.Database.Command[20101]
2026-08-08T00:26:58.3552684+00:00 ContainerStream:       Executed DbCommand (2ms) [Parameters=[], CommandType='Text', CommandTimeout='30']
2026-08-08T00:26:58.3552839+00:00 ContainerStream:       SELECT 1
2026-08-08T00:26:58.3570142+00:00 ContainerStream: info: Microsoft.EntityFrameworkCore.Database.Command[20101]
2026-08-08T00:26:58.3570656+00:00 ContainerStream:       Executed DbCommand (2ms) [Parameters=[], CommandType='Text', CommandTimeout='30']
2026-08-08T00:26:58.3570732+00:00 ContainerStream:       SELECT OBJECT_ID(N'[__EFMigrationsHistory]');
2026-08-08T00:26:58.3602503+00:00 ContainerStream: info: Microsoft.EntityFrameworkCore.Database.Command[20101]
2026-08-08T00:26:58.3602866+00:00 ContainerStream:       Executed DbCommand (2ms) [Parameters=[], CommandType='Text', CommandTimeout='30']
2026-08-08T00:26:58.3603088+00:00 ContainerStream:       SELECT [MigrationId], [ProductVersion]
2026-08-08T00:26:58.3603133+00:00 ContainerStream:       FROM [__EFMigrationsHistory]
2026-08-08T00:26:58.3603171+00:00 ContainerStream:       ORDER BY [MigrationId];
2026-08-08T00:26:58.3624682+00:00 ContainerStream: info: Microsoft.EntityFrameworkCore.Database.Command[20101]
2026-08-08T00:26:58.3624993+00:00 ContainerStream:       Executed DbCommand (2ms) [Parameters=[], CommandType='Text', CommandTimeout='30']
2026-08-08T00:26:58.3625103+00:00 ContainerStream:       SELECT TOP(1) [b].[BankAccountNumber]
2026-08-08T00:26:58.3625139+00:00 ContainerStream:       FROM [Beneficiaries] AS [b]
2026-08-08T00:26:58.3625262+00:00 ContainerStream:       ORDER BY [b].[Id]
2026-08-08T00:26:58.6388629+00:00 ContainerStream: info: Microsoft.EntityFrameworkCore.Database.Command[20101]
2026-08-08T00:26:58.6389414+00:00 ContainerStream:       Executed DbCommand (2ms) [Parameters=[], CommandType='Text', CommandTimeout='30']
2026-08-08T00:26:58.6389522+00:00 ContainerStream:       SELECT 1
2026-08-08T00:26:58.6411536+00:00 ContainerStream: info: Microsoft.EntityFrameworkCore.Database.Command[20101]
2026-08-08T00:26:58.6412035+00:00 ContainerStream:       Executed DbCommand (2ms) [Parameters=[], CommandType='Text', CommandTimeout='30']
2026-08-08T00:26:58.6412113+00:00 ContainerStream:       SELECT OBJECT_ID(N'[__EFMigrationsHistory]');
2026-08-08T00:26:58.6449634+00:00 ContainerStream: info: Microsoft.EntityFrameworkCore.Database.Command[20101]
2026-08-08T00:26:58.6449981+00:00 ContainerStream:       Executed DbCommand (2ms) [Parameters=[], CommandType='Text', CommandTimeout='30']
2026-08-08T00:26:58.6450052+00:00 ContainerStream:       SELECT [MigrationId], [ProductVersion]
2026-08-08T00:26:58.6450093+00:00 ContainerStream:       FROM [__EFMigrationsHistory]
2026-08-08T00:26:58.6454216+00:00 ContainerStream:       ORDER BY [MigrationId];
2026-08-08T00:26:58.6478148+00:00 ContainerStream: info: Microsoft.EntityFrameworkCore.Database.Command[20101]
2026-08-08T00:26:58.6478485+00:00 ContainerStream:       Executed DbCommand (2ms) [Parameters=[], CommandType='Text', CommandTimeout='30']
2026-08-08T00:26:58.6478557+00:00 ContainerStream:       SELECT TOP(1) [b].[BankAccountNumber]
2026-08-08T00:26:58.6478596+00:00 ContainerStream:       FROM [Beneficiaries] AS [b]
2026-08-08T00:26:58.6478676+00:00 ContainerStream:       ORDER BY [b].[Id]
2026-08-08T00:26:59.9312568+00:00 ContainerStream: info: Microsoft.EntityFrameworkCore.Database.Command[20101]
2026-08-08T00:26:59.9313326+00:00 ContainerStream:       Executed DbCommand (2ms) [Parameters=[], CommandType='Text', CommandTimeout='30']
2026-08-08T00:26:59.9313447+00:00 ContainerStream:       SELECT 1
2026-08-08T00:26:59.9332923+00:00 ContainerStream: info: Microsoft.EntityFrameworkCore.Database.Command[20101]
2026-08-08T00:26:59.9333421+00:00 ContainerStream:       Executed DbCommand (2ms) [Parameters=[], CommandType='Text', CommandTimeout='30']
2026-08-08T00:26:59.9333526+00:00 ContainerStream:       SELECT OBJECT_ID(N'[__EFMigrationsHistory]');
2026-08-08T00:26:59.9370219+00:00 ContainerStream: info: Microsoft.EntityFrameworkCore.Database.Command[20101]
2026-08-08T00:26:59.9370637+00:00 ContainerStream:       Executed DbCommand (2ms) [Parameters=[], CommandType='Text', CommandTimeout='30']
2026-08-08T00:26:59.9370788+00:00 ContainerStream:       SELECT [MigrationId], [ProductVersion]
2026-08-08T00:26:59.9370843+00:00 ContainerStream:       FROM [__EFMigrationsHistory]
2026-08-08T00:26:59.9370897+00:00 ContainerStream:       ORDER BY [MigrationId];
2026-08-08T00:26:59.9454751+00:00 ContainerStream: info: Microsoft.EntityFrameworkCore.Database.Command[20101]
2026-08-08T00:26:59.9458967+00:00 ContainerStream:       Executed DbCommand (2ms) [Parameters=[], CommandType='Text', CommandTimeout='30']
2026-08-08T00:26:59.9459080+00:00 ContainerStream:       SELECT TOP(1) [b].[BankAccountNumber]
2026-08-08T00:26:59.9459121+00:00 ContainerStream:       FROM [Beneficiaries] AS [b]
2026-08-08T00:26:59.9459160+00:00 ContainerStream:       ORDER BY [b].[Id]
2026-08-08T00:27:04.4798947+00:00 ContainerStream: info: Microsoft.EntityFrameworkCore.Database.Command[20101]
2026-08-08T00:27:04.4799718+00:00 ContainerStream:       Executed DbCommand (5ms) [Parameters=[], CommandType='Text', CommandTimeout='30']
2026-08-08T00:27:04.4799822+00:00 ContainerStream:       SELECT 1
2026-08-08T00:27:04.4842858+00:00 ContainerStream: info: Microsoft.EntityFrameworkCore.Database.Command[20101]
2026-08-08T00:27:04.4843713+00:00 ContainerStream:       Executed DbCommand (2ms) [Parameters=[], CommandType='Text', CommandTimeout='30']
2026-08-08T00:27:04.4843820+00:00 ContainerStream:       SELECT OBJECT_ID(N'[__EFMigrationsHistory]');
2026-08-08T00:27:04.4857701+00:00 ContainerStream: info: Microsoft.EntityFrameworkCore.Database.Command[20101]
2026-08-08T00:27:04.4858290+00:00 ContainerStream:       Executed DbCommand (2ms) [Parameters=[], CommandType='Text', CommandTimeout='30']
2026-08-08T00:27:04.4858377+00:00 ContainerStream:       SELECT [MigrationId], [ProductVersion]
2026-08-08T00:27:04.4858477+00:00 ContainerStream:       FROM [__EFMigrationsHistory]
2026-08-08T00:27:04.4858516+00:00 ContainerStream:       ORDER BY [MigrationId];
2026-08-08T00:27:04.4896759+00:00 ContainerStream: info: Microsoft.EntityFrameworkCore.Database.Command[20101]
2026-08-08T00:27:04.4897202+00:00 ContainerStream:       Executed DbCommand (2ms) [Parameters=[], CommandType='Text', CommandTimeout='30']
2026-08-08T00:27:04.4897284+00:00 ContainerStream:       SELECT TOP(1) [b].[BankAccountNumber]
2026-08-08T00:27:04.4897369+00:00 ContainerStream:       FROM [Beneficiaries] AS [b]
2026-08-08T00:27:04.4897409+00:00 ContainerStream:       ORDER BY [b].[Id]
2026-08-08T00:27:05.1142302+00:00 ContainerStream: info: Microsoft.EntityFrameworkCore.Database.Command[20101]
2026-08-08T00:27:05.1143132+00:00 ContainerStream:       Executed DbCommand (2ms) [Parameters=[], CommandType='Text', CommandTimeout='30']
2026-08-08T00:27:05.1143311+00:00 ContainerStream:       SELECT 1
2026-08-08T00:27:05.1168159+00:00 ContainerStream: info: Microsoft.EntityFrameworkCore.Database.Command[20101]
2026-08-08T00:27:05.1168695+00:00 ContainerStream:       Executed DbCommand (2ms) [Parameters=[], CommandType='Text', CommandTimeout='30']
2026-08-08T00:27:05.1168798+00:00 ContainerStream:       SELECT OBJECT_ID(N'[__EFMigrationsHistory]');
2026-08-08T00:27:05.1202996+00:00 ContainerStream: info: Microsoft.EntityFrameworkCore.Database.Command[20101]
2026-08-08T00:27:05.1208293+00:00 ContainerStream:       Executed DbCommand (2ms) [Parameters=[], CommandType='Text', CommandTimeout='30']
2026-08-08T00:27:05.1208513+00:00 ContainerStream:       SELECT [MigrationId], [ProductVersion]
2026-08-08T00:27:05.1208563+00:00 ContainerStream:       FROM [__EFMigrationsHistory]
2026-08-08T00:27:05.1208607+00:00 ContainerStream:       ORDER BY [MigrationId];
2026-08-08T00:27:05.1230675+00:00 ContainerStream: info: Microsoft.EntityFrameworkCore.Database.Command[20101]
2026-08-08T00:27:05.1231066+00:00 ContainerStream:       Executed DbCommand (2ms) [Parameters=[], CommandType='Text', CommandTimeout='30']
2026-08-08T00:27:05.1231143+00:00 ContainerStream:       SELECT TOP(1) [b].[BankAccountNumber]
2026-08-08T00:27:05.1231191+00:00 ContainerStream:       FROM [Beneficiaries] AS [b]
2026-08-08T00:27:05.1231235+00:00 ContainerStream:       ORDER BY [b].[Id]
2026-08-08T00:27:06.1048051+00:00 ContainerStream: info: Microsoft.EntityFrameworkCore.Database.Command[20101]
2026-08-08T00:27:06.1048796+00:00 ContainerStream:       Executed DbCommand (3ms) [Parameters=[], CommandType='Text', CommandTimeout='30']
2026-08-08T00:27:06.1048926+00:00 ContainerStream:       SELECT 1
2026-08-08T00:27:06.1070564+00:00 ContainerStream: info: Microsoft.EntityFrameworkCore.Database.Command[20101]
2026-08-08T00:27:06.1071139+00:00 ContainerStream:       Executed DbCommand (2ms) [Parameters=[], CommandType='Text', CommandTimeout='30']
2026-08-08T00:27:06.1071216+00:00 ContainerStream:       SELECT OBJECT_ID(N'[__EFMigrationsHistory]');
2026-08-08T00:27:06.1110702+00:00 ContainerStream: info: Microsoft.EntityFrameworkCore.Database.Command[20101]
2026-08-08T00:27:06.1111020+00:00 ContainerStream:       Executed DbCommand (3ms) [Parameters=[], CommandType='Text', CommandTimeout='30']
2026-08-08T00:27:06.1111135+00:00 ContainerStream:       SELECT [MigrationId], [ProductVersion]
2026-08-08T00:27:06.1111276+00:00 ContainerStream:       FROM [__EFMigrationsHistory]
2026-08-08T00:27:06.1111917+00:00 ContainerStream:       ORDER BY [MigrationId];
2026-08-08T00:27:06.1133797+00:00 ContainerStream: info: Microsoft.EntityFrameworkCore.Database.Command[20101]
2026-08-08T00:27:06.1134145+00:00 ContainerStream:       Executed DbCommand (2ms) [Parameters=[], CommandType='Text', CommandTimeout='30']
2026-08-08T00:27:06.1134222+00:00 ContainerStream:       SELECT TOP(1) [b].[BankAccountNumber]
2026-08-08T00:27:06.1134268+00:00 ContainerStream:       FROM [Beneficiaries] AS [b]
2026-08-08T00:27:06.1137145+00:00 ContainerStream:       ORDER BY [b].[Id]
2026-08-08T00:27:12.7766323+00:00 ContainerStream: info: Microsoft.EntityFrameworkCore.Database.Command[20101]
2026-08-08T00:27:12.7768985+00:00 ContainerStream:       Executed DbCommand (3ms) [Parameters=[], CommandType='Text', CommandTimeout='30']
2026-08-08T00:27:12.7769147+00:00 ContainerStream:       SELECT 1
2026-08-08T00:27:12.7789345+00:00 ContainerStream: info: Microsoft.EntityFrameworkCore.Database.Command[20101]
2026-08-08T00:27:12.7790035+00:00 ContainerStream:       Executed DbCommand (2ms) [Parameters=[], CommandType='Text', CommandTimeout='30']
2026-08-08T00:27:12.7790206+00:00 ContainerStream:       SELECT OBJECT_ID(N'[__EFMigrationsHistory]');
2026-08-08T00:27:12.7831067+00:00 ContainerStream: info: Microsoft.EntityFrameworkCore.Database.Command[20101]
2026-08-08T00:27:12.7831465+00:00 ContainerStream:       Executed DbCommand (2ms) [Parameters=[], CommandType='Text', CommandTimeout='30']
2026-08-08T00:27:12.7831551+00:00 ContainerStream:       SELECT [MigrationId], [ProductVersion]
2026-08-08T00:27:12.7831600+00:00 ContainerStream:       FROM [__EFMigrationsHistory]
2026-08-08T00:27:12.7831693+00:00 ContainerStream:       ORDER BY [MigrationId];
2026-08-08T00:27:12.7849034+00:00 ContainerStream: info: Microsoft.EntityFrameworkCore.Database.Command[20101]
2026-08-08T00:27:12.7849376+00:00 ContainerStream:       Executed DbCommand (2ms) [Parameters=[], CommandType='Text', CommandTimeout='30']
2026-08-08T00:27:12.7849449+00:00 ContainerStream:       SELECT TOP(1) [b].[BankAccountNumber]
2026-08-08T00:27:12.7849490+00:00 ContainerStream:       FROM [Beneficiaries] AS [b]
2026-08-08T00:27:12.7849577+00:00 ContainerStream:       ORDER BY [b].[Id]
2026-08-08T00:27:20.7018270+00:00 ContainerStream: info: Microsoft.EntityFrameworkCore.Database.Command[20101]
2026-08-08T00:27:20.7018783+00:00 ContainerStream:       Executed DbCommand (3ms) [Parameters=[], CommandType='Text', CommandTimeout='30']
2026-08-08T00:27:20.7018911+00:00 ContainerStream:       SELECT 1
2026-08-08T00:27:20.7034537+00:00 ContainerStream: info: Microsoft.EntityFrameworkCore.Database.Command[20101]
2026-08-08T00:27:20.7034974+00:00 ContainerStream:       Executed DbCommand (2ms) [Parameters=[], CommandType='Text', CommandTimeout='30']
2026-08-08T00:27:20.7035048+00:00 ContainerStream:       SELECT OBJECT_ID(N'[__EFMigrationsHistory]');
2026-08-08T00:27:20.7070268+00:00 ContainerStream: info: Microsoft.EntityFrameworkCore.Database.Command[20101]
2026-08-08T00:27:20.7070635+00:00 ContainerStream:       Executed DbCommand (2ms) [Parameters=[], CommandType='Text', CommandTimeout='30']
2026-08-08T00:27:20.7070712+00:00 ContainerStream:       SELECT [MigrationId], [ProductVersion]
2026-08-08T00:27:20.7074769+00:00 ContainerStream:       FROM [__EFMigrationsHistory]
2026-08-08T00:27:20.7075086+00:00 ContainerStream:       ORDER BY [MigrationId];
2026-08-08T00:27:20.7102334+00:00 ContainerStream: info: Microsoft.EntityFrameworkCore.Database.Command[20101]
2026-08-08T00:27:20.7102638+00:00 ContainerStream:       Executed DbCommand (2ms) [Parameters=[], CommandType='Text', CommandTimeout='30']
2026-08-08T00:27:20.7102702+00:00 ContainerStream:       SELECT TOP(1) [b].[BankAccountNumber]
2026-08-08T00:27:20.7102739+00:00 ContainerStream:       FROM [Beneficiaries] AS [b]
2026-08-08T00:27:20.7102775+00:00 ContainerStream:       ORDER BY [b].[Id]
2026-08-08T00:27:20.8746319+00:00 ContainerStream: info: Microsoft.EntityFrameworkCore.Database.Command[20101]
2026-08-08T00:27:20.8747110+00:00 ContainerStream:       Executed DbCommand (2ms) [Parameters=[], CommandType='Text', CommandTimeout='30']
2026-08-08T00:27:20.8747249+00:00 ContainerStream:       SELECT 1
2026-08-08T00:27:20.8768679+00:00 ContainerStream: info: Microsoft.EntityFrameworkCore.Database.Command[20101]
2026-08-08T00:27:20.8769222+00:00 ContainerStream:       Executed DbCommand (2ms) [Parameters=[], CommandType='Text', CommandTimeout='30']
2026-08-08T00:27:20.8769309+00:00 ContainerStream:       SELECT OBJECT_ID(N'[__EFMigrationsHistory]');
2026-08-08T00:27:20.8802105+00:00 ContainerStream: info: Microsoft.EntityFrameworkCore.Database.Command[20101]
2026-08-08T00:27:20.8802419+00:00 ContainerStream:       Executed DbCommand (2ms) [Parameters=[], CommandType='Text', CommandTimeout='30']
2026-08-08T00:27:20.8802490+00:00 ContainerStream:       SELECT [MigrationId], [ProductVersion]
2026-08-08T00:27:20.8802578+00:00 ContainerStream:       FROM [__EFMigrationsHistory]
2026-08-08T00:27:20.8808628+00:00 ContainerStream:       ORDER BY [MigrationId];
2026-08-08T00:27:20.8825194+00:00 ContainerStream: info: Microsoft.EntityFrameworkCore.Database.Command[20101]
2026-08-08T00:27:20.8825558+00:00 ContainerStream:       Executed DbCommand (2ms) [Parameters=[], CommandType='Text', CommandTimeout='30']
2026-08-08T00:27:20.8825671+00:00 ContainerStream:       SELECT TOP(1) [b].[BankAccountNumber]
2026-08-08T00:27:20.8825713+00:00 ContainerStream:       FROM [Beneficiaries] AS [b]
2026-08-08T00:27:20.8825753+00:00 ContainerStream:       ORDER BY [b].[Id]
2026-08-08T00:27:23.4824154+00:00 ContainerStream: info: Microsoft.EntityFrameworkCore.Database.Command[20101]
2026-08-08T00:27:23.4824867+00:00 ContainerStream:       Executed DbCommand (2ms) [Parameters=[], CommandType='Text', CommandTimeout='30']
2026-08-08T00:27:23.4825056+00:00 ContainerStream:       SELECT 1
2026-08-08T00:27:23.4846191+00:00 ContainerStream: info: Microsoft.EntityFrameworkCore.Database.Command[20101]
2026-08-08T00:27:23.4846870+00:00 ContainerStream:       Executed DbCommand (2ms) [Parameters=[], CommandType='Text', CommandTimeout='30']
2026-08-08T00:27:23.4846971+00:00 ContainerStream:       SELECT OBJECT_ID(N'[__EFMigrationsHistory]');
2026-08-08T00:27:23.4880188+00:00 ContainerStream: info: Microsoft.EntityFrameworkCore.Database.Command[20101]
2026-08-08T00:27:23.4880521+00:00 ContainerStream:       Executed DbCommand (2ms) [Parameters=[], CommandType='Text', CommandTimeout='30']
2026-08-08T00:27:23.4880592+00:00 ContainerStream:       SELECT [MigrationId], [ProductVersion]
2026-08-08T00:27:23.4880631+00:00 ContainerStream:       FROM [__EFMigrationsHistory]
2026-08-08T00:27:23.4880668+00:00 ContainerStream:       ORDER BY [MigrationId];
2026-08-08T00:27:23.4905363+00:00 ContainerStream: info: Microsoft.EntityFrameworkCore.Database.Command[20101]
2026-08-08T00:27:23.4905647+00:00 ContainerStream:       Executed DbCommand (2ms) [Parameters=[], CommandType='Text', CommandTimeout='30']
2026-08-08T00:27:23.4905711+00:00 ContainerStream:       SELECT TOP(1) [b].[BankAccountNumber]
2026-08-08T00:27:23.4905748+00:00 ContainerStream:       FROM [Beneficiaries] AS [b]
2026-08-08T00:27:23.4905827+00:00 ContainerStream:       ORDER BY [b].[Id]
2026-08-08T00:27:26.8381117+00:00 ContainerStream: info: Microsoft.EntityFrameworkCore.Database.Command[20101]
2026-08-08T00:27:26.8382002+00:00 ContainerStream:       Executed DbCommand (3ms) [Parameters=[], CommandType='Text', CommandTimeout='30']
2026-08-08T00:27:26.8382112+00:00 ContainerStream:       SELECT 1
2026-08-08T00:27:26.8403624+00:00 ContainerStream: info: Microsoft.EntityFrameworkCore.Database.Command[20101]
2026-08-08T00:27:26.8404164+00:00 ContainerStream:       Executed DbCommand (2ms) [Parameters=[], CommandType='Text', CommandTimeout='30']
2026-08-08T00:27:26.8404252+00:00 ContainerStream:       SELECT OBJECT_ID(N'[__EFMigrationsHistory]');
2026-08-08T00:27:26.8437531+00:00 ContainerStream: info: Microsoft.EntityFrameworkCore.Database.Command[20101]
2026-08-08T00:27:26.8437910+00:00 ContainerStream:       Executed DbCommand (2ms) [Parameters=[], CommandType='Text', CommandTimeout='30']
2026-08-08T00:27:26.8438052+00:00 ContainerStream:       SELECT [MigrationId], [ProductVersion]
2026-08-08T00:27:26.8438097+00:00 ContainerStream:       FROM [__EFMigrationsHistory]
2026-08-08T00:27:26.8438136+00:00 ContainerStream:       ORDER BY [MigrationId];
2026-08-08T00:27:26.8457531+00:00 ContainerStream: info: Microsoft.EntityFrameworkCore.Database.Command[20101]
2026-08-08T00:27:26.8457854+00:00 ContainerStream:       Executed DbCommand (2ms) [Parameters=[], CommandType='Text', CommandTimeout='30']
2026-08-08T00:27:26.8457955+00:00 ContainerStream:       SELECT TOP(1) [b].[BankAccountNumber]
2026-08-08T00:27:26.8457991+00:00 ContainerStream:       FROM [Beneficiaries] AS [b]
2026-08-08T00:27:26.8458025+00:00 ContainerStream:       ORDER BY [b].[Id]
2026-08-08T00:27:30.5953183+00:00 ContainerStream: info: Microsoft.EntityFrameworkCore.Database.Command[20101]
2026-08-08T00:27:30.5954034+00:00 ContainerStream:       Executed DbCommand (3ms) [Parameters=[], CommandType='Text', CommandTimeout='30']
2026-08-08T00:27:30.5954166+00:00 ContainerStream:       SELECT 1
2026-08-08T00:27:30.5974179+00:00 ContainerStream: info: Microsoft.EntityFrameworkCore.Database.Command[20101]
2026-08-08T00:27:30.5974840+00:00 ContainerStream:       Executed DbCommand (2ms) [Parameters=[], CommandType='Text', CommandTimeout='30']
2026-08-08T00:27:30.5974927+00:00 ContainerStream:       SELECT OBJECT_ID(N'[__EFMigrationsHistory]');
2026-08-08T00:27:30.6013319+00:00 ContainerStream: info: Microsoft.EntityFrameworkCore.Database.Command[20101]
2026-08-08T00:27:30.6013755+00:00 ContainerStream:       Executed DbCommand (2ms) [Parameters=[], CommandType='Text', CommandTimeout='30']
2026-08-08T00:27:30.6015493+00:00 ContainerStream:       SELECT [MigrationId], [ProductVersion]
2026-08-08T00:27:30.6015557+00:00 ContainerStream:       FROM [__EFMigrationsHistory]
2026-08-08T00:27:30.6017873+00:00 ContainerStream:       ORDER BY [MigrationId];
2026-08-08T00:27:30.6066362+00:00 ContainerStream: info: Microsoft.EntityFrameworkCore.Database.Command[20101]
2026-08-08T00:27:30.6066735+00:00 ContainerStream:       Executed DbCommand (2ms) [Parameters=[], CommandType='Text', CommandTimeout='30']
2026-08-08T00:27:30.6066816+00:00 ContainerStream:       SELECT TOP(1) [b].[BankAccountNumber]
2026-08-08T00:27:30.6066857+00:00 ContainerStream:       FROM [Beneficiaries] AS [b]
2026-08-08T00:27:30.6066942+00:00 ContainerStream:       ORDER BY [b].[Id]
2026-08-08T00:27:31.7962361+00:00 ContainerStream: info: Microsoft.EntityFrameworkCore.Database.Command[20101]
2026-08-08T00:27:31.7963383+00:00 ContainerStream:       Executed DbCommand (3ms) [Parameters=[], CommandType='Text', CommandTimeout='30']
2026-08-08T00:27:31.7963492+00:00 ContainerStream:       SELECT 1
2026-08-08T00:27:31.7983945+00:00 ContainerStream: info: Microsoft.EntityFrameworkCore.Database.Command[20101]
2026-08-08T00:27:31.7984574+00:00 ContainerStream:       Executed DbCommand (2ms) [Parameters=[], CommandType='Text', CommandTimeout='30']
2026-08-08T00:27:31.7984709+00:00 ContainerStream:       SELECT OBJECT_ID(N'[__EFMigrationsHistory]');
2026-08-08T00:27:31.8020418+00:00 ContainerStream: info: Microsoft.EntityFrameworkCore.Database.Command[20101]
2026-08-08T00:27:31.8020860+00:00 ContainerStream:       Executed DbCommand (2ms) [Parameters=[], CommandType='Text', CommandTimeout='30']
2026-08-08T00:27:31.8020936+00:00 ContainerStream:       SELECT [MigrationId], [ProductVersion]
2026-08-08T00:27:31.8021021+00:00 ContainerStream:       FROM [__EFMigrationsHistory]
2026-08-08T00:27:31.8021060+00:00 ContainerStream:       ORDER BY [MigrationId];
2026-08-08T00:27:31.8055191+00:00 ContainerStream: info: Microsoft.EntityFrameworkCore.Database.Command[20101]
2026-08-08T00:27:31.8055517+00:00 ContainerStream:       Executed DbCommand (2ms) [Parameters=[], CommandType='Text', CommandTimeout='30']
2026-08-08T00:27:31.8055597+00:00 ContainerStream:       SELECT TOP(1) [b].[BankAccountNumber]
2026-08-08T00:27:31.8055681+00:00 ContainerStream:       FROM [Beneficiaries] AS [b]
2026-08-08T00:27:31.8055721+00:00 ContainerStream:       ORDER BY [b].[Id]
2026-08-08T00:27:34.2120707+00:00 ContainerStream: info: Microsoft.EntityFrameworkCore.Database.Command[20101]
2026-08-08T00:27:34.2121419+00:00 ContainerStream:       Executed DbCommand (2ms) [Parameters=[], CommandType='Text', CommandTimeout='30']
2026-08-08T00:27:34.2121600+00:00 ContainerStream:       SELECT 1
2026-08-08T00:27:34.2141829+00:00 ContainerStream: info: Microsoft.EntityFrameworkCore.Database.Command[20101]
2026-08-08T00:27:34.2142316+00:00 ContainerStream:       Executed DbCommand (2ms) [Parameters=[], CommandType='Text', CommandTimeout='30']
2026-08-08T00:27:34.2142403+00:00 ContainerStream:       SELECT OBJECT_ID(N'[__EFMigrationsHistory]');
2026-08-08T00:27:34.2175808+00:00 ContainerStream: info: Microsoft.EntityFrameworkCore.Database.Command[20101]
2026-08-08T00:27:34.2176146+00:00 ContainerStream:       Executed DbCommand (2ms) [Parameters=[], CommandType='Text', CommandTimeout='30']
2026-08-08T00:27:34.2176225+00:00 ContainerStream:       SELECT [MigrationId], [ProductVersion]
2026-08-08T00:27:34.2176367+00:00 ContainerStream:       FROM [__EFMigrationsHistory]
2026-08-08T00:27:34.2177085+00:00 ContainerStream:       ORDER BY [MigrationId];
2026-08-08T00:27:34.2205456+00:00 ContainerStream: info: Microsoft.EntityFrameworkCore.Database.Command[20101]
2026-08-08T00:27:34.2205775+00:00 ContainerStream:       Executed DbCommand (2ms) [Parameters=[], CommandType='Text', CommandTimeout='30']
2026-08-08T00:27:34.2205853+00:00 ContainerStream:       SELECT TOP(1) [b].[BankAccountNumber]
2026-08-08T00:27:34.2205889+00:00 ContainerStream:       FROM [Beneficiaries] AS [b]
2026-08-08T00:27:34.2206144+00:00 ContainerStream:       ORDER BY [b].[Id]
2026-08-08T00:27:39.9865164+00:00 ContainerStream: info: Microsoft.EntityFrameworkCore.Database.Command[20101]
2026-08-08T00:27:39.9865846+00:00 ContainerStream:       Executed DbCommand (2ms) [Parameters=[], CommandType='Text', CommandTimeout='30']
2026-08-08T00:27:39.9865957+00:00 ContainerStream:       SELECT 1
2026-08-08T00:27:39.9903735+00:00 ContainerStream: info: Microsoft.EntityFrameworkCore.Database.Command[20101]
2026-08-08T00:27:39.9904213+00:00 ContainerStream:       Executed DbCommand (2ms) [Parameters=[], CommandType='Text', CommandTimeout='30']
2026-08-08T00:27:39.9904299+00:00 ContainerStream:       SELECT OBJECT_ID(N'[__EFMigrationsHistory]');
2026-08-08T00:27:39.9927381+00:00 ContainerStream: info: Microsoft.EntityFrameworkCore.Database.Command[20101]
2026-08-08T00:27:39.9927729+00:00 ContainerStream:       Executed DbCommand (2ms) [Parameters=[], CommandType='Text', CommandTimeout='30']
2026-08-08T00:27:39.9927843+00:00 ContainerStream:       SELECT [MigrationId], [ProductVersion]
2026-08-08T00:27:39.9927885+00:00 ContainerStream:       FROM [__EFMigrationsHistory]
2026-08-08T00:27:39.9927922+00:00 ContainerStream:       ORDER BY [MigrationId];
2026-08-08T00:27:39.9951807+00:00 ContainerStream: info: Microsoft.EntityFrameworkCore.Database.Command[20101]
2026-08-08T00:27:39.9952132+00:00 ContainerStream:       Executed DbCommand (2ms) [Parameters=[], CommandType='Text', CommandTimeout='30']
2026-08-08T00:27:39.9952245+00:00 ContainerStream:       SELECT TOP(1) [b].[BankAccountNumber]
2026-08-08T00:27:39.9952285+00:00 ContainerStream:       FROM [Beneficiaries] AS [b]
2026-08-08T00:27:39.9952322+00:00 ContainerStream:       ORDER BY [b].[Id]
2026-08-08T00:27:40.3191922+00:00 ContainerStream: info: Microsoft.EntityFrameworkCore.Database.Command[20101]
2026-08-08T00:27:40.3192860+00:00 ContainerStream:       Executed DbCommand (2ms) [Parameters=[], CommandType='Text', CommandTimeout='30']
2026-08-08T00:27:40.3192977+00:00 ContainerStream:       SELECT 1
2026-08-08T00:27:40.3226467+00:00 ContainerStream: info: Microsoft.EntityFrameworkCore.Database.Command[20101]
2026-08-08T00:27:40.3227179+00:00 ContainerStream:       Executed DbCommand (2ms) [Parameters=[], CommandType='Text', CommandTimeout='30']
2026-08-08T00:27:40.3227295+00:00 ContainerStream:       SELECT OBJECT_ID(N'[__EFMigrationsHistory]');
2026-08-08T00:27:40.3245739+00:00 ContainerStream: info: Microsoft.EntityFrameworkCore.Database.Command[20101]
2026-08-08T00:27:40.3246202+00:00 ContainerStream:       Executed DbCommand (2ms) [Parameters=[], CommandType='Text', CommandTimeout='30']
2026-08-08T00:27:40.3246273+00:00 ContainerStream:       SELECT [MigrationId], [ProductVersion]
2026-08-08T00:27:40.3246317+00:00 ContainerStream:       FROM [__EFMigrationsHistory]
2026-08-08T00:27:40.3246417+00:00 ContainerStream:       ORDER BY [MigrationId];
2026-08-08T00:27:40.3268952+00:00 ContainerStream: info: Microsoft.EntityFrameworkCore.Database.Command[20101]
2026-08-08T00:27:40.3269292+00:00 ContainerStream:       Executed DbCommand (2ms) [Parameters=[], CommandType='Text', CommandTimeout='30']
2026-08-08T00:27:40.3269353+00:00 ContainerStream:       SELECT TOP(1) [b].[BankAccountNumber]
2026-08-08T00:27:40.3269390+00:00 ContainerStream:       FROM [Beneficiaries] AS [b]
2026-08-08T00:27:40.3269464+00:00 ContainerStream:       ORDER BY [b].[Id]
2026-08-08T00:27:42.6594485+00:00 ContainerStream: info: Microsoft.EntityFrameworkCore.Database.Command[20101]
2026-08-08T00:27:42.6595207+00:00 ContainerStream:       Executed DbCommand (2ms) [Parameters=[], CommandType='Text', CommandTimeout='30']
2026-08-08T00:27:42.6595339+00:00 ContainerStream:       SELECT 1
2026-08-08T00:27:42.6615898+00:00 ContainerStream: info: Microsoft.EntityFrameworkCore.Database.Command[20101]
2026-08-08T00:27:42.6616629+00:00 ContainerStream:       Executed DbCommand (2ms) [Parameters=[], CommandType='Text', CommandTimeout='30']
2026-08-08T00:27:42.6616716+00:00 ContainerStream:       SELECT OBJECT_ID(N'[__EFMigrationsHistory]');
2026-08-08T00:27:42.6652277+00:00 ContainerStream: info: Microsoft.EntityFrameworkCore.Database.Command[20101]
2026-08-08T00:27:42.6652584+00:00 ContainerStream:       Executed DbCommand (2ms) [Parameters=[], CommandType='Text', CommandTimeout='30']
2026-08-08T00:27:42.6652700+00:00 ContainerStream:       SELECT [MigrationId], [ProductVersion]
2026-08-08T00:27:42.6652745+00:00 ContainerStream:       FROM [__EFMigrationsHistory]
2026-08-08T00:27:42.6664031+00:00 ContainerStream:       ORDER BY [MigrationId];
2026-08-08T00:27:42.6683953+00:00 ContainerStream: info: Microsoft.EntityFrameworkCore.Database.Command[20101]
2026-08-08T00:27:42.6684283+00:00 ContainerStream:       Executed DbCommand (2ms) [Parameters=[], CommandType='Text', CommandTimeout='30']
2026-08-08T00:27:42.6684354+00:00 ContainerStream:       SELECT TOP(1) [b].[BankAccountNumber]
2026-08-08T00:27:42.6684396+00:00 ContainerStream:       FROM [Beneficiaries] AS [b]
2026-08-08T00:27:42.6684437+00:00 ContainerStream:       ORDER BY [b].[Id]
2026-08-08T00:27:42.7736917+00:00 ContainerStream: info: Microsoft.EntityFrameworkCore.Database.Command[20101]
2026-08-08T00:27:42.7737652+00:00 ContainerStream:       Executed DbCommand (2ms) [Parameters=[], CommandType='Text', CommandTimeout='30']
2026-08-08T00:27:42.7737770+00:00 ContainerStream:       SELECT 1
2026-08-08T00:27:42.7764910+00:00 ContainerStream: info: Microsoft.EntityFrameworkCore.Database.Command[20101]
2026-08-08T00:27:42.7765382+00:00 ContainerStream:       Executed DbCommand (2ms) [Parameters=[], CommandType='Text', CommandTimeout='30']
2026-08-08T00:27:42.7765523+00:00 ContainerStream:       SELECT OBJECT_ID(N'[__EFMigrationsHistory]');
2026-08-08T00:27:42.7804595+00:00 ContainerStream: info: Microsoft.EntityFrameworkCore.Database.Command[20101]
2026-08-08T00:27:42.7805058+00:00 ContainerStream:       Executed DbCommand (2ms) [Parameters=[], CommandType='Text', CommandTimeout='30']
2026-08-08T00:27:42.7805153+00:00 ContainerStream:       SELECT [MigrationId], [ProductVersion]
2026-08-08T00:27:42.7805310+00:00 ContainerStream:       FROM [__EFMigrationsHistory]
2026-08-08T00:27:42.7805411+00:00 ContainerStream:       ORDER BY [MigrationId];
2026-08-08T00:27:42.7823933+00:00 ContainerStream: info: Microsoft.EntityFrameworkCore.Database.Command[20101]
2026-08-08T00:27:42.7824267+00:00 ContainerStream:       Executed DbCommand (2ms) [Parameters=[], CommandType='Text', CommandTimeout='30']
2026-08-08T00:27:42.7824348+00:00 ContainerStream:       SELECT TOP(1) [b].[BankAccountNumber]
2026-08-08T00:27:42.7824399+00:00 ContainerStream:       FROM [Beneficiaries] AS [b]
2026-08-08T00:27:42.7824501+00:00 ContainerStream:       ORDER BY [b].[Id]
2026-08-08T00:27:48.1796404+00:00 ContainerStream: info: Microsoft.EntityFrameworkCore.Database.Command[20101]
2026-08-08T00:27:48.1797163+00:00 ContainerStream:       Executed DbCommand (2ms) [Parameters=[], CommandType='Text', CommandTimeout='30']
2026-08-08T00:27:48.1797297+00:00 ContainerStream:       SELECT 1
2026-08-08T00:27:48.1820065+00:00 ContainerStream: info: Microsoft.EntityFrameworkCore.Database.Command[20101]
2026-08-08T00:27:48.1820657+00:00 ContainerStream:       Executed DbCommand (2ms) [Parameters=[], CommandType='Text', CommandTimeout='30']
2026-08-08T00:27:48.1820757+00:00 ContainerStream:       SELECT OBJECT_ID(N'[__EFMigrationsHistory]');
2026-08-08T00:27:48.1855080+00:00 ContainerStream: info: Microsoft.EntityFrameworkCore.Database.Command[20101]
2026-08-08T00:27:48.1856649+00:00 ContainerStream:       Executed DbCommand (2ms) [Parameters=[], CommandType='Text', CommandTimeout='30']
2026-08-08T00:27:48.1857638+00:00 ContainerStream:       SELECT [MigrationId], [ProductVersion]
2026-08-08T00:27:48.1857703+00:00 ContainerStream:       FROM [__EFMigrationsHistory]
2026-08-08T00:27:48.1857868+00:00 ContainerStream:       ORDER BY [MigrationId];
2026-08-08T00:27:48.1888166+00:00 ContainerStream: info: Microsoft.EntityFrameworkCore.Database.Command[20101]
2026-08-08T00:27:48.1888543+00:00 ContainerStream:       Executed DbCommand (2ms) [Parameters=[], CommandType='Text', CommandTimeout='30']
2026-08-08T00:27:48.1888623+00:00 ContainerStream:       SELECT TOP(1) [b].[BankAccountNumber]
2026-08-08T00:27:48.1888667+00:00 ContainerStream:       FROM [Beneficiaries] AS [b]
2026-08-08T00:27:48.1888709+00:00 ContainerStream:       ORDER BY [b].[Id]
2026-08-08T00:27:48.2590893+00:00 ContainerStream: info: Microsoft.EntityFrameworkCore.Database.Command[20101]
2026-08-08T00:27:48.2592732+00:00 ContainerStream:       Executed DbCommand (2ms) [Parameters=[], CommandType='Text', CommandTimeout='30']
2026-08-08T00:27:48.2592862+00:00 ContainerStream:       SELECT 1
2026-08-08T00:27:48.2614179+00:00 ContainerStream: info: Microsoft.EntityFrameworkCore.Database.Command[20101]
2026-08-08T00:27:48.2614640+00:00 ContainerStream:       Executed DbCommand (2ms) [Parameters=[], CommandType='Text', CommandTimeout='30']
2026-08-08T00:27:48.2614812+00:00 ContainerStream:       SELECT OBJECT_ID(N'[__EFMigrationsHistory]');
2026-08-08T00:27:48.2647388+00:00 ContainerStream: info: Microsoft.EntityFrameworkCore.Database.Command[20101]
2026-08-08T00:27:48.2647726+00:00 ContainerStream:       Executed DbCommand (2ms) [Parameters=[], CommandType='Text', CommandTimeout='30']
2026-08-08T00:27:48.2647797+00:00 ContainerStream:       SELECT [MigrationId], [ProductVersion]
2026-08-08T00:27:48.2647978+00:00 ContainerStream:       FROM [__EFMigrationsHistory]
2026-08-08T00:27:48.2652837+00:00 ContainerStream:       ORDER BY [MigrationId];
2026-08-08T00:27:48.2669262+00:00 ContainerStream: info: Microsoft.EntityFrameworkCore.Database.Command[20101]
2026-08-08T00:27:48.2669544+00:00 ContainerStream:       Executed DbCommand (2ms) [Parameters=[], CommandType='Text', CommandTimeout='30']
2026-08-08T00:27:48.2669649+00:00 ContainerStream:       SELECT TOP(1) [b].[BankAccountNumber]
2026-08-08T00:27:48.2669687+00:00 ContainerStream:       FROM [Beneficiaries] AS [b]
2026-08-08T00:27:48.2669723+00:00 ContainerStream:       ORDER BY [b].[Id]
2026-08-08T00:27:50.1852136+00:00 ContainerStream: info: Microsoft.EntityFrameworkCore.Database.Command[20101]
2026-08-08T00:27:50.1852988+00:00 ContainerStream:       Executed DbCommand (3ms) [Parameters=[], CommandType='Text', CommandTimeout='30']
2026-08-08T00:27:50.1853198+00:00 ContainerStream:       SELECT 1
2026-08-08T00:27:50.1904635+00:00 ContainerStream: info: Microsoft.EntityFrameworkCore.Database.Command[20101]
2026-08-08T00:27:50.1905400+00:00 ContainerStream:       Executed DbCommand (4ms) [Parameters=[], CommandType='Text', CommandTimeout='30']
2026-08-08T00:27:50.1905512+00:00 ContainerStream:       SELECT OBJECT_ID(N'[__EFMigrationsHistory]');
2026-08-08T00:27:50.1931855+00:00 ContainerStream: info: Microsoft.EntityFrameworkCore.Database.Command[20101]
2026-08-08T00:27:50.1932299+00:00 ContainerStream:       Executed DbCommand (2ms) [Parameters=[], CommandType='Text', CommandTimeout='30']
2026-08-08T00:27:50.1932379+00:00 ContainerStream:       SELECT [MigrationId], [ProductVersion]
2026-08-08T00:27:50.1932419+00:00 ContainerStream:       FROM [__EFMigrationsHistory]
2026-08-08T00:27:50.1932651+00:00 ContainerStream:       ORDER BY [MigrationId];
2026-08-08T00:27:50.1956328+00:00 ContainerStream: info: Microsoft.EntityFrameworkCore.Database.Command[20101]
2026-08-08T00:27:50.1956638+00:00 ContainerStream:       Executed DbCommand (2ms) [Parameters=[], CommandType='Text', CommandTimeout='30']
2026-08-08T00:27:50.1956704+00:00 ContainerStream:       SELECT TOP(1) [b].[BankAccountNumber]
2026-08-08T00:27:50.1956743+00:00 ContainerStream:       FROM [Beneficiaries] AS [b]
2026-08-08T00:27:50.1956823+00:00 ContainerStream:       ORDER BY [b].[Id]
2026-08-08T00:27:50.2882489+00:00 ContainerStream: info: Microsoft.EntityFrameworkCore.Database.Command[20101]
2026-08-08T00:27:50.2883364+00:00 ContainerStream:       Executed DbCommand (2ms) [Parameters=[], CommandType='Text', CommandTimeout='30']
2026-08-08T00:27:50.2883478+00:00 ContainerStream:       SELECT 1
2026-08-08T00:27:50.2904646+00:00 ContainerStream: info: Microsoft.EntityFrameworkCore.Database.Command[20101]
2026-08-08T00:27:50.2905125+00:00 ContainerStream:       Executed DbCommand (2ms) [Parameters=[], CommandType='Text', CommandTimeout='30']
2026-08-08T00:27:50.2905212+00:00 ContainerStream:       SELECT OBJECT_ID(N'[__EFMigrationsHistory]');
2026-08-08T00:27:50.2941330+00:00 ContainerStream: info: Microsoft.EntityFrameworkCore.Database.Command[20101]
2026-08-08T00:27:50.2941701+00:00 ContainerStream:       Executed DbCommand (2ms) [Parameters=[], CommandType='Text', CommandTimeout='30']
2026-08-08T00:27:50.2941818+00:00 ContainerStream:       SELECT [MigrationId], [ProductVersion]
2026-08-08T00:27:50.2941864+00:00 ContainerStream:       FROM [__EFMigrationsHistory]
2026-08-08T00:27:50.2941906+00:00 ContainerStream:       ORDER BY [MigrationId];
2026-08-08T00:27:50.2959315+00:00 ContainerStream: info: Microsoft.EntityFrameworkCore.Database.Command[20101]
2026-08-08T00:27:50.2959648+00:00 ContainerStream:       Executed DbCommand (2ms) [Parameters=[], CommandType='Text', CommandTimeout='30']
2026-08-08T00:27:50.2959753+00:00 ContainerStream:       SELECT TOP(1) [b].[BankAccountNumber]
2026-08-08T00:27:50.2959793+00:00 ContainerStream:       FROM [Beneficiaries] AS [b]
2026-08-08T00:27:50.2959828+00:00 ContainerStream:       ORDER BY [b].[Id]
2026-08-08T00:27:57.7880480+00:00 ContainerStream: info: Microsoft.EntityFrameworkCore.Database.Command[20101]
2026-08-08T00:27:57.7881352+00:00 ContainerStream:       Executed DbCommand (2ms) [Parameters=[], CommandType='Text', CommandTimeout='30']
2026-08-08T00:27:57.7881451+00:00 ContainerStream:       SELECT 1
2026-08-08T00:27:57.7913381+00:00 ContainerStream: info: Microsoft.EntityFrameworkCore.Database.Command[20101]
2026-08-08T00:27:57.7914084+00:00 ContainerStream:       Executed DbCommand (2ms) [Parameters=[], CommandType='Text', CommandTimeout='30']
2026-08-08T00:27:57.7914173+00:00 ContainerStream:       SELECT OBJECT_ID(N'[__EFMigrationsHistory]');
2026-08-08T00:27:57.7936440+00:00 ContainerStream: info: Microsoft.EntityFrameworkCore.Database.Command[20101]
2026-08-08T00:27:57.7936870+00:00 ContainerStream:       Executed DbCommand (2ms) [Parameters=[], CommandType='Text', CommandTimeout='30']
2026-08-08T00:27:57.7936936+00:00 ContainerStream:       SELECT [MigrationId], [ProductVersion]
2026-08-08T00:27:57.7936966+00:00 ContainerStream:       FROM [__EFMigrationsHistory]
2026-08-08T00:27:57.7940976+00:00 ContainerStream:       ORDER BY [MigrationId];
2026-08-08T00:27:57.7951826+00:00 ContainerStream: info: Microsoft.EntityFrameworkCore.Database.Command[20101]
2026-08-08T00:27:57.7952121+00:00 ContainerStream:       Executed DbCommand (2ms) [Parameters=[], CommandType='Text', CommandTimeout='30']
2026-08-08T00:27:57.7952184+00:00 ContainerStream:       SELECT TOP(1) [b].[BankAccountNumber]
2026-08-08T00:27:57.7952220+00:00 ContainerStream:       FROM [Beneficiaries] AS [b]
2026-08-08T00:27:57.7952304+00:00 ContainerStream:       ORDER BY [b].[Id]
2026-08-08T00:28:02.3111797+00:00 ContainerStream: info: Microsoft.EntityFrameworkCore.Database.Command[20101]
2026-08-08T00:28:02.3112695+00:00 ContainerStream:       Executed DbCommand (3ms) [Parameters=[], CommandType='Text', CommandTimeout='30']
2026-08-08T00:28:02.3112804+00:00 ContainerStream:       SELECT 1
2026-08-08T00:28:02.3130842+00:00 ContainerStream: info: Microsoft.EntityFrameworkCore.Database.Command[20101]
2026-08-08T00:28:02.3131268+00:00 ContainerStream:       Executed DbCommand (2ms) [Parameters=[], CommandType='Text', CommandTimeout='30']
2026-08-08T00:28:02.3131358+00:00 ContainerStream:       SELECT OBJECT_ID(N'[__EFMigrationsHistory]');
2026-08-08T00:28:02.3172239+00:00 ContainerStream: info: Microsoft.EntityFrameworkCore.Database.Command[20101]
2026-08-08T00:28:02.3172853+00:00 ContainerStream:       Executed DbCommand (2ms) [Parameters=[], CommandType='Text', CommandTimeout='30']
2026-08-08T00:28:02.3173003+00:00 ContainerStream:       SELECT [MigrationId], [ProductVersion]
2026-08-08T00:28:02.3173044+00:00 ContainerStream:       FROM [__EFMigrationsHistory]
2026-08-08T00:28:02.3173082+00:00 ContainerStream:       ORDER BY [MigrationId];
2026-08-08T00:28:02.3190009+00:00 ContainerStream: info: Microsoft.EntityFrameworkCore.Database.Command[20101]
2026-08-08T00:28:02.3191260+00:00 ContainerStream:       Executed DbCommand (2ms) [Parameters=[], CommandType='Text', CommandTimeout='30']
2026-08-08T00:28:02.3191371+00:00 ContainerStream:       SELECT TOP(1) [b].[BankAccountNumber]
2026-08-08T00:28:02.3191416+00:00 ContainerStream:       FROM [Beneficiaries] AS [b]
2026-08-08T00:28:02.3191457+00:00 ContainerStream:       ORDER BY [b].[Id]
2026-08-08T00:28:07.6653836+00:00 ContainerStream: info: Microsoft.EntityFrameworkCore.Database.Command[20101]
2026-08-08T00:28:07.6654977+00:00 ContainerStream:       Executed DbCommand (2ms) [Parameters=[], CommandType='Text', CommandTimeout='30']
2026-08-08T00:28:07.6655137+00:00 ContainerStream:       SELECT 1
2026-08-08T00:28:07.6687610+00:00 ContainerStream: info: Microsoft.EntityFrameworkCore.Database.Command[20101]
2026-08-08T00:28:07.6688104+00:00 ContainerStream:       Executed DbCommand (3ms) [Parameters=[], CommandType='Text', CommandTimeout='30']
2026-08-08T00:28:07.6688237+00:00 ContainerStream:       SELECT OBJECT_ID(N'[__EFMigrationsHistory]');
2026-08-08T00:28:07.6719908+00:00 ContainerStream: info: Microsoft.EntityFrameworkCore.Database.Command[20101]
2026-08-08T00:28:07.6720242+00:00 ContainerStream:       Executed DbCommand (2ms) [Parameters=[], CommandType='Text', CommandTimeout='30']
2026-08-08T00:28:07.6720308+00:00 ContainerStream:       SELECT [MigrationId], [ProductVersion]
2026-08-08T00:28:07.6720347+00:00 ContainerStream:       FROM [__EFMigrationsHistory]
2026-08-08T00:28:07.6725769+00:00 ContainerStream:       ORDER BY [MigrationId];
2026-08-08T00:28:07.6743151+00:00 ContainerStream: info: Microsoft.EntityFrameworkCore.Database.Command[20101]
2026-08-08T00:28:07.6743440+00:00 ContainerStream:       Executed DbCommand (2ms) [Parameters=[], CommandType='Text', CommandTimeout='30']
2026-08-08T00:28:07.6743501+00:00 ContainerStream:       SELECT TOP(1) [b].[BankAccountNumber]
2026-08-08T00:28:07.6743580+00:00 ContainerStream:       FROM [Beneficiaries] AS [b]
2026-08-08T00:28:07.6743617+00:00 ContainerStream:       ORDER BY [b].[Id]
2026-08-08T00:28:07.7757935+00:00 ContainerStream: info: Microsoft.EntityFrameworkCore.Database.Command[20101]
2026-08-08T00:28:07.7758709+00:00 ContainerStream:       Executed DbCommand (2ms) [Parameters=[], CommandType='Text', CommandTimeout='30']
2026-08-08T00:28:07.7758823+00:00 ContainerStream:       SELECT 1
2026-08-08T00:28:07.7792707+00:00 ContainerStream: info: Microsoft.EntityFrameworkCore.Database.Command[20101]
2026-08-08T00:28:07.7793331+00:00 ContainerStream:       Executed DbCommand (2ms) [Parameters=[], CommandType='Text', CommandTimeout='30']
2026-08-08T00:28:07.7793423+00:00 ContainerStream:       SELECT OBJECT_ID(N'[__EFMigrationsHistory]');
2026-08-08T00:28:07.7810830+00:00 ContainerStream: info: Microsoft.EntityFrameworkCore.Database.Command[20101]
2026-08-08T00:28:07.7811323+00:00 ContainerStream:       Executed DbCommand (2ms) [Parameters=[], CommandType='Text', CommandTimeout='30']
2026-08-08T00:28:07.7811410+00:00 ContainerStream:       SELECT [MigrationId], [ProductVersion]
2026-08-08T00:28:07.7811455+00:00 ContainerStream:       FROM [__EFMigrationsHistory]
2026-08-08T00:28:07.7811498+00:00 ContainerStream:       ORDER BY [MigrationId];
2026-08-08T00:28:07.7836208+00:00 ContainerStream: info: Microsoft.EntityFrameworkCore.Database.Command[20101]
2026-08-08T00:28:07.7836543+00:00 ContainerStream:       Executed DbCommand (2ms) [Parameters=[], CommandType='Text', CommandTimeout='30']
2026-08-08T00:28:07.7836660+00:00 ContainerStream:       SELECT TOP(1) [b].[BankAccountNumber]
2026-08-08T00:28:07.7839115+00:00 ContainerStream:       FROM [Beneficiaries] AS [b]
2026-08-08T00:28:07.7839278+00:00 ContainerStream:       ORDER BY [b].[Id]
2026-08-08T00:28:13.6885255+00:00 ContainerStream: info: Microsoft.EntityFrameworkCore.Database.Command[20101]
2026-08-08T00:28:13.6886093+00:00 ContainerStream:       Executed DbCommand (3ms) [Parameters=[], CommandType='Text', CommandTimeout='30']
2026-08-08T00:28:13.6886327+00:00 ContainerStream:       SELECT 1
2026-08-08T00:28:13.6906500+00:00 ContainerStream: info: Microsoft.EntityFrameworkCore.Database.Command[20101]
2026-08-08T00:28:13.6907103+00:00 ContainerStream:       Executed DbCommand (2ms) [Parameters=[], CommandType='Text', CommandTimeout='30']
2026-08-08T00:28:13.6907218+00:00 ContainerStream:       SELECT OBJECT_ID(N'[__EFMigrationsHistory]');
2026-08-08T00:28:13.6963324+00:00 ContainerStream: info: Microsoft.EntityFrameworkCore.Database.Command[20101]
2026-08-08T00:28:13.6966009+00:00 ContainerStream:       Executed DbCommand (3ms) [Parameters=[], CommandType='Text', CommandTimeout='30']
2026-08-08T00:28:13.6966146+00:00 ContainerStream:       SELECT [MigrationId], [ProductVersion]
2026-08-08T00:28:13.6966196+00:00 ContainerStream:       FROM [__EFMigrationsHistory]
2026-08-08T00:28:13.6966245+00:00 ContainerStream:       ORDER BY [MigrationId];
2026-08-08T00:28:13.6979854+00:00 ContainerStream: info: Microsoft.EntityFrameworkCore.Database.Command[20101]
2026-08-08T00:28:13.6980270+00:00 ContainerStream:       Executed DbCommand (2ms) [Parameters=[], CommandType='Text', CommandTimeout='30']
2026-08-08T00:28:13.6980431+00:00 ContainerStream:       SELECT TOP(1) [b].[BankAccountNumber]
2026-08-08T00:28:13.6980468+00:00 ContainerStream:       FROM [Beneficiaries] AS [b]
2026-08-08T00:28:13.6980543+00:00 ContainerStream:       ORDER BY [b].[Id]
2026-08-08T00:28:16.1200896+00:00 ContainerStream: info: Microsoft.EntityFrameworkCore.Database.Command[20101]
2026-08-08T00:28:16.1201571+00:00 ContainerStream:       Executed DbCommand (2ms) [Parameters=[], CommandType='Text', CommandTimeout='30']
2026-08-08T00:28:16.1201709+00:00 ContainerStream:       SELECT 1
2026-08-08T00:28:16.1220881+00:00 ContainerStream: info: Microsoft.EntityFrameworkCore.Database.Command[20101]
2026-08-08T00:28:16.1221417+00:00 ContainerStream:       Executed DbCommand (2ms) [Parameters=[], CommandType='Text', CommandTimeout='30']
2026-08-08T00:28:16.1221505+00:00 ContainerStream:       SELECT OBJECT_ID(N'[__EFMigrationsHistory]');
2026-08-08T00:28:16.1262248+00:00 ContainerStream: info: Microsoft.EntityFrameworkCore.Database.Command[20101]
2026-08-08T00:28:16.1262656+00:00 ContainerStream:       Executed DbCommand (2ms) [Parameters=[], CommandType='Text', CommandTimeout='30']
2026-08-08T00:28:16.1263301+00:00 ContainerStream:       SELECT [MigrationId], [ProductVersion]
2026-08-08T00:28:16.1263357+00:00 ContainerStream:       FROM [__EFMigrationsHistory]
2026-08-08T00:28:16.1263395+00:00 ContainerStream:       ORDER BY [MigrationId];
2026-08-08T00:28:16.1282502+00:00 ContainerStream: info: Microsoft.EntityFrameworkCore.Database.Command[20101]
2026-08-08T00:28:16.1282810+00:00 ContainerStream:       Executed DbCommand (2ms) [Parameters=[], CommandType='Text', CommandTimeout='30']
2026-08-08T00:28:16.1282921+00:00 ContainerStream:       SELECT TOP(1) [b].[BankAccountNumber]
2026-08-08T00:28:16.1282970+00:00 ContainerStream:       FROM [Beneficiaries] AS [b]
2026-08-08T00:28:16.1287941+00:00 ContainerStream:       ORDER BY [b].[Id]
2026-08-08T00:28:17.6909968+00:00 ContainerStream: info: Microsoft.EntityFrameworkCore.Database.Command[20101]
2026-08-08T00:28:17.6910845+00:00 ContainerStream:       Executed DbCommand (2ms) [Parameters=[], CommandType='Text', CommandTimeout='30']
2026-08-08T00:28:17.6910946+00:00 ContainerStream:       SELECT 1
2026-08-08T00:28:17.6930816+00:00 ContainerStream: info: Microsoft.EntityFrameworkCore.Database.Command[20101]
2026-08-08T00:28:17.6931331+00:00 ContainerStream:       Executed DbCommand (2ms) [Parameters=[], CommandType='Text', CommandTimeout='30']
2026-08-08T00:28:17.6931431+00:00 ContainerStream:       SELECT OBJECT_ID(N'[__EFMigrationsHistory]');
2026-08-08T00:28:17.6967898+00:00 ContainerStream: info: Microsoft.EntityFrameworkCore.Database.Command[20101]
2026-08-08T00:28:17.6968265+00:00 ContainerStream:       Executed DbCommand (2ms) [Parameters=[], CommandType='Text', CommandTimeout='30']
2026-08-08T00:28:17.6968347+00:00 ContainerStream:       SELECT [MigrationId], [ProductVersion]
2026-08-08T00:28:17.6968393+00:00 ContainerStream:       FROM [__EFMigrationsHistory]
2026-08-08T00:28:17.6968493+00:00 ContainerStream:       ORDER BY [MigrationId];
2026-08-08T00:28:17.6991464+00:00 ContainerStream: info: Microsoft.EntityFrameworkCore.Database.Command[20101]
2026-08-08T00:28:17.6991776+00:00 ContainerStream:       Executed DbCommand (2ms) [Parameters=[], CommandType='Text', CommandTimeout='30']
2026-08-08T00:28:17.6991842+00:00 ContainerStream:       SELECT TOP(1) [b].[BankAccountNumber]
2026-08-08T00:28:17.6991878+00:00 ContainerStream:       FROM [Beneficiaries] AS [b]
2026-08-08T00:28:17.6991958+00:00 ContainerStream:       ORDER BY [b].[Id]
2026-08-08T00:28:18.8777358+00:00 ContainerStream: info: Microsoft.EntityFrameworkCore.Database.Command[20101]
2026-08-08T00:28:18.8778149+00:00 ContainerStream:       Executed DbCommand (2ms) [Parameters=[], CommandType='Text', CommandTimeout='30']
2026-08-08T00:28:18.8778254+00:00 ContainerStream:       SELECT 1
2026-08-08T00:28:18.8796056+00:00 ContainerStream: info: Microsoft.EntityFrameworkCore.Database.Command[20101]
2026-08-08T00:28:18.8796520+00:00 ContainerStream:       Executed DbCommand (2ms) [Parameters=[], CommandType='Text', CommandTimeout='30']
2026-08-08T00:28:18.8796601+00:00 ContainerStream:       SELECT OBJECT_ID(N'[__EFMigrationsHistory]');
2026-08-08T00:28:18.8833490+00:00 ContainerStream: info: Microsoft.EntityFrameworkCore.Database.Command[20101]
2026-08-08T00:28:18.8833884+00:00 ContainerStream:       Executed DbCommand (2ms) [Parameters=[], CommandType='Text', CommandTimeout='30']
2026-08-08T00:28:18.8834189+00:00 ContainerStream:       SELECT [MigrationId], [ProductVersion]
2026-08-08T00:28:18.8834245+00:00 ContainerStream:       FROM [__EFMigrationsHistory]
2026-08-08T00:28:18.8834288+00:00 ContainerStream:       ORDER BY [MigrationId];
2026-08-08T00:28:18.8849865+00:00 ContainerStream: info: Microsoft.EntityFrameworkCore.Database.Command[20101]
2026-08-08T00:28:18.8850199+00:00 ContainerStream:       Executed DbCommand (2ms) [Parameters=[], CommandType='Text', CommandTimeout='30']
2026-08-08T00:28:18.8850322+00:00 ContainerStream:       SELECT TOP(1) [b].[BankAccountNumber]
2026-08-08T00:28:18.8850363+00:00 ContainerStream:       FROM [Beneficiaries] AS [b]
2026-08-08T00:28:18.8850401+00:00 ContainerStream:       ORDER BY [b].[Id]
2026-08-08T00:28:19.2017602+00:00 ContainerStream: info: Microsoft.EntityFrameworkCore.Database.Command[20101]
2026-08-08T00:28:19.2018540+00:00 ContainerStream:       Executed DbCommand (3ms) [Parameters=[], CommandType='Text', CommandTimeout='30']
2026-08-08T00:28:19.2018710+00:00 ContainerStream:       SELECT 1
2026-08-08T00:28:19.2038194+00:00 ContainerStream: info: Microsoft.EntityFrameworkCore.Database.Command[20101]
2026-08-08T00:28:19.2038707+00:00 ContainerStream:       Executed DbCommand (2ms) [Parameters=[], CommandType='Text', CommandTimeout='30']
2026-08-08T00:28:19.2038793+00:00 ContainerStream:       SELECT OBJECT_ID(N'[__EFMigrationsHistory]');
2026-08-08T00:28:19.2079421+00:00 ContainerStream: info: Microsoft.EntityFrameworkCore.Database.Command[20101]
2026-08-08T00:28:19.2079737+00:00 ContainerStream:       Executed DbCommand (2ms) [Parameters=[], CommandType='Text', CommandTimeout='30']
2026-08-08T00:28:19.2079809+00:00 ContainerStream:       SELECT [MigrationId], [ProductVersion]
2026-08-08T00:28:19.2080334+00:00 ContainerStream:       FROM [__EFMigrationsHistory]
2026-08-08T00:28:19.2080457+00:00 ContainerStream:       ORDER BY [MigrationId];
2026-08-08T00:28:19.2097321+00:00 ContainerStream: info: Microsoft.EntityFrameworkCore.Database.Command[20101]
2026-08-08T00:28:19.2097629+00:00 ContainerStream:       Executed DbCommand (2ms) [Parameters=[], CommandType='Text', CommandTimeout='30']
2026-08-08T00:28:19.2097694+00:00 ContainerStream:       SELECT TOP(1) [b].[BankAccountNumber]
2026-08-08T00:28:19.2097734+00:00 ContainerStream:       FROM [Beneficiaries] AS [b]
2026-08-08T00:28:19.2108235+00:00 ContainerStream:       ORDER BY [b].[Id]
2026-08-08T00:28:20.7503392+00:00 ContainerStream: info: Microsoft.EntityFrameworkCore.Database.Command[20101]
2026-08-08T00:28:20.7504232+00:00 ContainerStream:       Executed DbCommand (2ms) [Parameters=[], CommandType='Text', CommandTimeout='30']
2026-08-08T00:28:20.7504371+00:00 ContainerStream:       SELECT 1
2026-08-08T00:28:20.7525586+00:00 ContainerStream: info: Microsoft.EntityFrameworkCore.Database.Command[20101]
2026-08-08T00:28:20.7526075+00:00 ContainerStream:       Executed DbCommand (2ms) [Parameters=[], CommandType='Text', CommandTimeout='30']
2026-08-08T00:28:20.7526184+00:00 ContainerStream:       SELECT OBJECT_ID(N'[__EFMigrationsHistory]');
2026-08-08T00:28:20.7559042+00:00 ContainerStream: info: Microsoft.EntityFrameworkCore.Database.Command[20101]
2026-08-08T00:28:20.7559378+00:00 ContainerStream:       Executed DbCommand (2ms) [Parameters=[], CommandType='Text', CommandTimeout='30']
2026-08-08T00:28:20.7563692+00:00 ContainerStream:       SELECT [MigrationId], [ProductVersion]
2026-08-08T00:28:20.7563873+00:00 ContainerStream:       FROM [__EFMigrationsHistory]
2026-08-08T00:28:20.7564074+00:00 ContainerStream:       ORDER BY [MigrationId];
2026-08-08T00:28:20.7580370+00:00 ContainerStream: info: Microsoft.EntityFrameworkCore.Database.Command[20101]
2026-08-08T00:28:20.7580711+00:00 ContainerStream:       Executed DbCommand (2ms) [Parameters=[], CommandType='Text', CommandTimeout='30']
2026-08-08T00:28:20.7580776+00:00 ContainerStream:       SELECT TOP(1) [b].[BankAccountNumber]
2026-08-08T00:28:20.7580812+00:00 ContainerStream:       FROM [Beneficiaries] AS [b]
2026-08-08T00:28:20.7580847+00:00 ContainerStream:       ORDER BY [b].[Id]
2026-08-08T00:28:25.1048122+00:00 ContainerStream: info: Microsoft.EntityFrameworkCore.Database.Command[20101]
2026-08-08T00:28:25.1048927+00:00 ContainerStream:       Executed DbCommand (2ms) [Parameters=[], CommandType='Text', CommandTimeout='30']
2026-08-08T00:28:25.1049037+00:00 ContainerStream:       SELECT 1
2026-08-08T00:28:25.1068445+00:00 ContainerStream: info: Microsoft.EntityFrameworkCore.Database.Command[20101]
2026-08-08T00:28:25.1068928+00:00 ContainerStream:       Executed DbCommand (2ms) [Parameters=[], CommandType='Text', CommandTimeout='30']
2026-08-08T00:28:25.1069055+00:00 ContainerStream:       SELECT OBJECT_ID(N'[__EFMigrationsHistory]');
2026-08-08T00:28:25.1108245+00:00 ContainerStream: info: Microsoft.EntityFrameworkCore.Database.Command[20101]
2026-08-08T00:28:25.1108594+00:00 ContainerStream:       Executed DbCommand (2ms) [Parameters=[], CommandType='Text', CommandTimeout='30']
2026-08-08T00:28:25.1108677+00:00 ContainerStream:       SELECT [MigrationId], [ProductVersion]
2026-08-08T00:28:25.1108818+00:00 ContainerStream:       FROM [__EFMigrationsHistory]
2026-08-08T00:28:25.1112982+00:00 ContainerStream:       ORDER BY [MigrationId];
2026-08-08T00:28:25.1125768+00:00 ContainerStream: info: Microsoft.EntityFrameworkCore.Database.Command[20101]
2026-08-08T00:28:25.1126076+00:00 ContainerStream:       Executed DbCommand (2ms) [Parameters=[], CommandType='Text', CommandTimeout='30']
2026-08-08T00:28:25.1126144+00:00 ContainerStream:       SELECT TOP(1) [b].[BankAccountNumber]
2026-08-08T00:28:25.1126223+00:00 ContainerStream:       FROM [Beneficiaries] AS [b]
2026-08-08T00:28:25.1126259+00:00 ContainerStream:       ORDER BY [b].[Id]
2026-08-08T00:28:28.1486373+00:00 ContainerStream: info: Microsoft.EntityFrameworkCore.Database.Command[20101]
2026-08-08T00:28:28.1487570+00:00 ContainerStream:       Executed DbCommand (3ms) [Parameters=[], CommandType='Text', CommandTimeout='30']
2026-08-08T00:28:28.1487717+00:00 ContainerStream:       SELECT 1
2026-08-08T00:28:28.1512611+00:00 ContainerStream: info: Microsoft.EntityFrameworkCore.Database.Command[20101]
2026-08-08T00:28:28.1525683+00:00 ContainerStream:       Executed DbCommand (2ms) [Parameters=[], CommandType='Text', CommandTimeout='30']
2026-08-08T00:28:28.1525806+00:00 ContainerStream:       SELECT OBJECT_ID(N'[__EFMigrationsHistory]');
2026-08-08T00:28:28.1549822+00:00 ContainerStream: info: Microsoft.EntityFrameworkCore.Database.Command[20101]
2026-08-08T00:28:28.1550213+00:00 ContainerStream:       Executed DbCommand (2ms) [Parameters=[], CommandType='Text', CommandTimeout='30']
2026-08-08T00:28:28.1550271+00:00 ContainerStream:       SELECT [MigrationId], [ProductVersion]
2026-08-08T00:28:28.1550300+00:00 ContainerStream:       FROM [__EFMigrationsHistory]
2026-08-08T00:28:28.1550327+00:00 ContainerStream:       ORDER BY [MigrationId];
2026-08-08T00:28:28.1576200+00:00 ContainerStream: info: Microsoft.EntityFrameworkCore.Database.Command[20101]
2026-08-08T00:28:28.1576629+00:00 ContainerStream:       Executed DbCommand (2ms) [Parameters=[], CommandType='Text', CommandTimeout='30']
2026-08-08T00:28:28.1576703+00:00 ContainerStream:       SELECT TOP(1) [b].[BankAccountNumber]
2026-08-08T00:28:28.1576745+00:00 ContainerStream:       FROM [Beneficiaries] AS [b]
2026-08-08T00:28:28.1576782+00:00 ContainerStream:       ORDER BY [b].[Id]
2026-08-08T00:28:31.0359205+00:00 ContainerStream: info: Microsoft.EntityFrameworkCore.Database.Command[20101]
2026-08-08T00:28:31.0360186+00:00 ContainerStream:       Executed DbCommand (3ms) [Parameters=[], CommandType='Text', CommandTimeout='30']
2026-08-08T00:28:31.0360313+00:00 ContainerStream:       SELECT 1
2026-08-08T00:28:31.0390987+00:00 ContainerStream: info: Microsoft.EntityFrameworkCore.Database.Command[20101]
2026-08-08T00:28:31.0391538+00:00 ContainerStream:       Executed DbCommand (2ms) [Parameters=[], CommandType='Text', CommandTimeout='30']
2026-08-08T00:28:31.0391695+00:00 ContainerStream:       SELECT OBJECT_ID(N'[__EFMigrationsHistory]');
2026-08-08T00:28:31.0429413+00:00 ContainerStream: info: Microsoft.EntityFrameworkCore.Database.Command[20101]
2026-08-08T00:28:31.0429768+00:00 ContainerStream:       Executed DbCommand (2ms) [Parameters=[], CommandType='Text', CommandTimeout='30']
2026-08-08T00:28:31.0429852+00:00 ContainerStream:       SELECT [MigrationId], [ProductVersion]
2026-08-08T00:28:31.0429955+00:00 ContainerStream:       FROM [__EFMigrationsHistory]
2026-08-08T00:28:31.0430529+00:00 ContainerStream:       ORDER BY [MigrationId];
2026-08-08T00:28:31.0447232+00:00 ContainerStream: info: Microsoft.EntityFrameworkCore.Database.Command[20101]
2026-08-08T00:28:31.0447633+00:00 ContainerStream:       Executed DbCommand (2ms) [Parameters=[], CommandType='Text', CommandTimeout='30']
2026-08-08T00:28:31.0447745+00:00 ContainerStream:       SELECT TOP(1) [b].[BankAccountNumber]
2026-08-08T00:28:31.0447783+00:00 ContainerStream:       FROM [Beneficiaries] AS [b]
2026-08-08T00:28:31.0447819+00:00 ContainerStream:       ORDER BY [b].[Id]
2026-08-08T00:28:39.4330284+00:00 ContainerStream: info: Microsoft.EntityFrameworkCore.Database.Command[20101]
2026-08-08T00:28:39.4331073+00:00 ContainerStream:       Executed DbCommand (8ms) [Parameters=[], CommandType='Text', CommandTimeout='30']
2026-08-08T00:28:39.4331269+00:00 ContainerStream:       SELECT 1
2026-08-08T00:28:39.4350521+00:00 ContainerStream: info: Microsoft.EntityFrameworkCore.Database.Command[20101]
2026-08-08T00:28:39.4351134+00:00 ContainerStream:       Executed DbCommand (2ms) [Parameters=[], CommandType='Text', CommandTimeout='30']
2026-08-08T00:28:39.4351219+00:00 ContainerStream:       SELECT OBJECT_ID(N'[__EFMigrationsHistory]');
2026-08-08T00:28:39.4383611+00:00 ContainerStream: info: Microsoft.EntityFrameworkCore.Database.Command[20101]
2026-08-08T00:28:39.4384022+00:00 ContainerStream:       Executed DbCommand (2ms) [Parameters=[], CommandType='Text', CommandTimeout='30']
2026-08-08T00:28:39.4384095+00:00 ContainerStream:       SELECT [MigrationId], [ProductVersion]
2026-08-08T00:28:39.4384138+00:00 ContainerStream:       FROM [__EFMigrationsHistory]
2026-08-08T00:28:39.4384179+00:00 ContainerStream:       ORDER BY [MigrationId];
2026-08-08T00:28:39.4411043+00:00 ContainerStream: info: Microsoft.EntityFrameworkCore.Database.Command[20101]
2026-08-08T00:28:39.4411373+00:00 ContainerStream:       Executed DbCommand (2ms) [Parameters=[], CommandType='Text', CommandTimeout='30']
2026-08-08T00:28:39.4411448+00:00 ContainerStream:       SELECT TOP(1) [b].[BankAccountNumber]
2026-08-08T00:28:39.4411484+00:00 ContainerStream:       FROM [Beneficiaries] AS [b]
2026-08-08T00:28:39.4411633+00:00 ContainerStream:       ORDER BY [b].[Id]
2026-08-08T00:28:42.3603582+00:00 ContainerStream: info: Microsoft.EntityFrameworkCore.Database.Command[20101]
2026-08-08T00:28:42.3604345+00:00 ContainerStream:       Executed DbCommand (2ms) [Parameters=[], CommandType='Text', CommandTimeout='30']
2026-08-08T00:28:42.3604449+00:00 ContainerStream:       SELECT 1
2026-08-08T00:28:42.3623405+00:00 ContainerStream: info: Microsoft.EntityFrameworkCore.Database.Command[20101]
2026-08-08T00:28:42.3623937+00:00 ContainerStream:       Executed DbCommand (2ms) [Parameters=[], CommandType='Text', CommandTimeout='30']
2026-08-08T00:28:42.3624018+00:00 ContainerStream:       SELECT OBJECT_ID(N'[__EFMigrationsHistory]');
2026-08-08T00:28:42.3672460+00:00 ContainerStream: info: Microsoft.EntityFrameworkCore.Database.Command[20101]
2026-08-08T00:28:42.3672977+00:00 ContainerStream:       Executed DbCommand (2ms) [Parameters=[], CommandType='Text', CommandTimeout='30']
2026-08-08T00:28:42.3673114+00:00 ContainerStream:       SELECT [MigrationId], [ProductVersion]
2026-08-08T00:28:42.3673158+00:00 ContainerStream:       FROM [__EFMigrationsHistory]
2026-08-08T00:28:42.3673199+00:00 ContainerStream:       ORDER BY [MigrationId];
2026-08-08T00:28:42.3699531+00:00 ContainerStream: info: Microsoft.EntityFrameworkCore.Database.Command[20101]
2026-08-08T00:28:42.3699917+00:00 ContainerStream:       Executed DbCommand (2ms) [Parameters=[], CommandType='Text', CommandTimeout='30']
2026-08-08T00:28:42.3700035+00:00 ContainerStream:       SELECT TOP(1) [b].[BankAccountNumber]
2026-08-08T00:28:42.3700075+00:00 ContainerStream:       FROM [Beneficiaries] AS [b]
2026-08-08T00:28:42.3700116+00:00 ContainerStream:       ORDER BY [b].[Id]
2026-08-08T00:28:46.0731270+00:00 ContainerStream: info: Microsoft.EntityFrameworkCore.Database.Command[20101]
2026-08-08T00:28:46.0732103+00:00 ContainerStream:       Executed DbCommand (2ms) [Parameters=[], CommandType='Text', CommandTimeout='30']
2026-08-08T00:28:46.0732189+00:00 ContainerStream:       SELECT 1
2026-08-08T00:28:46.0755816+00:00 ContainerStream: info: Microsoft.EntityFrameworkCore.Database.Command[20101]
2026-08-08T00:28:46.0756414+00:00 ContainerStream:       Executed DbCommand (2ms) [Parameters=[], CommandType='Text', CommandTimeout='30']
2026-08-08T00:28:46.0756511+00:00 ContainerStream:       SELECT OBJECT_ID(N'[__EFMigrationsHistory]');
2026-08-08T00:28:46.0797844+00:00 ContainerStream: info: Microsoft.EntityFrameworkCore.Database.Command[20101]
2026-08-08T00:28:46.0798218+00:00 ContainerStream:       Executed DbCommand (2ms) [Parameters=[], CommandType='Text', CommandTimeout='30']
2026-08-08T00:28:46.0798402+00:00 ContainerStream:       SELECT [MigrationId], [ProductVersion]
2026-08-08T00:28:46.0798452+00:00 ContainerStream:       FROM [__EFMigrationsHistory]
2026-08-08T00:28:46.0798541+00:00 ContainerStream:       ORDER BY [MigrationId];
2026-08-08T00:28:46.0817810+00:00 ContainerStream: info: Microsoft.EntityFrameworkCore.Database.Command[20101]
2026-08-08T00:28:46.0818153+00:00 ContainerStream:       Executed DbCommand (2ms) [Parameters=[], CommandType='Text', CommandTimeout='30']
2026-08-08T00:28:46.0818225+00:00 ContainerStream:       SELECT TOP(1) [b].[BankAccountNumber]
2026-08-08T00:28:46.0822587+00:00 ContainerStream:       FROM [Beneficiaries] AS [b]
2026-08-08T00:28:46.0822718+00:00 ContainerStream:       ORDER BY [b].[Id]
2026-08-08T00:28:46.7146929+00:00 ContainerStream: info: Microsoft.EntityFrameworkCore.Database.Command[20101]
2026-08-08T00:28:46.7147691+00:00 ContainerStream:       Executed DbCommand (3ms) [Parameters=[], CommandType='Text', CommandTimeout='30']
2026-08-08T00:28:46.7147793+00:00 ContainerStream:       SELECT 1
2026-08-08T00:28:46.7180264+00:00 ContainerStream: info: Microsoft.EntityFrameworkCore.Database.Command[20101]
2026-08-08T00:28:46.7180814+00:00 ContainerStream:       Executed DbCommand (2ms) [Parameters=[], CommandType='Text', CommandTimeout='30']
2026-08-08T00:28:46.7180939+00:00 ContainerStream:       SELECT OBJECT_ID(N'[__EFMigrationsHistory]');
2026-08-08T00:28:46.7198137+00:00 ContainerStream: info: Microsoft.EntityFrameworkCore.Database.Command[20101]
2026-08-08T00:28:46.7198569+00:00 ContainerStream:       Executed DbCommand (2ms) [Parameters=[], CommandType='Text', CommandTimeout='30']
2026-08-08T00:28:46.7198701+00:00 ContainerStream:       SELECT [MigrationId], [ProductVersion]
2026-08-08T00:28:46.7198750+00:00 ContainerStream:       FROM [__EFMigrationsHistory]
2026-08-08T00:28:46.7198796+00:00 ContainerStream:       ORDER BY [MigrationId];
2026-08-08T00:28:46.7234533+00:00 ContainerStream: info: Microsoft.EntityFrameworkCore.Database.Command[20101]
2026-08-08T00:28:46.7234924+00:00 ContainerStream:       Executed DbCommand (3ms) [Parameters=[], CommandType='Text', CommandTimeout='30']
2026-08-08T00:28:46.7235037+00:00 ContainerStream:       SELECT TOP(1) [b].[BankAccountNumber]
2026-08-08T00:28:46.7235074+00:00 ContainerStream:       FROM [Beneficiaries] AS [b]
2026-08-08T00:28:46.7235110+00:00 ContainerStream:       ORDER BY [b].[Id]
2026-08-08T00:28:48.2644284+00:00 ContainerStream: info: Microsoft.EntityFrameworkCore.Database.Command[20101]
2026-08-08T00:28:48.2645206+00:00 ContainerStream:       Executed DbCommand (3ms) [Parameters=[], CommandType='Text', CommandTimeout='30']
2026-08-08T00:28:48.2645332+00:00 ContainerStream:       SELECT 1
2026-08-08T00:28:48.2670112+00:00 ContainerStream: info: Microsoft.EntityFrameworkCore.Database.Command[20101]
2026-08-08T00:28:48.2670627+00:00 ContainerStream:       Executed DbCommand (2ms) [Parameters=[], CommandType='Text', CommandTimeout='30']
2026-08-08T00:28:48.2670710+00:00 ContainerStream:       SELECT OBJECT_ID(N'[__EFMigrationsHistory]');
2026-08-08T00:28:48.2707223+00:00 ContainerStream: info: Microsoft.EntityFrameworkCore.Database.Command[20101]
2026-08-08T00:28:48.2707740+00:00 ContainerStream:       Executed DbCommand (2ms) [Parameters=[], CommandType='Text', CommandTimeout='30']
2026-08-08T00:28:48.2707837+00:00 ContainerStream:       SELECT [MigrationId], [ProductVersion]
2026-08-08T00:28:48.2707882+00:00 ContainerStream:       FROM [__EFMigrationsHistory]
2026-08-08T00:28:48.2707973+00:00 ContainerStream:       ORDER BY [MigrationId];
2026-08-08T00:28:48.2724587+00:00 ContainerStream: info: Microsoft.EntityFrameworkCore.Database.Command[20101]
2026-08-08T00:28:48.2724968+00:00 ContainerStream:       Executed DbCommand (2ms) [Parameters=[], CommandType='Text', CommandTimeout='30']
2026-08-08T00:28:48.2725134+00:00 ContainerStream:       SELECT TOP(1) [b].[BankAccountNumber]
2026-08-08T00:28:48.2725171+00:00 ContainerStream:       FROM [Beneficiaries] AS [b]
2026-08-08T00:28:48.2725258+00:00 ContainerStream:       ORDER BY [b].[Id]
2026-08-08T00:28:51.9581265+00:00 ContainerStream: info: Microsoft.EntityFrameworkCore.Database.Command[20101]
2026-08-08T00:28:51.9582092+00:00 ContainerStream:       Executed DbCommand (6ms) [Parameters=[], CommandType='Text', CommandTimeout='30']
2026-08-08T00:28:51.9582195+00:00 ContainerStream:       SELECT 1
2026-08-08T00:28:51.9608348+00:00 ContainerStream: info: Microsoft.EntityFrameworkCore.Database.Command[20101]
2026-08-08T00:28:51.9608844+00:00 ContainerStream:       Executed DbCommand (2ms) [Parameters=[], CommandType='Text', CommandTimeout='30']
2026-08-08T00:28:51.9608935+00:00 ContainerStream:       SELECT OBJECT_ID(N'[__EFMigrationsHistory]');
2026-08-08T00:28:51.9644097+00:00 ContainerStream: info: Microsoft.EntityFrameworkCore.Database.Command[20101]
2026-08-08T00:28:51.9644443+00:00 ContainerStream:       Executed DbCommand (2ms) [Parameters=[], CommandType='Text', CommandTimeout='30']
2026-08-08T00:28:51.9644564+00:00 ContainerStream:       SELECT [MigrationId], [ProductVersion]
2026-08-08T00:28:51.9644603+00:00 ContainerStream:       FROM [__EFMigrationsHistory]
2026-08-08T00:28:51.9644647+00:00 ContainerStream:       ORDER BY [MigrationId];
2026-08-08T00:28:51.9662496+00:00 ContainerStream: info: Microsoft.EntityFrameworkCore.Database.Command[20101]
2026-08-08T00:28:51.9662877+00:00 ContainerStream:       Executed DbCommand (2ms) [Parameters=[], CommandType='Text', CommandTimeout='30']
2026-08-08T00:28:51.9662954+00:00 ContainerStream:       SELECT TOP(1) [b].[BankAccountNumber]
2026-08-08T00:28:51.9662994+00:00 ContainerStream:       FROM [Beneficiaries] AS [b]
2026-08-08T00:28:51.9663034+00:00 ContainerStream:       ORDER BY [b].[Id]
2026-08-08T00:28:52.7171775+00:00 ContainerStream: info: Microsoft.EntityFrameworkCore.Database.Command[20101]
2026-08-08T00:28:52.7172573+00:00 ContainerStream:       Executed DbCommand (3ms) [Parameters=[], CommandType='Text', CommandTimeout='30']
2026-08-08T00:28:52.7172680+00:00 ContainerStream:       SELECT 1
2026-08-08T00:28:52.7198105+00:00 ContainerStream: info: Microsoft.EntityFrameworkCore.Database.Command[20101]
2026-08-08T00:28:52.7198768+00:00 ContainerStream:       Executed DbCommand (2ms) [Parameters=[], CommandType='Text', CommandTimeout='30']
2026-08-08T00:28:52.7198907+00:00 ContainerStream:       SELECT OBJECT_ID(N'[__EFMigrationsHistory]');
2026-08-08T00:28:52.7235899+00:00 ContainerStream: info: Microsoft.EntityFrameworkCore.Database.Command[20101]
2026-08-08T00:28:52.7236874+00:00 ContainerStream:       Executed DbCommand (2ms) [Parameters=[], CommandType='Text', CommandTimeout='30']
2026-08-08T00:28:52.7236983+00:00 ContainerStream:       SELECT [MigrationId], [ProductVersion]
2026-08-08T00:28:52.7237030+00:00 ContainerStream:       FROM [__EFMigrationsHistory]
2026-08-08T00:28:52.7237234+00:00 ContainerStream:       ORDER BY [MigrationId];
2026-08-08T00:28:52.7260385+00:00 ContainerStream: info: Microsoft.EntityFrameworkCore.Database.Command[20101]
2026-08-08T00:28:52.7260764+00:00 ContainerStream:       Executed DbCommand (2ms) [Parameters=[], CommandType='Text', CommandTimeout='30']
2026-08-08T00:28:52.7260845+00:00 ContainerStream:       SELECT TOP(1) [b].[BankAccountNumber]
2026-08-08T00:28:52.7260924+00:00 ContainerStream:       FROM [Beneficiaries] AS [b]
2026-08-08T00:28:52.7260965+00:00 ContainerStream:       ORDER BY [b].[Id]
2026-08-08T00:28:55.2376445+00:00 ContainerStream: info: Microsoft.EntityFrameworkCore.Database.Command[20101]
2026-08-08T00:28:55.2377159+00:00 ContainerStream:       Executed DbCommand (2ms) [Parameters=[], CommandType='Text', CommandTimeout='30']
2026-08-08T00:28:55.2377268+00:00 ContainerStream:       SELECT 1
2026-08-08T00:28:55.2402355+00:00 ContainerStream: info: Microsoft.EntityFrameworkCore.Database.Command[20101]
2026-08-08T00:28:55.2402779+00:00 ContainerStream:       Executed DbCommand (2ms) [Parameters=[], CommandType='Text', CommandTimeout='30']
2026-08-08T00:28:55.2402862+00:00 ContainerStream:       SELECT OBJECT_ID(N'[__EFMigrationsHistory]');
2026-08-08T00:28:55.2439350+00:00 ContainerStream: info: Microsoft.EntityFrameworkCore.Database.Command[20101]
2026-08-08T00:28:55.2439718+00:00 ContainerStream:       Executed DbCommand (2ms) [Parameters=[], CommandType='Text', CommandTimeout='30']
2026-08-08T00:28:55.2439806+00:00 ContainerStream:       SELECT [MigrationId], [ProductVersion]
2026-08-08T00:28:55.2439950+00:00 ContainerStream:       FROM [__EFMigrationsHistory]
2026-08-08T00:28:55.2440598+00:00 ContainerStream:       ORDER BY [MigrationId];
2026-08-08T00:28:55.2463478+00:00 ContainerStream: info: Microsoft.EntityFrameworkCore.Database.Command[20101]
2026-08-08T00:28:55.2463776+00:00 ContainerStream:       Executed DbCommand (2ms) [Parameters=[], CommandType='Text', CommandTimeout='30']
2026-08-08T00:28:55.2463838+00:00 ContainerStream:       SELECT TOP(1) [b].[BankAccountNumber]
2026-08-08T00:28:55.2463876+00:00 ContainerStream:       FROM [Beneficiaries] AS [b]
2026-08-08T00:28:55.2463912+00:00 ContainerStream:       ORDER BY [b].[Id]
2026-08-08T00:28:57.5123524+00:00 ContainerStream: info: Microsoft.EntityFrameworkCore.Database.Command[20101]
2026-08-08T00:28:57.5124443+00:00 ContainerStream:       Executed DbCommand (3ms) [Parameters=[], CommandType='Text', CommandTimeout='30']
2026-08-08T00:28:57.5124570+00:00 ContainerStream:       SELECT 1
2026-08-08T00:28:57.5142556+00:00 ContainerStream: info: Microsoft.EntityFrameworkCore.Database.Command[20101]
2026-08-08T00:28:57.5143166+00:00 ContainerStream:       Executed DbCommand (2ms) [Parameters=[], CommandType='Text', CommandTimeout='30']
2026-08-08T00:28:57.5143273+00:00 ContainerStream:       SELECT OBJECT_ID(N'[__EFMigrationsHistory]');
2026-08-08T00:28:57.5179345+00:00 ContainerStream: info: Microsoft.EntityFrameworkCore.Database.Command[20101]
2026-08-08T00:28:57.5179769+00:00 ContainerStream:       Executed DbCommand (2ms) [Parameters=[], CommandType='Text', CommandTimeout='30']
2026-08-08T00:28:57.5179846+00:00 ContainerStream:       SELECT [MigrationId], [ProductVersion]
2026-08-08T00:28:57.5179934+00:00 ContainerStream:       FROM [__EFMigrationsHistory]
2026-08-08T00:28:57.5179974+00:00 ContainerStream:       ORDER BY [MigrationId];
2026-08-08T00:28:57.5198456+00:00 ContainerStream: info: Microsoft.EntityFrameworkCore.Database.Command[20101]
2026-08-08T00:28:57.5199772+00:00 ContainerStream:       Executed DbCommand (2ms) [Parameters=[], CommandType='Text', CommandTimeout='30']
2026-08-08T00:28:57.5199891+00:00 ContainerStream:       SELECT TOP(1) [b].[BankAccountNumber]
2026-08-08T00:28:57.5199930+00:00 ContainerStream:       FROM [Beneficiaries] AS [b]
2026-08-08T00:28:57.5199966+00:00 ContainerStream:       ORDER BY [b].[Id]
2026-08-08T00:28:57.5423861+00:00 ContainerStream: info: Microsoft.EntityFrameworkCore.Database.Command[20101]
2026-08-08T00:28:57.5424494+00:00 ContainerStream:       Executed DbCommand (2ms) [Parameters=[], CommandType='Text', CommandTimeout='30']
2026-08-08T00:28:57.5424686+00:00 ContainerStream:       SELECT 1
2026-08-08T00:28:57.5446222+00:00 ContainerStream: info: Microsoft.EntityFrameworkCore.Database.Command[20101]
2026-08-08T00:28:57.5446898+00:00 ContainerStream:       Executed DbCommand (2ms) [Parameters=[], CommandType='Text', CommandTimeout='30']
2026-08-08T00:28:57.5446995+00:00 ContainerStream:       SELECT OBJECT_ID(N'[__EFMigrationsHistory]');
2026-08-08T00:28:57.5484517+00:00 ContainerStream: info: Microsoft.EntityFrameworkCore.Database.Command[20101]
2026-08-08T00:28:57.5484891+00:00 ContainerStream:       Executed DbCommand (2ms) [Parameters=[], CommandType='Text', CommandTimeout='30']
2026-08-08T00:28:57.5484971+00:00 ContainerStream:       SELECT [MigrationId], [ProductVersion]
2026-08-08T00:28:57.5485020+00:00 ContainerStream:       FROM [__EFMigrationsHistory]
2026-08-08T00:28:57.5485065+00:00 ContainerStream:       ORDER BY [MigrationId];
2026-08-08T00:28:57.5501910+00:00 ContainerStream: info: Microsoft.EntityFrameworkCore.Database.Command[20101]
2026-08-08T00:28:57.5502259+00:00 ContainerStream:       Executed DbCommand (2ms) [Parameters=[], CommandType='Text', CommandTimeout='30']
2026-08-08T00:28:57.5502329+00:00 ContainerStream:       SELECT TOP(1) [b].[BankAccountNumber]
2026-08-08T00:28:57.5502366+00:00 ContainerStream:       FROM [Beneficiaries] AS [b]
2026-08-08T00:28:57.5502401+00:00 ContainerStream:       ORDER BY [b].[Id]
2026-08-08T00:28:58.2444674+00:00 ContainerStream: info: Microsoft.EntityFrameworkCore.Database.Command[20101]
2026-08-08T00:28:58.2445482+00:00 ContainerStream:       Executed DbCommand (2ms) [Parameters=[], CommandType='Text', CommandTimeout='30']
2026-08-08T00:28:58.2445620+00:00 ContainerStream:       SELECT 1
2026-08-08T00:28:58.2470048+00:00 ContainerStream: info: Microsoft.EntityFrameworkCore.Database.Command[20101]
2026-08-08T00:28:58.2471366+00:00 ContainerStream:       Executed DbCommand (2ms) [Parameters=[], CommandType='Text', CommandTimeout='30']
2026-08-08T00:28:58.2471480+00:00 ContainerStream:       SELECT OBJECT_ID(N'[__EFMigrationsHistory]');
2026-08-08T00:28:58.2504511+00:00 ContainerStream: info: Microsoft.EntityFrameworkCore.Database.Command[20101]
2026-08-08T00:28:58.2504905+00:00 ContainerStream:       Executed DbCommand (2ms) [Parameters=[], CommandType='Text', CommandTimeout='30']
2026-08-08T00:28:58.2509060+00:00 ContainerStream:       SELECT [MigrationId], [ProductVersion]
2026-08-08T00:28:58.2509216+00:00 ContainerStream:       FROM [__EFMigrationsHistory]
2026-08-08T00:28:58.2509428+00:00 ContainerStream:       ORDER BY [MigrationId];
2026-08-08T00:28:58.2528373+00:00 ContainerStream: info: Microsoft.EntityFrameworkCore.Database.Command[20101]
2026-08-08T00:28:58.2528742+00:00 ContainerStream:       Executed DbCommand (2ms) [Parameters=[], CommandType='Text', CommandTimeout='30']
2026-08-08T00:28:58.2528808+00:00 ContainerStream:       SELECT TOP(1) [b].[BankAccountNumber]
2026-08-08T00:28:58.2533555+00:00 ContainerStream:       FROM [Beneficiaries] AS [b]
2026-08-08T00:28:58.2533722+00:00 ContainerStream:       ORDER BY [b].[Id]
2026-08-08T00:29:02.3559746+00:00 ContainerStream: info: Microsoft.EntityFrameworkCore.Database.Command[20101]
2026-08-08T00:29:02.3560871+00:00 ContainerStream:       Executed DbCommand (2ms) [Parameters=[], CommandType='Text', CommandTimeout='30']
2026-08-08T00:29:02.3560958+00:00 ContainerStream:       SELECT 1
2026-08-08T00:29:02.3568814+00:00 ContainerStream: info: Microsoft.EntityFrameworkCore.Database.Command[20101]
2026-08-08T00:29:02.3569356+00:00 ContainerStream:       Executed DbCommand (3ms) [Parameters=[], CommandType='Text', CommandTimeout='30']
2026-08-08T00:29:02.3569514+00:00 ContainerStream:       SELECT OBJECT_ID(N'[__EFMigrationsHistory]');
2026-08-08T00:29:02.3611987+00:00 ContainerStream: info: Microsoft.EntityFrameworkCore.Database.Command[20101]
2026-08-08T00:29:02.3612356+00:00 ContainerStream:       Executed DbCommand (2ms) [Parameters=[], CommandType='Text', CommandTimeout='30']
2026-08-08T00:29:02.3612432+00:00 ContainerStream:       SELECT [MigrationId], [ProductVersion]
2026-08-08T00:29:02.3612531+00:00 ContainerStream:       FROM [__EFMigrationsHistory]
2026-08-08T00:29:02.3618472+00:00 ContainerStream:       ORDER BY [MigrationId];
2026-08-08T00:29:02.3630452+00:00 ContainerStream: info: Microsoft.EntityFrameworkCore.Database.Command[20101]
2026-08-08T00:29:02.3630757+00:00 ContainerStream:       Executed DbCommand (2ms) [Parameters=[], CommandType='Text', CommandTimeout='30']
2026-08-08T00:29:02.3630867+00:00 ContainerStream:       SELECT TOP(1) [b].[BankAccountNumber]
2026-08-08T00:29:02.3630909+00:00 ContainerStream:       FROM [Beneficiaries] AS [b]
2026-08-08T00:29:02.3630945+00:00 ContainerStream:       ORDER BY [b].[Id]
2026-08-08T00:29:06.5385222+00:00 ContainerStream: info: Microsoft.EntityFrameworkCore.Database.Command[20101]
2026-08-08T00:29:06.5386092+00:00 ContainerStream:       Executed DbCommand (2ms) [Parameters=[], CommandType='Text', CommandTimeout='30']
2026-08-08T00:29:06.5386298+00:00 ContainerStream:       SELECT 1
2026-08-08T00:29:06.5404960+00:00 ContainerStream: info: Microsoft.EntityFrameworkCore.Database.Command[20101]
2026-08-08T00:29:06.5408080+00:00 ContainerStream:       Executed DbCommand (2ms) [Parameters=[], CommandType='Text', CommandTimeout='30']
2026-08-08T00:29:06.5408296+00:00 ContainerStream:       SELECT OBJECT_ID(N'[__EFMigrationsHistory]');
2026-08-08T00:29:06.5446375+00:00 ContainerStream: info: Microsoft.EntityFrameworkCore.Database.Command[20101]
2026-08-08T00:29:06.5447686+00:00 ContainerStream:       Executed DbCommand (2ms) [Parameters=[], CommandType='Text', CommandTimeout='30']
2026-08-08T00:29:06.5447813+00:00 ContainerStream:       SELECT [MigrationId], [ProductVersion]
2026-08-08T00:29:06.5447865+00:00 ContainerStream:       FROM [__EFMigrationsHistory]
2026-08-08T00:29:06.5448068+00:00 ContainerStream:       ORDER BY [MigrationId];
2026-08-08T00:29:06.5464760+00:00 ContainerStream: info: Microsoft.EntityFrameworkCore.Database.Command[20101]
2026-08-08T00:29:06.5465053+00:00 ContainerStream:       Executed DbCommand (2ms) [Parameters=[], CommandType='Text', CommandTimeout='30']
2026-08-08T00:29:06.5465115+00:00 ContainerStream:       SELECT TOP(1) [b].[BankAccountNumber]
2026-08-08T00:29:06.5465152+00:00 ContainerStream:       FROM [Beneficiaries] AS [b]
2026-08-08T00:29:06.5465235+00:00 ContainerStream:       ORDER BY [b].[Id]
2026-08-08T00:29:12.7373698+00:00 ContainerStream: info: Microsoft.EntityFrameworkCore.Database.Command[20101]
2026-08-08T00:29:12.7374533+00:00 ContainerStream:       Executed DbCommand (2ms) [Parameters=[], CommandType='Text', CommandTimeout='30']
2026-08-08T00:29:12.7374659+00:00 ContainerStream:       SELECT 1
2026-08-08T00:29:12.7394539+00:00 ContainerStream: info: Microsoft.EntityFrameworkCore.Database.Command[20101]
2026-08-08T00:29:12.7397256+00:00 ContainerStream:       Executed DbCommand (2ms) [Parameters=[], CommandType='Text', CommandTimeout='30']
2026-08-08T00:29:12.7397395+00:00 ContainerStream:       SELECT OBJECT_ID(N'[__EFMigrationsHistory]');
2026-08-08T00:29:12.7433136+00:00 ContainerStream: info: Microsoft.EntityFrameworkCore.Database.Command[20101]
2026-08-08T00:29:12.7433458+00:00 ContainerStream:       Executed DbCommand (2ms) [Parameters=[], CommandType='Text', CommandTimeout='30']
2026-08-08T00:29:12.7433568+00:00 ContainerStream:       SELECT [MigrationId], [ProductVersion]
2026-08-08T00:29:12.7433617+00:00 ContainerStream:       FROM [__EFMigrationsHistory]
2026-08-08T00:29:12.7441250+00:00 ContainerStream:       ORDER BY [MigrationId];
2026-08-08T00:29:12.7460284+00:00 ContainerStream: info: Microsoft.EntityFrameworkCore.Database.Command[20101]
2026-08-08T00:29:12.7460629+00:00 ContainerStream:       Executed DbCommand (2ms) [Parameters=[], CommandType='Text', CommandTimeout='30']
2026-08-08T00:29:12.7460700+00:00 ContainerStream:       SELECT TOP(1) [b].[BankAccountNumber]
2026-08-08T00:29:12.7460738+00:00 ContainerStream:       FROM [Beneficiaries] AS [b]
2026-08-08T00:29:12.7460774+00:00 ContainerStream:       ORDER BY [b].[Id]
2026-08-08T00:29:13.6662342+00:00 ContainerStream: info: Microsoft.EntityFrameworkCore.Database.Command[20101]
2026-08-08T00:29:13.6663187+00:00 ContainerStream:       Executed DbCommand (6ms) [Parameters=[], CommandType='Text', CommandTimeout='30']
2026-08-08T00:29:13.6663304+00:00 ContainerStream:       SELECT 1
2026-08-08T00:29:13.6688039+00:00 ContainerStream: info: Microsoft.EntityFrameworkCore.Database.Command[20101]
2026-08-08T00:29:13.6689813+00:00 ContainerStream:       Executed DbCommand (2ms) [Parameters=[], CommandType='Text', CommandTimeout='30']
2026-08-08T00:29:13.6690005+00:00 ContainerStream:       SELECT OBJECT_ID(N'[__EFMigrationsHistory]');
2026-08-08T00:29:13.6732597+00:00 ContainerStream: info: Microsoft.EntityFrameworkCore.Database.Command[20101]
2026-08-08T00:29:13.6732941+00:00 ContainerStream:       Executed DbCommand (2ms) [Parameters=[], CommandType='Text', CommandTimeout='30']
2026-08-08T00:29:13.6733018+00:00 ContainerStream:       SELECT [MigrationId], [ProductVersion]
2026-08-08T00:29:13.6733059+00:00 ContainerStream:       FROM [__EFMigrationsHistory]
2026-08-08T00:29:13.6736526+00:00 ContainerStream:       ORDER BY [MigrationId];
2026-08-08T00:29:13.6755415+00:00 ContainerStream: info: Microsoft.EntityFrameworkCore.Database.Command[20101]
2026-08-08T00:29:13.6756092+00:00 ContainerStream:       Executed DbCommand (2ms) [Parameters=[], CommandType='Text', CommandTimeout='30']
2026-08-08T00:29:13.6756167+00:00 ContainerStream:       SELECT TOP(1) [b].[BankAccountNumber]
2026-08-08T00:29:13.6756248+00:00 ContainerStream:       FROM [Beneficiaries] AS [b]
2026-08-08T00:29:13.6756289+00:00 ContainerStream:       ORDER BY [b].[Id]
2026-08-08T00:29:17.9679340+00:00 ContainerStream: info: Microsoft.EntityFrameworkCore.Database.Command[20101]
2026-08-08T00:29:17.9680100+00:00 ContainerStream:       Executed DbCommand (3ms) [Parameters=[], CommandType='Text', CommandTimeout='30']
2026-08-08T00:29:17.9680222+00:00 ContainerStream:       SELECT 1
2026-08-08T00:29:17.9718839+00:00 ContainerStream: info: Microsoft.EntityFrameworkCore.Database.Command[20101]
2026-08-08T00:29:17.9719519+00:00 ContainerStream:       Executed DbCommand (3ms) [Parameters=[], CommandType='Text', CommandTimeout='30']
2026-08-08T00:29:17.9719610+00:00 ContainerStream:       SELECT OBJECT_ID(N'[__EFMigrationsHistory]');
2026-08-08T00:29:17.9745517+00:00 ContainerStream: info: Microsoft.EntityFrameworkCore.Database.Command[20101]
2026-08-08T00:29:17.9746009+00:00 ContainerStream:       Executed DbCommand (2ms) [Parameters=[], CommandType='Text', CommandTimeout='30']
2026-08-08T00:29:17.9746090+00:00 ContainerStream:       SELECT [MigrationId], [ProductVersion]
2026-08-08T00:29:17.9746132+00:00 ContainerStream:       FROM [__EFMigrationsHistory]
2026-08-08T00:29:17.9746176+00:00 ContainerStream:       ORDER BY [MigrationId];
2026-08-08T00:29:17.9763659+00:00 ContainerStream: info: Microsoft.EntityFrameworkCore.Database.Command[20101]
2026-08-08T00:29:17.9764027+00:00 ContainerStream:       Executed DbCommand (2ms) [Parameters=[], CommandType='Text', CommandTimeout='30']
2026-08-08T00:29:17.9764099+00:00 ContainerStream:       SELECT TOP(1) [b].[BankAccountNumber]
2026-08-08T00:29:17.9764138+00:00 ContainerStream:       FROM [Beneficiaries] AS [b]
2026-08-08T00:29:17.9764283+00:00 ContainerStream:       ORDER BY [b].[Id]
2026-08-08T00:29:20.5970219+00:00 ContainerStream: info: Microsoft.EntityFrameworkCore.Database.Command[20101]
2026-08-08T00:29:20.5971277+00:00 ContainerStream:       Executed DbCommand (2ms) [Parameters=[], CommandType='Text', CommandTimeout='30']
2026-08-08T00:29:20.5971385+00:00 ContainerStream:       SELECT 1
2026-08-08T00:29:20.5991994+00:00 ContainerStream: info: Microsoft.EntityFrameworkCore.Database.Command[20101]
2026-08-08T00:29:20.5992494+00:00 ContainerStream:       Executed DbCommand (2ms) [Parameters=[], CommandType='Text', CommandTimeout='30']
2026-08-08T00:29:20.5992648+00:00 ContainerStream:       SELECT OBJECT_ID(N'[__EFMigrationsHistory]');
2026-08-08T00:29:20.6027538+00:00 ContainerStream: info: Microsoft.EntityFrameworkCore.Database.Command[20101]
2026-08-08T00:29:20.6027961+00:00 ContainerStream:       Executed DbCommand (2ms) [Parameters=[], CommandType='Text', CommandTimeout='30']
2026-08-08T00:29:20.6028038+00:00 ContainerStream:       SELECT [MigrationId], [ProductVersion]
2026-08-08T00:29:20.6028129+00:00 ContainerStream:       FROM [__EFMigrationsHistory]
2026-08-08T00:29:20.6028171+00:00 ContainerStream:       ORDER BY [MigrationId];
2026-08-08T00:29:20.6044497+00:00 ContainerStream: info: Microsoft.EntityFrameworkCore.Database.Command[20101]
2026-08-08T00:29:20.6044797+00:00 ContainerStream:       Executed DbCommand (2ms) [Parameters=[], CommandType='Text', CommandTimeout='30']
2026-08-08T00:29:20.6044859+00:00 ContainerStream:       SELECT TOP(1) [b].[BankAccountNumber]
2026-08-08T00:29:20.6044939+00:00 ContainerStream:       FROM [Beneficiaries] AS [b]
2026-08-08T00:29:20.6044973+00:00 ContainerStream:       ORDER BY [b].[Id]
2026-08-08T00:29:25.1852929+00:00 ContainerStream: info: Microsoft.EntityFrameworkCore.Database.Command[20101]
2026-08-08T00:29:25.1853710+00:00 ContainerStream:       Executed DbCommand (3ms) [Parameters=[], CommandType='Text', CommandTimeout='30']
2026-08-08T00:29:25.1853932+00:00 ContainerStream:       SELECT 1
2026-08-08T00:29:25.1873115+00:00 ContainerStream: info: Microsoft.EntityFrameworkCore.Database.Command[20101]
2026-08-08T00:29:25.1873701+00:00 ContainerStream:       Executed DbCommand (2ms) [Parameters=[], CommandType='Text', CommandTimeout='30']
2026-08-08T00:29:25.1873816+00:00 ContainerStream:       SELECT OBJECT_ID(N'[__EFMigrationsHistory]');
2026-08-08T00:29:25.1911715+00:00 ContainerStream: info: Microsoft.EntityFrameworkCore.Database.Command[20101]
2026-08-08T00:29:25.1912130+00:00 ContainerStream:       Executed DbCommand (2ms) [Parameters=[], CommandType='Text', CommandTimeout='30']
2026-08-08T00:29:25.1912231+00:00 ContainerStream:       SELECT [MigrationId], [ProductVersion]
2026-08-08T00:29:25.1912294+00:00 ContainerStream:       FROM [__EFMigrationsHistory]
2026-08-08T00:29:25.1912347+00:00 ContainerStream:       ORDER BY [MigrationId];
2026-08-08T00:29:25.1934150+00:00 ContainerStream: info: Microsoft.EntityFrameworkCore.Database.Command[20101]
2026-08-08T00:29:25.1934594+00:00 ContainerStream:       Executed DbCommand (2ms) [Parameters=[], CommandType='Text', CommandTimeout='30']
2026-08-08T00:29:25.1934690+00:00 ContainerStream:       SELECT TOP(1) [b].[BankAccountNumber]
2026-08-08T00:29:25.1934743+00:00 ContainerStream:       FROM [Beneficiaries] AS [b]
2026-08-08T00:29:25.1934796+00:00 ContainerStream:       ORDER BY [b].[Id]
2026-08-08T00:29:26.7015649+00:00 ContainerStream: info: Microsoft.EntityFrameworkCore.Database.Command[20101]
2026-08-08T00:29:26.7016486+00:00 ContainerStream:       Executed DbCommand (3ms) [Parameters=[], CommandType='Text', CommandTimeout='30']
2026-08-08T00:29:26.7016621+00:00 ContainerStream:       SELECT 1
2026-08-08T00:29:26.7037707+00:00 ContainerStream: info: Microsoft.EntityFrameworkCore.Database.Command[20101]
2026-08-08T00:29:26.7038549+00:00 ContainerStream:       Executed DbCommand (2ms) [Parameters=[], CommandType='Text', CommandTimeout='30']
2026-08-08T00:29:26.7038658+00:00 ContainerStream:       SELECT OBJECT_ID(N'[__EFMigrationsHistory]');
2026-08-08T00:29:26.7078876+00:00 ContainerStream: info: Microsoft.EntityFrameworkCore.Database.Command[20101]
2026-08-08T00:29:26.7079241+00:00 ContainerStream:       Executed DbCommand (3ms) [Parameters=[], CommandType='Text', CommandTimeout='30']
2026-08-08T00:29:26.7079471+00:00 ContainerStream:       SELECT [MigrationId], [ProductVersion]
2026-08-08T00:29:26.7079517+00:00 ContainerStream:       FROM [__EFMigrationsHistory]
2026-08-08T00:29:26.7084884+00:00 ContainerStream:       ORDER BY [MigrationId];
2026-08-08T00:29:26.7101565+00:00 ContainerStream: info: Microsoft.EntityFrameworkCore.Database.Command[20101]
2026-08-08T00:29:26.7101823+00:00 ContainerStream:       Executed DbCommand (2ms) [Parameters=[], CommandType='Text', CommandTimeout='30']
2026-08-08T00:29:26.7101893+00:00 ContainerStream:       SELECT TOP(1) [b].[BankAccountNumber]
2026-08-08T00:29:26.7101934+00:00 ContainerStream:       FROM [Beneficiaries] AS [b]
2026-08-08T00:29:26.7101971+00:00 ContainerStream:       ORDER BY [b].[Id]
2026-08-08T00:29:28.9831780+00:00 ContainerStream: info: Microsoft.EntityFrameworkCore.Database.Command[20101]
2026-08-08T00:29:28.9832667+00:00 ContainerStream:       Executed DbCommand (2ms) [Parameters=[], CommandType='Text', CommandTimeout='30']
2026-08-08T00:29:28.9832772+00:00 ContainerStream:       SELECT 1
2026-08-08T00:29:28.9852403+00:00 ContainerStream: info: Microsoft.EntityFrameworkCore.Database.Command[20101]
2026-08-08T00:29:28.9852985+00:00 ContainerStream:       Executed DbCommand (2ms) [Parameters=[], CommandType='Text', CommandTimeout='30']
2026-08-08T00:29:28.9853148+00:00 ContainerStream:       SELECT OBJECT_ID(N'[__EFMigrationsHistory]');
2026-08-08T00:29:28.9888682+00:00 ContainerStream: info: Microsoft.EntityFrameworkCore.Database.Command[20101]
2026-08-08T00:29:28.9889224+00:00 ContainerStream:       Executed DbCommand (2ms) [Parameters=[], CommandType='Text', CommandTimeout='30']
2026-08-08T00:29:28.9889307+00:00 ContainerStream:       SELECT [MigrationId], [ProductVersion]
2026-08-08T00:29:28.9889350+00:00 ContainerStream:       FROM [__EFMigrationsHistory]
2026-08-08T00:29:28.9889429+00:00 ContainerStream:       ORDER BY [MigrationId];
2026-08-08T00:29:28.9906031+00:00 ContainerStream: info: Microsoft.EntityFrameworkCore.Database.Command[20101]
2026-08-08T00:29:28.9906372+00:00 ContainerStream:       Executed DbCommand (2ms) [Parameters=[], CommandType='Text', CommandTimeout='30']
2026-08-08T00:29:28.9906454+00:00 ContainerStream:       SELECT TOP(1) [b].[BankAccountNumber]
2026-08-08T00:29:28.9906499+00:00 ContainerStream:       FROM [Beneficiaries] AS [b]
2026-08-08T00:29:28.9906583+00:00 ContainerStream:       ORDER BY [b].[Id]
2026-08-08T00:29:30.3937561+00:00 ContainerStream: info: Microsoft.EntityFrameworkCore.Database.Command[20101]
2026-08-08T00:29:30.3938358+00:00 ContainerStream:       Executed DbCommand (2ms) [Parameters=[], CommandType='Text', CommandTimeout='30']
2026-08-08T00:29:30.3938461+00:00 ContainerStream:       SELECT 1
2026-08-08T00:29:30.3967340+00:00 ContainerStream: info: Microsoft.EntityFrameworkCore.Database.Command[20101]
2026-08-08T00:29:30.3967922+00:00 ContainerStream:       Executed DbCommand (2ms) [Parameters=[], CommandType='Text', CommandTimeout='30']
2026-08-08T00:29:30.3968006+00:00 ContainerStream:       SELECT OBJECT_ID(N'[__EFMigrationsHistory]');
2026-08-08T00:29:30.3991822+00:00 ContainerStream: info: Microsoft.EntityFrameworkCore.Database.Command[20101]
2026-08-08T00:29:30.3992196+00:00 ContainerStream:       Executed DbCommand (2ms) [Parameters=[], CommandType='Text', CommandTimeout='30']
2026-08-08T00:29:30.3992267+00:00 ContainerStream:       SELECT [MigrationId], [ProductVersion]
2026-08-08T00:29:30.3992305+00:00 ContainerStream:       FROM [__EFMigrationsHistory]
2026-08-08T00:29:30.3992344+00:00 ContainerStream:       ORDER BY [MigrationId];
2026-08-08T00:29:30.4014680+00:00 ContainerStream: info: Microsoft.EntityFrameworkCore.Database.Command[20101]
2026-08-08T00:29:30.4015033+00:00 ContainerStream:       Executed DbCommand (2ms) [Parameters=[], CommandType='Text', CommandTimeout='30']
2026-08-08T00:29:30.4015101+00:00 ContainerStream:       SELECT TOP(1) [b].[BankAccountNumber]
2026-08-08T00:29:30.4015138+00:00 ContainerStream:       FROM [Beneficiaries] AS [b]
2026-08-08T00:29:30.4015173+00:00 ContainerStream:       ORDER BY [b].[Id]
2026-08-08T00:29:34.7244911+00:00 ContainerStream: info: Microsoft.EntityFrameworkCore.Database.Command[20101]
2026-08-08T00:29:34.7245708+00:00 ContainerStream:       Executed DbCommand (3ms) [Parameters=[], CommandType='Text', CommandTimeout='30']
2026-08-08T00:29:34.7245805+00:00 ContainerStream:       SELECT 1
2026-08-08T00:29:34.7267903+00:00 ContainerStream: info: Microsoft.EntityFrameworkCore.Database.Command[20101]
2026-08-08T00:29:34.7268380+00:00 ContainerStream:       Executed DbCommand (2ms) [Parameters=[], CommandType='Text', CommandTimeout='30']
2026-08-08T00:29:34.7268528+00:00 ContainerStream:       SELECT OBJECT_ID(N'[__EFMigrationsHistory]');
2026-08-08T00:29:34.7305743+00:00 ContainerStream: info: Microsoft.EntityFrameworkCore.Database.Command[20101]
2026-08-08T00:29:34.7306037+00:00 ContainerStream:       Executed DbCommand (2ms) [Parameters=[], CommandType='Text', CommandTimeout='30']
2026-08-08T00:29:34.7306114+00:00 ContainerStream:       SELECT [MigrationId], [ProductVersion]
2026-08-08T00:29:34.7306200+00:00 ContainerStream:       FROM [__EFMigrationsHistory]
2026-08-08T00:29:34.7306246+00:00 ContainerStream:       ORDER BY [MigrationId];
2026-08-08T00:29:34.7334465+00:00 ContainerStream: info: Microsoft.EntityFrameworkCore.Database.Command[20101]
2026-08-08T00:29:34.7334745+00:00 ContainerStream:       Executed DbCommand (2ms) [Parameters=[], CommandType='Text', CommandTimeout='30']
2026-08-08T00:29:34.7334808+00:00 ContainerStream:       SELECT TOP(1) [b].[BankAccountNumber]
2026-08-08T00:29:34.7334886+00:00 ContainerStream:       FROM [Beneficiaries] AS [b]
2026-08-08T00:29:34.7334924+00:00 ContainerStream:       ORDER BY [b].[Id]
2026-08-08T00:29:39.4660984+00:00 ContainerStream: info: Microsoft.EntityFrameworkCore.Database.Command[20101]
2026-08-08T00:29:39.4661762+00:00 ContainerStream:       Executed DbCommand (2ms) [Parameters=[], CommandType='Text', CommandTimeout='30']
2026-08-08T00:29:39.4661954+00:00 ContainerStream:       SELECT 1
2026-08-08T00:29:39.4682450+00:00 ContainerStream: info: Microsoft.EntityFrameworkCore.Database.Command[20101]
2026-08-08T00:29:39.4682997+00:00 ContainerStream:       Executed DbCommand (2ms) [Parameters=[], CommandType='Text', CommandTimeout='30']
2026-08-08T00:29:39.4683096+00:00 ContainerStream:       SELECT OBJECT_ID(N'[__EFMigrationsHistory]');
2026-08-08T00:29:39.4718144+00:00 ContainerStream: info: Microsoft.EntityFrameworkCore.Database.Command[20101]
2026-08-08T00:29:39.4718498+00:00 ContainerStream:       Executed DbCommand (2ms) [Parameters=[], CommandType='Text', CommandTimeout='30']
2026-08-08T00:29:39.4718568+00:00 ContainerStream:       SELECT [MigrationId], [ProductVersion]
2026-08-08T00:29:39.4718609+00:00 ContainerStream:       FROM [__EFMigrationsHistory]
2026-08-08T00:29:39.4723950+00:00 ContainerStream:       ORDER BY [MigrationId];
2026-08-08T00:29:39.4739111+00:00 ContainerStream: info: Microsoft.EntityFrameworkCore.Database.Command[20101]
2026-08-08T00:29:39.4739404+00:00 ContainerStream:       Executed DbCommand (2ms) [Parameters=[], CommandType='Text', CommandTimeout='30']
2026-08-08T00:29:39.4739467+00:00 ContainerStream:       SELECT TOP(1) [b].[BankAccountNumber]
2026-08-08T00:29:39.4739505+00:00 ContainerStream:       FROM [Beneficiaries] AS [b]
2026-08-08T00:29:39.4739584+00:00 ContainerStream:       ORDER BY [b].[Id]
2026-08-08T00:29:42.0692367+00:00 ContainerStream: info: Microsoft.EntityFrameworkCore.Database.Command[20101]
2026-08-08T00:29:42.0693356+00:00 ContainerStream:       Executed DbCommand (3ms) [Parameters=[], CommandType='Text', CommandTimeout='30']
2026-08-08T00:29:42.0693478+00:00 ContainerStream:       SELECT 1
2026-08-08T00:29:42.0727538+00:00 ContainerStream: info: Microsoft.EntityFrameworkCore.Database.Command[20101]
2026-08-08T00:29:42.0728372+00:00 ContainerStream:       Executed DbCommand (2ms) [Parameters=[], CommandType='Text', CommandTimeout='30']
2026-08-08T00:29:42.0728500+00:00 ContainerStream:       SELECT OBJECT_ID(N'[__EFMigrationsHistory]');
2026-08-08T00:29:42.0758072+00:00 ContainerStream: info: Microsoft.EntityFrameworkCore.Database.Command[20101]
2026-08-08T00:29:42.0758542+00:00 ContainerStream:       Executed DbCommand (3ms) [Parameters=[], CommandType='Text', CommandTimeout='30']
2026-08-08T00:29:42.0758696+00:00 ContainerStream:       SELECT [MigrationId], [ProductVersion]
2026-08-08T00:29:42.0758737+00:00 ContainerStream:       FROM [__EFMigrationsHistory]
2026-08-08T00:29:42.0768172+00:00 ContainerStream:       ORDER BY [MigrationId];
2026-08-08T00:29:42.0801688+00:00 ContainerStream: info: Microsoft.EntityFrameworkCore.Database.Command[20101]
2026-08-08T00:29:42.0802264+00:00 ContainerStream:       Executed DbCommand (3ms) [Parameters=[], CommandType='Text', CommandTimeout='30']
2026-08-08T00:29:42.0802356+00:00 ContainerStream:       SELECT TOP(1) [b].[BankAccountNumber]
2026-08-08T00:29:42.0802397+00:00 ContainerStream:       FROM [Beneficiaries] AS [b]
2026-08-08T00:29:42.0802435+00:00 ContainerStream:       ORDER BY [b].[Id]
2026-08-08T00:29:43.5862012+00:00 ContainerStream: info: Microsoft.EntityFrameworkCore.Database.Command[20101]
2026-08-08T00:29:43.5862866+00:00 ContainerStream:       Executed DbCommand (3ms) [Parameters=[], CommandType='Text', CommandTimeout='30']
2026-08-08T00:29:43.5863047+00:00 ContainerStream:       SELECT 1
2026-08-08T00:29:43.5890869+00:00 ContainerStream: info: Microsoft.EntityFrameworkCore.Database.Command[20101]
2026-08-08T00:29:43.5891342+00:00 ContainerStream:       Executed DbCommand (3ms) [Parameters=[], CommandType='Text', CommandTimeout='30']
2026-08-08T00:29:43.5891474+00:00 ContainerStream:       SELECT OBJECT_ID(N'[__EFMigrationsHistory]');
2026-08-08T00:29:43.5932125+00:00 ContainerStream: info: Microsoft.EntityFrameworkCore.Database.Command[20101]
2026-08-08T00:29:43.5932531+00:00 ContainerStream:       Executed DbCommand (2ms) [Parameters=[], CommandType='Text', CommandTimeout='30']
2026-08-08T00:29:43.5932607+00:00 ContainerStream:       SELECT [MigrationId], [ProductVersion]
2026-08-08T00:29:43.5932655+00:00 ContainerStream:       FROM [__EFMigrationsHistory]
2026-08-08T00:29:43.5932744+00:00 ContainerStream:       ORDER BY [MigrationId];
2026-08-08T00:29:43.5950148+00:00 ContainerStream: info: Microsoft.EntityFrameworkCore.Database.Command[20101]
2026-08-08T00:29:43.5950488+00:00 ContainerStream:       Executed DbCommand (2ms) [Parameters=[], CommandType='Text', CommandTimeout='30']
2026-08-08T00:29:43.5950560+00:00 ContainerStream:       SELECT TOP(1) [b].[BankAccountNumber]
2026-08-08T00:29:43.5950598+00:00 ContainerStream:       FROM [Beneficiaries] AS [b]
2026-08-08T00:29:43.5950680+00:00 ContainerStream:       ORDER BY [b].[Id]
2026-08-08T00:29:47.0828359+00:00 ContainerStream: info: Microsoft.EntityFrameworkCore.Database.Command[20101]
2026-08-08T00:29:47.0829232+00:00 ContainerStream:       Executed DbCommand (3ms) [Parameters=[], CommandType='Text', CommandTimeout='30']
2026-08-08T00:29:47.0829374+00:00 ContainerStream:       SELECT 1
2026-08-08T00:29:47.0854019+00:00 ContainerStream: info: Microsoft.EntityFrameworkCore.Database.Command[20101]
2026-08-08T00:29:47.0854562+00:00 ContainerStream:       Executed DbCommand (3ms) [Parameters=[], CommandType='Text', CommandTimeout='30']
2026-08-08T00:29:47.0854662+00:00 ContainerStream:       SELECT OBJECT_ID(N'[__EFMigrationsHistory]');
2026-08-08T00:29:47.0892655+00:00 ContainerStream: info: Microsoft.EntityFrameworkCore.Database.Command[20101]
2026-08-08T00:29:47.0893054+00:00 ContainerStream:       Executed DbCommand (2ms) [Parameters=[], CommandType='Text', CommandTimeout='30']
2026-08-08T00:29:47.0893130+00:00 ContainerStream:       SELECT [MigrationId], [ProductVersion]
2026-08-08T00:29:47.0893178+00:00 ContainerStream:       FROM [__EFMigrationsHistory]
2026-08-08T00:29:47.0893485+00:00 ContainerStream:       ORDER BY [MigrationId];
2026-08-08T00:29:47.0920128+00:00 ContainerStream: info: Microsoft.EntityFrameworkCore.Database.Command[20101]
2026-08-08T00:29:47.0920499+00:00 ContainerStream:       Executed DbCommand (2ms) [Parameters=[], CommandType='Text', CommandTimeout='30']
2026-08-08T00:29:47.0920571+00:00 ContainerStream:       SELECT TOP(1) [b].[BankAccountNumber]
2026-08-08T00:29:47.0920621+00:00 ContainerStream:       FROM [Beneficiaries] AS [b]
2026-08-08T00:29:47.0920663+00:00 ContainerStream:       ORDER BY [b].[Id]
2026-08-08T00:29:48.2634367+00:00 ContainerStream: info: Microsoft.EntityFrameworkCore.Database.Command[20101]
2026-08-08T00:29:48.2635114+00:00 ContainerStream:       Executed DbCommand (2ms) [Parameters=[], CommandType='Text', CommandTimeout='30']
2026-08-08T00:29:48.2635215+00:00 ContainerStream:       SELECT 1
2026-08-08T00:29:48.2665816+00:00 ContainerStream: info: Microsoft.EntityFrameworkCore.Database.Command[20101]
2026-08-08T00:29:48.2666411+00:00 ContainerStream:       Executed DbCommand (2ms) [Parameters=[], CommandType='Text', CommandTimeout='30']
2026-08-08T00:29:48.2666502+00:00 ContainerStream:       SELECT OBJECT_ID(N'[__EFMigrationsHistory]');
2026-08-08T00:29:48.2684651+00:00 ContainerStream: info: Microsoft.EntityFrameworkCore.Database.Command[20101]
2026-08-08T00:29:48.2684988+00:00 ContainerStream:       Executed DbCommand (2ms) [Parameters=[], CommandType='Text', CommandTimeout='30']
2026-08-08T00:29:48.2685060+00:00 ContainerStream:       SELECT [MigrationId], [ProductVersion]
2026-08-08T00:29:48.2685149+00:00 ContainerStream:       FROM [__EFMigrationsHistory]
2026-08-08T00:29:48.2689256+00:00 ContainerStream:       ORDER BY [MigrationId];
2026-08-08T00:29:48.2716921+00:00 ContainerStream: info: Microsoft.EntityFrameworkCore.Database.Command[20101]
2026-08-08T00:29:48.2717228+00:00 ContainerStream:       Executed DbCommand (2ms) [Parameters=[], CommandType='Text', CommandTimeout='30']
2026-08-08T00:29:48.2717343+00:00 ContainerStream:       SELECT TOP(1) [b].[BankAccountNumber]
2026-08-08T00:29:48.2717394+00:00 ContainerStream:       FROM [Beneficiaries] AS [b]
2026-08-08T00:29:48.2717432+00:00 ContainerStream:       ORDER BY [b].[Id]
2026-08-08T00:29:51.6474555+00:00 ContainerStream: info: Microsoft.EntityFrameworkCore.Database.Command[20101]
2026-08-08T00:29:51.6475265+00:00 ContainerStream:       Executed DbCommand (3ms) [Parameters=[], CommandType='Text', CommandTimeout='30']
2026-08-08T00:29:51.6475478+00:00 ContainerStream:       SELECT 1
2026-08-08T00:29:51.6499850+00:00 ContainerStream: info: Microsoft.EntityFrameworkCore.Database.Command[20101]
2026-08-08T00:29:51.6500362+00:00 ContainerStream:       Executed DbCommand (2ms) [Parameters=[], CommandType='Text', CommandTimeout='30']
2026-08-08T00:29:51.6500454+00:00 ContainerStream:       SELECT OBJECT_ID(N'[__EFMigrationsHistory]');
2026-08-08T00:29:51.6532656+00:00 ContainerStream: info: Microsoft.EntityFrameworkCore.Database.Command[20101]
2026-08-08T00:29:51.6533073+00:00 ContainerStream:       Executed DbCommand (2ms) [Parameters=[], CommandType='Text', CommandTimeout='30']
2026-08-08T00:29:51.6533150+00:00 ContainerStream:       SELECT [MigrationId], [ProductVersion]
2026-08-08T00:29:51.6533192+00:00 ContainerStream:       FROM [__EFMigrationsHistory]
2026-08-08T00:29:51.6533236+00:00 ContainerStream:       ORDER BY [MigrationId];
2026-08-08T00:29:51.6552877+00:00 ContainerStream: info: Microsoft.EntityFrameworkCore.Database.Command[20101]
2026-08-08T00:29:51.6553210+00:00 ContainerStream:       Executed DbCommand (2ms) [Parameters=[], CommandType='Text', CommandTimeout='30']
2026-08-08T00:29:51.6553276+00:00 ContainerStream:       SELECT TOP(1) [b].[BankAccountNumber]
2026-08-08T00:29:51.6553314+00:00 ContainerStream:       FROM [Beneficiaries] AS [b]
2026-08-08T00:29:51.6553498+00:00 ContainerStream:       ORDER BY [b].[Id]
2026-08-08T00:29:54.9488076+00:00 ContainerStream: info: Microsoft.EntityFrameworkCore.Database.Command[20101]
2026-08-08T00:29:54.9488902+00:00 ContainerStream:       Executed DbCommand (2ms) [Parameters=[], CommandType='Text', CommandTimeout='30']
2026-08-08T00:29:54.9489029+00:00 ContainerStream:       SELECT 1
2026-08-08T00:29:54.9520919+00:00 ContainerStream: info: Microsoft.EntityFrameworkCore.Database.Command[20101]
2026-08-08T00:29:54.9521454+00:00 ContainerStream:       Executed DbCommand (2ms) [Parameters=[], CommandType='Text', CommandTimeout='30']
2026-08-08T00:29:54.9521549+00:00 ContainerStream:       SELECT OBJECT_ID(N'[__EFMigrationsHistory]');
2026-08-08T00:29:54.9544725+00:00 ContainerStream: info: Microsoft.EntityFrameworkCore.Database.Command[20101]
2026-08-08T00:29:54.9545207+00:00 ContainerStream:       Executed DbCommand (2ms) [Parameters=[], CommandType='Text', CommandTimeout='30']
2026-08-08T00:29:54.9545345+00:00 ContainerStream:       SELECT [MigrationId], [ProductVersion]
2026-08-08T00:29:54.9545390+00:00 ContainerStream:       FROM [__EFMigrationsHistory]
2026-08-08T00:29:54.9545435+00:00 ContainerStream:       ORDER BY [MigrationId];
2026-08-08T00:29:54.9570708+00:00 ContainerStream: info: Microsoft.EntityFrameworkCore.Database.Command[20101]
2026-08-08T00:29:54.9571042+00:00 ContainerStream:       Executed DbCommand (2ms) [Parameters=[], CommandType='Text', CommandTimeout='30']
2026-08-08T00:29:54.9571188+00:00 ContainerStream:       SELECT TOP(1) [b].[BankAccountNumber]
2026-08-08T00:29:54.9571228+00:00 ContainerStream:       FROM [Beneficiaries] AS [b]
2026-08-08T00:29:54.9571270+00:00 ContainerStream:       ORDER BY [b].[Id]
2026-08-08T00:29:56.8462358+00:00 ContainerStream: info: Microsoft.EntityFrameworkCore.Database.Command[20101]
2026-08-08T00:29:56.8463188+00:00 ContainerStream:       Executed DbCommand (2ms) [Parameters=[], CommandType='Text', CommandTimeout='30']
2026-08-08T00:29:56.8463283+00:00 ContainerStream:       SELECT 1
2026-08-08T00:29:56.8481910+00:00 ContainerStream: info: Microsoft.EntityFrameworkCore.Database.Command[20101]
2026-08-08T00:29:56.8484146+00:00 ContainerStream:       Executed DbCommand (2ms) [Parameters=[], CommandType='Text', CommandTimeout='30']
2026-08-08T00:29:56.8484276+00:00 ContainerStream:       SELECT OBJECT_ID(N'[__EFMigrationsHistory]');
2026-08-08T00:29:56.8522297+00:00 ContainerStream: info: Microsoft.EntityFrameworkCore.Database.Command[20101]
2026-08-08T00:29:56.8522686+00:00 ContainerStream:       Executed DbCommand (2ms) [Parameters=[], CommandType='Text', CommandTimeout='30']
2026-08-08T00:29:56.8522771+00:00 ContainerStream:       SELECT [MigrationId], [ProductVersion]
2026-08-08T00:29:56.8522816+00:00 ContainerStream:       FROM [__EFMigrationsHistory]
2026-08-08T00:29:56.8522891+00:00 ContainerStream:       ORDER BY [MigrationId];
2026-08-08T00:29:56.8540622+00:00 ContainerStream: info: Microsoft.EntityFrameworkCore.Database.Command[20101]
2026-08-08T00:29:56.8540958+00:00 ContainerStream:       Executed DbCommand (2ms) [Parameters=[], CommandType='Text', CommandTimeout='30']
2026-08-08T00:29:56.8541024+00:00 ContainerStream:       SELECT TOP(1) [b].[BankAccountNumber]
2026-08-08T00:29:56.8541064+00:00 ContainerStream:       FROM [Beneficiaries] AS [b]
2026-08-08T00:29:56.8541143+00:00 ContainerStream:       ORDER BY [b].[Id]
2026-08-08T00:29:56.9007776+00:00 ContainerStream: info: Microsoft.EntityFrameworkCore.Database.Command[20101]
2026-08-08T00:29:56.9011409+00:00 ContainerStream:       Executed DbCommand (2ms) [Parameters=[], CommandType='Text', CommandTimeout='30']
2026-08-08T00:29:56.9011624+00:00 ContainerStream:       SELECT 1
2026-08-08T00:29:56.9029756+00:00 ContainerStream: info: Microsoft.EntityFrameworkCore.Database.Command[20101]
2026-08-08T00:29:56.9030151+00:00 ContainerStream:       Executed DbCommand (2ms) [Parameters=[], CommandType='Text', CommandTimeout='30']
2026-08-08T00:29:56.9030230+00:00 ContainerStream:       SELECT OBJECT_ID(N'[__EFMigrationsHistory]');
2026-08-08T00:29:56.9062137+00:00 ContainerStream: info: Microsoft.EntityFrameworkCore.Database.Command[20101]
2026-08-08T00:29:56.9062484+00:00 ContainerStream:       Executed DbCommand (2ms) [Parameters=[], CommandType='Text', CommandTimeout='30']
2026-08-08T00:29:56.9062599+00:00 ContainerStream:       SELECT [MigrationId], [ProductVersion]
2026-08-08T00:29:56.9062641+00:00 ContainerStream:       FROM [__EFMigrationsHistory]
2026-08-08T00:29:56.9062680+00:00 ContainerStream:       ORDER BY [MigrationId];
2026-08-08T00:29:56.9077584+00:00 ContainerStream: info: Microsoft.EntityFrameworkCore.Database.Command[20101]
2026-08-08T00:29:56.9077888+00:00 ContainerStream:       Executed DbCommand (2ms) [Parameters=[], CommandType='Text', CommandTimeout='30']
2026-08-08T00:29:56.9077997+00:00 ContainerStream:       SELECT TOP(1) [b].[BankAccountNumber]
2026-08-08T00:29:56.9078039+00:00 ContainerStream:       FROM [Beneficiaries] AS [b]
2026-08-08T00:29:56.9078078+00:00 ContainerStream:       ORDER BY [b].[Id]
2026-08-08T00:30:03.5252921+00:00 ContainerStream: info: Microsoft.EntityFrameworkCore.Database.Command[20101]
2026-08-08T00:30:03.5253811+00:00 ContainerStream:       Executed DbCommand (2ms) [Parameters=[], CommandType='Text', CommandTimeout='30']
2026-08-08T00:30:03.5253938+00:00 ContainerStream:       SELECT 1
2026-08-08T00:30:03.5271475+00:00 ContainerStream: info: Microsoft.EntityFrameworkCore.Database.Command[20101]
2026-08-08T00:30:03.5272031+00:00 ContainerStream:       Executed DbCommand (2ms) [Parameters=[], CommandType='Text', CommandTimeout='30']
2026-08-08T00:30:03.5272130+00:00 ContainerStream:       SELECT OBJECT_ID(N'[__EFMigrationsHistory]');
2026-08-08T00:30:03.5324487+00:00 ContainerStream: info: Microsoft.EntityFrameworkCore.Database.Command[20101]
2026-08-08T00:30:03.5325246+00:00 ContainerStream:       Executed DbCommand (3ms) [Parameters=[], CommandType='Text', CommandTimeout='30']
2026-08-08T00:30:03.5325371+00:00 ContainerStream:       SELECT [MigrationId], [ProductVersion]
2026-08-08T00:30:03.5325419+00:00 ContainerStream:       FROM [__EFMigrationsHistory]
2026-08-08T00:30:03.5325555+00:00 ContainerStream:       ORDER BY [MigrationId];
2026-08-08T00:30:03.5351371+00:00 ContainerStream: info: Microsoft.EntityFrameworkCore.Database.Command[20101]
2026-08-08T00:30:03.5351911+00:00 ContainerStream:       Executed DbCommand (2ms) [Parameters=[], CommandType='Text', CommandTimeout='30']
2026-08-08T00:30:03.5352001+00:00 ContainerStream:       SELECT TOP(1) [b].[BankAccountNumber]
2026-08-08T00:30:03.5352047+00:00 ContainerStream:       FROM [Beneficiaries] AS [b]
2026-08-08T00:30:03.5352150+00:00 ContainerStream:       ORDER BY [b].[Id]
2026-08-08T00:30:09.0921790+00:00 ContainerStream: info: Microsoft.EntityFrameworkCore.Database.Command[20101]
2026-08-08T00:30:09.0922589+00:00 ContainerStream:       Executed DbCommand (2ms) [Parameters=[], CommandType='Text', CommandTimeout='30']
2026-08-08T00:30:09.0922702+00:00 ContainerStream:       SELECT 1
2026-08-08T00:30:09.0953640+00:00 ContainerStream: info: Microsoft.EntityFrameworkCore.Database.Command[20101]
2026-08-08T00:30:09.0954247+00:00 ContainerStream:       Executed DbCommand (2ms) [Parameters=[], CommandType='Text', CommandTimeout='30']
2026-08-08T00:30:09.0954332+00:00 ContainerStream:       SELECT OBJECT_ID(N'[__EFMigrationsHistory]');
2026-08-08T00:30:09.0971866+00:00 ContainerStream: info: Microsoft.EntityFrameworkCore.Database.Command[20101]
2026-08-08T00:30:09.0972397+00:00 ContainerStream:       Executed DbCommand (2ms) [Parameters=[], CommandType='Text', CommandTimeout='30']
2026-08-08T00:30:09.0972559+00:00 ContainerStream:       SELECT [MigrationId], [ProductVersion]
2026-08-08T00:30:09.0972608+00:00 ContainerStream:       FROM [__EFMigrationsHistory]
2026-08-08T00:30:09.0972790+00:00 ContainerStream:       ORDER BY [MigrationId];
2026-08-08T00:30:09.0996420+00:00 ContainerStream: info: Microsoft.EntityFrameworkCore.Database.Command[20101]
2026-08-08T00:30:09.0999953+00:00 ContainerStream:       Executed DbCommand (2ms) [Parameters=[], CommandType='Text', CommandTimeout='30']
2026-08-08T00:30:09.1000105+00:00 ContainerStream:       SELECT TOP(1) [b].[BankAccountNumber]
2026-08-08T00:30:09.1000147+00:00 ContainerStream:       FROM [Beneficiaries] AS [b]
2026-08-08T00:30:09.1000185+00:00 ContainerStream:       ORDER BY [b].[Id]
2026-08-08T00:30:10.9263753+00:00 ContainerStream: info: Microsoft.EntityFrameworkCore.Database.Command[20101]
2026-08-08T00:30:10.9264717+00:00 ContainerStream:       Executed DbCommand (2ms) [Parameters=[], CommandType='Text', CommandTimeout='30']
2026-08-08T00:30:10.9264833+00:00 ContainerStream:       SELECT 1
2026-08-08T00:30:10.9287522+00:00 ContainerStream: info: Microsoft.EntityFrameworkCore.Database.Command[20101]
2026-08-08T00:30:10.9288249+00:00 ContainerStream:       Executed DbCommand (2ms) [Parameters=[], CommandType='Text', CommandTimeout='30']
2026-08-08T00:30:10.9288412+00:00 ContainerStream:       SELECT OBJECT_ID(N'[__EFMigrationsHistory]');
2026-08-08T00:30:10.9326181+00:00 ContainerStream: info: Microsoft.EntityFrameworkCore.Database.Command[20101]
2026-08-08T00:30:10.9328222+00:00 ContainerStream:       Executed DbCommand (2ms) [Parameters=[], CommandType='Text', CommandTimeout='30']
2026-08-08T00:30:10.9328365+00:00 ContainerStream:       SELECT [MigrationId], [ProductVersion]
2026-08-08T00:30:10.9328415+00:00 ContainerStream:       FROM [__EFMigrationsHistory]
2026-08-08T00:30:10.9328971+00:00 ContainerStream:       ORDER BY [MigrationId];
2026-08-08T00:30:10.9343102+00:00 ContainerStream: info: Microsoft.EntityFrameworkCore.Database.Command[20101]
2026-08-08T00:30:10.9343452+00:00 ContainerStream:       Executed DbCommand (2ms) [Parameters=[], CommandType='Text', CommandTimeout='30']
2026-08-08T00:30:10.9343524+00:00 ContainerStream:       SELECT TOP(1) [b].[BankAccountNumber]
2026-08-08T00:30:10.9343610+00:00 ContainerStream:       FROM [Beneficiaries] AS [b]
2026-08-08T00:30:10.9343655+00:00 ContainerStream:       ORDER BY [b].[Id]
2026-08-08T00:30:14.9872555+00:00 ContainerStream: info: Microsoft.EntityFrameworkCore.Database.Command[20101]
2026-08-08T00:30:14.9873217+00:00 ContainerStream:       Executed DbCommand (4ms) [Parameters=[], CommandType='Text', CommandTimeout='30']
2026-08-08T00:30:14.9873315+00:00 ContainerStream:       SELECT 1
2026-08-08T00:30:14.9889903+00:00 ContainerStream: info: Microsoft.EntityFrameworkCore.Database.Command[20101]
2026-08-08T00:30:14.9890334+00:00 ContainerStream:       Executed DbCommand (2ms) [Parameters=[], CommandType='Text', CommandTimeout='30']
2026-08-08T00:30:14.9890425+00:00 ContainerStream:       SELECT OBJECT_ID(N'[__EFMigrationsHistory]');
2026-08-08T00:30:14.9929683+00:00 ContainerStream: info: Microsoft.EntityFrameworkCore.Database.Command[20101]
2026-08-08T00:30:14.9930163+00:00 ContainerStream:       Executed DbCommand (2ms) [Parameters=[], CommandType='Text', CommandTimeout='30']
2026-08-08T00:30:14.9930251+00:00 ContainerStream:       SELECT [MigrationId], [ProductVersion]
2026-08-08T00:30:14.9930294+00:00 ContainerStream:       FROM [__EFMigrationsHistory]
2026-08-08T00:30:14.9930322+00:00 ContainerStream:       ORDER BY [MigrationId];
2026-08-08T00:30:14.9947833+00:00 ContainerStream: info: Microsoft.EntityFrameworkCore.Database.Command[20101]
2026-08-08T00:30:14.9948230+00:00 ContainerStream:       Executed DbCommand (2ms) [Parameters=[], CommandType='Text', CommandTimeout='30']
2026-08-08T00:30:14.9948301+00:00 ContainerStream:       SELECT TOP(1) [b].[BankAccountNumber]
2026-08-08T00:30:14.9948346+00:00 ContainerStream:       FROM [Beneficiaries] AS [b]
2026-08-08T00:30:14.9948392+00:00 ContainerStream:       ORDER BY [b].[Id]
2026-08-08T00:30:15.2347259+00:00 ContainerStream: info: Microsoft.EntityFrameworkCore.Database.Command[20101]
2026-08-08T00:30:15.2348099+00:00 ContainerStream:       Executed DbCommand (2ms) [Parameters=[], CommandType='Text', CommandTimeout='30']
2026-08-08T00:30:15.2348215+00:00 ContainerStream:       SELECT 1
2026-08-08T00:30:15.2366038+00:00 ContainerStream: info: Microsoft.EntityFrameworkCore.Database.Command[20101]
2026-08-08T00:30:15.2366485+00:00 ContainerStream:       Executed DbCommand (2ms) [Parameters=[], CommandType='Text', CommandTimeout='30']
2026-08-08T00:30:15.2366630+00:00 ContainerStream:       SELECT OBJECT_ID(N'[__EFMigrationsHistory]');
2026-08-08T00:30:15.2406452+00:00 ContainerStream: info: Microsoft.EntityFrameworkCore.Database.Command[20101]
2026-08-08T00:30:15.2408079+00:00 ContainerStream:       Executed DbCommand (2ms) [Parameters=[], CommandType='Text', CommandTimeout='30']
2026-08-08T00:30:15.2408214+00:00 ContainerStream:       SELECT [MigrationId], [ProductVersion]
2026-08-08T00:30:15.2408295+00:00 ContainerStream:       FROM [__EFMigrationsHistory]
2026-08-08T00:30:15.2408337+00:00 ContainerStream:       ORDER BY [MigrationId];
2026-08-08T00:30:15.2423941+00:00 ContainerStream: info: Microsoft.EntityFrameworkCore.Database.Command[20101]
2026-08-08T00:30:15.2424244+00:00 ContainerStream:       Executed DbCommand (2ms) [Parameters=[], CommandType='Text', CommandTimeout='30']
2026-08-08T00:30:15.2433829+00:00 ContainerStream:       SELECT TOP(1) [b].[BankAccountNumber]
2026-08-08T00:30:15.2433932+00:00 ContainerStream:       FROM [Beneficiaries] AS [b]
2026-08-08T00:30:15.2433970+00:00 ContainerStream:       ORDER BY [b].[Id]
2026-08-08T00:30:16.6901887+00:00 ContainerStream: info: Microsoft.EntityFrameworkCore.Database.Command[20101]
2026-08-08T00:30:16.6902797+00:00 ContainerStream:       Executed DbCommand (2ms) [Parameters=[], CommandType='Text', CommandTimeout='30']
2026-08-08T00:30:16.6903041+00:00 ContainerStream:       SELECT 1
2026-08-08T00:30:16.6921730+00:00 ContainerStream: info: Microsoft.EntityFrameworkCore.Database.Command[20101]
2026-08-08T00:30:16.6922338+00:00 ContainerStream:       Executed DbCommand (2ms) [Parameters=[], CommandType='Text', CommandTimeout='30']
2026-08-08T00:30:16.6922418+00:00 ContainerStream:       SELECT OBJECT_ID(N'[__EFMigrationsHistory]');
2026-08-08T00:30:16.6955452+00:00 ContainerStream: info: Microsoft.EntityFrameworkCore.Database.Command[20101]
2026-08-08T00:30:16.6955833+00:00 ContainerStream:       Executed DbCommand (2ms) [Parameters=[], CommandType='Text', CommandTimeout='30']
2026-08-08T00:30:16.6957903+00:00 ContainerStream:       SELECT [MigrationId], [ProductVersion]
2026-08-08T00:30:16.6958027+00:00 ContainerStream:       FROM [__EFMigrationsHistory]
2026-08-08T00:30:16.6961630+00:00 ContainerStream:       ORDER BY [MigrationId];
2026-08-08T00:30:16.6980411+00:00 ContainerStream: info: Microsoft.EntityFrameworkCore.Database.Command[20101]
2026-08-08T00:30:16.6980720+00:00 ContainerStream:       Executed DbCommand (2ms) [Parameters=[], CommandType='Text', CommandTimeout='30']
2026-08-08T00:30:16.6980783+00:00 ContainerStream:       SELECT TOP(1) [b].[BankAccountNumber]
2026-08-08T00:30:16.6980822+00:00 ContainerStream:       FROM [Beneficiaries] AS [b]
2026-08-08T00:30:16.6984173+00:00 ContainerStream:       ORDER BY [b].[Id]
2026-08-08T00:30:29.2444787+00:00 ContainerStream: info: Microsoft.EntityFrameworkCore.Database.Command[20101]
2026-08-08T00:30:29.2445778+00:00 ContainerStream:       Executed DbCommand (2ms) [Parameters=[], CommandType='Text', CommandTimeout='30']
2026-08-08T00:30:29.2445896+00:00 ContainerStream:       SELECT 1
2026-08-08T00:30:29.2467354+00:00 ContainerStream: info: Microsoft.EntityFrameworkCore.Database.Command[20101]
2026-08-08T00:30:29.2469659+00:00 ContainerStream:       Executed DbCommand (2ms) [Parameters=[], CommandType='Text', CommandTimeout='30']
2026-08-08T00:30:29.2469859+00:00 ContainerStream:       SELECT OBJECT_ID(N'[__EFMigrationsHistory]');
2026-08-08T00:30:29.2500986+00:00 ContainerStream: info: Microsoft.EntityFrameworkCore.Database.Command[20101]
2026-08-08T00:30:29.2501325+00:00 ContainerStream:       Executed DbCommand (2ms) [Parameters=[], CommandType='Text', CommandTimeout='30']
2026-08-08T00:30:29.2501402+00:00 ContainerStream:       SELECT [MigrationId], [ProductVersion]
2026-08-08T00:30:29.2506332+00:00 ContainerStream:       FROM [__EFMigrationsHistory]
2026-08-08T00:30:29.2506674+00:00 ContainerStream:       ORDER BY [MigrationId];
2026-08-08T00:30:29.2528228+00:00 ContainerStream: info: Microsoft.EntityFrameworkCore.Database.Command[20101]
2026-08-08T00:30:29.2528521+00:00 ContainerStream:       Executed DbCommand (2ms) [Parameters=[], CommandType='Text', CommandTimeout='30']
2026-08-08T00:30:29.2528631+00:00 ContainerStream:       SELECT TOP(1) [b].[BankAccountNumber]
2026-08-08T00:30:29.2528681+00:00 ContainerStream:       FROM [Beneficiaries] AS [b]
2026-08-08T00:30:29.2536969+00:00 ContainerStream:       ORDER BY [b].[Id]
2026-08-08T00:30:32.2965448+00:00 ContainerStream: info: Microsoft.EntityFrameworkCore.Database.Command[20101]
2026-08-08T00:30:32.2966463+00:00 ContainerStream:       Executed DbCommand (2ms) [Parameters=[], CommandType='Text', CommandTimeout='30']
2026-08-08T00:30:32.2966927+00:00 ContainerStream:       SELECT 1
2026-08-08T00:30:32.2986383+00:00 ContainerStream: info: Microsoft.EntityFrameworkCore.Database.Command[20101]
2026-08-08T00:30:32.2987410+00:00 ContainerStream:       Executed DbCommand (2ms) [Parameters=[], CommandType='Text', CommandTimeout='30']
2026-08-08T00:30:32.2987512+00:00 ContainerStream:       SELECT OBJECT_ID(N'[__EFMigrationsHistory]');
2026-08-08T00:30:32.3028272+00:00 ContainerStream: info: Microsoft.EntityFrameworkCore.Database.Command[20101]
2026-08-08T00:30:32.3028626+00:00 ContainerStream:       Executed DbCommand (2ms) [Parameters=[], CommandType='Text', CommandTimeout='30']
2026-08-08T00:30:32.3028701+00:00 ContainerStream:       SELECT [MigrationId], [ProductVersion]
2026-08-08T00:30:32.3028749+00:00 ContainerStream:       FROM [__EFMigrationsHistory]
2026-08-08T00:30:32.3036086+00:00 ContainerStream:       ORDER BY [MigrationId];
2026-08-08T00:30:32.3059955+00:00 ContainerStream: info: Microsoft.EntityFrameworkCore.Database.Command[20101]
2026-08-08T00:30:32.3060298+00:00 ContainerStream:       Executed DbCommand (3ms) [Parameters=[], CommandType='Text', CommandTimeout='30']
2026-08-08T00:30:32.3060369+00:00 ContainerStream:       SELECT TOP(1) [b].[BankAccountNumber]
2026-08-08T00:30:32.3060412+00:00 ContainerStream:       FROM [Beneficiaries] AS [b]
2026-08-08T00:30:32.3060506+00:00 ContainerStream:       ORDER BY [b].[Id]
2026-08-08T00:30:35.6408191+00:00 ContainerStream: info: Microsoft.EntityFrameworkCore.Database.Command[20101]
2026-08-08T00:30:35.6409066+00:00 ContainerStream:       Executed DbCommand (2ms) [Parameters=[], CommandType='Text', CommandTimeout='30']
2026-08-08T00:30:35.6409195+00:00 ContainerStream:       SELECT 1
2026-08-08T00:30:35.6429479+00:00 ContainerStream: info: Microsoft.EntityFrameworkCore.Database.Command[20101]
2026-08-08T00:30:35.6430030+00:00 ContainerStream:       Executed DbCommand (2ms) [Parameters=[], CommandType='Text', CommandTimeout='30']
2026-08-08T00:30:35.6430123+00:00 ContainerStream:       SELECT OBJECT_ID(N'[__EFMigrationsHistory]');
2026-08-08T00:30:35.6468585+00:00 ContainerStream: info: Microsoft.EntityFrameworkCore.Database.Command[20101]
2026-08-08T00:30:35.6468950+00:00 ContainerStream:       Executed DbCommand (2ms) [Parameters=[], CommandType='Text', CommandTimeout='30']
2026-08-08T00:30:35.6469071+00:00 ContainerStream:       SELECT [MigrationId], [ProductVersion]
2026-08-08T00:30:35.6469116+00:00 ContainerStream:       FROM [__EFMigrationsHistory]
2026-08-08T00:30:35.6469153+00:00 ContainerStream:       ORDER BY [MigrationId];
2026-08-08T00:30:35.6503043+00:00 ContainerStream: info: Microsoft.EntityFrameworkCore.Database.Command[20101]
2026-08-08T00:30:35.6503322+00:00 ContainerStream:       Executed DbCommand (2ms) [Parameters=[], CommandType='Text', CommandTimeout='30']
2026-08-08T00:30:35.6503418+00:00 ContainerStream:       SELECT TOP(1) [b].[BankAccountNumber]
2026-08-08T00:30:35.6503460+00:00 ContainerStream:       FROM [Beneficiaries] AS [b]
2026-08-08T00:30:35.6503498+00:00 ContainerStream:       ORDER BY [b].[Id]
2026-08-08T00:30:42.0323702+00:00 ContainerStream: info: Microsoft.EntityFrameworkCore.Database.Command[20101]
2026-08-08T00:30:42.0324741+00:00 ContainerStream:       Executed DbCommand (3ms) [Parameters=[], CommandType='Text', CommandTimeout='30']
2026-08-08T00:30:42.0324872+00:00 ContainerStream:       SELECT 1
2026-08-08T00:30:42.0348408+00:00 ContainerStream: info: Microsoft.EntityFrameworkCore.Database.Command[20101]
2026-08-08T00:30:42.0350845+00:00 ContainerStream:       Executed DbCommand (2ms) [Parameters=[], CommandType='Text', CommandTimeout='30']
2026-08-08T00:30:42.0350992+00:00 ContainerStream:       SELECT OBJECT_ID(N'[__EFMigrationsHistory]');
2026-08-08T00:30:42.0390654+00:00 ContainerStream: info: Microsoft.EntityFrameworkCore.Database.Command[20101]
2026-08-08T00:30:42.0390997+00:00 ContainerStream:       Executed DbCommand (2ms) [Parameters=[], CommandType='Text', CommandTimeout='30']
2026-08-08T00:30:42.0391082+00:00 ContainerStream:       SELECT [MigrationId], [ProductVersion]
2026-08-08T00:30:42.0391129+00:00 ContainerStream:       FROM [__EFMigrationsHistory]
2026-08-08T00:30:42.0395838+00:00 ContainerStream:       ORDER BY [MigrationId];
2026-08-08T00:30:42.0410866+00:00 ContainerStream: info: Microsoft.EntityFrameworkCore.Database.Command[20101]
2026-08-08T00:30:42.0411171+00:00 ContainerStream:       Executed DbCommand (2ms) [Parameters=[], CommandType='Text', CommandTimeout='30']
2026-08-08T00:30:42.0411246+00:00 ContainerStream:       SELECT TOP(1) [b].[BankAccountNumber]
2026-08-08T00:30:42.0411287+00:00 ContainerStream:       FROM [Beneficiaries] AS [b]
2026-08-08T00:30:42.0411375+00:00 ContainerStream:       ORDER BY [b].[Id]
2026-08-08T00:30:44.9609735+00:00 ContainerStream: info: Microsoft.EntityFrameworkCore.Database.Command[20101]
2026-08-08T00:30:44.9610483+00:00 ContainerStream:       Executed DbCommand (2ms) [Parameters=[], CommandType='Text', CommandTimeout='30']
2026-08-08T00:30:44.9610584+00:00 ContainerStream:       SELECT 1
2026-08-08T00:30:44.9628607+00:00 ContainerStream: info: Microsoft.EntityFrameworkCore.Database.Command[20101]
2026-08-08T00:30:44.9629090+00:00 ContainerStream:       Executed DbCommand (2ms) [Parameters=[], CommandType='Text', CommandTimeout='30']
2026-08-08T00:30:44.9629173+00:00 ContainerStream:       SELECT OBJECT_ID(N'[__EFMigrationsHistory]');
2026-08-08T00:30:44.9667788+00:00 ContainerStream: info: Microsoft.EntityFrameworkCore.Database.Command[20101]
2026-08-08T00:30:44.9668293+00:00 ContainerStream:       Executed DbCommand (2ms) [Parameters=[], CommandType='Text', CommandTimeout='30']
2026-08-08T00:30:44.9668429+00:00 ContainerStream:       SELECT [MigrationId], [ProductVersion]
2026-08-08T00:30:44.9668471+00:00 ContainerStream:       FROM [__EFMigrationsHistory]
2026-08-08T00:30:44.9668510+00:00 ContainerStream:       ORDER BY [MigrationId];
2026-08-08T00:30:44.9685326+00:00 ContainerStream: info: Microsoft.EntityFrameworkCore.Database.Command[20101]
2026-08-08T00:30:44.9685712+00:00 ContainerStream:       Executed DbCommand (2ms) [Parameters=[], CommandType='Text', CommandTimeout='30']
2026-08-08T00:30:44.9685781+00:00 ContainerStream:       SELECT TOP(1) [b].[BankAccountNumber]
2026-08-08T00:30:44.9685823+00:00 ContainerStream:       FROM [Beneficiaries] AS [b]
2026-08-08T00:30:44.9685864+00:00 ContainerStream:       ORDER BY [b].[Id]
2026-08-08T00:30:48.0097656+00:00 ContainerStream: info: Microsoft.EntityFrameworkCore.Database.Command[20101]
2026-08-08T00:30:48.0098351+00:00 ContainerStream:       Executed DbCommand (2ms) [Parameters=[], CommandType='Text', CommandTimeout='30']
2026-08-08T00:30:48.0098436+00:00 ContainerStream:       SELECT 1
2026-08-08T00:30:48.0127760+00:00 ContainerStream: info: Microsoft.EntityFrameworkCore.Database.Command[20101]
2026-08-08T00:30:48.0128274+00:00 ContainerStream:       Executed DbCommand (2ms) [Parameters=[], CommandType='Text', CommandTimeout='30']
2026-08-08T00:30:48.0128407+00:00 ContainerStream:       SELECT OBJECT_ID(N'[__EFMigrationsHistory]');
2026-08-08T00:30:48.0156593+00:00 ContainerStream: info: Microsoft.EntityFrameworkCore.Database.Command[20101]
2026-08-08T00:30:48.0156933+00:00 ContainerStream:       Executed DbCommand (2ms) [Parameters=[], CommandType='Text', CommandTimeout='30']
2026-08-08T00:30:48.0157011+00:00 ContainerStream:       SELECT [MigrationId], [ProductVersion]
2026-08-08T00:30:48.0157051+00:00 ContainerStream:       FROM [__EFMigrationsHistory]
2026-08-08T00:30:48.0157240+00:00 ContainerStream:       ORDER BY [MigrationId];
2026-08-08T00:30:48.0180630+00:00 ContainerStream: info: Microsoft.EntityFrameworkCore.Database.Command[20101]
2026-08-08T00:30:48.0180945+00:00 ContainerStream:       Executed DbCommand (2ms) [Parameters=[], CommandType='Text', CommandTimeout='30']
2026-08-08T00:30:48.0181016+00:00 ContainerStream:       SELECT TOP(1) [b].[BankAccountNumber]
2026-08-08T00:30:48.0181063+00:00 ContainerStream:       FROM [Beneficiaries] AS [b]
2026-08-08T00:30:48.0181234+00:00 ContainerStream:       ORDER BY [b].[Id]
2026-08-08T00:30:48.2622742+00:00 ContainerStream: info: Microsoft.EntityFrameworkCore.Database.Command[20101]
2026-08-08T00:30:48.2623497+00:00 ContainerStream:       Executed DbCommand (2ms) [Parameters=[], CommandType='Text', CommandTimeout='30']
2026-08-08T00:30:48.2623596+00:00 ContainerStream:       SELECT 1
2026-08-08T00:30:48.2643088+00:00 ContainerStream: info: Microsoft.EntityFrameworkCore.Database.Command[20101]
2026-08-08T00:30:48.2643516+00:00 ContainerStream:       Executed DbCommand (2ms) [Parameters=[], CommandType='Text', CommandTimeout='30']
2026-08-08T00:30:48.2643676+00:00 ContainerStream:       SELECT OBJECT_ID(N'[__EFMigrationsHistory]');
2026-08-08T00:30:48.2676825+00:00 ContainerStream: info: Microsoft.EntityFrameworkCore.Database.Command[20101]
2026-08-08T00:30:48.2677211+00:00 ContainerStream:       Executed DbCommand (2ms) [Parameters=[], CommandType='Text', CommandTimeout='30']
2026-08-08T00:30:48.2681224+00:00 ContainerStream:       SELECT [MigrationId], [ProductVersion]
2026-08-08T00:30:48.2681389+00:00 ContainerStream:       FROM [__EFMigrationsHistory]
2026-08-08T00:30:48.2681442+00:00 ContainerStream:       ORDER BY [MigrationId];
2026-08-08T00:30:48.2697760+00:00 ContainerStream: info: Microsoft.EntityFrameworkCore.Database.Command[20101]
2026-08-08T00:30:48.2698104+00:00 ContainerStream:       Executed DbCommand (2ms) [Parameters=[], CommandType='Text', CommandTimeout='30']
2026-08-08T00:30:48.2698174+00:00 ContainerStream:       SELECT TOP(1) [b].[BankAccountNumber]
2026-08-08T00:30:48.2698222+00:00 ContainerStream:       FROM [Beneficiaries] AS [b]
2026-08-08T00:30:48.2711554+00:00 ContainerStream:       ORDER BY [b].[Id]
2026-08-08T00:30:49.4413834+00:00 ContainerStream: info: Microsoft.EntityFrameworkCore.Database.Command[20101]
2026-08-08T00:30:49.4414653+00:00 ContainerStream:       Executed DbCommand (2ms) [Parameters=[], CommandType='Text', CommandTimeout='30']
2026-08-08T00:30:49.4414794+00:00 ContainerStream:       SELECT 1
2026-08-08T00:30:49.4434648+00:00 ContainerStream: info: Microsoft.EntityFrameworkCore.Database.Command[20101]
2026-08-08T00:30:49.4435187+00:00 ContainerStream:       Executed DbCommand (2ms) [Parameters=[], CommandType='Text', CommandTimeout='30']
2026-08-08T00:30:49.4435331+00:00 ContainerStream:       SELECT OBJECT_ID(N'[__EFMigrationsHistory]');
2026-08-08T00:30:49.4469384+00:00 ContainerStream: info: Microsoft.EntityFrameworkCore.Database.Command[20101]
2026-08-08T00:30:49.4469940+00:00 ContainerStream:       Executed DbCommand (2ms) [Parameters=[], CommandType='Text', CommandTimeout='30']
2026-08-08T00:30:49.4470044+00:00 ContainerStream:       SELECT [MigrationId], [ProductVersion]
2026-08-08T00:30:49.4470135+00:00 ContainerStream:       FROM [__EFMigrationsHistory]
2026-08-08T00:30:49.4477695+00:00 ContainerStream:       ORDER BY [MigrationId];
2026-08-08T00:30:49.4500405+00:00 ContainerStream: info: Microsoft.EntityFrameworkCore.Database.Command[20101]
2026-08-08T00:30:49.4500773+00:00 ContainerStream:       Executed DbCommand (2ms) [Parameters=[], CommandType='Text', CommandTimeout='30']
2026-08-08T00:30:49.4500899+00:00 ContainerStream:       SELECT TOP(1) [b].[BankAccountNumber]
2026-08-08T00:30:49.4500944+00:00 ContainerStream:       FROM [Beneficiaries] AS [b]
2026-08-08T00:30:49.4500986+00:00 ContainerStream:       ORDER BY [b].[Id]
2026-08-08T00:30:49.7889404+00:00 ContainerStream: info: Microsoft.EntityFrameworkCore.Database.Command[20101]
2026-08-08T00:30:49.7893661+00:00 ContainerStream:       Executed DbCommand (3ms) [Parameters=[], CommandType='Text', CommandTimeout='30']
2026-08-08T00:30:49.7893910+00:00 ContainerStream:       SELECT 1
2026-08-08T00:30:49.7913179+00:00 ContainerStream: info: Microsoft.EntityFrameworkCore.Database.Command[20101]
2026-08-08T00:30:49.7913551+00:00 ContainerStream:       Executed DbCommand (2ms) [Parameters=[], CommandType='Text', CommandTimeout='30']
2026-08-08T00:30:49.7913630+00:00 ContainerStream:       SELECT OBJECT_ID(N'[__EFMigrationsHistory]');
2026-08-08T00:30:49.7960965+00:00 ContainerStream: info: Microsoft.EntityFrameworkCore.Database.Command[20101]
2026-08-08T00:30:49.7961281+00:00 ContainerStream:       Executed DbCommand (3ms) [Parameters=[], CommandType='Text', CommandTimeout='30']
2026-08-08T00:30:49.7961357+00:00 ContainerStream:       SELECT [MigrationId], [ProductVersion]
2026-08-08T00:30:49.7961408+00:00 ContainerStream:       FROM [__EFMigrationsHistory]
2026-08-08T00:30:49.7961454+00:00 ContainerStream:       ORDER BY [MigrationId];
2026-08-08T00:30:49.7978829+00:00 ContainerStream: info: Microsoft.EntityFrameworkCore.Database.Command[20101]
2026-08-08T00:30:49.7979193+00:00 ContainerStream:       Executed DbCommand (2ms) [Parameters=[], CommandType='Text', CommandTimeout='30']
2026-08-08T00:30:49.7979279+00:00 ContainerStream:       SELECT TOP(1) [b].[BankAccountNumber]
2026-08-08T00:30:49.7979327+00:00 ContainerStream:       FROM [Beneficiaries] AS [b]
2026-08-08T00:30:49.7979377+00:00 ContainerStream:       ORDER BY [b].[Id]
2026-08-08T00:30:50.3269886+00:00 ContainerStream: info: Microsoft.EntityFrameworkCore.Database.Command[20101]
2026-08-08T00:30:50.3270671+00:00 ContainerStream:       Executed DbCommand (2ms) [Parameters=[], CommandType='Text', CommandTimeout='30']
2026-08-08T00:30:50.3270784+00:00 ContainerStream:       SELECT 1
2026-08-08T00:30:50.3303699+00:00 ContainerStream: info: Microsoft.EntityFrameworkCore.Database.Command[20101]
2026-08-08T00:30:50.3304556+00:00 ContainerStream:       Executed DbCommand (2ms) [Parameters=[], CommandType='Text', CommandTimeout='30']
2026-08-08T00:30:50.3304659+00:00 ContainerStream:       SELECT OBJECT_ID(N'[__EFMigrationsHistory]');
2026-08-08T00:30:50.3337895+00:00 ContainerStream: info: Microsoft.EntityFrameworkCore.Database.Command[20101]
2026-08-08T00:30:50.3338549+00:00 ContainerStream:       Executed DbCommand (4ms) [Parameters=[], CommandType='Text', CommandTimeout='30']
2026-08-08T00:30:50.3338710+00:00 ContainerStream:       SELECT [MigrationId], [ProductVersion]
2026-08-08T00:30:50.3338747+00:00 ContainerStream:       FROM [__EFMigrationsHistory]
2026-08-08T00:30:50.3338785+00:00 ContainerStream:       ORDER BY [MigrationId];
2026-08-08T00:30:50.3363179+00:00 ContainerStream: info: Microsoft.EntityFrameworkCore.Database.Command[20101]
2026-08-08T00:30:50.3367211+00:00 ContainerStream:       Executed DbCommand (2ms) [Parameters=[], CommandType='Text', CommandTimeout='30']
2026-08-08T00:30:50.3367505+00:00 ContainerStream:       SELECT TOP(1) [b].[BankAccountNumber]
2026-08-08T00:30:50.3367554+00:00 ContainerStream:       FROM [Beneficiaries] AS [b]
2026-08-08T00:30:50.3367593+00:00 ContainerStream:       ORDER BY [b].[Id]
2026-08-08T00:30:50.6271191+00:00 ContainerStream: info: Microsoft.EntityFrameworkCore.Database.Command[20101]
2026-08-08T00:30:50.6272043+00:00 ContainerStream:       Executed DbCommand (3ms) [Parameters=[], CommandType='Text', CommandTimeout='30']
2026-08-08T00:30:50.6272153+00:00 ContainerStream:       SELECT 1
2026-08-08T00:30:50.6302836+00:00 ContainerStream: info: Microsoft.EntityFrameworkCore.Database.Command[20101]
2026-08-08T00:30:50.6303329+00:00 ContainerStream:       Executed DbCommand (2ms) [Parameters=[], CommandType='Text', CommandTimeout='30']
2026-08-08T00:30:50.6303416+00:00 ContainerStream:       SELECT OBJECT_ID(N'[__EFMigrationsHistory]');
2026-08-08T00:30:50.6327242+00:00 ContainerStream: info: Microsoft.EntityFrameworkCore.Database.Command[20101]
2026-08-08T00:30:50.6327772+00:00 ContainerStream:       Executed DbCommand (2ms) [Parameters=[], CommandType='Text', CommandTimeout='30']
2026-08-08T00:30:50.6327859+00:00 ContainerStream:       SELECT [MigrationId], [ProductVersion]
2026-08-08T00:30:50.6327908+00:00 ContainerStream:       FROM [__EFMigrationsHistory]
2026-08-08T00:30:50.6327987+00:00 ContainerStream:       ORDER BY [MigrationId];
2026-08-08T00:30:50.6365303+00:00 ContainerStream: info: Microsoft.EntityFrameworkCore.Database.Command[20101]
2026-08-08T00:30:50.6365616+00:00 ContainerStream:       Executed DbCommand (3ms) [Parameters=[], CommandType='Text', CommandTimeout='30']
2026-08-08T00:30:50.6365688+00:00 ContainerStream:       SELECT TOP(1) [b].[BankAccountNumber]
2026-08-08T00:30:50.6365734+00:00 ContainerStream:       FROM [Beneficiaries] AS [b]
2026-08-08T00:30:50.6365780+00:00 ContainerStream:       ORDER BY [b].[Id]
2026-08-08T00:30:53.2312036+00:00 ContainerStream: info: Microsoft.EntityFrameworkCore.Database.Command[20101]
2026-08-08T00:30:53.2312822+00:00 ContainerStream:       Executed DbCommand (2ms) [Parameters=[], CommandType='Text', CommandTimeout='30']
2026-08-08T00:30:53.2312927+00:00 ContainerStream:       SELECT 1
2026-08-08T00:30:53.2333564+00:00 ContainerStream: info: Microsoft.EntityFrameworkCore.Database.Command[20101]
2026-08-08T00:30:53.2334158+00:00 ContainerStream:       Executed DbCommand (2ms) [Parameters=[], CommandType='Text', CommandTimeout='30']
2026-08-08T00:30:53.2334257+00:00 ContainerStream:       SELECT OBJECT_ID(N'[__EFMigrationsHistory]');
2026-08-08T00:30:53.2370311+00:00 ContainerStream: info: Microsoft.EntityFrameworkCore.Database.Command[20101]
2026-08-08T00:30:53.2371785+00:00 ContainerStream:       Executed DbCommand (2ms) [Parameters=[], CommandType='Text', CommandTimeout='30']
2026-08-08T00:30:53.2371910+00:00 ContainerStream:       SELECT [MigrationId], [ProductVersion]
2026-08-08T00:30:53.2371988+00:00 ContainerStream:       FROM [__EFMigrationsHistory]
2026-08-08T00:30:53.2372034+00:00 ContainerStream:       ORDER BY [MigrationId];
2026-08-08T00:30:53.2392190+00:00 ContainerStream: info: Microsoft.EntityFrameworkCore.Database.Command[20101]
2026-08-08T00:30:53.2392552+00:00 ContainerStream:       Executed DbCommand (2ms) [Parameters=[], CommandType='Text', CommandTimeout='30']
2026-08-08T00:30:53.2392674+00:00 ContainerStream:       SELECT TOP(1) [b].[BankAccountNumber]
2026-08-08T00:30:53.2392720+00:00 ContainerStream:       FROM [Beneficiaries] AS [b]
2026-08-08T00:30:53.2392763+00:00 ContainerStream:       ORDER BY [b].[Id]
2026-08-08T00:30:55.6091638+00:00 ContainerStream: info: Microsoft.EntityFrameworkCore.Database.Command[20101]
2026-08-08T00:30:55.6092439+00:00 ContainerStream:       Executed DbCommand (3ms) [Parameters=[], CommandType='Text', CommandTimeout='30']
2026-08-08T00:30:55.6092671+00:00 ContainerStream:       SELECT 1
2026-08-08T00:30:55.6115035+00:00 ContainerStream: info: Microsoft.EntityFrameworkCore.Database.Command[20101]
2026-08-08T00:30:55.6115567+00:00 ContainerStream:       Executed DbCommand (2ms) [Parameters=[], CommandType='Text', CommandTimeout='30']
2026-08-08T00:30:55.6115668+00:00 ContainerStream:       SELECT OBJECT_ID(N'[__EFMigrationsHistory]');
2026-08-08T00:30:55.6149819+00:00 ContainerStream: info: Microsoft.EntityFrameworkCore.Database.Command[20101]
2026-08-08T00:30:55.6150180+00:00 ContainerStream:       Executed DbCommand (2ms) [Parameters=[], CommandType='Text', CommandTimeout='30']
2026-08-08T00:30:55.6150257+00:00 ContainerStream:       SELECT [MigrationId], [ProductVersion]
2026-08-08T00:30:55.6150395+00:00 ContainerStream:       FROM [__EFMigrationsHistory]
2026-08-08T00:30:55.6154864+00:00 ContainerStream:       ORDER BY [MigrationId];
2026-08-08T00:30:55.6187921+00:00 ContainerStream: info: Microsoft.EntityFrameworkCore.Database.Command[20101]
2026-08-08T00:30:55.6188196+00:00 ContainerStream:       Executed DbCommand (2ms) [Parameters=[], CommandType='Text', CommandTimeout='30']
2026-08-08T00:30:55.6188259+00:00 ContainerStream:       SELECT TOP(1) [b].[BankAccountNumber]
2026-08-08T00:30:55.6188295+00:00 ContainerStream:       FROM [Beneficiaries] AS [b]
2026-08-08T00:30:55.6188366+00:00 ContainerStream:       ORDER BY [b].[Id]
2026-08-08T00:30:56.7098346+00:00 ContainerStream: info: Microsoft.EntityFrameworkCore.Database.Command[20101]
2026-08-08T00:30:56.7099161+00:00 ContainerStream:       Executed DbCommand (2ms) [Parameters=[], CommandType='Text', CommandTimeout='30']
2026-08-08T00:30:56.7099280+00:00 ContainerStream:       SELECT 1
2026-08-08T00:30:56.7119963+00:00 ContainerStream: info: Microsoft.EntityFrameworkCore.Database.Command[20101]
2026-08-08T00:30:56.7120538+00:00 ContainerStream:       Executed DbCommand (2ms) [Parameters=[], CommandType='Text', CommandTimeout='30']
2026-08-08T00:30:56.7120628+00:00 ContainerStream:       SELECT OBJECT_ID(N'[__EFMigrationsHistory]');
2026-08-08T00:30:56.7164777+00:00 ContainerStream: info: Microsoft.EntityFrameworkCore.Database.Command[20101]
2026-08-08T00:30:56.7165121+00:00 ContainerStream:       Executed DbCommand (3ms) [Parameters=[], CommandType='Text', CommandTimeout='30']
2026-08-08T00:30:56.7165344+00:00 ContainerStream:       SELECT [MigrationId], [ProductVersion]
2026-08-08T00:30:56.7165394+00:00 ContainerStream:       FROM [__EFMigrationsHistory]
2026-08-08T00:30:56.7169162+00:00 ContainerStream:       ORDER BY [MigrationId];
2026-08-08T00:30:56.7182276+00:00 ContainerStream: info: Microsoft.EntityFrameworkCore.Database.Command[20101]
2026-08-08T00:30:56.7182655+00:00 ContainerStream:       Executed DbCommand (2ms) [Parameters=[], CommandType='Text', CommandTimeout='30']
2026-08-08T00:30:56.7182720+00:00 ContainerStream:       SELECT TOP(1) [b].[BankAccountNumber]
2026-08-08T00:30:56.7182756+00:00 ContainerStream:       FROM [Beneficiaries] AS [b]
2026-08-08T00:30:56.7182793+00:00 ContainerStream:       ORDER BY [b].[Id]
2026-08-08T00:30:57.6366099+00:00 ContainerStream: info: Microsoft.EntityFrameworkCore.Database.Command[20101]
2026-08-08T00:30:57.6368483+00:00 ContainerStream:       Executed DbCommand (2ms) [Parameters=[], CommandType='Text', CommandTimeout='30']
2026-08-08T00:30:57.6368621+00:00 ContainerStream:       SELECT 1
2026-08-08T00:30:57.6384303+00:00 ContainerStream: info: Microsoft.EntityFrameworkCore.Database.Command[20101]
2026-08-08T00:30:57.6384952+00:00 ContainerStream:       Executed DbCommand (2ms) [Parameters=[], CommandType='Text', CommandTimeout='30']
2026-08-08T00:30:57.6385101+00:00 ContainerStream:       SELECT OBJECT_ID(N'[__EFMigrationsHistory]');
2026-08-08T00:30:57.6424489+00:00 ContainerStream: info: Microsoft.EntityFrameworkCore.Database.Command[20101]
2026-08-08T00:30:57.6426455+00:00 ContainerStream:       Executed DbCommand (2ms) [Parameters=[], CommandType='Text', CommandTimeout='30']
2026-08-08T00:30:57.6426645+00:00 ContainerStream:       SELECT [MigrationId], [ProductVersion]
2026-08-08T00:30:57.6426701+00:00 ContainerStream:       FROM [__EFMigrationsHistory]
2026-08-08T00:30:57.6426775+00:00 ContainerStream:       ORDER BY [MigrationId];
2026-08-08T00:30:57.6444448+00:00 ContainerStream: info: Microsoft.EntityFrameworkCore.Database.Command[20101]
2026-08-08T00:30:57.6444823+00:00 ContainerStream:       Executed DbCommand (2ms) [Parameters=[], CommandType='Text', CommandTimeout='30']
2026-08-08T00:30:57.6449655+00:00 ContainerStream:       SELECT TOP(1) [b].[BankAccountNumber]
2026-08-08T00:30:57.6449961+00:00 ContainerStream:       FROM [Beneficiaries] AS [b]
2026-08-08T00:30:57.6450051+00:00 ContainerStream:       ORDER BY [b].[Id]
2026-08-08T00:31:00.0962081+00:00 ContainerStream: info: Microsoft.EntityFrameworkCore.Database.Command[20101]
2026-08-08T00:31:00.0962852+00:00 ContainerStream:       Executed DbCommand (2ms) [Parameters=[], CommandType='Text', CommandTimeout='30']
2026-08-08T00:31:00.0962952+00:00 ContainerStream:       SELECT 1
2026-08-08T00:31:00.0983624+00:00 ContainerStream: info: Microsoft.EntityFrameworkCore.Database.Command[20101]
2026-08-08T00:31:00.0984313+00:00 ContainerStream:       Executed DbCommand (2ms) [Parameters=[], CommandType='Text', CommandTimeout='30']
2026-08-08T00:31:00.0984410+00:00 ContainerStream:       SELECT OBJECT_ID(N'[__EFMigrationsHistory]');
2026-08-08T00:31:00.1016856+00:00 ContainerStream: info: Microsoft.EntityFrameworkCore.Database.Command[20101]
2026-08-08T00:31:00.1017293+00:00 ContainerStream:       Executed DbCommand (2ms) [Parameters=[], CommandType='Text', CommandTimeout='30']
2026-08-08T00:31:00.1017367+00:00 ContainerStream:       SELECT [MigrationId], [ProductVersion]
2026-08-08T00:31:00.1017404+00:00 ContainerStream:       FROM [__EFMigrationsHistory]
2026-08-08T00:31:00.1017441+00:00 ContainerStream:       ORDER BY [MigrationId];
2026-08-08T00:31:00.1039100+00:00 ContainerStream: info: Microsoft.EntityFrameworkCore.Database.Command[20101]
2026-08-08T00:31:00.1039465+00:00 ContainerStream:       Executed DbCommand (2ms) [Parameters=[], CommandType='Text', CommandTimeout='30']
2026-08-08T00:31:00.1039538+00:00 ContainerStream:       SELECT TOP(1) [b].[BankAccountNumber]
2026-08-08T00:31:00.1039580+00:00 ContainerStream:       FROM [Beneficiaries] AS [b]
2026-08-08T00:31:00.1039715+00:00 ContainerStream:       ORDER BY [b].[Id]
2026-08-08T00:31:14.3501444+00:00 ContainerStream: info: Microsoft.EntityFrameworkCore.Database.Command[20101]
2026-08-08T00:31:14.3502422+00:00 ContainerStream:       Executed DbCommand (2ms) [Parameters=[], CommandType='Text', CommandTimeout='30']
2026-08-08T00:31:14.3502565+00:00 ContainerStream:       SELECT 1
2026-08-08T00:31:14.3520157+00:00 ContainerStream: info: Microsoft.EntityFrameworkCore.Database.Command[20101]
2026-08-08T00:31:14.3520738+00:00 ContainerStream:       Executed DbCommand (2ms) [Parameters=[], CommandType='Text', CommandTimeout='30']
2026-08-08T00:31:14.3520911+00:00 ContainerStream:       SELECT OBJECT_ID(N'[__EFMigrationsHistory]');
2026-08-08T00:31:14.3558777+00:00 ContainerStream: info: Microsoft.EntityFrameworkCore.Database.Command[20101]
2026-08-08T00:31:14.3559111+00:00 ContainerStream:       Executed DbCommand (2ms) [Parameters=[], CommandType='Text', CommandTimeout='30']
2026-08-08T00:31:14.3559193+00:00 ContainerStream:       SELECT [MigrationId], [ProductVersion]
2026-08-08T00:31:14.3559276+00:00 ContainerStream:       FROM [__EFMigrationsHistory]
2026-08-08T00:31:14.3562592+00:00 ContainerStream:       ORDER BY [MigrationId];
2026-08-08T00:31:14.3592264+00:00 ContainerStream: info: Microsoft.EntityFrameworkCore.Database.Command[20101]
2026-08-08T00:31:14.3592456+00:00 ContainerStream:       Executed DbCommand (2ms) [Parameters=[], CommandType='Text', CommandTimeout='30']
2026-08-08T00:31:14.3592542+00:00 ContainerStream:       SELECT TOP(1) [b].[BankAccountNumber]
2026-08-08T00:31:14.3592585+00:00 ContainerStream:       FROM [Beneficiaries] AS [b]
2026-08-08T00:31:14.3592671+00:00 ContainerStream:       ORDER BY [b].[Id]
2026-08-08T00:31:17.2088983+00:00 ContainerStream: info: Microsoft.EntityFrameworkCore.Database.Command[20101]
2026-08-08T00:31:17.2092477+00:00 ContainerStream:       Executed DbCommand (3ms) [Parameters=[], CommandType='Text', CommandTimeout='30']
2026-08-08T00:31:17.2092743+00:00 ContainerStream:       SELECT 1
2026-08-08T00:31:17.2109512+00:00 ContainerStream: info: Microsoft.EntityFrameworkCore.Database.Command[20101]
2026-08-08T00:31:17.2109938+00:00 ContainerStream:       Executed DbCommand (2ms) [Parameters=[], CommandType='Text', CommandTimeout='30']
2026-08-08T00:31:17.2110017+00:00 ContainerStream:       SELECT OBJECT_ID(N'[__EFMigrationsHistory]');
2026-08-08T00:31:17.2149770+00:00 ContainerStream: info: Microsoft.EntityFrameworkCore.Database.Command[20101]
2026-08-08T00:31:17.2150636+00:00 ContainerStream:       Executed DbCommand (2ms) [Parameters=[], CommandType='Text', CommandTimeout='30']
2026-08-08T00:31:17.2150742+00:00 ContainerStream:       SELECT [MigrationId], [ProductVersion]
2026-08-08T00:31:17.2150792+00:00 ContainerStream:       FROM [__EFMigrationsHistory]
2026-08-08T00:31:17.2150838+00:00 ContainerStream:       ORDER BY [MigrationId];
2026-08-08T00:31:17.2165199+00:00 ContainerStream: info: Microsoft.EntityFrameworkCore.Database.Command[20101]
2026-08-08T00:31:17.2165548+00:00 ContainerStream:       Executed DbCommand (2ms) [Parameters=[], CommandType='Text', CommandTimeout='30']
2026-08-08T00:31:17.2165624+00:00 ContainerStream:       SELECT TOP(1) [b].[BankAccountNumber]
2026-08-08T00:31:17.2165671+00:00 ContainerStream:       FROM [Beneficiaries] AS [b]
2026-08-08T00:31:17.2167103+00:00 ContainerStream:       ORDER BY [b].[Id]
2026-08-08T00:31:17.6248919+00:00 ContainerStream: info: Microsoft.EntityFrameworkCore.Database.Command[20101]
2026-08-08T00:31:17.6249710+00:00 ContainerStream:       Executed DbCommand (4ms) [Parameters=[], CommandType='Text', CommandTimeout='30']
2026-08-08T00:31:17.6249825+00:00 ContainerStream:       SELECT 1
2026-08-08T00:31:17.6270789+00:00 ContainerStream: info: Microsoft.EntityFrameworkCore.Database.Command[20101]
2026-08-08T00:31:17.6271315+00:00 ContainerStream:       Executed DbCommand (2ms) [Parameters=[], CommandType='Text', CommandTimeout='30']
2026-08-08T00:31:17.6271409+00:00 ContainerStream:       SELECT OBJECT_ID(N'[__EFMigrationsHistory]');
2026-08-08T00:31:17.6310027+00:00 ContainerStream: info: Microsoft.EntityFrameworkCore.Database.Command[20101]
2026-08-08T00:31:17.6310396+00:00 ContainerStream:       Executed DbCommand (2ms) [Parameters=[], CommandType='Text', CommandTimeout='30']
2026-08-08T00:31:17.6310524+00:00 ContainerStream:       SELECT [MigrationId], [ProductVersion]
2026-08-08T00:31:17.6310574+00:00 ContainerStream:       FROM [__EFMigrationsHistory]
2026-08-08T00:31:17.6310620+00:00 ContainerStream:       ORDER BY [MigrationId];
2026-08-08T00:31:17.6332181+00:00 ContainerStream: info: Microsoft.EntityFrameworkCore.Database.Command[20101]
2026-08-08T00:31:17.6332519+00:00 ContainerStream:       Executed DbCommand (2ms) [Parameters=[], CommandType='Text', CommandTimeout='30']
2026-08-08T00:31:17.6332641+00:00 ContainerStream:       SELECT TOP(1) [b].[BankAccountNumber]
2026-08-08T00:31:17.6332686+00:00 ContainerStream:       FROM [Beneficiaries] AS [b]
2026-08-08T00:31:17.6332725+00:00 ContainerStream:       ORDER BY [b].[Id]
2026-08-08T00:31:21.0729605+00:00 ContainerStream: info: Microsoft.EntityFrameworkCore.Database.Command[20101]
2026-08-08T00:31:21.0730562+00:00 ContainerStream:       Executed DbCommand (2ms) [Parameters=[], CommandType='Text', CommandTimeout='30']
2026-08-08T00:31:21.0730643+00:00 ContainerStream:       SELECT 1
2026-08-08T00:31:21.0755311+00:00 ContainerStream: info: Microsoft.EntityFrameworkCore.Database.Command[20101]
2026-08-08T00:31:21.0755804+00:00 ContainerStream:       Executed DbCommand (3ms) [Parameters=[], CommandType='Text', CommandTimeout='30']
2026-08-08T00:31:21.0755897+00:00 ContainerStream:       SELECT OBJECT_ID(N'[__EFMigrationsHistory]');
2026-08-08T00:31:21.0800629+00:00 ContainerStream: info: Microsoft.EntityFrameworkCore.Database.Command[20101]
2026-08-08T00:31:21.0801113+00:00 ContainerStream:       Executed DbCommand (3ms) [Parameters=[], CommandType='Text', CommandTimeout='30']
2026-08-08T00:31:21.0801203+00:00 ContainerStream:       SELECT [MigrationId], [ProductVersion]
2026-08-08T00:31:21.0801258+00:00 ContainerStream:       FROM [__EFMigrationsHistory]
2026-08-08T00:31:21.0802198+00:00 ContainerStream:       ORDER BY [MigrationId];
2026-08-08T00:31:21.0824947+00:00 ContainerStream: info: Microsoft.EntityFrameworkCore.Database.Command[20101]
2026-08-08T00:31:21.0825368+00:00 ContainerStream:       Executed DbCommand (2ms) [Parameters=[], CommandType='Text', CommandTimeout='30']
2026-08-08T00:31:21.0825446+00:00 ContainerStream:       SELECT TOP(1) [b].[BankAccountNumber]
2026-08-08T00:31:21.0825484+00:00 ContainerStream:       FROM [Beneficiaries] AS [b]
2026-08-08T00:31:21.0825572+00:00 ContainerStream:       ORDER BY [b].[Id]
2026-08-08T00:31:27.5767430+00:00 ContainerStream: info: Microsoft.EntityFrameworkCore.Database.Command[20101]
2026-08-08T00:31:27.5768377+00:00 ContainerStream:       Executed DbCommand (3ms) [Parameters=[], CommandType='Text', CommandTimeout='30']
2026-08-08T00:31:27.5768476+00:00 ContainerStream:       SELECT 1
2026-08-08T00:31:27.5786355+00:00 ContainerStream: info: Microsoft.EntityFrameworkCore.Database.Command[20101]
2026-08-08T00:31:27.5786864+00:00 ContainerStream:       Executed DbCommand (2ms) [Parameters=[], CommandType='Text', CommandTimeout='30']
2026-08-08T00:31:27.5786959+00:00 ContainerStream:       SELECT OBJECT_ID(N'[__EFMigrationsHistory]');
2026-08-08T00:31:27.5829920+00:00 ContainerStream: info: Microsoft.EntityFrameworkCore.Database.Command[20101]
2026-08-08T00:31:27.5830238+00:00 ContainerStream:       Executed DbCommand (2ms) [Parameters=[], CommandType='Text', CommandTimeout='30']
2026-08-08T00:31:27.5830358+00:00 ContainerStream:       SELECT [MigrationId], [ProductVersion]
2026-08-08T00:31:27.5830405+00:00 ContainerStream:       FROM [__EFMigrationsHistory]
2026-08-08T00:31:27.5830450+00:00 ContainerStream:       ORDER BY [MigrationId];
2026-08-08T00:31:27.5852905+00:00 ContainerStream: info: Microsoft.EntityFrameworkCore.Database.Command[20101]
2026-08-08T00:31:27.5853237+00:00 ContainerStream:       Executed DbCommand (2ms) [Parameters=[], CommandType='Text', CommandTimeout='30']
2026-08-08T00:31:27.5853303+00:00 ContainerStream:       SELECT TOP(1) [b].[BankAccountNumber]
2026-08-08T00:31:27.5853345+00:00 ContainerStream:       FROM [Beneficiaries] AS [b]
2026-08-08T00:31:27.5853479+00:00 ContainerStream:       ORDER BY [b].[Id]
2026-08-08T00:31:31.7828745+00:00 ContainerStream: info: Microsoft.EntityFrameworkCore.Database.Command[20101]
2026-08-08T00:31:31.7829634+00:00 ContainerStream:       Executed DbCommand (3ms) [Parameters=[], CommandType='Text', CommandTimeout='30']
2026-08-08T00:31:31.7829752+00:00 ContainerStream:       SELECT 1
2026-08-08T00:31:31.7851323+00:00 ContainerStream: info: Microsoft.EntityFrameworkCore.Database.Command[20101]
2026-08-08T00:31:31.7851890+00:00 ContainerStream:       Executed DbCommand (2ms) [Parameters=[], CommandType='Text', CommandTimeout='30']
2026-08-08T00:31:31.7852062+00:00 ContainerStream:       SELECT OBJECT_ID(N'[__EFMigrationsHistory]');
2026-08-08T00:31:31.7888631+00:00 ContainerStream: info: Microsoft.EntityFrameworkCore.Database.Command[20101]
2026-08-08T00:31:31.7890054+00:00 ContainerStream:       Executed DbCommand (2ms) [Parameters=[], CommandType='Text', CommandTimeout='30']
2026-08-08T00:31:31.7890161+00:00 ContainerStream:       SELECT [MigrationId], [ProductVersion]
2026-08-08T00:31:31.7890208+00:00 ContainerStream:       FROM [__EFMigrationsHistory]
2026-08-08T00:31:31.7890542+00:00 ContainerStream:       ORDER BY [MigrationId];
2026-08-08T00:31:31.7913404+00:00 ContainerStream: info: Microsoft.EntityFrameworkCore.Database.Command[20101]
2026-08-08T00:31:31.7913723+00:00 ContainerStream:       Executed DbCommand (2ms) [Parameters=[], CommandType='Text', CommandTimeout='30']
2026-08-08T00:31:31.7913786+00:00 ContainerStream:       SELECT TOP(1) [b].[BankAccountNumber]
2026-08-08T00:31:31.7913874+00:00 ContainerStream:       FROM [Beneficiaries] AS [b]
2026-08-08T00:31:31.7913913+00:00 ContainerStream:       ORDER BY [b].[Id]
2026-08-08T00:31:32.3713156+00:00 ContainerStream: info: Microsoft.EntityFrameworkCore.Database.Command[20101]
2026-08-08T00:31:32.3714024+00:00 ContainerStream:       Executed DbCommand (2ms) [Parameters=[], CommandType='Text', CommandTimeout='30']
2026-08-08T00:31:32.3714125+00:00 ContainerStream:       SELECT 1
2026-08-08T00:31:32.3738717+00:00 ContainerStream: info: Microsoft.EntityFrameworkCore.Database.Command[20101]
2026-08-08T00:31:32.3739714+00:00 ContainerStream:       Executed DbCommand (2ms) [Parameters=[], CommandType='Text', CommandTimeout='30']
2026-08-08T00:31:32.3739973+00:00 ContainerStream:       SELECT OBJECT_ID(N'[__EFMigrationsHistory]');
2026-08-08T00:31:32.3776537+00:00 ContainerStream: info: Microsoft.EntityFrameworkCore.Database.Command[20101]
2026-08-08T00:31:32.3776985+00:00 ContainerStream:       Executed DbCommand (2ms) [Parameters=[], CommandType='Text', CommandTimeout='30']
2026-08-08T00:31:32.3777063+00:00 ContainerStream:       SELECT [MigrationId], [ProductVersion]
2026-08-08T00:31:32.3777109+00:00 ContainerStream:       FROM [__EFMigrationsHistory]
2026-08-08T00:31:32.3777702+00:00 ContainerStream:       ORDER BY [MigrationId];
2026-08-08T00:31:32.3793289+00:00 ContainerStream: info: Microsoft.EntityFrameworkCore.Database.Command[20101]
2026-08-08T00:31:32.3793622+00:00 ContainerStream:       Executed DbCommand (2ms) [Parameters=[], CommandType='Text', CommandTimeout='30']
2026-08-08T00:31:32.3793689+00:00 ContainerStream:       SELECT TOP(1) [b].[BankAccountNumber]
2026-08-08T00:31:32.3793727+00:00 ContainerStream:       FROM [Beneficiaries] AS [b]
2026-08-08T00:31:32.3793766+00:00 ContainerStream:       ORDER BY [b].[Id]
2026-08-08T00:31:32.7576709+00:00 ContainerStream: info: Microsoft.EntityFrameworkCore.Database.Command[20101]
2026-08-08T00:31:32.7577435+00:00 ContainerStream:       Executed DbCommand (2ms) [Parameters=[], CommandType='Text', CommandTimeout='30']
2026-08-08T00:31:32.7577545+00:00 ContainerStream:       SELECT 1
2026-08-08T00:31:32.7598722+00:00 ContainerStream: info: Microsoft.EntityFrameworkCore.Database.Command[20101]
2026-08-08T00:31:32.7601366+00:00 ContainerStream:       Executed DbCommand (2ms) [Parameters=[], CommandType='Text', CommandTimeout='30']
2026-08-08T00:31:32.7601537+00:00 ContainerStream:       SELECT OBJECT_ID(N'[__EFMigrationsHistory]');
2026-08-08T00:31:32.7638223+00:00 ContainerStream: info: Microsoft.EntityFrameworkCore.Database.Command[20101]
2026-08-08T00:31:32.7638543+00:00 ContainerStream:       Executed DbCommand (2ms) [Parameters=[], CommandType='Text', CommandTimeout='30']
2026-08-08T00:31:32.7638616+00:00 ContainerStream:       SELECT [MigrationId], [ProductVersion]
2026-08-08T00:31:32.7638697+00:00 ContainerStream:       FROM [__EFMigrationsHistory]
2026-08-08T00:31:32.7647824+00:00 ContainerStream:       ORDER BY [MigrationId];
2026-08-08T00:31:32.7654264+00:00 ContainerStream: info: Microsoft.EntityFrameworkCore.Database.Command[20101]
2026-08-08T00:31:32.7654545+00:00 ContainerStream:       Executed DbCommand (2ms) [Parameters=[], CommandType='Text', CommandTimeout='30']
2026-08-08T00:31:32.7654652+00:00 ContainerStream:       SELECT TOP(1) [b].[BankAccountNumber]
2026-08-08T00:31:32.7654691+00:00 ContainerStream:       FROM [Beneficiaries] AS [b]
2026-08-08T00:31:32.7654725+00:00 ContainerStream:       ORDER BY [b].[Id]
2026-08-08T00:31:36.6108707+00:00 ContainerStream: info: Microsoft.EntityFrameworkCore.Database.Command[20101]
2026-08-08T00:31:36.6109439+00:00 ContainerStream:       Executed DbCommand (3ms) [Parameters=[], CommandType='Text', CommandTimeout='30']
2026-08-08T00:31:36.6109611+00:00 ContainerStream:       SELECT 1
2026-08-08T00:31:36.6141438+00:00 ContainerStream: info: Microsoft.EntityFrameworkCore.Database.Command[20101]
2026-08-08T00:31:36.6142108+00:00 ContainerStream:       Executed DbCommand (2ms) [Parameters=[], CommandType='Text', CommandTimeout='30']
2026-08-08T00:31:36.6142211+00:00 ContainerStream:       SELECT OBJECT_ID(N'[__EFMigrationsHistory]');
2026-08-08T00:31:36.6160452+00:00 ContainerStream: info: Microsoft.EntityFrameworkCore.Database.Command[20101]
2026-08-08T00:31:36.6160866+00:00 ContainerStream:       Executed DbCommand (2ms) [Parameters=[], CommandType='Text', CommandTimeout='30']
2026-08-08T00:31:36.6161034+00:00 ContainerStream:       SELECT [MigrationId], [ProductVersion]
2026-08-08T00:31:36.6161085+00:00 ContainerStream:       FROM [__EFMigrationsHistory]
2026-08-08T00:31:36.6161291+00:00 ContainerStream:       ORDER BY [MigrationId];
2026-08-08T00:31:36.6188583+00:00 ContainerStream: info: Microsoft.EntityFrameworkCore.Database.Command[20101]
2026-08-08T00:31:36.6188932+00:00 ContainerStream:       Executed DbCommand (2ms) [Parameters=[], CommandType='Text', CommandTimeout='30']
2026-08-08T00:31:36.6189008+00:00 ContainerStream:       SELECT TOP(1) [b].[BankAccountNumber]
2026-08-08T00:31:36.6189049+00:00 ContainerStream:       FROM [Beneficiaries] AS [b]
2026-08-08T00:31:36.6189128+00:00 ContainerStream:       ORDER BY [b].[Id]
2026-08-08T00:31:36.8687163+00:00 ContainerStream: info: Microsoft.EntityFrameworkCore.Database.Command[20101]
2026-08-08T00:31:36.8687971+00:00 ContainerStream:       Executed DbCommand (2ms) [Parameters=[], CommandType='Text', CommandTimeout='30']
2026-08-08T00:31:36.8688072+00:00 ContainerStream:       SELECT 1
2026-08-08T00:31:36.8718756+00:00 ContainerStream: info: Microsoft.EntityFrameworkCore.Database.Command[20101]
2026-08-08T00:31:36.8719311+00:00 ContainerStream:       Executed DbCommand (2ms) [Parameters=[], CommandType='Text', CommandTimeout='30']
2026-08-08T00:31:36.8719402+00:00 ContainerStream:       SELECT OBJECT_ID(N'[__EFMigrationsHistory]');
2026-08-08T00:31:36.8736753+00:00 ContainerStream: info: Microsoft.EntityFrameworkCore.Database.Command[20101]
2026-08-08T00:31:36.8737171+00:00 ContainerStream:       Executed DbCommand (2ms) [Parameters=[], CommandType='Text', CommandTimeout='30']
2026-08-08T00:31:36.8737316+00:00 ContainerStream:       SELECT [MigrationId], [ProductVersion]
2026-08-08T00:31:36.8737364+00:00 ContainerStream:       FROM [__EFMigrationsHistory]
2026-08-08T00:31:36.8737401+00:00 ContainerStream:       ORDER BY [MigrationId];
2026-08-08T00:31:36.8763961+00:00 ContainerStream: info: Microsoft.EntityFrameworkCore.Database.Command[20101]
2026-08-08T00:31:36.8764330+00:00 ContainerStream:       Executed DbCommand (2ms) [Parameters=[], CommandType='Text', CommandTimeout='30']
2026-08-08T00:31:36.8764465+00:00 ContainerStream:       SELECT TOP(1) [b].[BankAccountNumber]
2026-08-08T00:31:36.8764505+00:00 ContainerStream:       FROM [Beneficiaries] AS [b]
2026-08-08T00:31:36.8764545+00:00 ContainerStream:       ORDER BY [b].[Id]
2026-08-08T00:31:40.8444693+00:00 ContainerStream: info: Microsoft.EntityFrameworkCore.Database.Command[20101]
2026-08-08T00:31:40.8445508+00:00 ContainerStream:       Executed DbCommand (3ms) [Parameters=[], CommandType='Text', CommandTimeout='30']
2026-08-08T00:31:40.8445642+00:00 ContainerStream:       SELECT 1
2026-08-08T00:31:40.8520652+00:00 ContainerStream: info: Microsoft.EntityFrameworkCore.Database.Command[20101]
2026-08-08T00:31:40.8521246+00:00 ContainerStream:       Executed DbCommand (2ms) [Parameters=[], CommandType='Text', CommandTimeout='30']
2026-08-08T00:31:40.8521356+00:00 ContainerStream:       SELECT OBJECT_ID(N'[__EFMigrationsHistory]');
2026-08-08T00:31:40.8554808+00:00 ContainerStream: info: Microsoft.EntityFrameworkCore.Database.Command[20101]
2026-08-08T00:31:40.8555243+00:00 ContainerStream:       Executed DbCommand (2ms) [Parameters=[], CommandType='Text', CommandTimeout='30']
2026-08-08T00:31:40.8555317+00:00 ContainerStream:       SELECT [MigrationId], [ProductVersion]
2026-08-08T00:31:40.8555360+00:00 ContainerStream:       FROM [__EFMigrationsHistory]
2026-08-08T00:31:40.8555455+00:00 ContainerStream:       ORDER BY [MigrationId];
2026-08-08T00:31:40.8579144+00:00 ContainerStream: info: Microsoft.EntityFrameworkCore.Database.Command[20101]
2026-08-08T00:31:40.8579504+00:00 ContainerStream:       Executed DbCommand (2ms) [Parameters=[], CommandType='Text', CommandTimeout='30']
2026-08-08T00:31:40.8579582+00:00 ContainerStream:       SELECT TOP(1) [b].[BankAccountNumber]
2026-08-08T00:31:40.8579764+00:00 ContainerStream:       FROM [Beneficiaries] AS [b]
2026-08-08T00:31:40.8579872+00:00 ContainerStream:       ORDER BY [b].[Id]
2026-08-08T00:31:44.0612956+00:00 ContainerStream: info: Microsoft.EntityFrameworkCore.Database.Command[20101]
2026-08-08T00:31:44.0613921+00:00 ContainerStream:       Executed DbCommand (7ms) [Parameters=[], CommandType='Text', CommandTimeout='30']
2026-08-08T00:31:44.0614027+00:00 ContainerStream:       SELECT 1
2026-08-08T00:31:44.0632768+00:00 ContainerStream: info: Microsoft.EntityFrameworkCore.Database.Command[20101]
2026-08-08T00:31:44.0633302+00:00 ContainerStream:       Executed DbCommand (2ms) [Parameters=[], CommandType='Text', CommandTimeout='30']
2026-08-08T00:31:44.0633387+00:00 ContainerStream:       SELECT OBJECT_ID(N'[__EFMigrationsHistory]');
2026-08-08T00:31:44.0672515+00:00 ContainerStream: info: Microsoft.EntityFrameworkCore.Database.Command[20101]
2026-08-08T00:31:44.0672959+00:00 ContainerStream:       Executed DbCommand (2ms) [Parameters=[], CommandType='Text', CommandTimeout='30']
2026-08-08T00:31:44.0673093+00:00 ContainerStream:       SELECT [MigrationId], [ProductVersion]
2026-08-08T00:31:44.0673135+00:00 ContainerStream:       FROM [__EFMigrationsHistory]
2026-08-08T00:31:44.0673173+00:00 ContainerStream:       ORDER BY [MigrationId];
2026-08-08T00:31:44.0690734+00:00 ContainerStream: info: Microsoft.EntityFrameworkCore.Database.Command[20101]
2026-08-08T00:31:44.0691091+00:00 ContainerStream:       Executed DbCommand (2ms) [Parameters=[], CommandType='Text', CommandTimeout='30']
2026-08-08T00:31:44.0691297+00:00 ContainerStream:       SELECT TOP(1) [b].[BankAccountNumber]
2026-08-08T00:31:44.0691342+00:00 ContainerStream:       FROM [Beneficiaries] AS [b]
2026-08-08T00:31:44.0691380+00:00 ContainerStream:       ORDER BY [b].[Id]
2026-08-08T00:31:45.3273098+00:00 ContainerStream: info: Microsoft.EntityFrameworkCore.Database.Command[20101]
2026-08-08T00:31:45.3273989+00:00 ContainerStream:       Executed DbCommand (2ms) [Parameters=[], CommandType='Text', CommandTimeout='30']
2026-08-08T00:31:45.3274114+00:00 ContainerStream:       SELECT 1
2026-08-08T00:31:45.3305817+00:00 ContainerStream: info: Microsoft.EntityFrameworkCore.Database.Command[20101]
2026-08-08T00:31:45.3306287+00:00 ContainerStream:       Executed DbCommand (2ms) [Parameters=[], CommandType='Text', CommandTimeout='30']
2026-08-08T00:31:45.3306391+00:00 ContainerStream:       SELECT OBJECT_ID(N'[__EFMigrationsHistory]');
2026-08-08T00:31:45.3324646+00:00 ContainerStream: info: Microsoft.EntityFrameworkCore.Database.Command[20101]
2026-08-08T00:31:45.3325024+00:00 ContainerStream:       Executed DbCommand (2ms) [Parameters=[], CommandType='Text', CommandTimeout='30']
2026-08-08T00:31:45.3325102+00:00 ContainerStream:       SELECT [MigrationId], [ProductVersion]
2026-08-08T00:31:45.3325145+00:00 ContainerStream:       FROM [__EFMigrationsHistory]
2026-08-08T00:31:45.3331396+00:00 ContainerStream:       ORDER BY [MigrationId];
2026-08-08T00:31:45.3350026+00:00 ContainerStream: info: Microsoft.EntityFrameworkCore.Database.Command[20101]
2026-08-08T00:31:45.3350334+00:00 ContainerStream:       Executed DbCommand (2ms) [Parameters=[], CommandType='Text', CommandTimeout='30']
2026-08-08T00:31:45.3350401+00:00 ContainerStream:       SELECT TOP(1) [b].[BankAccountNumber]
2026-08-08T00:31:45.3350440+00:00 ContainerStream:       FROM [Beneficiaries] AS [b]
2026-08-08T00:31:45.3350521+00:00 ContainerStream:       ORDER BY [b].[Id]
2026-08-08T00:31:46.3189586+00:00 ContainerStream: info: Microsoft.EntityFrameworkCore.Database.Command[20101]
2026-08-08T00:31:46.3190415+00:00 ContainerStream:       Executed DbCommand (3ms) [Parameters=[], CommandType='Text', CommandTimeout='30']
2026-08-08T00:31:46.3190530+00:00 ContainerStream:       SELECT 1
2026-08-08T00:31:46.3221163+00:00 ContainerStream: info: Microsoft.EntityFrameworkCore.Database.Command[20101]
2026-08-08T00:31:46.3221844+00:00 ContainerStream:       Executed DbCommand (2ms) [Parameters=[], CommandType='Text', CommandTimeout='30']
2026-08-08T00:31:46.3223556+00:00 ContainerStream:       SELECT OBJECT_ID(N'[__EFMigrationsHistory]');
2026-08-08T00:31:46.3242623+00:00 ContainerStream: info: Microsoft.EntityFrameworkCore.Database.Command[20101]
2026-08-08T00:31:46.3242932+00:00 ContainerStream:       Executed DbCommand (2ms) [Parameters=[], CommandType='Text', CommandTimeout='30']
2026-08-08T00:31:46.3243050+00:00 ContainerStream:       SELECT [MigrationId], [ProductVersion]
2026-08-08T00:31:46.3243095+00:00 ContainerStream:       FROM [__EFMigrationsHistory]
2026-08-08T00:31:46.3243692+00:00 ContainerStream:       ORDER BY [MigrationId];
2026-08-08T00:31:46.3263422+00:00 ContainerStream: info: Microsoft.EntityFrameworkCore.Database.Command[20101]
2026-08-08T00:31:46.3263769+00:00 ContainerStream:       Executed DbCommand (2ms) [Parameters=[], CommandType='Text', CommandTimeout='30']
2026-08-08T00:31:46.3263837+00:00 ContainerStream:       SELECT TOP(1) [b].[BankAccountNumber]
2026-08-08T00:31:46.3263876+00:00 ContainerStream:       FROM [Beneficiaries] AS [b]
2026-08-08T00:31:46.3263912+00:00 ContainerStream:       ORDER BY [b].[Id]
2026-08-08T00:31:47.9114174+00:00 ContainerStream: info: Microsoft.EntityFrameworkCore.Database.Command[20101]
2026-08-08T00:31:47.9115020+00:00 ContainerStream:       Executed DbCommand (3ms) [Parameters=[], CommandType='Text', CommandTimeout='30']
2026-08-08T00:31:47.9115134+00:00 ContainerStream:       SELECT 1
2026-08-08T00:31:47.9148059+00:00 ContainerStream: info: Microsoft.EntityFrameworkCore.Database.Command[20101]
2026-08-08T00:31:47.9148621+00:00 ContainerStream:       Executed DbCommand (2ms) [Parameters=[], CommandType='Text', CommandTimeout='30']
2026-08-08T00:31:47.9148758+00:00 ContainerStream:       SELECT OBJECT_ID(N'[__EFMigrationsHistory]');
2026-08-08T00:31:47.9167099+00:00 ContainerStream: info: Microsoft.EntityFrameworkCore.Database.Command[20101]
2026-08-08T00:31:47.9167527+00:00 ContainerStream:       Executed DbCommand (2ms) [Parameters=[], CommandType='Text', CommandTimeout='30']
2026-08-08T00:31:47.9167593+00:00 ContainerStream:       SELECT [MigrationId], [ProductVersion]
2026-08-08T00:31:47.9167674+00:00 ContainerStream:       FROM [__EFMigrationsHistory]
2026-08-08T00:31:47.9172990+00:00 ContainerStream:       ORDER BY [MigrationId];
2026-08-08T00:31:47.9191080+00:00 ContainerStream: info: Microsoft.EntityFrameworkCore.Database.Command[20101]
2026-08-08T00:31:47.9191412+00:00 ContainerStream:       Executed DbCommand (2ms) [Parameters=[], CommandType='Text', CommandTimeout='30']
2026-08-08T00:31:47.9191476+00:00 ContainerStream:       SELECT TOP(1) [b].[BankAccountNumber]
2026-08-08T00:31:47.9191568+00:00 ContainerStream:       FROM [Beneficiaries] AS [b]
2026-08-08T00:31:47.9191604+00:00 ContainerStream:       ORDER BY [b].[Id]
2026-08-08T00:31:48.2588984+00:00 ContainerStream: info: Microsoft.EntityFrameworkCore.Database.Command[20101]
2026-08-08T00:31:48.2589699+00:00 ContainerStream:       Executed DbCommand (2ms) [Parameters=[], CommandType='Text', CommandTimeout='30']
2026-08-08T00:31:48.2589803+00:00 ContainerStream:       SELECT 1
2026-08-08T00:31:48.2627466+00:00 ContainerStream: info: Microsoft.EntityFrameworkCore.Database.Command[20101]
2026-08-08T00:31:48.2627965+00:00 ContainerStream:       Executed DbCommand (2ms) [Parameters=[], CommandType='Text', CommandTimeout='30']
2026-08-08T00:31:48.2628063+00:00 ContainerStream:       SELECT OBJECT_ID(N'[__EFMigrationsHistory]');
2026-08-08T00:31:48.2646373+00:00 ContainerStream: info: Microsoft.EntityFrameworkCore.Database.Command[20101]
2026-08-08T00:31:48.2647143+00:00 ContainerStream:       Executed DbCommand (2ms) [Parameters=[], CommandType='Text', CommandTimeout='30']
2026-08-08T00:31:48.2647240+00:00 ContainerStream:       SELECT [MigrationId], [ProductVersion]
2026-08-08T00:31:48.2647280+00:00 ContainerStream:       FROM [__EFMigrationsHistory]
2026-08-08T00:31:48.2647319+00:00 ContainerStream:       ORDER BY [MigrationId];
2026-08-08T00:31:48.2672392+00:00 ContainerStream: info: Microsoft.EntityFrameworkCore.Database.Command[20101]
2026-08-08T00:31:48.2672753+00:00 ContainerStream:       Executed DbCommand (2ms) [Parameters=[], CommandType='Text', CommandTimeout='30']
2026-08-08T00:31:48.2672854+00:00 ContainerStream:       SELECT TOP(1) [b].[BankAccountNumber]
2026-08-08T00:31:48.2672901+00:00 ContainerStream:       FROM [Beneficiaries] AS [b]
2026-08-08T00:31:48.2672940+00:00 ContainerStream:       ORDER BY [b].[Id]
2026-08-08T00:31:48.4690291+00:00 ContainerStream: info: Microsoft.EntityFrameworkCore.Database.Command[20101]
2026-08-08T00:31:48.4691021+00:00 ContainerStream:       Executed DbCommand (2ms) [Parameters=[], CommandType='Text', CommandTimeout='30']
2026-08-08T00:31:48.4691139+00:00 ContainerStream:       SELECT 1
2026-08-08T00:31:48.4724828+00:00 ContainerStream: info: Microsoft.EntityFrameworkCore.Database.Command[20101]
2026-08-08T00:31:48.4725388+00:00 ContainerStream:       Executed DbCommand (2ms) [Parameters=[], CommandType='Text', CommandTimeout='30']
2026-08-08T00:31:48.4725536+00:00 ContainerStream:       SELECT OBJECT_ID(N'[__EFMigrationsHistory]');
2026-08-08T00:31:48.4747704+00:00 ContainerStream: info: Microsoft.EntityFrameworkCore.Database.Command[20101]
2026-08-08T00:31:48.4748076+00:00 ContainerStream:       Executed DbCommand (2ms) [Parameters=[], CommandType='Text', CommandTimeout='30']
2026-08-08T00:31:48.4748153+00:00 ContainerStream:       SELECT [MigrationId], [ProductVersion]
2026-08-08T00:31:48.4748245+00:00 ContainerStream:       FROM [__EFMigrationsHistory]
2026-08-08T00:31:48.4748289+00:00 ContainerStream:       ORDER BY [MigrationId];
2026-08-08T00:31:48.4771055+00:00 ContainerStream: info: Microsoft.EntityFrameworkCore.Database.Command[20101]
2026-08-08T00:31:48.4771295+00:00 ContainerStream:       Executed DbCommand (2ms) [Parameters=[], CommandType='Text', CommandTimeout='30']
2026-08-08T00:31:48.4771363+00:00 ContainerStream:       SELECT TOP(1) [b].[BankAccountNumber]
2026-08-08T00:31:48.4771455+00:00 ContainerStream:       FROM [Beneficiaries] AS [b]
2026-08-08T00:31:48.4771492+00:00 ContainerStream:       ORDER BY [b].[Id]
2026-08-08T00:31:52.7475580+00:00 ContainerStream: info: Microsoft.EntityFrameworkCore.Database.Command[20101]
2026-08-08T00:31:52.7476389+00:00 ContainerStream:       Executed DbCommand (3ms) [Parameters=[], CommandType='Text', CommandTimeout='30']
2026-08-08T00:31:52.7476592+00:00 ContainerStream:       SELECT 1
2026-08-08T00:31:52.7498013+00:00 ContainerStream: info: Microsoft.EntityFrameworkCore.Database.Command[20101]
2026-08-08T00:31:52.7499171+00:00 ContainerStream:       Executed DbCommand (2ms) [Parameters=[], CommandType='Text', CommandTimeout='30']
2026-08-08T00:31:52.7499280+00:00 ContainerStream:       SELECT OBJECT_ID(N'[__EFMigrationsHistory]');
2026-08-08T00:31:52.7540364+00:00 ContainerStream: info: Microsoft.EntityFrameworkCore.Database.Command[20101]
2026-08-08T00:31:52.7540738+00:00 ContainerStream:       Executed DbCommand (2ms) [Parameters=[], CommandType='Text', CommandTimeout='30']
2026-08-08T00:31:52.7540817+00:00 ContainerStream:       SELECT [MigrationId], [ProductVersion]
2026-08-08T00:31:52.7540863+00:00 ContainerStream:       FROM [__EFMigrationsHistory]
2026-08-08T00:31:52.7540907+00:00 ContainerStream:       ORDER BY [MigrationId];
2026-08-08T00:31:52.7571058+00:00 ContainerStream: info: Microsoft.EntityFrameworkCore.Database.Command[20101]
2026-08-08T00:31:52.7571439+00:00 ContainerStream:       Executed DbCommand (3ms) [Parameters=[], CommandType='Text', CommandTimeout='30']
2026-08-08T00:31:52.7576467+00:00 ContainerStream:       SELECT TOP(1) [b].[BankAccountNumber]
2026-08-08T00:31:52.7576661+00:00 ContainerStream:       FROM [Beneficiaries] AS [b]
2026-08-08T00:31:52.7576712+00:00 ContainerStream:       ORDER BY [b].[Id]
2026-08-08T00:32:03.7918081+00:00 ContainerStream: info: Microsoft.EntityFrameworkCore.Database.Command[20101]
2026-08-08T00:32:03.7918913+00:00 ContainerStream:       Executed DbCommand (3ms) [Parameters=[], CommandType='Text', CommandTimeout='30']
2026-08-08T00:32:03.7919054+00:00 ContainerStream:       SELECT 1
2026-08-08T00:32:03.7928619+00:00 ContainerStream: info: Microsoft.EntityFrameworkCore.Database.Command[20101]
2026-08-08T00:32:03.7929130+00:00 ContainerStream:       Executed DbCommand (2ms) [Parameters=[], CommandType='Text', CommandTimeout='30']
2026-08-08T00:32:03.7929232+00:00 ContainerStream:       SELECT OBJECT_ID(N'[__EFMigrationsHistory]');
2026-08-08T00:32:03.7966335+00:00 ContainerStream: info: Microsoft.EntityFrameworkCore.Database.Command[20101]
2026-08-08T00:32:03.7967208+00:00 ContainerStream:       Executed DbCommand (2ms) [Parameters=[], CommandType='Text', CommandTimeout='30']
2026-08-08T00:32:03.7967281+00:00 ContainerStream:       SELECT [MigrationId], [ProductVersion]
2026-08-08T00:32:03.7967320+00:00 ContainerStream:       FROM [__EFMigrationsHistory]
2026-08-08T00:32:03.7967357+00:00 ContainerStream:       ORDER BY [MigrationId];
2026-08-08T00:32:03.7988970+00:00 ContainerStream: info: Microsoft.EntityFrameworkCore.Database.Command[20101]
2026-08-08T00:32:03.7989308+00:00 ContainerStream:       Executed DbCommand (2ms) [Parameters=[], CommandType='Text', CommandTimeout='30']
2026-08-08T00:32:03.7989373+00:00 ContainerStream:       SELECT TOP(1) [b].[BankAccountNumber]
2026-08-08T00:32:03.7989409+00:00 ContainerStream:       FROM [Beneficiaries] AS [b]
2026-08-08T00:32:03.7989444+00:00 ContainerStream:       ORDER BY [b].[Id]
2026-08-08T00:32:04.3067217+00:00 ContainerStream: info: Microsoft.EntityFrameworkCore.Database.Command[20101]
2026-08-08T00:32:04.3067980+00:00 ContainerStream:       Executed DbCommand (2ms) [Parameters=[], CommandType='Text', CommandTimeout='30']
2026-08-08T00:32:04.3068126+00:00 ContainerStream:       SELECT 1
2026-08-08T00:32:04.3094883+00:00 ContainerStream: info: Microsoft.EntityFrameworkCore.Database.Command[20101]
2026-08-08T00:32:04.3097835+00:00 ContainerStream:       Executed DbCommand (2ms) [Parameters=[], CommandType='Text', CommandTimeout='30']
2026-08-08T00:32:04.3098099+00:00 ContainerStream:       SELECT OBJECT_ID(N'[__EFMigrationsHistory]');
2026-08-08T00:32:04.3137245+00:00 ContainerStream: info: Microsoft.EntityFrameworkCore.Database.Command[20101]
2026-08-08T00:32:04.3137571+00:00 ContainerStream:       Executed DbCommand (2ms) [Parameters=[], CommandType='Text', CommandTimeout='30']
2026-08-08T00:32:04.3137643+00:00 ContainerStream:       SELECT [MigrationId], [ProductVersion]
2026-08-08T00:32:04.3137737+00:00 ContainerStream:       FROM [__EFMigrationsHistory]
2026-08-08T00:32:04.3137786+00:00 ContainerStream:       ORDER BY [MigrationId];
2026-08-08T00:32:04.3159629+00:00 ContainerStream: info: Microsoft.EntityFrameworkCore.Database.Command[20101]
2026-08-08T00:32:04.3159932+00:00 ContainerStream:       Executed DbCommand (2ms) [Parameters=[], CommandType='Text', CommandTimeout='30']
2026-08-08T00:32:04.3160007+00:00 ContainerStream:       SELECT TOP(1) [b].[BankAccountNumber]
2026-08-08T00:32:04.3160102+00:00 ContainerStream:       FROM [Beneficiaries] AS [b]
2026-08-08T00:32:04.3160145+00:00 ContainerStream:       ORDER BY [b].[Id]
2026-08-08T00:32:08.2281656+00:00 ContainerStream: info: Microsoft.EntityFrameworkCore.Database.Command[20101]
2026-08-08T00:32:08.2282492+00:00 ContainerStream:       Executed DbCommand (2ms) [Parameters=[], CommandType='Text', CommandTimeout='30']
2026-08-08T00:32:08.2282697+00:00 ContainerStream:       SELECT 1
2026-08-08T00:32:08.2305072+00:00 ContainerStream: info: Microsoft.EntityFrameworkCore.Database.Command[20101]
2026-08-08T00:32:08.2305593+00:00 ContainerStream:       Executed DbCommand (2ms) [Parameters=[], CommandType='Text', CommandTimeout='30']
2026-08-08T00:32:08.2305673+00:00 ContainerStream:       SELECT OBJECT_ID(N'[__EFMigrationsHistory]');
2026-08-08T00:32:08.2344289+00:00 ContainerStream: info: Microsoft.EntityFrameworkCore.Database.Command[20101]
2026-08-08T00:32:08.2344670+00:00 ContainerStream:       Executed DbCommand (2ms) [Parameters=[], CommandType='Text', CommandTimeout='30']
2026-08-08T00:32:08.2344752+00:00 ContainerStream:       SELECT [MigrationId], [ProductVersion]
2026-08-08T00:32:08.2344786+00:00 ContainerStream:       FROM [__EFMigrationsHistory]
2026-08-08T00:32:08.2344814+00:00 ContainerStream:       ORDER BY [MigrationId];
2026-08-08T00:32:08.2364821+00:00 ContainerStream: info: Microsoft.EntityFrameworkCore.Database.Command[20101]
2026-08-08T00:32:08.2369590+00:00 ContainerStream:       Executed DbCommand (2ms) [Parameters=[], CommandType='Text', CommandTimeout='30']
2026-08-08T00:32:08.2369798+00:00 ContainerStream:       SELECT TOP(1) [b].[BankAccountNumber]
2026-08-08T00:32:08.2369849+00:00 ContainerStream:       FROM [Beneficiaries] AS [b]
2026-08-08T00:32:08.2369895+00:00 ContainerStream:       ORDER BY [b].[Id]
2026-08-08T00:32:14.0825767+00:00 ContainerStream: info: Microsoft.EntityFrameworkCore.Database.Command[20101]
2026-08-08T00:32:14.0827042+00:00 ContainerStream:       Executed DbCommand (3ms) [Parameters=[], CommandType='Text', CommandTimeout='30']
2026-08-08T00:32:14.0827143+00:00 ContainerStream:       SELECT 1
2026-08-08T00:32:14.0848715+00:00 ContainerStream: info: Microsoft.EntityFrameworkCore.Database.Command[20101]
2026-08-08T00:32:14.0849543+00:00 ContainerStream:       Executed DbCommand (2ms) [Parameters=[], CommandType='Text', CommandTimeout='30']
2026-08-08T00:32:14.0849689+00:00 ContainerStream:       SELECT OBJECT_ID(N'[__EFMigrationsHistory]');
2026-08-08T00:32:14.0885093+00:00 ContainerStream: info: Microsoft.EntityFrameworkCore.Database.Command[20101]
2026-08-08T00:32:14.0886584+00:00 ContainerStream:       Executed DbCommand (2ms) [Parameters=[], CommandType='Text', CommandTimeout='30']
2026-08-08T00:32:14.0886940+00:00 ContainerStream:       SELECT [MigrationId], [ProductVersion]
2026-08-08T00:32:14.0887043+00:00 ContainerStream:       FROM [__EFMigrationsHistory]
2026-08-08T00:32:14.0891719+00:00 ContainerStream:       ORDER BY [MigrationId];
2026-08-08T00:32:14.0908214+00:00 ContainerStream: info: Microsoft.EntityFrameworkCore.Database.Command[20101]
2026-08-08T00:32:14.0908581+00:00 ContainerStream:       Executed DbCommand (2ms) [Parameters=[], CommandType='Text', CommandTimeout='30']
2026-08-08T00:32:14.0908792+00:00 ContainerStream:       SELECT TOP(1) [b].[BankAccountNumber]
2026-08-08T00:32:14.0911907+00:00 ContainerStream:       FROM [Beneficiaries] AS [b]
2026-08-08T00:32:14.0911964+00:00 ContainerStream:       ORDER BY [b].[Id]
2026-08-08T00:32:17.2078493+00:00 ContainerStream: info: Microsoft.EntityFrameworkCore.Database.Command[20101]
2026-08-08T00:32:17.2079270+00:00 ContainerStream:       Executed DbCommand (2ms) [Parameters=[], CommandType='Text', CommandTimeout='30']
2026-08-08T00:32:17.2079512+00:00 ContainerStream:       SELECT 1
2026-08-08T00:32:17.2115701+00:00 ContainerStream: info: Microsoft.EntityFrameworkCore.Database.Command[20101]
2026-08-08T00:32:17.2116280+00:00 ContainerStream:       Executed DbCommand (2ms) [Parameters=[], CommandType='Text', CommandTimeout='30']
2026-08-08T00:32:17.2116399+00:00 ContainerStream:       SELECT OBJECT_ID(N'[__EFMigrationsHistory]');
2026-08-08T00:32:17.2137272+00:00 ContainerStream: info: Microsoft.EntityFrameworkCore.Database.Command[20101]
2026-08-08T00:32:17.2137635+00:00 ContainerStream:       Executed DbCommand (2ms) [Parameters=[], CommandType='Text', CommandTimeout='30']
2026-08-08T00:32:17.2137715+00:00 ContainerStream:       SELECT [MigrationId], [ProductVersion]
2026-08-08T00:32:17.2137761+00:00 ContainerStream:       FROM [__EFMigrationsHistory]
2026-08-08T00:32:17.2137803+00:00 ContainerStream:       ORDER BY [MigrationId];
2026-08-08T00:32:17.2155182+00:00 ContainerStream: info: Microsoft.EntityFrameworkCore.Database.Command[20101]
2026-08-08T00:32:17.2155494+00:00 ContainerStream:       Executed DbCommand (2ms) [Parameters=[], CommandType='Text', CommandTimeout='30']
2026-08-08T00:32:17.2155563+00:00 ContainerStream:       SELECT TOP(1) [b].[BankAccountNumber]
2026-08-08T00:32:17.2155605+00:00 ContainerStream:       FROM [Beneficiaries] AS [b]
2026-08-08T00:32:17.2155641+00:00 ContainerStream:       ORDER BY [b].[Id]
2026-08-08T00:32:20.1947860+00:00 ContainerStream: info: Microsoft.EntityFrameworkCore.Database.Command[20101]
2026-08-08T00:32:20.1948469+00:00 ContainerStream:       Executed DbCommand (2ms) [Parameters=[], CommandType='Text', CommandTimeout='30']
2026-08-08T00:32:20.1948588+00:00 ContainerStream:       SELECT 1
2026-08-08T00:32:20.1983677+00:00 ContainerStream: info: Microsoft.EntityFrameworkCore.Database.Command[20101]
2026-08-08T00:32:20.1984175+00:00 ContainerStream:       Executed DbCommand (2ms) [Parameters=[], CommandType='Text', CommandTimeout='30']
2026-08-08T00:32:20.1984270+00:00 ContainerStream:       SELECT OBJECT_ID(N'[__EFMigrationsHistory]');
2026-08-08T00:32:20.2004576+00:00 ContainerStream: info: Microsoft.EntityFrameworkCore.Database.Command[20101]
2026-08-08T00:32:20.2004937+00:00 ContainerStream:       Executed DbCommand (2ms) [Parameters=[], CommandType='Text', CommandTimeout='30']
2026-08-08T00:32:20.2005070+00:00 ContainerStream:       SELECT [MigrationId], [ProductVersion]
2026-08-08T00:32:20.2005116+00:00 ContainerStream:       FROM [__EFMigrationsHistory]
2026-08-08T00:32:20.2009101+00:00 ContainerStream:       ORDER BY [MigrationId];
2026-08-08T00:32:20.2028367+00:00 ContainerStream: info: Microsoft.EntityFrameworkCore.Database.Command[20101]
2026-08-08T00:32:20.2028696+00:00 ContainerStream:       Executed DbCommand (2ms) [Parameters=[], CommandType='Text', CommandTimeout='30']
2026-08-08T00:32:20.2028762+00:00 ContainerStream:       SELECT TOP(1) [b].[BankAccountNumber]
2026-08-08T00:32:20.2028799+00:00 ContainerStream:       FROM [Beneficiaries] AS [b]
2026-08-08T00:32:20.2028840+00:00 ContainerStream:       ORDER BY [b].[Id]
2026-08-08T00:32:22.0131852+00:00 ContainerStream: info: Microsoft.EntityFrameworkCore.Database.Command[20101]
2026-08-08T00:32:22.0132691+00:00 ContainerStream:       Executed DbCommand (3ms) [Parameters=[], CommandType='Text', CommandTimeout='30']
2026-08-08T00:32:22.0132800+00:00 ContainerStream:       SELECT 1
2026-08-08T00:32:22.0153891+00:00 ContainerStream: info: Microsoft.EntityFrameworkCore.Database.Command[20101]
2026-08-08T00:32:22.0154364+00:00 ContainerStream:       Executed DbCommand (2ms) [Parameters=[], CommandType='Text', CommandTimeout='30']
2026-08-08T00:32:22.0154496+00:00 ContainerStream:       SELECT OBJECT_ID(N'[__EFMigrationsHistory]');
2026-08-08T00:32:22.0190278+00:00 ContainerStream: info: Microsoft.EntityFrameworkCore.Database.Command[20101]
2026-08-08T00:32:22.0190664+00:00 ContainerStream:       Executed DbCommand (2ms) [Parameters=[], CommandType='Text', CommandTimeout='30']
2026-08-08T00:32:22.0190837+00:00 ContainerStream:       SELECT [MigrationId], [ProductVersion]
2026-08-08T00:32:22.0190888+00:00 ContainerStream:       FROM [__EFMigrationsHistory]
2026-08-08T00:32:22.0191089+00:00 ContainerStream:       ORDER BY [MigrationId];
2026-08-08T00:32:22.0208948+00:00 ContainerStream: info: Microsoft.EntityFrameworkCore.Database.Command[20101]
2026-08-08T00:32:22.0209250+00:00 ContainerStream:       Executed DbCommand (2ms) [Parameters=[], CommandType='Text', CommandTimeout='30']
2026-08-08T00:32:22.0209319+00:00 ContainerStream:       SELECT TOP(1) [b].[BankAccountNumber]
2026-08-08T00:32:22.0209403+00:00 ContainerStream:       FROM [Beneficiaries] AS [b]
2026-08-08T00:32:22.0209533+00:00 ContainerStream:       ORDER BY [b].[Id]
2026-08-08T00:32:22.9584668+00:00 ContainerStream: info: Microsoft.EntityFrameworkCore.Database.Command[20101]
2026-08-08T00:32:22.9585502+00:00 ContainerStream:       Executed DbCommand (3ms) [Parameters=[], CommandType='Text', CommandTimeout='30']
2026-08-08T00:32:22.9585625+00:00 ContainerStream:       SELECT 1
2026-08-08T00:32:22.9616931+00:00 ContainerStream: info: Microsoft.EntityFrameworkCore.Database.Command[20101]
2026-08-08T00:32:22.9617667+00:00 ContainerStream:       Executed DbCommand (3ms) [Parameters=[], CommandType='Text', CommandTimeout='30']
2026-08-08T00:32:22.9617750+00:00 ContainerStream:       SELECT OBJECT_ID(N'[__EFMigrationsHistory]');
2026-08-08T00:32:22.9653813+00:00 ContainerStream: info: Microsoft.EntityFrameworkCore.Database.Command[20101]
2026-08-08T00:32:22.9654203+00:00 ContainerStream:       Executed DbCommand (2ms) [Parameters=[], CommandType='Text', CommandTimeout='30']
2026-08-08T00:32:22.9654279+00:00 ContainerStream:       SELECT [MigrationId], [ProductVersion]
2026-08-08T00:32:22.9654322+00:00 ContainerStream:       FROM [__EFMigrationsHistory]
2026-08-08T00:32:22.9654361+00:00 ContainerStream:       ORDER BY [MigrationId];
2026-08-08T00:32:22.9684190+00:00 ContainerStream: info: Microsoft.EntityFrameworkCore.Database.Command[20101]
2026-08-08T00:32:22.9684538+00:00 ContainerStream:       Executed DbCommand (2ms) [Parameters=[], CommandType='Text', CommandTimeout='30']
2026-08-08T00:32:22.9684612+00:00 ContainerStream:       SELECT TOP(1) [b].[BankAccountNumber]
2026-08-08T00:32:22.9684657+00:00 ContainerStream:       FROM [Beneficiaries] AS [b]
2026-08-08T00:32:22.9684701+00:00 ContainerStream:       ORDER BY [b].[Id]
2026-08-08T00:32:24.6137151+00:00 ContainerStream: info: Microsoft.EntityFrameworkCore.Database.Command[20101]
2026-08-08T00:32:24.6137934+00:00 ContainerStream:       Executed DbCommand (2ms) [Parameters=[], CommandType='Text', CommandTimeout='30']
2026-08-08T00:32:24.6138047+00:00 ContainerStream:       SELECT 1
2026-08-08T00:32:24.6161202+00:00 ContainerStream: info: Microsoft.EntityFrameworkCore.Database.Command[20101]
2026-08-08T00:32:24.6161668+00:00 ContainerStream:       Executed DbCommand (2ms) [Parameters=[], CommandType='Text', CommandTimeout='30']
2026-08-08T00:32:24.6161828+00:00 ContainerStream:       SELECT OBJECT_ID(N'[__EFMigrationsHistory]');
2026-08-08T00:32:24.6199624+00:00 ContainerStream: info: Microsoft.EntityFrameworkCore.Database.Command[20101]
2026-08-08T00:32:24.6199979+00:00 ContainerStream:       Executed DbCommand (2ms) [Parameters=[], CommandType='Text', CommandTimeout='30']
2026-08-08T00:32:24.6200165+00:00 ContainerStream:       SELECT [MigrationId], [ProductVersion]
2026-08-08T00:32:24.6200271+00:00 ContainerStream:       FROM [__EFMigrationsHistory]
2026-08-08T00:32:24.6200318+00:00 ContainerStream:       ORDER BY [MigrationId];
2026-08-08T00:32:24.6216802+00:00 ContainerStream: info: Microsoft.EntityFrameworkCore.Database.Command[20101]
2026-08-08T00:32:24.6217110+00:00 ContainerStream:       Executed DbCommand (2ms) [Parameters=[], CommandType='Text', CommandTimeout='30']
2026-08-08T00:32:24.6217182+00:00 ContainerStream:       SELECT TOP(1) [b].[BankAccountNumber]
2026-08-08T00:32:24.6217267+00:00 ContainerStream:       FROM [Beneficiaries] AS [b]
2026-08-08T00:32:24.6220026+00:00 ContainerStream:       ORDER BY [b].[Id]
2026-08-08T00:32:27.0245917+00:00 ContainerStream: info: Microsoft.EntityFrameworkCore.Database.Command[20101]
2026-08-08T00:32:27.0246916+00:00 ContainerStream:       Executed DbCommand (3ms) [Parameters=[], CommandType='Text', CommandTimeout='30']
2026-08-08T00:32:27.0247137+00:00 ContainerStream:       SELECT 1
2026-08-08T00:32:27.0279115+00:00 ContainerStream: info: Microsoft.EntityFrameworkCore.Database.Command[20101]
2026-08-08T00:32:27.0279699+00:00 ContainerStream:       Executed DbCommand (2ms) [Parameters=[], CommandType='Text', CommandTimeout='30']
2026-08-08T00:32:27.0279816+00:00 ContainerStream:       SELECT OBJECT_ID(N'[__EFMigrationsHistory]');
2026-08-08T00:32:27.0301486+00:00 ContainerStream: info: Microsoft.EntityFrameworkCore.Database.Command[20101]
2026-08-08T00:32:27.0301875+00:00 ContainerStream:       Executed DbCommand (2ms) [Parameters=[], CommandType='Text', CommandTimeout='30']
2026-08-08T00:32:27.0301944+00:00 ContainerStream:       SELECT [MigrationId], [ProductVersion]
2026-08-08T00:32:27.0301986+00:00 ContainerStream:       FROM [__EFMigrationsHistory]
2026-08-08T00:32:27.0302026+00:00 ContainerStream:       ORDER BY [MigrationId];
2026-08-08T00:32:27.0323638+00:00 ContainerStream: info: Microsoft.EntityFrameworkCore.Database.Command[20101]
2026-08-08T00:32:27.0323960+00:00 ContainerStream:       Executed DbCommand (2ms) [Parameters=[], CommandType='Text', CommandTimeout='30']
2026-08-08T00:32:27.0324034+00:00 ContainerStream:       SELECT TOP(1) [b].[BankAccountNumber]
2026-08-08T00:32:27.0324078+00:00 ContainerStream:       FROM [Beneficiaries] AS [b]
2026-08-08T00:32:27.0332543+00:00 ContainerStream:       ORDER BY [b].[Id]
2026-08-08T00:32:27.6426697+00:00 ContainerStream: info: Microsoft.EntityFrameworkCore.Database.Command[20101]
2026-08-08T00:32:27.6427409+00:00 ContainerStream:       Executed DbCommand (2ms) [Parameters=[], CommandType='Text', CommandTimeout='30']
2026-08-08T00:32:27.6427511+00:00 ContainerStream:       SELECT 1
2026-08-08T00:32:27.6447045+00:00 ContainerStream: info: Microsoft.EntityFrameworkCore.Database.Command[20101]
2026-08-08T00:32:27.6447659+00:00 ContainerStream:       Executed DbCommand (2ms) [Parameters=[], CommandType='Text', CommandTimeout='30']
2026-08-08T00:32:27.6447755+00:00 ContainerStream:       SELECT OBJECT_ID(N'[__EFMigrationsHistory]');
2026-08-08T00:32:27.6485978+00:00 ContainerStream: info: Microsoft.EntityFrameworkCore.Database.Command[20101]
2026-08-08T00:32:27.6486334+00:00 ContainerStream:       Executed DbCommand (2ms) [Parameters=[], CommandType='Text', CommandTimeout='30']
2026-08-08T00:32:27.6486461+00:00 ContainerStream:       SELECT [MigrationId], [ProductVersion]
2026-08-08T00:32:27.6486507+00:00 ContainerStream:       FROM [__EFMigrationsHistory]
2026-08-08T00:32:27.6486546+00:00 ContainerStream:       ORDER BY [MigrationId];
2026-08-08T00:32:27.6507407+00:00 ContainerStream: info: Microsoft.EntityFrameworkCore.Database.Command[20101]
2026-08-08T00:32:27.6507768+00:00 ContainerStream:       Executed DbCommand (2ms) [Parameters=[], CommandType='Text', CommandTimeout='30']
2026-08-08T00:32:27.6507889+00:00 ContainerStream:       SELECT TOP(1) [b].[BankAccountNumber]
2026-08-08T00:32:27.6507937+00:00 ContainerStream:       FROM [Beneficiaries] AS [b]
2026-08-08T00:32:27.6507979+00:00 ContainerStream:       ORDER BY [b].[Id]
2026-08-08T00:32:27.7765575+00:00 ContainerStream: info: Microsoft.EntityFrameworkCore.Database.Command[20101]
2026-08-08T00:32:27.7766449+00:00 ContainerStream:       Executed DbCommand (2ms) [Parameters=[], CommandType='Text', CommandTimeout='30']
2026-08-08T00:32:27.7766583+00:00 ContainerStream:       SELECT 1
2026-08-08T00:32:27.7801553+00:00 ContainerStream: info: Microsoft.EntityFrameworkCore.Database.Command[20101]
2026-08-08T00:32:27.7802098+00:00 ContainerStream:       Executed DbCommand (2ms) [Parameters=[], CommandType='Text', CommandTimeout='30']
2026-08-08T00:32:27.7802215+00:00 ContainerStream:       SELECT OBJECT_ID(N'[__EFMigrationsHistory]');
2026-08-08T00:32:27.7819037+00:00 ContainerStream: info: Microsoft.EntityFrameworkCore.Database.Command[20101]
2026-08-08T00:32:27.7819385+00:00 ContainerStream:       Executed DbCommand (2ms) [Parameters=[], CommandType='Text', CommandTimeout='30']
2026-08-08T00:32:27.7819464+00:00 ContainerStream:       SELECT [MigrationId], [ProductVersion]
2026-08-08T00:32:27.7819510+00:00 ContainerStream:       FROM [__EFMigrationsHistory]
2026-08-08T00:32:27.7819604+00:00 ContainerStream:       ORDER BY [MigrationId];
2026-08-08T00:32:27.7844869+00:00 ContainerStream: info: Microsoft.EntityFrameworkCore.Database.Command[20101]
2026-08-08T00:32:27.7845205+00:00 ContainerStream:       Executed DbCommand (2ms) [Parameters=[], CommandType='Text', CommandTimeout='30']
2026-08-08T00:32:27.7845285+00:00 ContainerStream:       SELECT TOP(1) [b].[BankAccountNumber]
2026-08-08T00:32:27.7845331+00:00 ContainerStream:       FROM [Beneficiaries] AS [b]
2026-08-08T00:32:27.7845418+00:00 ContainerStream:       ORDER BY [b].[Id]
2026-08-08T00:32:29.3426637+00:00 ContainerStream: info: Microsoft.EntityFrameworkCore.Database.Command[20101]
2026-08-08T00:32:29.3427575+00:00 ContainerStream:       Executed DbCommand (2ms) [Parameters=[], CommandType='Text', CommandTimeout='30']
2026-08-08T00:32:29.3427690+00:00 ContainerStream:       SELECT 1
2026-08-08T00:32:29.3445537+00:00 ContainerStream: info: Microsoft.EntityFrameworkCore.Database.Command[20101]
2026-08-08T00:32:29.3446053+00:00 ContainerStream:       Executed DbCommand (2ms) [Parameters=[], CommandType='Text', CommandTimeout='30']
2026-08-08T00:32:29.3446130+00:00 ContainerStream:       SELECT OBJECT_ID(N'[__EFMigrationsHistory]');
2026-08-08T00:32:29.3481808+00:00 ContainerStream: info: Microsoft.EntityFrameworkCore.Database.Command[20101]
2026-08-08T00:32:29.3482186+00:00 ContainerStream:       Executed DbCommand (2ms) [Parameters=[], CommandType='Text', CommandTimeout='30']
2026-08-08T00:32:29.3482313+00:00 ContainerStream:       SELECT [MigrationId], [ProductVersion]
2026-08-08T00:32:29.3482361+00:00 ContainerStream:       FROM [__EFMigrationsHistory]
2026-08-08T00:32:29.3489604+00:00 ContainerStream:       ORDER BY [MigrationId];
2026-08-08T00:32:29.3506764+00:00 ContainerStream: info: Microsoft.EntityFrameworkCore.Database.Command[20101]
2026-08-08T00:32:29.3507155+00:00 ContainerStream:       Executed DbCommand (2ms) [Parameters=[], CommandType='Text', CommandTimeout='30']
2026-08-08T00:32:29.3507232+00:00 ContainerStream:       SELECT TOP(1) [b].[BankAccountNumber]
2026-08-08T00:32:29.3507278+00:00 ContainerStream:       FROM [Beneficiaries] AS [b]
2026-08-08T00:32:29.3507320+00:00 ContainerStream:       ORDER BY [b].[Id]
2026-08-08T00:32:42.0677328+00:00 ContainerStream: info: Microsoft.EntityFrameworkCore.Database.Command[20101]
2026-08-08T00:32:42.0678412+00:00 ContainerStream:       Executed DbCommand (3ms) [Parameters=[], CommandType='Text', CommandTimeout='30']
2026-08-08T00:32:42.0678540+00:00 ContainerStream:       SELECT 1
2026-08-08T00:32:42.0704693+00:00 ContainerStream: info: Microsoft.EntityFrameworkCore.Database.Command[20101]
2026-08-08T00:32:42.0705192+00:00 ContainerStream:       Executed DbCommand (3ms) [Parameters=[], CommandType='Text', CommandTimeout='30']
2026-08-08T00:32:42.0705350+00:00 ContainerStream:       SELECT OBJECT_ID(N'[__EFMigrationsHistory]');
2026-08-08T00:32:42.0743187+00:00 ContainerStream: info: Microsoft.EntityFrameworkCore.Database.Command[20101]
2026-08-08T00:32:42.0743548+00:00 ContainerStream:       Executed DbCommand (2ms) [Parameters=[], CommandType='Text', CommandTimeout='30']
2026-08-08T00:32:42.0743627+00:00 ContainerStream:       SELECT [MigrationId], [ProductVersion]
2026-08-08T00:32:42.0745689+00:00 ContainerStream:       FROM [__EFMigrationsHistory]
2026-08-08T00:32:42.0745997+00:00 ContainerStream:       ORDER BY [MigrationId];
2026-08-08T00:32:42.0765767+00:00 ContainerStream: info: Microsoft.EntityFrameworkCore.Database.Command[20101]
2026-08-08T00:32:42.0766081+00:00 ContainerStream:       Executed DbCommand (2ms) [Parameters=[], CommandType='Text', CommandTimeout='30']
2026-08-08T00:32:42.0766154+00:00 ContainerStream:       SELECT TOP(1) [b].[BankAccountNumber]
2026-08-08T00:32:42.0766239+00:00 ContainerStream:       FROM [Beneficiaries] AS [b]
2026-08-08T00:32:42.0766446+00:00 ContainerStream:       ORDER BY [b].[Id]
2026-08-08T00:32:48.2663788+00:00 ContainerStream: info: Microsoft.EntityFrameworkCore.Database.Command[20101]
2026-08-08T00:32:48.2664525+00:00 ContainerStream:       Executed DbCommand (3ms) [Parameters=[], CommandType='Text', CommandTimeout='30']
2026-08-08T00:32:48.2664633+00:00 ContainerStream:       SELECT 1
2026-08-08T00:32:48.2683566+00:00 ContainerStream: info: Microsoft.EntityFrameworkCore.Database.Command[20101]
2026-08-08T00:32:48.2684031+00:00 ContainerStream:       Executed DbCommand (2ms) [Parameters=[], CommandType='Text', CommandTimeout='30']
2026-08-08T00:32:48.2684109+00:00 ContainerStream:       SELECT OBJECT_ID(N'[__EFMigrationsHistory]');
2026-08-08T00:32:48.2721142+00:00 ContainerStream: info: Microsoft.EntityFrameworkCore.Database.Command[20101]
2026-08-08T00:32:48.2721595+00:00 ContainerStream:       Executed DbCommand (2ms) [Parameters=[], CommandType='Text', CommandTimeout='30']
2026-08-08T00:32:48.2721675+00:00 ContainerStream:       SELECT [MigrationId], [ProductVersion]
2026-08-08T00:32:48.2721718+00:00 ContainerStream:       FROM [__EFMigrationsHistory]
2026-08-08T00:32:48.2721761+00:00 ContainerStream:       ORDER BY [MigrationId];
2026-08-08T00:32:48.2744956+00:00 ContainerStream: info: Microsoft.EntityFrameworkCore.Database.Command[20101]
2026-08-08T00:32:48.2745451+00:00 ContainerStream:       Executed DbCommand (2ms) [Parameters=[], CommandType='Text', CommandTimeout='30']
2026-08-08T00:32:48.2745535+00:00 ContainerStream:       SELECT TOP(1) [b].[BankAccountNumber]
2026-08-08T00:32:48.2745577+00:00 ContainerStream:       FROM [Beneficiaries] AS [b]
2026-08-08T00:32:48.2745615+00:00 ContainerStream:       ORDER BY [b].[Id]
2026-08-08T00:32:53.0646341+00:00 ContainerStream: info: Microsoft.EntityFrameworkCore.Database.Command[20101]
2026-08-08T00:32:53.0647359+00:00 ContainerStream:       Executed DbCommand (2ms) [Parameters=[], CommandType='Text', CommandTimeout='30']
2026-08-08T00:32:53.0647469+00:00 ContainerStream:       SELECT 1
2026-08-08T00:32:53.0694302+00:00 ContainerStream: info: Microsoft.EntityFrameworkCore.Database.Command[20101]
2026-08-08T00:32:53.0695022+00:00 ContainerStream:       Executed DbCommand (3ms) [Parameters=[], CommandType='Text', CommandTimeout='30']
2026-08-08T00:32:53.0695186+00:00 ContainerStream:       SELECT OBJECT_ID(N'[__EFMigrationsHistory]');
2026-08-08T00:32:53.0717987+00:00 ContainerStream: info: Microsoft.EntityFrameworkCore.Database.Command[20101]
2026-08-08T00:32:53.0718522+00:00 ContainerStream:       Executed DbCommand (2ms) [Parameters=[], CommandType='Text', CommandTimeout='30']
2026-08-08T00:32:53.0718619+00:00 ContainerStream:       SELECT [MigrationId], [ProductVersion]
2026-08-08T00:32:53.0718713+00:00 ContainerStream:       FROM [__EFMigrationsHistory]
2026-08-08T00:32:53.0718761+00:00 ContainerStream:       ORDER BY [MigrationId];
2026-08-08T00:32:53.0736137+00:00 ContainerStream: info: Microsoft.EntityFrameworkCore.Database.Command[20101]
2026-08-08T00:32:53.0736548+00:00 ContainerStream:       Executed DbCommand (2ms) [Parameters=[], CommandType='Text', CommandTimeout='30']
2026-08-08T00:32:53.0736626+00:00 ContainerStream:       SELECT TOP(1) [b].[BankAccountNumber]
2026-08-08T00:32:53.0736726+00:00 ContainerStream:       FROM [Beneficiaries] AS [b]
2026-08-08T00:32:53.0736766+00:00 ContainerStream:       ORDER BY [b].[Id]
2026-08-08T00:32:56.6921348+00:00 ContainerStream: info: Microsoft.EntityFrameworkCore.Database.Command[20101]
2026-08-08T00:32:56.6922062+00:00 ContainerStream:       Executed DbCommand (2ms) [Parameters=[], CommandType='Text', CommandTimeout='30']
2026-08-08T00:32:56.6922222+00:00 ContainerStream:       SELECT 1
2026-08-08T00:32:56.6953157+00:00 ContainerStream: info: Microsoft.EntityFrameworkCore.Database.Command[20101]
2026-08-08T00:32:56.6953762+00:00 ContainerStream:       Executed DbCommand (2ms) [Parameters=[], CommandType='Text', CommandTimeout='30']
2026-08-08T00:32:56.6953857+00:00 ContainerStream:       SELECT OBJECT_ID(N'[__EFMigrationsHistory]');
2026-08-08T00:32:56.6975118+00:00 ContainerStream: info: Microsoft.EntityFrameworkCore.Database.Command[20101]
2026-08-08T00:32:56.6975473+00:00 ContainerStream:       Executed DbCommand (2ms) [Parameters=[], CommandType='Text', CommandTimeout='30']
2026-08-08T00:32:56.6975549+00:00 ContainerStream:       SELECT [MigrationId], [ProductVersion]
2026-08-08T00:32:56.6975597+00:00 ContainerStream:       FROM [__EFMigrationsHistory]
2026-08-08T00:32:56.6975639+00:00 ContainerStream:       ORDER BY [MigrationId];
2026-08-08T00:32:56.6993081+00:00 ContainerStream: info: Microsoft.EntityFrameworkCore.Database.Command[20101]
2026-08-08T00:32:56.6993440+00:00 ContainerStream:       Executed DbCommand (2ms) [Parameters=[], CommandType='Text', CommandTimeout='30']
2026-08-08T00:32:56.6993512+00:00 ContainerStream:       SELECT TOP(1) [b].[BankAccountNumber]
2026-08-08T00:32:56.6993553+00:00 ContainerStream:       FROM [Beneficiaries] AS [b]
2026-08-08T00:32:56.6993590+00:00 ContainerStream:       ORDER BY [b].[Id]
2026-08-08T00:32:58.1928719+00:00 ContainerStream: info: Microsoft.EntityFrameworkCore.Database.Command[20101]
2026-08-08T00:32:58.1929438+00:00 ContainerStream:       Executed DbCommand (3ms) [Parameters=[], CommandType='Text', CommandTimeout='30']
2026-08-08T00:32:58.1929541+00:00 ContainerStream:       SELECT 1
2026-08-08T00:32:58.1960888+00:00 ContainerStream: info: Microsoft.EntityFrameworkCore.Database.Command[20101]
2026-08-08T00:32:58.1961413+00:00 ContainerStream:       Executed DbCommand (2ms) [Parameters=[], CommandType='Text', CommandTimeout='30']
2026-08-08T00:32:58.1961516+00:00 ContainerStream:       SELECT OBJECT_ID(N'[__EFMigrationsHistory]');
2026-08-08T00:32:58.1980158+00:00 ContainerStream: info: Microsoft.EntityFrameworkCore.Database.Command[20101]
2026-08-08T00:32:58.1980610+00:00 ContainerStream:       Executed DbCommand (2ms) [Parameters=[], CommandType='Text', CommandTimeout='30']
2026-08-08T00:32:58.1980738+00:00 ContainerStream:       SELECT [MigrationId], [ProductVersion]
2026-08-08T00:32:58.1980786+00:00 ContainerStream:       FROM [__EFMigrationsHistory]
2026-08-08T00:32:58.1980827+00:00 ContainerStream:       ORDER BY [MigrationId];
2026-08-08T00:32:58.2004847+00:00 ContainerStream: info: Microsoft.EntityFrameworkCore.Database.Command[20101]
2026-08-08T00:32:58.2005215+00:00 ContainerStream:       Executed DbCommand (2ms) [Parameters=[], CommandType='Text', CommandTimeout='30']
2026-08-08T00:32:58.2005359+00:00 ContainerStream:       SELECT TOP(1) [b].[BankAccountNumber]
2026-08-08T00:32:58.2005397+00:00 ContainerStream:       FROM [Beneficiaries] AS [b]
2026-08-08T00:32:58.2005431+00:00 ContainerStream:       ORDER BY [b].[Id]
2026-08-08T00:33:02.8247667+00:00 ContainerStream: info: Microsoft.EntityFrameworkCore.Database.Command[20101]
2026-08-08T00:33:02.8248531+00:00 ContainerStream:       Executed DbCommand (3ms) [Parameters=[], CommandType='Text', CommandTimeout='30']
2026-08-08T00:33:02.8248750+00:00 ContainerStream:       SELECT 1
2026-08-08T00:33:02.8269906+00:00 ContainerStream: info: Microsoft.EntityFrameworkCore.Database.Command[20101]
2026-08-08T00:33:02.8270453+00:00 ContainerStream:       Executed DbCommand (2ms) [Parameters=[], CommandType='Text', CommandTimeout='30']
2026-08-08T00:33:02.8270534+00:00 ContainerStream:       SELECT OBJECT_ID(N'[__EFMigrationsHistory]');
2026-08-08T00:33:02.8314943+00:00 ContainerStream: info: Microsoft.EntityFrameworkCore.Database.Command[20101]
2026-08-08T00:33:02.8315376+00:00 ContainerStream:       Executed DbCommand (2ms) [Parameters=[], CommandType='Text', CommandTimeout='30']
2026-08-08T00:33:02.8315450+00:00 ContainerStream:       SELECT [MigrationId], [ProductVersion]
2026-08-08T00:33:02.8315488+00:00 ContainerStream:       FROM [__EFMigrationsHistory]
2026-08-08T00:33:02.8315574+00:00 ContainerStream:       ORDER BY [MigrationId];
2026-08-08T00:33:02.8328462+00:00 ContainerStream: info: Microsoft.EntityFrameworkCore.Database.Command[20101]
2026-08-08T00:33:02.8328839+00:00 ContainerStream:       Executed DbCommand (2ms) [Parameters=[], CommandType='Text', CommandTimeout='30']
2026-08-08T00:33:02.8330259+00:00 ContainerStream:       SELECT TOP(1) [b].[BankAccountNumber]
2026-08-08T00:33:02.8330403+00:00 ContainerStream:       FROM [Beneficiaries] AS [b]
2026-08-08T00:33:02.8330480+00:00 ContainerStream:       ORDER BY [b].[Id]
2026-08-08T00:33:04.3557111+00:00 ContainerStream: info: Microsoft.EntityFrameworkCore.Database.Command[20101]
2026-08-08T00:33:04.3557913+00:00 ContainerStream:       Executed DbCommand (2ms) [Parameters=[], CommandType='Text', CommandTimeout='30']
2026-08-08T00:33:04.3558025+00:00 ContainerStream:       SELECT 1
2026-08-08T00:33:04.3576116+00:00 ContainerStream: info: Microsoft.EntityFrameworkCore.Database.Command[20101]
2026-08-08T00:33:04.3576571+00:00 ContainerStream:       Executed DbCommand (2ms) [Parameters=[], CommandType='Text', CommandTimeout='30']
2026-08-08T00:33:04.3576651+00:00 ContainerStream:       SELECT OBJECT_ID(N'[__EFMigrationsHistory]');
2026-08-08T00:33:04.3615120+00:00 ContainerStream: info: Microsoft.EntityFrameworkCore.Database.Command[20101]
2026-08-08T00:33:04.3615613+00:00 ContainerStream:       Executed DbCommand (2ms) [Parameters=[], CommandType='Text', CommandTimeout='30']
2026-08-08T00:33:04.3615737+00:00 ContainerStream:       SELECT [MigrationId], [ProductVersion]
2026-08-08T00:33:04.3615793+00:00 ContainerStream:       FROM [__EFMigrationsHistory]
2026-08-08T00:33:04.3615831+00:00 ContainerStream:       ORDER BY [MigrationId];
2026-08-08T00:33:04.3645796+00:00 ContainerStream: info: Microsoft.EntityFrameworkCore.Database.Command[20101]
2026-08-08T00:33:04.3645996+00:00 ContainerStream:       Executed DbCommand (2ms) [Parameters=[], CommandType='Text', CommandTimeout='30']
2026-08-08T00:33:04.3646082+00:00 ContainerStream:       SELECT TOP(1) [b].[BankAccountNumber]
2026-08-08T00:33:04.3646113+00:00 ContainerStream:       FROM [Beneficiaries] AS [b]
2026-08-08T00:33:04.3646139+00:00 ContainerStream:       ORDER BY [b].[Id]
2026-08-08T00:33:06.4283407+00:00 ContainerStream: info: Microsoft.EntityFrameworkCore.Database.Command[20101]
2026-08-08T00:33:06.4284454+00:00 ContainerStream:       Executed DbCommand (3ms) [Parameters=[], CommandType='Text', CommandTimeout='30']
2026-08-08T00:33:06.4284557+00:00 ContainerStream:       SELECT 1
2026-08-08T00:33:06.4304777+00:00 ContainerStream: info: Microsoft.EntityFrameworkCore.Database.Command[20101]
2026-08-08T00:33:06.4307513+00:00 ContainerStream:       Executed DbCommand (2ms) [Parameters=[], CommandType='Text', CommandTimeout='30']
2026-08-08T00:33:06.4307651+00:00 ContainerStream:       SELECT OBJECT_ID(N'[__EFMigrationsHistory]');
2026-08-08T00:33:06.4339296+00:00 ContainerStream: info: Microsoft.EntityFrameworkCore.Database.Command[20101]
2026-08-08T00:33:06.4339674+00:00 ContainerStream:       Executed DbCommand (2ms) [Parameters=[], CommandType='Text', CommandTimeout='30']
2026-08-08T00:33:06.4339843+00:00 ContainerStream:       SELECT [MigrationId], [ProductVersion]
2026-08-08T00:33:06.4339896+00:00 ContainerStream:       FROM [__EFMigrationsHistory]
2026-08-08T00:33:06.4340118+00:00 ContainerStream:       ORDER BY [MigrationId];
2026-08-08T00:33:06.4377724+00:00 ContainerStream: info: Microsoft.EntityFrameworkCore.Database.Command[20101]
2026-08-08T00:33:06.4378105+00:00 ContainerStream:       Executed DbCommand (2ms) [Parameters=[], CommandType='Text', CommandTimeout='30']
2026-08-08T00:33:06.4378193+00:00 ContainerStream:       SELECT TOP(1) [b].[BankAccountNumber]
2026-08-08T00:33:06.4378239+00:00 ContainerStream:       FROM [Beneficiaries] AS [b]
2026-08-08T00:33:06.4378332+00:00 ContainerStream:       ORDER BY [b].[Id]
2026-08-08T00:33:07.9715029+00:00 ContainerStream: info: Microsoft.EntityFrameworkCore.Database.Command[20101]
2026-08-08T00:33:07.9716073+00:00 ContainerStream:       Executed DbCommand (2ms) [Parameters=[], CommandType='Text', CommandTimeout='30']
2026-08-08T00:33:07.9716200+00:00 ContainerStream:       SELECT 1
2026-08-08T00:33:07.9736354+00:00 ContainerStream: info: Microsoft.EntityFrameworkCore.Database.Command[20101]
2026-08-08T00:33:07.9736848+00:00 ContainerStream:       Executed DbCommand (2ms) [Parameters=[], CommandType='Text', CommandTimeout='30']
2026-08-08T00:33:07.9736924+00:00 ContainerStream:       SELECT OBJECT_ID(N'[__EFMigrationsHistory]');
2026-08-08T00:33:07.9771212+00:00 ContainerStream: info: Microsoft.EntityFrameworkCore.Database.Command[20101]
2026-08-08T00:33:07.9771666+00:00 ContainerStream:       Executed DbCommand (2ms) [Parameters=[], CommandType='Text', CommandTimeout='30']
2026-08-08T00:33:07.9771786+00:00 ContainerStream:       SELECT [MigrationId], [ProductVersion]
2026-08-08T00:33:07.9771829+00:00 ContainerStream:       FROM [__EFMigrationsHistory]
2026-08-08T00:33:07.9773697+00:00 ContainerStream:       ORDER BY [MigrationId];
2026-08-08T00:33:07.9802658+00:00 ContainerStream: info: Microsoft.EntityFrameworkCore.Database.Command[20101]
2026-08-08T00:33:07.9802992+00:00 ContainerStream:       Executed DbCommand (2ms) [Parameters=[], CommandType='Text', CommandTimeout='30']
2026-08-08T00:33:07.9803070+00:00 ContainerStream:       SELECT TOP(1) [b].[BankAccountNumber]
2026-08-08T00:33:07.9803235+00:00 ContainerStream:       FROM [Beneficiaries] AS [b]
2026-08-08T00:33:07.9803277+00:00 ContainerStream:       ORDER BY [b].[Id]
2026-08-08T00:33:10.2351497+00:00 ContainerStream: info: Microsoft.EntityFrameworkCore.Database.Command[20101]
2026-08-08T00:33:10.2352466+00:00 ContainerStream:       Executed DbCommand (3ms) [Parameters=[], CommandType='Text', CommandTimeout='30']
2026-08-08T00:33:10.2352575+00:00 ContainerStream:       SELECT 1
2026-08-08T00:33:10.2392768+00:00 ContainerStream: info: Microsoft.EntityFrameworkCore.Database.Command[20101]
2026-08-08T00:33:10.2393342+00:00 ContainerStream:       Executed DbCommand (3ms) [Parameters=[], CommandType='Text', CommandTimeout='30']
2026-08-08T00:33:10.2393510+00:00 ContainerStream:       SELECT OBJECT_ID(N'[__EFMigrationsHistory]');
2026-08-08T00:33:10.2416914+00:00 ContainerStream: info: Microsoft.EntityFrameworkCore.Database.Command[20101]
2026-08-08T00:33:10.2417361+00:00 ContainerStream:       Executed DbCommand (2ms) [Parameters=[], CommandType='Text', CommandTimeout='30']
2026-08-08T00:33:10.2417439+00:00 ContainerStream:       SELECT [MigrationId], [ProductVersion]
2026-08-08T00:33:10.2417525+00:00 ContainerStream:       FROM [__EFMigrationsHistory]
2026-08-08T00:33:10.2417568+00:00 ContainerStream:       ORDER BY [MigrationId];
2026-08-08T00:33:10.2437856+00:00 ContainerStream: info: Microsoft.EntityFrameworkCore.Database.Command[20101]
2026-08-08T00:33:10.2438207+00:00 ContainerStream:       Executed DbCommand (2ms) [Parameters=[], CommandType='Text', CommandTimeout='30']
2026-08-08T00:33:10.2438281+00:00 ContainerStream:       SELECT TOP(1) [b].[BankAccountNumber]
2026-08-08T00:33:10.2438366+00:00 ContainerStream:       FROM [Beneficiaries] AS [b]
2026-08-08T00:33:10.2438405+00:00 ContainerStream:       ORDER BY [b].[Id]
2026-08-08T00:33:10.4364101+00:00 ContainerStream: info: Microsoft.EntityFrameworkCore.Database.Command[20101]
2026-08-08T00:33:10.4364874+00:00 ContainerStream:       Executed DbCommand (2ms) [Parameters=[], CommandType='Text', CommandTimeout='30']
2026-08-08T00:33:10.4364960+00:00 ContainerStream:       SELECT 1
2026-08-08T00:33:10.4397115+00:00 ContainerStream: info: Microsoft.EntityFrameworkCore.Database.Command[20101]
2026-08-08T00:33:10.4397686+00:00 ContainerStream:       Executed DbCommand (2ms) [Parameters=[], CommandType='Text', CommandTimeout='30']
2026-08-08T00:33:10.4397771+00:00 ContainerStream:       SELECT OBJECT_ID(N'[__EFMigrationsHistory]');
2026-08-08T00:33:10.4416078+00:00 ContainerStream: info: Microsoft.EntityFrameworkCore.Database.Command[20101]
2026-08-08T00:33:10.4416485+00:00 ContainerStream:       Executed DbCommand (2ms) [Parameters=[], CommandType='Text', CommandTimeout='30']
2026-08-08T00:33:10.4416552+00:00 ContainerStream:       SELECT [MigrationId], [ProductVersion]
2026-08-08T00:33:10.4416590+00:00 ContainerStream:       FROM [__EFMigrationsHistory]
2026-08-08T00:33:10.4416625+00:00 ContainerStream:       ORDER BY [MigrationId];
2026-08-08T00:33:10.4447943+00:00 ContainerStream: info: Microsoft.EntityFrameworkCore.Database.Command[20101]
2026-08-08T00:33:10.4448334+00:00 ContainerStream:       Executed DbCommand (2ms) [Parameters=[], CommandType='Text', CommandTimeout='30']
2026-08-08T00:33:10.4448413+00:00 ContainerStream:       SELECT TOP(1) [b].[BankAccountNumber]
2026-08-08T00:33:10.4448459+00:00 ContainerStream:       FROM [Beneficiaries] AS [b]
2026-08-08T00:33:10.4448505+00:00 ContainerStream:       ORDER BY [b].[Id]
2026-08-08T00:33:16.6074434+00:00 ContainerStream: info: Microsoft.EntityFrameworkCore.Database.Command[20101]
2026-08-08T00:33:16.6075417+00:00 ContainerStream:       Executed DbCommand (2ms) [Parameters=[], CommandType='Text', CommandTimeout='30']
2026-08-08T00:33:16.6075516+00:00 ContainerStream:       SELECT 1
2026-08-08T00:33:16.6100395+00:00 ContainerStream: info: Microsoft.EntityFrameworkCore.Database.Command[20101]
2026-08-08T00:33:16.6101028+00:00 ContainerStream:       Executed DbCommand (2ms) [Parameters=[], CommandType='Text', CommandTimeout='30']
2026-08-08T00:33:16.6101171+00:00 ContainerStream:       SELECT OBJECT_ID(N'[__EFMigrationsHistory]');
2026-08-08T00:33:16.6135902+00:00 ContainerStream: info: Microsoft.EntityFrameworkCore.Database.Command[20101]
2026-08-08T00:33:16.6136570+00:00 ContainerStream:       Executed DbCommand (2ms) [Parameters=[], CommandType='Text', CommandTimeout='30']
2026-08-08T00:33:16.6136658+00:00 ContainerStream:       SELECT [MigrationId], [ProductVersion]
2026-08-08T00:33:16.6136750+00:00 ContainerStream:       FROM [__EFMigrationsHistory]
2026-08-08T00:33:16.6136799+00:00 ContainerStream:       ORDER BY [MigrationId];
2026-08-08T00:33:16.6153946+00:00 ContainerStream: info: Microsoft.EntityFrameworkCore.Database.Command[20101]
2026-08-08T00:33:16.6154295+00:00 ContainerStream:       Executed DbCommand (2ms) [Parameters=[], CommandType='Text', CommandTimeout='30']
2026-08-08T00:33:16.6154375+00:00 ContainerStream:       SELECT TOP(1) [b].[BankAccountNumber]
2026-08-08T00:33:16.6154458+00:00 ContainerStream:       FROM [Beneficiaries] AS [b]
2026-08-08T00:33:16.6154689+00:00 ContainerStream:       ORDER BY [b].[Id]
2026-08-08T00:33:19.5129352+00:00 ContainerStream: info: Microsoft.EntityFrameworkCore.Database.Command[20101]
2026-08-08T00:33:19.5130061+00:00 ContainerStream:       Executed DbCommand (2ms) [Parameters=[], CommandType='Text', CommandTimeout='30']
2026-08-08T00:33:19.5130240+00:00 ContainerStream:       SELECT 1
2026-08-08T00:33:19.5148321+00:00 ContainerStream: info: Microsoft.EntityFrameworkCore.Database.Command[20101]
2026-08-08T00:33:19.5148763+00:00 ContainerStream:       Executed DbCommand (2ms) [Parameters=[], CommandType='Text', CommandTimeout='30']
2026-08-08T00:33:19.5148837+00:00 ContainerStream:       SELECT OBJECT_ID(N'[__EFMigrationsHistory]');
2026-08-08T00:33:19.5188169+00:00 ContainerStream: info: Microsoft.EntityFrameworkCore.Database.Command[20101]
2026-08-08T00:33:19.5188651+00:00 ContainerStream:       Executed DbCommand (2ms) [Parameters=[], CommandType='Text', CommandTimeout='30']
2026-08-08T00:33:19.5189705+00:00 ContainerStream:       SELECT [MigrationId], [ProductVersion]
2026-08-08T00:33:19.5189758+00:00 ContainerStream:       FROM [__EFMigrationsHistory]
2026-08-08T00:33:19.5189802+00:00 ContainerStream:       ORDER BY [MigrationId];
2026-08-08T00:33:19.5209093+00:00 ContainerStream: info: Microsoft.EntityFrameworkCore.Database.Command[20101]
2026-08-08T00:33:19.5209464+00:00 ContainerStream:       Executed DbCommand (2ms) [Parameters=[], CommandType='Text', CommandTimeout='30']
2026-08-08T00:33:19.5209539+00:00 ContainerStream:       SELECT TOP(1) [b].[BankAccountNumber]
2026-08-08T00:33:19.5209585+00:00 ContainerStream:       FROM [Beneficiaries] AS [b]
2026-08-08T00:33:19.5209630+00:00 ContainerStream:       ORDER BY [b].[Id]
2026-08-08T00:33:21.0404605+00:00 ContainerStream: info: Microsoft.EntityFrameworkCore.Database.Command[20101]
2026-08-08T00:33:21.0405433+00:00 ContainerStream:       Executed DbCommand (2ms) [Parameters=[], CommandType='Text', CommandTimeout='30']
2026-08-08T00:33:21.0405557+00:00 ContainerStream:       SELECT 1
2026-08-08T00:33:21.0425211+00:00 ContainerStream: info: Microsoft.EntityFrameworkCore.Database.Command[20101]
2026-08-08T00:33:21.0425748+00:00 ContainerStream:       Executed DbCommand (2ms) [Parameters=[], CommandType='Text', CommandTimeout='30']
2026-08-08T00:33:21.0425829+00:00 ContainerStream:       SELECT OBJECT_ID(N'[__EFMigrationsHistory]');
2026-08-08T00:33:21.0459418+00:00 ContainerStream: info: Microsoft.EntityFrameworkCore.Database.Command[20101]
2026-08-08T00:33:21.0459792+00:00 ContainerStream:       Executed DbCommand (2ms) [Parameters=[], CommandType='Text', CommandTimeout='30']
2026-08-08T00:33:21.0459920+00:00 ContainerStream:       SELECT [MigrationId], [ProductVersion]
2026-08-08T00:33:21.0459962+00:00 ContainerStream:       FROM [__EFMigrationsHistory]
2026-08-08T00:33:21.0460002+00:00 ContainerStream:       ORDER BY [MigrationId];
2026-08-08T00:33:21.0483381+00:00 ContainerStream: info: Microsoft.EntityFrameworkCore.Database.Command[20101]
2026-08-08T00:33:21.0483716+00:00 ContainerStream:       Executed DbCommand (2ms) [Parameters=[], CommandType='Text', CommandTimeout='30']
2026-08-08T00:33:21.0483828+00:00 ContainerStream:       SELECT TOP(1) [b].[BankAccountNumber]
2026-08-08T00:33:21.0483964+00:00 ContainerStream:       FROM [Beneficiaries] AS [b]
2026-08-08T00:33:21.0484001+00:00 ContainerStream:       ORDER BY [b].[Id]
2026-08-08T00:33:24.9773161+00:00 ContainerStream: info: Microsoft.EntityFrameworkCore.Database.Command[20101]
2026-08-08T00:33:24.9774126+00:00 ContainerStream:       Executed DbCommand (3ms) [Parameters=[], CommandType='Text', CommandTimeout='30']
2026-08-08T00:33:24.9774256+00:00 ContainerStream:       SELECT 1
2026-08-08T00:33:24.9792143+00:00 ContainerStream: info: Microsoft.EntityFrameworkCore.Database.Command[20101]
2026-08-08T00:33:24.9797006+00:00 ContainerStream:       Executed DbCommand (2ms) [Parameters=[], CommandType='Text', CommandTimeout='30']
2026-08-08T00:33:24.9797215+00:00 ContainerStream:       SELECT OBJECT_ID(N'[__EFMigrationsHistory]');
2026-08-08T00:33:24.9845489+00:00 ContainerStream: info: Microsoft.EntityFrameworkCore.Database.Command[20101]
2026-08-08T00:33:24.9845725+00:00 ContainerStream:       Executed DbCommand (2ms) [Parameters=[], CommandType='Text', CommandTimeout='30']
2026-08-08T00:33:24.9845780+00:00 ContainerStream:       SELECT [MigrationId], [ProductVersion]
2026-08-08T00:33:24.9845809+00:00 ContainerStream:       FROM [__EFMigrationsHistory]
2026-08-08T00:33:24.9845886+00:00 ContainerStream:       ORDER BY [MigrationId];
2026-08-08T00:33:24.9871142+00:00 ContainerStream: info: Microsoft.EntityFrameworkCore.Database.Command[20101]
2026-08-08T00:33:24.9871598+00:00 ContainerStream:       Executed DbCommand (2ms) [Parameters=[], CommandType='Text', CommandTimeout='30']
2026-08-08T00:33:24.9871681+00:00 ContainerStream:       SELECT TOP(1) [b].[BankAccountNumber]
2026-08-08T00:33:24.9871728+00:00 ContainerStream:       FROM [Beneficiaries] AS [b]
2026-08-08T00:33:24.9871813+00:00 ContainerStream:       ORDER BY [b].[Id]
2026-08-08T00:33:36.4228224+00:00 ContainerStream: info: Microsoft.EntityFrameworkCore.Database.Command[20101]
2026-08-08T00:33:36.4228921+00:00 ContainerStream:       Executed DbCommand (2ms) [Parameters=[], CommandType='Text', CommandTimeout='30']
2026-08-08T00:33:36.4229006+00:00 ContainerStream:       SELECT 1
2026-08-08T00:33:36.4261253+00:00 ContainerStream: info: Microsoft.EntityFrameworkCore.Database.Command[20101]
2026-08-08T00:33:36.4261779+00:00 ContainerStream:       Executed DbCommand (2ms) [Parameters=[], CommandType='Text', CommandTimeout='30']
2026-08-08T00:33:36.4261870+00:00 ContainerStream:       SELECT OBJECT_ID(N'[__EFMigrationsHistory]');
2026-08-08T00:33:36.4281909+00:00 ContainerStream: info: Microsoft.EntityFrameworkCore.Database.Command[20101]
2026-08-08T00:33:36.4282283+00:00 ContainerStream:       Executed DbCommand (2ms) [Parameters=[], CommandType='Text', CommandTimeout='30']
2026-08-08T00:33:36.4282399+00:00 ContainerStream:       SELECT [MigrationId], [ProductVersion]
2026-08-08T00:33:36.4282438+00:00 ContainerStream:       FROM [__EFMigrationsHistory]
2026-08-08T00:33:36.4282909+00:00 ContainerStream:       ORDER BY [MigrationId];
2026-08-08T00:33:36.4303578+00:00 ContainerStream: info: Microsoft.EntityFrameworkCore.Database.Command[20101]
2026-08-08T00:33:36.4303922+00:00 ContainerStream:       Executed DbCommand (2ms) [Parameters=[], CommandType='Text', CommandTimeout='30']
2026-08-08T00:33:36.4303991+00:00 ContainerStream:       SELECT TOP(1) [b].[BankAccountNumber]
2026-08-08T00:33:36.4304031+00:00 ContainerStream:       FROM [Beneficiaries] AS [b]
2026-08-08T00:33:36.4304071+00:00 ContainerStream:       ORDER BY [b].[Id]
2026-08-08T00:33:43.1481842+00:00 ContainerStream: info: Microsoft.EntityFrameworkCore.Database.Command[20101]
2026-08-08T00:33:43.1482723+00:00 ContainerStream:       Executed DbCommand (3ms) [Parameters=[], CommandType='Text', CommandTimeout='30']
2026-08-08T00:33:43.1482829+00:00 ContainerStream:       SELECT 1
2026-08-08T00:33:43.1510876+00:00 ContainerStream: info: Microsoft.EntityFrameworkCore.Database.Command[20101]
2026-08-08T00:33:43.1511424+00:00 ContainerStream:       Executed DbCommand (2ms) [Parameters=[], CommandType='Text', CommandTimeout='30']
2026-08-08T00:33:43.1511561+00:00 ContainerStream:       SELECT OBJECT_ID(N'[__EFMigrationsHistory]');
2026-08-08T00:33:43.1543951+00:00 ContainerStream: info: Microsoft.EntityFrameworkCore.Database.Command[20101]
2026-08-08T00:33:43.1544754+00:00 ContainerStream:       Executed DbCommand (2ms) [Parameters=[], CommandType='Text', CommandTimeout='30']
2026-08-08T00:33:43.1544850+00:00 ContainerStream:       SELECT [MigrationId], [ProductVersion]
2026-08-08T00:33:43.1544891+00:00 ContainerStream:       FROM [__EFMigrationsHistory]
2026-08-08T00:33:43.1544970+00:00 ContainerStream:       ORDER BY [MigrationId];
2026-08-08T00:33:43.1561915+00:00 ContainerStream: info: Microsoft.EntityFrameworkCore.Database.Command[20101]
2026-08-08T00:33:43.1562298+00:00 ContainerStream:       Executed DbCommand (2ms) [Parameters=[], CommandType='Text', CommandTimeout='30']
2026-08-08T00:33:43.1562362+00:00 ContainerStream:       SELECT TOP(1) [b].[BankAccountNumber]
2026-08-08T00:33:43.1567414+00:00 ContainerStream:       FROM [Beneficiaries] AS [b]
2026-08-08T00:33:43.1567653+00:00 ContainerStream:       ORDER BY [b].[Id]
2026-08-08T00:33:43.5808928+00:00 ContainerStream: info: Microsoft.EntityFrameworkCore.Database.Command[20101]
2026-08-08T00:33:43.5809753+00:00 ContainerStream:       Executed DbCommand (2ms) [Parameters=[], CommandType='Text', CommandTimeout='30']
2026-08-08T00:33:43.5809857+00:00 ContainerStream:       SELECT 1
2026-08-08T00:33:43.5831958+00:00 ContainerStream: info: Microsoft.EntityFrameworkCore.Database.Command[20101]
2026-08-08T00:33:43.5832429+00:00 ContainerStream:       Executed DbCommand (2ms) [Parameters=[], CommandType='Text', CommandTimeout='30']
2026-08-08T00:33:43.5832520+00:00 ContainerStream:       SELECT OBJECT_ID(N'[__EFMigrationsHistory]');
2026-08-08T00:33:43.5868580+00:00 ContainerStream: info: Microsoft.EntityFrameworkCore.Database.Command[20101]
2026-08-08T00:33:43.5868952+00:00 ContainerStream:       Executed DbCommand (2ms) [Parameters=[], CommandType='Text', CommandTimeout='30']
2026-08-08T00:33:43.5869030+00:00 ContainerStream:       SELECT [MigrationId], [ProductVersion]
2026-08-08T00:33:43.5869077+00:00 ContainerStream:       FROM [__EFMigrationsHistory]
2026-08-08T00:33:43.5869125+00:00 ContainerStream:       ORDER BY [MigrationId];
2026-08-08T00:33:43.5889818+00:00 ContainerStream: info: Microsoft.EntityFrameworkCore.Database.Command[20101]
2026-08-08T00:33:43.5890202+00:00 ContainerStream:       Executed DbCommand (2ms) [Parameters=[], CommandType='Text', CommandTimeout='30']
2026-08-08T00:33:43.5890277+00:00 ContainerStream:       SELECT TOP(1) [b].[BankAccountNumber]
2026-08-08T00:33:43.5890322+00:00 ContainerStream:       FROM [Beneficiaries] AS [b]
2026-08-08T00:33:43.5890364+00:00 ContainerStream:       ORDER BY [b].[Id]
2026-08-08T00:33:48.2636661+00:00 ContainerStream: info: Microsoft.EntityFrameworkCore.Database.Command[20101]
2026-08-08T00:33:48.2637687+00:00 ContainerStream:       Executed DbCommand (3ms) [Parameters=[], CommandType='Text', CommandTimeout='30']
2026-08-08T00:33:48.2637785+00:00 ContainerStream:       SELECT 1
2026-08-08T00:33:48.2656063+00:00 ContainerStream: info: Microsoft.EntityFrameworkCore.Database.Command[20101]
2026-08-08T00:33:48.2656610+00:00 ContainerStream:       Executed DbCommand (2ms) [Parameters=[], CommandType='Text', CommandTimeout='30']
2026-08-08T00:33:48.2656767+00:00 ContainerStream:       SELECT OBJECT_ID(N'[__EFMigrationsHistory]');
2026-08-08T00:33:48.2696830+00:00 ContainerStream: info: Microsoft.EntityFrameworkCore.Database.Command[20101]
2026-08-08T00:33:48.2697089+00:00 ContainerStream:       Executed DbCommand (2ms) [Parameters=[], CommandType='Text', CommandTimeout='30']
2026-08-08T00:33:48.2697159+00:00 ContainerStream:       SELECT [MigrationId], [ProductVersion]
2026-08-08T00:33:48.2697242+00:00 ContainerStream:       FROM [__EFMigrationsHistory]
2026-08-08T00:33:48.2698506+00:00 ContainerStream:       ORDER BY [MigrationId];
2026-08-08T00:33:48.2715602+00:00 ContainerStream: info: Microsoft.EntityFrameworkCore.Database.Command[20101]
2026-08-08T00:33:48.2715897+00:00 ContainerStream:       Executed DbCommand (2ms) [Parameters=[], CommandType='Text', CommandTimeout='30']
2026-08-08T00:33:48.2716002+00:00 ContainerStream:       SELECT TOP(1) [b].[BankAccountNumber]
2026-08-08T00:33:48.2716044+00:00 ContainerStream:       FROM [Beneficiaries] AS [b]
2026-08-08T00:33:48.2716168+00:00 ContainerStream:       ORDER BY [b].[Id]
2026-08-08T00:33:48.5954889+00:00 ContainerStream: info: Microsoft.EntityFrameworkCore.Database.Command[20101]
2026-08-08T00:33:48.5955644+00:00 ContainerStream:       Executed DbCommand (2ms) [Parameters=[], CommandType='Text', CommandTimeout='30']
2026-08-08T00:33:48.5955887+00:00 ContainerStream:       SELECT 1
2026-08-08T00:33:48.5975286+00:00 ContainerStream: info: Microsoft.EntityFrameworkCore.Database.Command[20101]
2026-08-08T00:33:48.5975827+00:00 ContainerStream:       Executed DbCommand (2ms) [Parameters=[], CommandType='Text', CommandTimeout='30']
2026-08-08T00:33:48.5975906+00:00 ContainerStream:       SELECT OBJECT_ID(N'[__EFMigrationsHistory]');
2026-08-08T00:33:48.6012943+00:00 ContainerStream: info: Microsoft.EntityFrameworkCore.Database.Command[20101]
2026-08-08T00:33:48.6013286+00:00 ContainerStream:       Executed DbCommand (2ms) [Parameters=[], CommandType='Text', CommandTimeout='30']
2026-08-08T00:33:48.6013363+00:00 ContainerStream:       SELECT [MigrationId], [ProductVersion]
2026-08-08T00:33:48.6013406+00:00 ContainerStream:       FROM [__EFMigrationsHistory]
2026-08-08T00:33:48.6013450+00:00 ContainerStream:       ORDER BY [MigrationId];
2026-08-08T00:33:48.6032695+00:00 ContainerStream: info: Microsoft.EntityFrameworkCore.Database.Command[20101]
2026-08-08T00:33:48.6033016+00:00 ContainerStream:       Executed DbCommand (2ms) [Parameters=[], CommandType='Text', CommandTimeout='30']
2026-08-08T00:33:48.6033078+00:00 ContainerStream:       SELECT TOP(1) [b].[BankAccountNumber]
2026-08-08T00:33:48.6033115+00:00 ContainerStream:       FROM [Beneficiaries] AS [b]
2026-08-08T00:33:48.6033154+00:00 ContainerStream:       ORDER BY [b].[Id]
2026-08-08T00:33:50.4667865+00:00 ContainerStream: info: Microsoft.EntityFrameworkCore.Database.Command[20101]
2026-08-08T00:33:50.4668600+00:00 ContainerStream:       Executed DbCommand (3ms) [Parameters=[], CommandType='Text', CommandTimeout='30']
2026-08-08T00:33:50.4668702+00:00 ContainerStream:       SELECT 1
2026-08-08T00:33:50.4688170+00:00 ContainerStream: info: Microsoft.EntityFrameworkCore.Database.Command[20101]
2026-08-08T00:33:50.4688914+00:00 ContainerStream:       Executed DbCommand (2ms) [Parameters=[], CommandType='Text', CommandTimeout='30']
2026-08-08T00:33:50.4689001+00:00 ContainerStream:       SELECT OBJECT_ID(N'[__EFMigrationsHistory]');
2026-08-08T00:33:50.4721404+00:00 ContainerStream: info: Microsoft.EntityFrameworkCore.Database.Command[20101]
2026-08-08T00:33:50.4721931+00:00 ContainerStream:       Executed DbCommand (2ms) [Parameters=[], CommandType='Text', CommandTimeout='30']
2026-08-08T00:33:50.4722080+00:00 ContainerStream:       SELECT [MigrationId], [ProductVersion]
2026-08-08T00:33:50.4722125+00:00 ContainerStream:       FROM [__EFMigrationsHistory]
2026-08-08T00:33:50.4722675+00:00 ContainerStream:       ORDER BY [MigrationId];
2026-08-08T00:33:50.4744362+00:00 ContainerStream: info: Microsoft.EntityFrameworkCore.Database.Command[20101]
2026-08-08T00:33:50.4744855+00:00 ContainerStream:       Executed DbCommand (2ms) [Parameters=[], CommandType='Text', CommandTimeout='30']
2026-08-08T00:33:50.4744935+00:00 ContainerStream:       SELECT TOP(1) [b].[BankAccountNumber]
2026-08-08T00:33:50.4744981+00:00 ContainerStream:       FROM [Beneficiaries] AS [b]
2026-08-08T00:33:50.4745021+00:00 ContainerStream:       ORDER BY [b].[Id]
2026-08-08T00:33:51.7721679+00:00 ContainerStream: info: Microsoft.EntityFrameworkCore.Database.Command[20101]
2026-08-08T00:33:51.7722718+00:00 ContainerStream:       Executed DbCommand (2ms) [Parameters=[], CommandType='Text', CommandTimeout='30']
2026-08-08T00:33:51.7722826+00:00 ContainerStream:       SELECT 1
2026-08-08T00:33:51.7742332+00:00 ContainerStream: info: Microsoft.EntityFrameworkCore.Database.Command[20101]
2026-08-08T00:33:51.7742810+00:00 ContainerStream:       Executed DbCommand (2ms) [Parameters=[], CommandType='Text', CommandTimeout='30']
2026-08-08T00:33:51.7742926+00:00 ContainerStream:       SELECT OBJECT_ID(N'[__EFMigrationsHistory]');
2026-08-08T00:33:51.7778156+00:00 ContainerStream: info: Microsoft.EntityFrameworkCore.Database.Command[20101]
2026-08-08T00:33:51.7778539+00:00 ContainerStream:       Executed DbCommand (2ms) [Parameters=[], CommandType='Text', CommandTimeout='30']
2026-08-08T00:33:51.7778614+00:00 ContainerStream:       SELECT [MigrationId], [ProductVersion]
2026-08-08T00:33:51.7778662+00:00 ContainerStream:       FROM [__EFMigrationsHistory]
2026-08-08T00:33:51.7778753+00:00 ContainerStream:       ORDER BY [MigrationId];
2026-08-08T00:33:51.7795583+00:00 ContainerStream: info: Microsoft.EntityFrameworkCore.Database.Command[20101]
2026-08-08T00:33:51.7795965+00:00 ContainerStream:       Executed DbCommand (2ms) [Parameters=[], CommandType='Text', CommandTimeout='30']
2026-08-08T00:33:51.7796038+00:00 ContainerStream:       SELECT TOP(1) [b].[BankAccountNumber]
2026-08-08T00:33:51.7796082+00:00 ContainerStream:       FROM [Beneficiaries] AS [b]
2026-08-08T00:33:51.7796160+00:00 ContainerStream:       ORDER BY [b].[Id]
2026-08-08T00:33:55.5010671+00:00 ContainerStream: info: Microsoft.EntityFrameworkCore.Database.Command[20101]
2026-08-08T00:33:55.5011431+00:00 ContainerStream:       Executed DbCommand (3ms) [Parameters=[], CommandType='Text', CommandTimeout='30']
2026-08-08T00:33:55.5011536+00:00 ContainerStream:       SELECT 1
2026-08-08T00:33:55.5045375+00:00 ContainerStream: info: Microsoft.EntityFrameworkCore.Database.Command[20101]
2026-08-08T00:33:55.5045904+00:00 ContainerStream:       Executed DbCommand (2ms) [Parameters=[], CommandType='Text', CommandTimeout='30']
2026-08-08T00:33:55.5045995+00:00 ContainerStream:       SELECT OBJECT_ID(N'[__EFMigrationsHistory]');
2026-08-08T00:33:55.5070838+00:00 ContainerStream: info: Microsoft.EntityFrameworkCore.Database.Command[20101]
2026-08-08T00:33:55.5071297+00:00 ContainerStream:       Executed DbCommand (2ms) [Parameters=[], CommandType='Text', CommandTimeout='30']
2026-08-08T00:33:55.5071370+00:00 ContainerStream:       SELECT [MigrationId], [ProductVersion]
2026-08-08T00:33:55.5071411+00:00 ContainerStream:       FROM [__EFMigrationsHistory]
2026-08-08T00:33:55.5071450+00:00 ContainerStream:       ORDER BY [MigrationId];
2026-08-08T00:33:55.5090041+00:00 ContainerStream: info: Microsoft.EntityFrameworkCore.Database.Command[20101]
2026-08-08T00:33:55.5090374+00:00 ContainerStream:       Executed DbCommand (2ms) [Parameters=[], CommandType='Text', CommandTimeout='30']
2026-08-08T00:33:55.5090438+00:00 ContainerStream:       SELECT TOP(1) [b].[BankAccountNumber]
2026-08-08T00:33:55.5090478+00:00 ContainerStream:       FROM [Beneficiaries] AS [b]
2026-08-08T00:33:55.5090519+00:00 ContainerStream:       ORDER BY [b].[Id]
2026-08-08T00:33:55.5750475+00:00 ContainerStream: info: Microsoft.EntityFrameworkCore.Database.Command[20101]
2026-08-08T00:33:55.5751289+00:00 ContainerStream:       Executed DbCommand (2ms) [Parameters=[], CommandType='Text', CommandTimeout='30']
2026-08-08T00:33:55.5751393+00:00 ContainerStream:       SELECT 1
2026-08-08T00:33:55.5785670+00:00 ContainerStream: info: Microsoft.EntityFrameworkCore.Database.Command[20101]
2026-08-08T00:33:55.5786289+00:00 ContainerStream:       Executed DbCommand (2ms) [Parameters=[], CommandType='Text', CommandTimeout='30']
2026-08-08T00:33:55.5786448+00:00 ContainerStream:       SELECT OBJECT_ID(N'[__EFMigrationsHistory]');
2026-08-08T00:33:55.5802222+00:00 ContainerStream: info: Microsoft.EntityFrameworkCore.Database.Command[20101]
2026-08-08T00:33:55.5802583+00:00 ContainerStream:       Executed DbCommand (2ms) [Parameters=[], CommandType='Text', CommandTimeout='30']
2026-08-08T00:33:55.5802657+00:00 ContainerStream:       SELECT [MigrationId], [ProductVersion]
2026-08-08T00:33:55.5802747+00:00 ContainerStream:       FROM [__EFMigrationsHistory]
2026-08-08T00:33:55.5802938+00:00 ContainerStream:       ORDER BY [MigrationId];
2026-08-08T00:33:55.5834688+00:00 ContainerStream: info: Microsoft.EntityFrameworkCore.Database.Command[20101]
2026-08-08T00:33:55.5834914+00:00 ContainerStream:       Executed DbCommand (2ms) [Parameters=[], CommandType='Text', CommandTimeout='30']
2026-08-08T00:33:55.5835032+00:00 ContainerStream:       SELECT TOP(1) [b].[BankAccountNumber]
2026-08-08T00:33:55.5835075+00:00 ContainerStream:       FROM [Beneficiaries] AS [b]
2026-08-08T00:33:55.5835114+00:00 ContainerStream:       ORDER BY [b].[Id]
2026-08-08T00:33:58.3845061+00:00 ContainerStream: info: Microsoft.EntityFrameworkCore.Database.Command[20101]
2026-08-08T00:33:58.3845854+00:00 ContainerStream:       Executed DbCommand (2ms) [Parameters=[], CommandType='Text', CommandTimeout='30']
2026-08-08T00:33:58.3845946+00:00 ContainerStream:       SELECT 1
2026-08-08T00:33:58.3864725+00:00 ContainerStream: info: Microsoft.EntityFrameworkCore.Database.Command[20101]
2026-08-08T00:33:58.3865243+00:00 ContainerStream:       Executed DbCommand (2ms) [Parameters=[], CommandType='Text', CommandTimeout='30']
2026-08-08T00:33:58.3865332+00:00 ContainerStream:       SELECT OBJECT_ID(N'[__EFMigrationsHistory]');
2026-08-08T00:33:58.3909231+00:00 ContainerStream: info: Microsoft.EntityFrameworkCore.Database.Command[20101]
2026-08-08T00:33:58.3909676+00:00 ContainerStream:       Executed DbCommand (2ms) [Parameters=[], CommandType='Text', CommandTimeout='30']
2026-08-08T00:33:58.3909809+00:00 ContainerStream:       SELECT [MigrationId], [ProductVersion]
2026-08-08T00:33:58.3909856+00:00 ContainerStream:       FROM [__EFMigrationsHistory]
2026-08-08T00:33:58.3909904+00:00 ContainerStream:       ORDER BY [MigrationId];
2026-08-08T00:33:58.3929753+00:00 ContainerStream: info: Microsoft.EntityFrameworkCore.Database.Command[20101]
2026-08-08T00:33:58.3930128+00:00 ContainerStream:       Executed DbCommand (2ms) [Parameters=[], CommandType='Text', CommandTimeout='30']
2026-08-08T00:33:58.3930203+00:00 ContainerStream:       SELECT TOP(1) [b].[BankAccountNumber]
2026-08-08T00:33:58.3930256+00:00 ContainerStream:       FROM [Beneficiaries] AS [b]
2026-08-08T00:33:58.3930474+00:00 ContainerStream:       ORDER BY [b].[Id]
2026-08-08T00:33:58.4807092+00:00 ContainerStream: info: Microsoft.EntityFrameworkCore.Database.Command[20101]
2026-08-08T00:33:58.4807875+00:00 ContainerStream:       Executed DbCommand (2ms) [Parameters=[], CommandType='Text', CommandTimeout='30']
2026-08-08T00:33:58.4807994+00:00 ContainerStream:       SELECT 1
2026-08-08T00:33:58.4830056+00:00 ContainerStream: info: Microsoft.EntityFrameworkCore.Database.Command[20101]
2026-08-08T00:33:58.4830560+00:00 ContainerStream:       Executed DbCommand (2ms) [Parameters=[], CommandType='Text', CommandTimeout='30']
2026-08-08T00:33:58.4830646+00:00 ContainerStream:       SELECT OBJECT_ID(N'[__EFMigrationsHistory]');
2026-08-08T00:33:58.4862048+00:00 ContainerStream: info: Microsoft.EntityFrameworkCore.Database.Command[20101]
2026-08-08T00:33:58.4862393+00:00 ContainerStream:       Executed DbCommand (2ms) [Parameters=[], CommandType='Text', CommandTimeout='30']
2026-08-08T00:33:58.4862513+00:00 ContainerStream:       SELECT [MigrationId], [ProductVersion]
2026-08-08T00:33:58.4862553+00:00 ContainerStream:       FROM [__EFMigrationsHistory]
2026-08-08T00:33:58.4862589+00:00 ContainerStream:       ORDER BY [MigrationId];
2026-08-08T00:33:58.4884316+00:00 ContainerStream: info: Microsoft.EntityFrameworkCore.Database.Command[20101]
2026-08-08T00:33:58.4884621+00:00 ContainerStream:       Executed DbCommand (2ms) [Parameters=[], CommandType='Text', CommandTimeout='30']
2026-08-08T00:33:58.4884731+00:00 ContainerStream:       SELECT TOP(1) [b].[BankAccountNumber]
2026-08-08T00:33:58.4884778+00:00 ContainerStream:       FROM [Beneficiaries] AS [b]
2026-08-08T00:33:58.4884819+00:00 ContainerStream:       ORDER BY [b].[Id]
2026-08-08T00:34:05.5178921+00:00 ContainerStream: info: Microsoft.EntityFrameworkCore.Database.Command[20101]
2026-08-08T00:34:05.5179760+00:00 ContainerStream:       Executed DbCommand (2ms) [Parameters=[], CommandType='Text', CommandTimeout='30']
2026-08-08T00:34:05.5179884+00:00 ContainerStream:       SELECT 1
2026-08-08T00:34:05.5198075+00:00 ContainerStream: info: Microsoft.EntityFrameworkCore.Database.Command[20101]
2026-08-08T00:34:05.5198605+00:00 ContainerStream:       Executed DbCommand (2ms) [Parameters=[], CommandType='Text', CommandTimeout='30']
2026-08-08T00:34:05.5198713+00:00 ContainerStream:       SELECT OBJECT_ID(N'[__EFMigrationsHistory]');
2026-08-08T00:34:05.5238702+00:00 ContainerStream: info: Microsoft.EntityFrameworkCore.Database.Command[20101]
2026-08-08T00:34:05.5239194+00:00 ContainerStream:       Executed DbCommand (2ms) [Parameters=[], CommandType='Text', CommandTimeout='30']
2026-08-08T00:34:05.5239286+00:00 ContainerStream:       SELECT [MigrationId], [ProductVersion]
2026-08-08T00:34:05.5239328+00:00 ContainerStream:       FROM [__EFMigrationsHistory]
2026-08-08T00:34:05.5239430+00:00 ContainerStream:       ORDER BY [MigrationId];
2026-08-08T00:34:05.5262983+00:00 ContainerStream: info: Microsoft.EntityFrameworkCore.Database.Command[20101]
2026-08-08T00:34:05.5263321+00:00 ContainerStream:       Executed DbCommand (2ms) [Parameters=[], CommandType='Text', CommandTimeout='30']
2026-08-08T00:34:05.5263393+00:00 ContainerStream:       SELECT TOP(1) [b].[BankAccountNumber]
2026-08-08T00:34:05.5263440+00:00 ContainerStream:       FROM [Beneficiaries] AS [b]
2026-08-08T00:34:05.5263506+00:00 ContainerStream:       ORDER BY [b].[Id]
2026-08-08T00:34:09.6918012+00:00 ContainerStream: info: Microsoft.EntityFrameworkCore.Database.Command[20101]
2026-08-08T00:34:09.6918788+00:00 ContainerStream:       Executed DbCommand (2ms) [Parameters=[], CommandType='Text', CommandTimeout='30']
2026-08-08T00:34:09.6918898+00:00 ContainerStream:       SELECT 1
2026-08-08T00:34:09.6935128+00:00 ContainerStream: info: Microsoft.EntityFrameworkCore.Database.Command[20101]
2026-08-08T00:34:09.6935799+00:00 ContainerStream:       Executed DbCommand (2ms) [Parameters=[], CommandType='Text', CommandTimeout='30']
2026-08-08T00:34:09.6935896+00:00 ContainerStream:       SELECT OBJECT_ID(N'[__EFMigrationsHistory]');
2026-08-08T00:34:09.6975791+00:00 ContainerStream: info: Microsoft.EntityFrameworkCore.Database.Command[20101]
2026-08-08T00:34:09.6976195+00:00 ContainerStream:       Executed DbCommand (2ms) [Parameters=[], CommandType='Text', CommandTimeout='30']
2026-08-08T00:34:09.6976772+00:00 ContainerStream:       SELECT [MigrationId], [ProductVersion]
2026-08-08T00:34:09.6976856+00:00 ContainerStream:       FROM [__EFMigrationsHistory]
2026-08-08T00:34:09.6976904+00:00 ContainerStream:       ORDER BY [MigrationId];
2026-08-08T00:34:09.6992333+00:00 ContainerStream: info: Microsoft.EntityFrameworkCore.Database.Command[20101]
2026-08-08T00:34:09.6992659+00:00 ContainerStream:       Executed DbCommand (2ms) [Parameters=[], CommandType='Text', CommandTimeout='30']
2026-08-08T00:34:09.6992771+00:00 ContainerStream:       SELECT TOP(1) [b].[BankAccountNumber]
2026-08-08T00:34:09.6992819+00:00 ContainerStream:       FROM [Beneficiaries] AS [b]
2026-08-08T00:34:09.6992863+00:00 ContainerStream:       ORDER BY [b].[Id]
2026-08-08T00:34:10.7020911+00:00 ContainerStream: info: Microsoft.EntityFrameworkCore.Database.Command[20101]
2026-08-08T00:34:10.7021622+00:00 ContainerStream:       Executed DbCommand (4ms) [Parameters=[], CommandType='Text', CommandTimeout='30']
2026-08-08T00:34:10.7021715+00:00 ContainerStream:       SELECT 1
2026-08-08T00:34:10.7046162+00:00 ContainerStream: info: Microsoft.EntityFrameworkCore.Database.Command[20101]
2026-08-08T00:34:10.7046510+00:00 ContainerStream:       Executed DbCommand (2ms) [Parameters=[], CommandType='Text', CommandTimeout='30']
2026-08-08T00:34:10.7046583+00:00 ContainerStream:       SELECT OBJECT_ID(N'[__EFMigrationsHistory]');
2026-08-08T00:34:10.7085905+00:00 ContainerStream: info: Microsoft.EntityFrameworkCore.Database.Command[20101]
2026-08-08T00:34:10.7086337+00:00 ContainerStream:       Executed DbCommand (2ms) [Parameters=[], CommandType='Text', CommandTimeout='30']
2026-08-08T00:34:10.7086408+00:00 ContainerStream:       SELECT [MigrationId], [ProductVersion]
2026-08-08T00:34:10.7086449+00:00 ContainerStream:       FROM [__EFMigrationsHistory]
2026-08-08T00:34:10.7086530+00:00 ContainerStream:       ORDER BY [MigrationId];
2026-08-08T00:34:10.7105123+00:00 ContainerStream: info: Microsoft.EntityFrameworkCore.Database.Command[20101]
2026-08-08T00:34:10.7105435+00:00 ContainerStream:       Executed DbCommand (2ms) [Parameters=[], CommandType='Text', CommandTimeout='30']
2026-08-08T00:34:10.7105508+00:00 ContainerStream:       SELECT TOP(1) [b].[BankAccountNumber]
2026-08-08T00:34:10.7105555+00:00 ContainerStream:       FROM [Beneficiaries] AS [b]
2026-08-08T00:34:10.7105593+00:00 ContainerStream:       ORDER BY [b].[Id]
2026-08-08T00:34:10.8020958+00:00 ContainerStream: info: Microsoft.EntityFrameworkCore.Database.Command[20101]
2026-08-08T00:34:10.8021763+00:00 ContainerStream:       Executed DbCommand (2ms) [Parameters=[], CommandType='Text', CommandTimeout='30']
2026-08-08T00:34:10.8021882+00:00 ContainerStream:       SELECT 1
2026-08-08T00:34:10.8040892+00:00 ContainerStream: info: Microsoft.EntityFrameworkCore.Database.Command[20101]
2026-08-08T00:34:10.8041466+00:00 ContainerStream:       Executed DbCommand (2ms) [Parameters=[], CommandType='Text', CommandTimeout='30']
2026-08-08T00:34:10.8041643+00:00 ContainerStream:       SELECT OBJECT_ID(N'[__EFMigrationsHistory]');
2026-08-08T00:34:10.8079449+00:00 ContainerStream: info: Microsoft.EntityFrameworkCore.Database.Command[20101]
2026-08-08T00:34:10.8079825+00:00 ContainerStream:       Executed DbCommand (2ms) [Parameters=[], CommandType='Text', CommandTimeout='30']
2026-08-08T00:34:10.8079922+00:00 ContainerStream:       SELECT [MigrationId], [ProductVersion]
2026-08-08T00:34:10.8080026+00:00 ContainerStream:       FROM [__EFMigrationsHistory]
2026-08-08T00:34:10.8080227+00:00 ContainerStream:       ORDER BY [MigrationId];
2026-08-08T00:34:10.8098523+00:00 ContainerStream: info: Microsoft.EntityFrameworkCore.Database.Command[20101]
2026-08-08T00:34:10.8098836+00:00 ContainerStream:       Executed DbCommand (2ms) [Parameters=[], CommandType='Text', CommandTimeout='30']
2026-08-08T00:34:10.8098946+00:00 ContainerStream:       SELECT TOP(1) [b].[BankAccountNumber]
2026-08-08T00:34:10.8098990+00:00 ContainerStream:       FROM [Beneficiaries] AS [b]
2026-08-08T00:34:10.8099027+00:00 ContainerStream:       ORDER BY [b].[Id]
2026-08-08T00:34:14.3712669+00:00 ContainerStream: info: Microsoft.EntityFrameworkCore.Database.Command[20101]
2026-08-08T00:34:14.3713516+00:00 ContainerStream:       Executed DbCommand (2ms) [Parameters=[], CommandType='Text', CommandTimeout='30']
2026-08-08T00:34:14.3713721+00:00 ContainerStream:       SELECT 1
2026-08-08T00:34:14.3738422+00:00 ContainerStream: info: Microsoft.EntityFrameworkCore.Database.Command[20101]
2026-08-08T00:34:14.3738923+00:00 ContainerStream:       Executed DbCommand (2ms) [Parameters=[], CommandType='Text', CommandTimeout='30']
2026-08-08T00:34:14.3739025+00:00 ContainerStream:       SELECT OBJECT_ID(N'[__EFMigrationsHistory]');
2026-08-08T00:34:14.3774820+00:00 ContainerStream: info: Microsoft.EntityFrameworkCore.Database.Command[20101]
2026-08-08T00:34:14.3775407+00:00 ContainerStream:       Executed DbCommand (2ms) [Parameters=[], CommandType='Text', CommandTimeout='30']
2026-08-08T00:34:14.3775519+00:00 ContainerStream:       SELECT [MigrationId], [ProductVersion]
2026-08-08T00:34:14.3775578+00:00 ContainerStream:       FROM [__EFMigrationsHistory]
2026-08-08T00:34:14.3775629+00:00 ContainerStream:       ORDER BY [MigrationId];
2026-08-08T00:34:14.3803224+00:00 ContainerStream: info: Microsoft.EntityFrameworkCore.Database.Command[20101]
2026-08-08T00:34:14.3803642+00:00 ContainerStream:       Executed DbCommand (2ms) [Parameters=[], CommandType='Text', CommandTimeout='30']
2026-08-08T00:34:14.3808021+00:00 ContainerStream:       SELECT TOP(1) [b].[BankAccountNumber]
2026-08-08T00:34:14.3808165+00:00 ContainerStream:       FROM [Beneficiaries] AS [b]
2026-08-08T00:34:14.3808210+00:00 ContainerStream:       ORDER BY [b].[Id]
2026-08-08T00:34:14.6543574+00:00 ContainerStream: info: Microsoft.EntityFrameworkCore.Database.Command[20101]
2026-08-08T00:34:14.6544353+00:00 ContainerStream:       Executed DbCommand (2ms) [Parameters=[], CommandType='Text', CommandTimeout='30']
2026-08-08T00:34:14.6544468+00:00 ContainerStream:       SELECT 1
2026-08-08T00:34:14.6560701+00:00 ContainerStream: info: Microsoft.EntityFrameworkCore.Database.Command[20101]
2026-08-08T00:34:14.6561294+00:00 ContainerStream:       Executed DbCommand (2ms) [Parameters=[], CommandType='Text', CommandTimeout='30']
2026-08-08T00:34:14.6561375+00:00 ContainerStream:       SELECT OBJECT_ID(N'[__EFMigrationsHistory]');
2026-08-08T00:34:14.6593323+00:00 ContainerStream: info: Microsoft.EntityFrameworkCore.Database.Command[20101]
2026-08-08T00:34:14.6593686+00:00 ContainerStream:       Executed DbCommand (2ms) [Parameters=[], CommandType='Text', CommandTimeout='30']
2026-08-08T00:34:14.6593822+00:00 ContainerStream:       SELECT [MigrationId], [ProductVersion]
2026-08-08T00:34:14.6593864+00:00 ContainerStream:       FROM [__EFMigrationsHistory]
2026-08-08T00:34:14.6600062+00:00 ContainerStream:       ORDER BY [MigrationId];
2026-08-08T00:34:14.6614685+00:00 ContainerStream: info: Microsoft.EntityFrameworkCore.Database.Command[20101]
2026-08-08T00:34:14.6615001+00:00 ContainerStream:       Executed DbCommand (2ms) [Parameters=[], CommandType='Text', CommandTimeout='30']
2026-08-08T00:34:14.6615068+00:00 ContainerStream:       SELECT TOP(1) [b].[BankAccountNumber]
2026-08-08T00:34:14.6615103+00:00 ContainerStream:       FROM [Beneficiaries] AS [b]
2026-08-08T00:34:14.6615139+00:00 ContainerStream:       ORDER BY [b].[Id]
2026-08-08T00:34:16.7811434+00:00 ContainerStream: info: Microsoft.EntityFrameworkCore.Database.Command[20101]
2026-08-08T00:34:16.7812628+00:00 ContainerStream:       Executed DbCommand (5ms) [Parameters=[], CommandType='Text', CommandTimeout='30']
2026-08-08T00:34:16.7812740+00:00 ContainerStream:       SELECT 1
2026-08-08T00:34:16.7831160+00:00 ContainerStream: info: Microsoft.EntityFrameworkCore.Database.Command[20101]
2026-08-08T00:34:16.7831936+00:00 ContainerStream:       Executed DbCommand (2ms) [Parameters=[], CommandType='Text', CommandTimeout='30']
2026-08-08T00:34:16.7832090+00:00 ContainerStream:       SELECT OBJECT_ID(N'[__EFMigrationsHistory]');
2026-08-08T00:34:16.7863000+00:00 ContainerStream: info: Microsoft.EntityFrameworkCore.Database.Command[20101]
2026-08-08T00:34:16.7863389+00:00 ContainerStream:       Executed DbCommand (2ms) [Parameters=[], CommandType='Text', CommandTimeout='30']
2026-08-08T00:34:16.7863654+00:00 ContainerStream:       SELECT [MigrationId], [ProductVersion]
2026-08-08T00:34:16.7863706+00:00 ContainerStream:       FROM [__EFMigrationsHistory]
2026-08-08T00:34:16.7863789+00:00 ContainerStream:       ORDER BY [MigrationId];
2026-08-08T00:34:16.7887779+00:00 ContainerStream: info: Microsoft.EntityFrameworkCore.Database.Command[20101]
2026-08-08T00:34:16.7888141+00:00 ContainerStream:       Executed DbCommand (2ms) [Parameters=[], CommandType='Text', CommandTimeout='30']
2026-08-08T00:34:16.7888226+00:00 ContainerStream:       SELECT TOP(1) [b].[BankAccountNumber]
2026-08-08T00:34:16.7888274+00:00 ContainerStream:       FROM [Beneficiaries] AS [b]
2026-08-08T00:34:16.7888364+00:00 ContainerStream:       ORDER BY [b].[Id]
2026-08-08T00:34:18.8354834+00:00 ContainerStream: info: Microsoft.EntityFrameworkCore.Database.Command[20101]
2026-08-08T00:34:18.8355590+00:00 ContainerStream:       Executed DbCommand (3ms) [Parameters=[], CommandType='Text', CommandTimeout='30']
2026-08-08T00:34:18.8355705+00:00 ContainerStream:       SELECT 1
2026-08-08T00:34:18.8373275+00:00 ContainerStream: info: Microsoft.EntityFrameworkCore.Database.Command[20101]
2026-08-08T00:34:18.8373750+00:00 ContainerStream:       Executed DbCommand (2ms) [Parameters=[], CommandType='Text', CommandTimeout='30']
2026-08-08T00:34:18.8373830+00:00 ContainerStream:       SELECT OBJECT_ID(N'[__EFMigrationsHistory]');
2026-08-08T00:34:18.8407884+00:00 ContainerStream: info: Microsoft.EntityFrameworkCore.Database.Command[20101]
2026-08-08T00:34:18.8408322+00:00 ContainerStream:       Executed DbCommand (2ms) [Parameters=[], CommandType='Text', CommandTimeout='30']
2026-08-08T00:34:18.8408404+00:00 ContainerStream:       SELECT [MigrationId], [ProductVersion]
2026-08-08T00:34:18.8408452+00:00 ContainerStream:       FROM [__EFMigrationsHistory]
2026-08-08T00:34:18.8408495+00:00 ContainerStream:       ORDER BY [MigrationId];
2026-08-08T00:34:18.8427088+00:00 ContainerStream: info: Microsoft.EntityFrameworkCore.Database.Command[20101]
2026-08-08T00:34:18.8427489+00:00 ContainerStream:       Executed DbCommand (2ms) [Parameters=[], CommandType='Text', CommandTimeout='30']
2026-08-08T00:34:18.8427560+00:00 ContainerStream:       SELECT TOP(1) [b].[BankAccountNumber]
2026-08-08T00:34:18.8427605+00:00 ContainerStream:       FROM [Beneficiaries] AS [b]
2026-08-08T00:34:18.8427650+00:00 ContainerStream:       ORDER BY [b].[Id]
2026-08-08T00:34:19.4049400+00:00 ContainerStream: info: Microsoft.EntityFrameworkCore.Database.Command[20101]
2026-08-08T00:34:19.4050238+00:00 ContainerStream:       Executed DbCommand (3ms) [Parameters=[], CommandType='Text', CommandTimeout='30']
2026-08-08T00:34:19.4050361+00:00 ContainerStream:       SELECT 1
2026-08-08T00:34:19.4070176+00:00 ContainerStream: info: Microsoft.EntityFrameworkCore.Database.Command[20101]
2026-08-08T00:34:19.4070658+00:00 ContainerStream:       Executed DbCommand (2ms) [Parameters=[], CommandType='Text', CommandTimeout='30']
2026-08-08T00:34:19.4070805+00:00 ContainerStream:       SELECT OBJECT_ID(N'[__EFMigrationsHistory]');
2026-08-08T00:34:19.4106954+00:00 ContainerStream: info: Microsoft.EntityFrameworkCore.Database.Command[20101]
2026-08-08T00:34:19.4107280+00:00 ContainerStream:       Executed DbCommand (2ms) [Parameters=[], CommandType='Text', CommandTimeout='30']
2026-08-08T00:34:19.4107360+00:00 ContainerStream:       SELECT [MigrationId], [ProductVersion]
2026-08-08T00:34:19.4107452+00:00 ContainerStream:       FROM [__EFMigrationsHistory]
2026-08-08T00:34:19.4107482+00:00 ContainerStream:       ORDER BY [MigrationId];
2026-08-08T00:34:19.4124958+00:00 ContainerStream: info: Microsoft.EntityFrameworkCore.Database.Command[20101]
2026-08-08T00:34:19.4125289+00:00 ContainerStream:       Executed DbCommand (2ms) [Parameters=[], CommandType='Text', CommandTimeout='30']
2026-08-08T00:34:19.4125355+00:00 ContainerStream:       SELECT TOP(1) [b].[BankAccountNumber]
2026-08-08T00:34:19.4125441+00:00 ContainerStream:       FROM [Beneficiaries] AS [b]
2026-08-08T00:34:19.4125586+00:00 ContainerStream:       ORDER BY [b].[Id]
2026-08-08T00:34:24.9691931+00:00 ContainerStream: info: Microsoft.EntityFrameworkCore.Database.Command[20101]
2026-08-08T00:34:24.9692720+00:00 ContainerStream:       Executed DbCommand (2ms) [Parameters=[], CommandType='Text', CommandTimeout='30']
2026-08-08T00:34:24.9692920+00:00 ContainerStream:       SELECT 1
2026-08-08T00:34:24.9722675+00:00 ContainerStream: info: Microsoft.EntityFrameworkCore.Database.Command[20101]
2026-08-08T00:34:24.9723270+00:00 ContainerStream:       Executed DbCommand (3ms) [Parameters=[], CommandType='Text', CommandTimeout='30']
2026-08-08T00:34:24.9723373+00:00 ContainerStream:       SELECT OBJECT_ID(N'[__EFMigrationsHistory]');
2026-08-08T00:34:24.9763849+00:00 ContainerStream: info: Microsoft.EntityFrameworkCore.Database.Command[20101]
2026-08-08T00:34:24.9764294+00:00 ContainerStream:       Executed DbCommand (2ms) [Parameters=[], CommandType='Text', CommandTimeout='30']
2026-08-08T00:34:24.9764394+00:00 ContainerStream:       SELECT [MigrationId], [ProductVersion]
2026-08-08T00:34:24.9764542+00:00 ContainerStream:       FROM [__EFMigrationsHistory]
2026-08-08T00:34:24.9764595+00:00 ContainerStream:       ORDER BY [MigrationId];
2026-08-08T00:34:24.9794458+00:00 ContainerStream: info: Microsoft.EntityFrameworkCore.Database.Command[20101]
2026-08-08T00:34:24.9794748+00:00 ContainerStream:       Executed DbCommand (2ms) [Parameters=[], CommandType='Text', CommandTimeout='30']
2026-08-08T00:34:24.9794821+00:00 ContainerStream:       SELECT TOP(1) [b].[BankAccountNumber]
2026-08-08T00:34:24.9794859+00:00 ContainerStream:       FROM [Beneficiaries] AS [b]
2026-08-08T00:34:24.9794896+00:00 ContainerStream:       ORDER BY [b].[Id]
2026-08-08T00:34:27.0584423+00:00 ContainerStream: info: Microsoft.EntityFrameworkCore.Database.Command[20101]
2026-08-08T00:34:27.0585292+00:00 ContainerStream:       Executed DbCommand (4ms) [Parameters=[], CommandType='Text', CommandTimeout='30']
2026-08-08T00:34:27.0585428+00:00 ContainerStream:       SELECT 1
2026-08-08T00:34:27.0609270+00:00 ContainerStream: info: Microsoft.EntityFrameworkCore.Database.Command[20101]
2026-08-08T00:34:27.0610080+00:00 ContainerStream:       Executed DbCommand (2ms) [Parameters=[], CommandType='Text', CommandTimeout='30']
2026-08-08T00:34:27.0610184+00:00 ContainerStream:       SELECT OBJECT_ID(N'[__EFMigrationsHistory]');
2026-08-08T00:34:27.0648099+00:00 ContainerStream: info: Microsoft.EntityFrameworkCore.Database.Command[20101]
2026-08-08T00:34:27.0648685+00:00 ContainerStream:       Executed DbCommand (2ms) [Parameters=[], CommandType='Text', CommandTimeout='30']
2026-08-08T00:34:27.0648817+00:00 ContainerStream:       SELECT [MigrationId], [ProductVersion]
2026-08-08T00:34:27.0648859+00:00 ContainerStream:       FROM [__EFMigrationsHistory]
2026-08-08T00:34:27.0648896+00:00 ContainerStream:       ORDER BY [MigrationId];
2026-08-08T00:34:27.0677931+00:00 ContainerStream: info: Microsoft.EntityFrameworkCore.Database.Command[20101]
2026-08-08T00:34:27.0678319+00:00 ContainerStream:       Executed DbCommand (2ms) [Parameters=[], CommandType='Text', CommandTimeout='30']
2026-08-08T00:34:27.0678462+00:00 ContainerStream:       SELECT TOP(1) [b].[BankAccountNumber]
2026-08-08T00:34:27.0678503+00:00 ContainerStream:       FROM [Beneficiaries] AS [b]
2026-08-08T00:34:27.0678539+00:00 ContainerStream:       ORDER BY [b].[Id]
2026-08-08T00:34:29.8739111+00:00 ContainerStream: info: Microsoft.EntityFrameworkCore.Database.Command[20101]
2026-08-08T00:34:29.8740283+00:00 ContainerStream:       Executed DbCommand (2ms) [Parameters=[], CommandType='Text', CommandTimeout='30']
2026-08-08T00:34:29.8740410+00:00 ContainerStream:       SELECT 1
2026-08-08T00:34:29.8768016+00:00 ContainerStream: info: Microsoft.EntityFrameworkCore.Database.Command[20101]
2026-08-08T00:34:29.8768650+00:00 ContainerStream:       Executed DbCommand (2ms) [Parameters=[], CommandType='Text', CommandTimeout='30']
2026-08-08T00:34:29.8768760+00:00 ContainerStream:       SELECT OBJECT_ID(N'[__EFMigrationsHistory]');
2026-08-08T00:34:29.8799934+00:00 ContainerStream: info: Microsoft.EntityFrameworkCore.Database.Command[20101]
2026-08-08T00:34:29.8800380+00:00 ContainerStream:       Executed DbCommand (2ms) [Parameters=[], CommandType='Text', CommandTimeout='30']
2026-08-08T00:34:29.8800468+00:00 ContainerStream:       SELECT [MigrationId], [ProductVersion]
2026-08-08T00:34:29.8800516+00:00 ContainerStream:       FROM [__EFMigrationsHistory]
2026-08-08T00:34:29.8801278+00:00 ContainerStream:       ORDER BY [MigrationId];
2026-08-08T00:34:29.8827916+00:00 ContainerStream: info: Microsoft.EntityFrameworkCore.Database.Command[20101]
2026-08-08T00:34:29.8828323+00:00 ContainerStream:       Executed DbCommand (2ms) [Parameters=[], CommandType='Text', CommandTimeout='30']
2026-08-08T00:34:29.8828408+00:00 ContainerStream:       SELECT TOP(1) [b].[BankAccountNumber]
2026-08-08T00:34:29.8828453+00:00 ContainerStream:       FROM [Beneficiaries] AS [b]
2026-08-08T00:34:29.8828696+00:00 ContainerStream:       ORDER BY [b].[Id]
2026-08-08T00:34:31.0573869+00:00 ContainerStream: info: Microsoft.EntityFrameworkCore.Database.Command[20101]
2026-08-08T00:34:31.0575034+00:00 ContainerStream:       Executed DbCommand (2ms) [Parameters=[], CommandType='Text', CommandTimeout='30']
2026-08-08T00:34:31.0575152+00:00 ContainerStream:       SELECT 1
2026-08-08T00:34:31.0607792+00:00 ContainerStream: info: Microsoft.EntityFrameworkCore.Database.Command[20101]
2026-08-08T00:34:31.0608483+00:00 ContainerStream:       Executed DbCommand (2ms) [Parameters=[], CommandType='Text', CommandTimeout='30']
2026-08-08T00:34:31.0608633+00:00 ContainerStream:       SELECT OBJECT_ID(N'[__EFMigrationsHistory]');
2026-08-08T00:34:31.0648603+00:00 ContainerStream: info: Microsoft.EntityFrameworkCore.Database.Command[20101]
2026-08-08T00:34:31.0649171+00:00 ContainerStream:       Executed DbCommand (3ms) [Parameters=[], CommandType='Text', CommandTimeout='30']
2026-08-08T00:34:31.0649283+00:00 ContainerStream:       SELECT [MigrationId], [ProductVersion]
2026-08-08T00:34:31.0649380+00:00 ContainerStream:       FROM [__EFMigrationsHistory]
2026-08-08T00:34:31.0650114+00:00 ContainerStream:       ORDER BY [MigrationId];
2026-08-08T00:34:31.0667901+00:00 ContainerStream: info: Microsoft.EntityFrameworkCore.Database.Command[20101]
2026-08-08T00:34:31.0668342+00:00 ContainerStream:       Executed DbCommand (2ms) [Parameters=[], CommandType='Text', CommandTimeout='30']
2026-08-08T00:34:31.0668472+00:00 ContainerStream:       SELECT TOP(1) [b].[BankAccountNumber]
2026-08-08T00:34:31.0668510+00:00 ContainerStream:       FROM [Beneficiaries] AS [b]
2026-08-08T00:34:31.0668544+00:00 ContainerStream:       ORDER BY [b].[Id]
2026-08-08T00:34:35.5797470+00:00 ContainerStream: info: Microsoft.EntityFrameworkCore.Database.Command[20101]
2026-08-08T00:34:35.5798305+00:00 ContainerStream:       Executed DbCommand (2ms) [Parameters=[], CommandType='Text', CommandTimeout='30']
2026-08-08T00:34:35.5798540+00:00 ContainerStream:       SELECT 1
2026-08-08T00:34:35.5817205+00:00 ContainerStream: info: Microsoft.EntityFrameworkCore.Database.Command[20101]
2026-08-08T00:34:35.5817866+00:00 ContainerStream:       Executed DbCommand (2ms) [Parameters=[], CommandType='Text', CommandTimeout='30']
2026-08-08T00:34:35.5817974+00:00 ContainerStream:       SELECT OBJECT_ID(N'[__EFMigrationsHistory]');
2026-08-08T00:34:35.5856809+00:00 ContainerStream: info: Microsoft.EntityFrameworkCore.Database.Command[20101]
2026-08-08T00:34:35.5857244+00:00 ContainerStream:       Executed DbCommand (2ms) [Parameters=[], CommandType='Text', CommandTimeout='30']
2026-08-08T00:34:35.5857331+00:00 ContainerStream:       SELECT [MigrationId], [ProductVersion]
2026-08-08T00:34:35.5857378+00:00 ContainerStream:       FROM [__EFMigrationsHistory]
2026-08-08T00:34:35.5876654+00:00 ContainerStream:       ORDER BY [MigrationId];
2026-08-08T00:34:35.5895804+00:00 ContainerStream: info: Microsoft.EntityFrameworkCore.Database.Command[20101]
2026-08-08T00:34:35.5896119+00:00 ContainerStream:       Executed DbCommand (2ms) [Parameters=[], CommandType='Text', CommandTimeout='30']
2026-08-08T00:34:35.5896186+00:00 ContainerStream:       SELECT TOP(1) [b].[BankAccountNumber]
2026-08-08T00:34:35.5896230+00:00 ContainerStream:       FROM [Beneficiaries] AS [b]
2026-08-08T00:34:35.5896308+00:00 ContainerStream:       ORDER BY [b].[Id]
2026-08-08T00:34:39.7303139+00:00 ContainerStream: info: Microsoft.EntityFrameworkCore.Database.Command[20101]
2026-08-08T00:34:39.7304011+00:00 ContainerStream:       Executed DbCommand (3ms) [Parameters=[], CommandType='Text', CommandTimeout='30']
2026-08-08T00:34:39.7304131+00:00 ContainerStream:       SELECT 1
2026-08-08T00:34:39.7322075+00:00 ContainerStream: info: Microsoft.EntityFrameworkCore.Database.Command[20101]
2026-08-08T00:34:39.7322704+00:00 ContainerStream:       Executed DbCommand (2ms) [Parameters=[], CommandType='Text', CommandTimeout='30']
2026-08-08T00:34:39.7322799+00:00 ContainerStream:       SELECT OBJECT_ID(N'[__EFMigrationsHistory]');
2026-08-08T00:34:39.7359275+00:00 ContainerStream: info: Microsoft.EntityFrameworkCore.Database.Command[20101]
2026-08-08T00:34:39.7359613+00:00 ContainerStream:       Executed DbCommand (2ms) [Parameters=[], CommandType='Text', CommandTimeout='30']
2026-08-08T00:34:39.7362317+00:00 ContainerStream:       SELECT [MigrationId], [ProductVersion]
2026-08-08T00:34:39.7362464+00:00 ContainerStream:       FROM [__EFMigrationsHistory]
2026-08-08T00:34:39.7362666+00:00 ContainerStream:       ORDER BY [MigrationId];
2026-08-08T00:34:39.7390276+00:00 ContainerStream: info: Microsoft.EntityFrameworkCore.Database.Command[20101]
2026-08-08T00:34:39.7390670+00:00 ContainerStream:       Executed DbCommand (2ms) [Parameters=[], CommandType='Text', CommandTimeout='30']
2026-08-08T00:34:39.7390833+00:00 ContainerStream:       SELECT TOP(1) [b].[BankAccountNumber]
2026-08-08T00:34:39.7390884+00:00 ContainerStream:       FROM [Beneficiaries] AS [b]
2026-08-08T00:34:39.7390926+00:00 ContainerStream:       ORDER BY [b].[Id]
2026-08-08T00:34:42.1328449+00:00 ContainerStream: info: Microsoft.EntityFrameworkCore.Database.Command[20101]
2026-08-08T00:34:42.1329428+00:00 ContainerStream:       Executed DbCommand (2ms) [Parameters=[], CommandType='Text', CommandTimeout='30']
2026-08-08T00:34:42.1329521+00:00 ContainerStream:       SELECT 1
2026-08-08T00:34:42.1348222+00:00 ContainerStream: info: Microsoft.EntityFrameworkCore.Database.Command[20101]
2026-08-08T00:34:42.1348843+00:00 ContainerStream:       Executed DbCommand (2ms) [Parameters=[], CommandType='Text', CommandTimeout='30']
2026-08-08T00:34:42.1349005+00:00 ContainerStream:       SELECT OBJECT_ID(N'[__EFMigrationsHistory]');
2026-08-08T00:34:42.1383090+00:00 ContainerStream: info: Microsoft.EntityFrameworkCore.Database.Command[20101]
2026-08-08T00:34:42.1383610+00:00 ContainerStream:       Executed DbCommand (2ms) [Parameters=[], CommandType='Text', CommandTimeout='30']
2026-08-08T00:34:42.1383699+00:00 ContainerStream:       SELECT [MigrationId], [ProductVersion]
2026-08-08T00:34:42.1383755+00:00 ContainerStream:       FROM [__EFMigrationsHistory]
2026-08-08T00:34:42.1383863+00:00 ContainerStream:       ORDER BY [MigrationId];
2026-08-08T00:34:42.1402479+00:00 ContainerStream: info: Microsoft.EntityFrameworkCore.Database.Command[20101]
2026-08-08T00:34:42.1402904+00:00 ContainerStream:       Executed DbCommand (2ms) [Parameters=[], CommandType='Text', CommandTimeout='30']
2026-08-08T00:34:42.1402979+00:00 ContainerStream:       SELECT TOP(1) [b].[BankAccountNumber]
2026-08-08T00:34:42.1403024+00:00 ContainerStream:       FROM [Beneficiaries] AS [b]
2026-08-08T00:34:42.1403111+00:00 ContainerStream:       ORDER BY [b].[Id]
2026-08-08T00:34:46.3845439+00:00 ContainerStream: info: Microsoft.EntityFrameworkCore.Database.Command[20101]
2026-08-08T00:34:46.3846283+00:00 ContainerStream:       Executed DbCommand (2ms) [Parameters=[], CommandType='Text', CommandTimeout='30']
2026-08-08T00:34:46.3846390+00:00 ContainerStream:       SELECT 1
2026-08-08T00:34:46.3866429+00:00 ContainerStream: info: Microsoft.EntityFrameworkCore.Database.Command[20101]
2026-08-08T00:34:46.3866964+00:00 ContainerStream:       Executed DbCommand (2ms) [Parameters=[], CommandType='Text', CommandTimeout='30']
2026-08-08T00:34:46.3867042+00:00 ContainerStream:       SELECT OBJECT_ID(N'[__EFMigrationsHistory]');
2026-08-08T00:34:46.3897848+00:00 ContainerStream: info: Microsoft.EntityFrameworkCore.Database.Command[20101]
2026-08-08T00:34:46.3898318+00:00 ContainerStream:       Executed DbCommand (2ms) [Parameters=[], CommandType='Text', CommandTimeout='30']
2026-08-08T00:34:46.3898398+00:00 ContainerStream:       SELECT [MigrationId], [ProductVersion]
2026-08-08T00:34:46.3898447+00:00 ContainerStream:       FROM [__EFMigrationsHistory]
2026-08-08T00:34:46.3902985+00:00 ContainerStream:       ORDER BY [MigrationId];
2026-08-08T00:34:46.3923722+00:00 ContainerStream: info: Microsoft.EntityFrameworkCore.Database.Command[20101]
2026-08-08T00:34:46.3924005+00:00 ContainerStream:       Executed DbCommand (2ms) [Parameters=[], CommandType='Text', CommandTimeout='30']
2026-08-08T00:34:46.3924068+00:00 ContainerStream:       SELECT TOP(1) [b].[BankAccountNumber]
2026-08-08T00:34:46.3924106+00:00 ContainerStream:       FROM [Beneficiaries] AS [b]
2026-08-08T00:34:46.3924144+00:00 ContainerStream:       ORDER BY [b].[Id]
2026-08-08T00:34:48.2611671+00:00 ContainerStream: info: Microsoft.EntityFrameworkCore.Database.Command[20101]
2026-08-08T00:34:48.2612461+00:00 ContainerStream:       Executed DbCommand (2ms) [Parameters=[], CommandType='Text', CommandTimeout='30']
2026-08-08T00:34:48.2612588+00:00 ContainerStream:       SELECT 1
2026-08-08T00:34:48.2632271+00:00 ContainerStream: info: Microsoft.EntityFrameworkCore.Database.Command[20101]
2026-08-08T00:34:48.2632773+00:00 ContainerStream:       Executed DbCommand (2ms) [Parameters=[], CommandType='Text', CommandTimeout='30']
2026-08-08T00:34:48.2632864+00:00 ContainerStream:       SELECT OBJECT_ID(N'[__EFMigrationsHistory]');
2026-08-08T00:34:48.2666733+00:00 ContainerStream: info: Microsoft.EntityFrameworkCore.Database.Command[20101]
2026-08-08T00:34:48.2667097+00:00 ContainerStream:       Executed DbCommand (2ms) [Parameters=[], CommandType='Text', CommandTimeout='30']
2026-08-08T00:34:48.2667181+00:00 ContainerStream:       SELECT [MigrationId], [ProductVersion]
2026-08-08T00:34:48.2667276+00:00 ContainerStream:       FROM [__EFMigrationsHistory]
2026-08-08T00:34:48.2672873+00:00 ContainerStream:       ORDER BY [MigrationId];
2026-08-08T00:34:48.2696505+00:00 ContainerStream: info: Microsoft.EntityFrameworkCore.Database.Command[20101]
2026-08-08T00:34:48.2696907+00:00 ContainerStream:       Executed DbCommand (2ms) [Parameters=[], CommandType='Text', CommandTimeout='30']
2026-08-08T00:34:48.2697034+00:00 ContainerStream:       SELECT TOP(1) [b].[BankAccountNumber]
2026-08-08T00:34:48.2697149+00:00 ContainerStream:       FROM [Beneficiaries] AS [b]
2026-08-08T00:34:48.2697186+00:00 ContainerStream:       ORDER BY [b].[Id]
2026-08-08T00:34:49.0325380+00:00 ContainerStream: info: Microsoft.EntityFrameworkCore.Database.Command[20101]
2026-08-08T00:34:49.0326259+00:00 ContainerStream:       Executed DbCommand (2ms) [Parameters=[], CommandType='Text', CommandTimeout='30']
2026-08-08T00:34:49.0326450+00:00 ContainerStream:       SELECT 1
2026-08-08T00:34:49.0350910+00:00 ContainerStream: info: Microsoft.EntityFrameworkCore.Database.Command[20101]
2026-08-08T00:34:49.0351329+00:00 ContainerStream:       Executed DbCommand (2ms) [Parameters=[], CommandType='Text', CommandTimeout='30']
2026-08-08T00:34:49.0351403+00:00 ContainerStream:       SELECT OBJECT_ID(N'[__EFMigrationsHistory]');
2026-08-08T00:34:49.0395533+00:00 ContainerStream: info: Microsoft.EntityFrameworkCore.Database.Command[20101]
2026-08-08T00:34:49.0395890+00:00 ContainerStream:       Executed DbCommand (2ms) [Parameters=[], CommandType='Text', CommandTimeout='30']
2026-08-08T00:34:49.0396054+00:00 ContainerStream:       SELECT [MigrationId], [ProductVersion]
2026-08-08T00:34:49.0396111+00:00 ContainerStream:       FROM [__EFMigrationsHistory]
2026-08-08T00:34:49.0396158+00:00 ContainerStream:       ORDER BY [MigrationId];
2026-08-08T00:34:49.0407489+00:00 ContainerStream: info: Microsoft.EntityFrameworkCore.Database.Command[20101]
2026-08-08T00:34:49.0407801+00:00 ContainerStream:       Executed DbCommand (2ms) [Parameters=[], CommandType='Text', CommandTimeout='30']
2026-08-08T00:34:49.0407957+00:00 ContainerStream:       SELECT TOP(1) [b].[BankAccountNumber]
2026-08-08T00:34:49.0408007+00:00 ContainerStream:       FROM [Beneficiaries] AS [b]
2026-08-08T00:34:49.0408091+00:00 ContainerStream:       ORDER BY [b].[Id]
2026-08-08T00:34:50.9026820+00:00 ContainerStream: info: Microsoft.EntityFrameworkCore.Database.Command[20101]
2026-08-08T00:34:50.9027613+00:00 ContainerStream:       Executed DbCommand (2ms) [Parameters=[], CommandType='Text', CommandTimeout='30']
2026-08-08T00:34:50.9027740+00:00 ContainerStream:       SELECT 1
2026-08-08T00:34:50.9050647+00:00 ContainerStream: info: Microsoft.EntityFrameworkCore.Database.Command[20101]
2026-08-08T00:34:50.9053335+00:00 ContainerStream:       Executed DbCommand (2ms) [Parameters=[], CommandType='Text', CommandTimeout='30']
2026-08-08T00:34:50.9053490+00:00 ContainerStream:       SELECT OBJECT_ID(N'[__EFMigrationsHistory]');
2026-08-08T00:34:50.9088653+00:00 ContainerStream: info: Microsoft.EntityFrameworkCore.Database.Command[20101]
2026-08-08T00:34:50.9088976+00:00 ContainerStream:       Executed DbCommand (2ms) [Parameters=[], CommandType='Text', CommandTimeout='30']
2026-08-08T00:34:50.9089097+00:00 ContainerStream:       SELECT [MigrationId], [ProductVersion]
2026-08-08T00:34:50.9089145+00:00 ContainerStream:       FROM [__EFMigrationsHistory]
2026-08-08T00:34:50.9089853+00:00 ContainerStream:       ORDER BY [MigrationId];
2026-08-08T00:34:50.9118175+00:00 ContainerStream: info: Microsoft.EntityFrameworkCore.Database.Command[20101]
2026-08-08T00:34:50.9118605+00:00 ContainerStream:       Executed DbCommand (2ms) [Parameters=[], CommandType='Text', CommandTimeout='30']
2026-08-08T00:34:50.9118686+00:00 ContainerStream:       SELECT TOP(1) [b].[BankAccountNumber]
2026-08-08T00:34:50.9118731+00:00 ContainerStream:       FROM [Beneficiaries] AS [b]
2026-08-08T00:34:50.9118775+00:00 ContainerStream:       ORDER BY [b].[Id]
2026-08-08T00:34:52.4744012+00:00 ContainerStream: info: Microsoft.EntityFrameworkCore.Database.Command[20101]
2026-08-08T00:34:52.4744856+00:00 ContainerStream:       Executed DbCommand (2ms) [Parameters=[], CommandType='Text', CommandTimeout='30']
2026-08-08T00:34:52.4744950+00:00 ContainerStream:       SELECT 1
2026-08-08T00:34:52.4762438+00:00 ContainerStream: info: Microsoft.EntityFrameworkCore.Database.Command[20101]
2026-08-08T00:34:52.4762973+00:00 ContainerStream:       Executed DbCommand (2ms) [Parameters=[], CommandType='Text', CommandTimeout='30']
2026-08-08T00:34:52.4763109+00:00 ContainerStream:       SELECT OBJECT_ID(N'[__EFMigrationsHistory]');
2026-08-08T00:34:52.4805195+00:00 ContainerStream: info: Microsoft.EntityFrameworkCore.Database.Command[20101]
2026-08-08T00:34:52.4805659+00:00 ContainerStream:       Executed DbCommand (3ms) [Parameters=[], CommandType='Text', CommandTimeout='30']
2026-08-08T00:34:52.4805748+00:00 ContainerStream:       SELECT [MigrationId], [ProductVersion]
2026-08-08T00:34:52.4805787+00:00 ContainerStream:       FROM [__EFMigrationsHistory]
2026-08-08T00:34:52.4806327+00:00 ContainerStream:       ORDER BY [MigrationId];
2026-08-08T00:34:52.4837099+00:00 ContainerStream: info: Microsoft.EntityFrameworkCore.Database.Command[20101]
2026-08-08T00:34:52.4837417+00:00 ContainerStream:       Executed DbCommand (2ms) [Parameters=[], CommandType='Text', CommandTimeout='30']
2026-08-08T00:34:52.4837491+00:00 ContainerStream:       SELECT TOP(1) [b].[BankAccountNumber]
2026-08-08T00:34:52.4837574+00:00 ContainerStream:       FROM [Beneficiaries] AS [b]
2026-08-08T00:34:52.4837620+00:00 ContainerStream:       ORDER BY [b].[Id]
2026-08-08T00:34:52.9901912+00:00 ContainerStream: info: Microsoft.EntityFrameworkCore.Database.Command[20101]
2026-08-08T00:34:52.9902699+00:00 ContainerStream:       Executed DbCommand (2ms) [Parameters=[], CommandType='Text', CommandTimeout='30']
2026-08-08T00:34:52.9902804+00:00 ContainerStream:       SELECT 1
2026-08-08T00:34:52.9922434+00:00 ContainerStream: info: Microsoft.EntityFrameworkCore.Database.Command[20101]
2026-08-08T00:34:52.9923023+00:00 ContainerStream:       Executed DbCommand (2ms) [Parameters=[], CommandType='Text', CommandTimeout='30']
2026-08-08T00:34:52.9923112+00:00 ContainerStream:       SELECT OBJECT_ID(N'[__EFMigrationsHistory]');
2026-08-08T00:34:52.9959779+00:00 ContainerStream: info: Microsoft.EntityFrameworkCore.Database.Command[20101]
2026-08-08T00:34:52.9960294+00:00 ContainerStream:       Executed DbCommand (2ms) [Parameters=[], CommandType='Text', CommandTimeout='30']
2026-08-08T00:34:52.9960377+00:00 ContainerStream:       SELECT [MigrationId], [ProductVersion]
2026-08-08T00:34:52.9960418+00:00 ContainerStream:       FROM [__EFMigrationsHistory]
2026-08-08T00:34:52.9960458+00:00 ContainerStream:       ORDER BY [MigrationId];
2026-08-08T00:34:52.9977461+00:00 ContainerStream: info: Microsoft.EntityFrameworkCore.Database.Command[20101]
2026-08-08T00:34:52.9977883+00:00 ContainerStream:       Executed DbCommand (2ms) [Parameters=[], CommandType='Text', CommandTimeout='30']
2026-08-08T00:34:52.9977950+00:00 ContainerStream:       SELECT TOP(1) [b].[BankAccountNumber]
2026-08-08T00:34:52.9977989+00:00 ContainerStream:       FROM [Beneficiaries] AS [b]
2026-08-08T00:34:52.9978028+00:00 ContainerStream:       ORDER BY [b].[Id]
2026-08-08T00:34:59.0124472+00:00 ContainerStream: info: Microsoft.EntityFrameworkCore.Database.Command[20101]
2026-08-08T00:34:59.0125248+00:00 ContainerStream:       Executed DbCommand (2ms) [Parameters=[], CommandType='Text', CommandTimeout='30']
2026-08-08T00:34:59.0125359+00:00 ContainerStream:       SELECT 1
2026-08-08T00:34:59.0144204+00:00 ContainerStream: info: Microsoft.EntityFrameworkCore.Database.Command[20101]
2026-08-08T00:34:59.0144815+00:00 ContainerStream:       Executed DbCommand (2ms) [Parameters=[], CommandType='Text', CommandTimeout='30']
2026-08-08T00:34:59.0144965+00:00 ContainerStream:       SELECT OBJECT_ID(N'[__EFMigrationsHistory]');
2026-08-08T00:34:59.0177956+00:00 ContainerStream: info: Microsoft.EntityFrameworkCore.Database.Command[20101]
2026-08-08T00:34:59.0178483+00:00 ContainerStream:       Executed DbCommand (2ms) [Parameters=[], CommandType='Text', CommandTimeout='30']
2026-08-08T00:34:59.0178569+00:00 ContainerStream:       SELECT [MigrationId], [ProductVersion]
2026-08-08T00:34:59.0178665+00:00 ContainerStream:       FROM [__EFMigrationsHistory]
2026-08-08T00:34:59.0178706+00:00 ContainerStream:       ORDER BY [MigrationId];
2026-08-08T00:34:59.0195296+00:00 ContainerStream: info: Microsoft.EntityFrameworkCore.Database.Command[20101]
2026-08-08T00:34:59.0195609+00:00 ContainerStream:       Executed DbCommand (2ms) [Parameters=[], CommandType='Text', CommandTimeout='30']
2026-08-08T00:34:59.0195679+00:00 ContainerStream:       SELECT TOP(1) [b].[BankAccountNumber]
2026-08-08T00:34:59.0195764+00:00 ContainerStream:       FROM [Beneficiaries] AS [b]
2026-08-08T00:34:59.0195806+00:00 ContainerStream:       ORDER BY [b].[Id]
2026-08-08T00:35:01.8556421+00:00 ContainerStream: info: Microsoft.EntityFrameworkCore.Database.Command[20101]
2026-08-08T00:35:01.8557170+00:00 ContainerStream:       Executed DbCommand (2ms) [Parameters=[], CommandType='Text', CommandTimeout='30']
2026-08-08T00:35:01.8557356+00:00 ContainerStream:       SELECT 1
2026-08-08T00:35:01.8592003+00:00 ContainerStream: info: Microsoft.EntityFrameworkCore.Database.Command[20101]
2026-08-08T00:35:01.8592557+00:00 ContainerStream:       Executed DbCommand (2ms) [Parameters=[], CommandType='Text', CommandTimeout='30']
2026-08-08T00:35:01.8592663+00:00 ContainerStream:       SELECT OBJECT_ID(N'[__EFMigrationsHistory]');
2026-08-08T00:35:01.8629371+00:00 ContainerStream: info: Microsoft.EntityFrameworkCore.Database.Command[20101]
2026-08-08T00:35:01.8629722+00:00 ContainerStream:       Executed DbCommand (2ms) [Parameters=[], CommandType='Text', CommandTimeout='30']
2026-08-08T00:35:01.8629797+00:00 ContainerStream:       SELECT [MigrationId], [ProductVersion]
2026-08-08T00:35:01.8629845+00:00 ContainerStream:       FROM [__EFMigrationsHistory]
2026-08-08T00:35:01.8629892+00:00 ContainerStream:       ORDER BY [MigrationId];
2026-08-08T00:35:01.8648834+00:00 ContainerStream: info: Microsoft.EntityFrameworkCore.Database.Command[20101]
2026-08-08T00:35:01.8649190+00:00 ContainerStream:       Executed DbCommand (2ms) [Parameters=[], CommandType='Text', CommandTimeout='30']
2026-08-08T00:35:01.8649262+00:00 ContainerStream:       SELECT TOP(1) [b].[BankAccountNumber]
2026-08-08T00:35:01.8649355+00:00 ContainerStream:       FROM [Beneficiaries] AS [b]
2026-08-08T00:35:01.8649401+00:00 ContainerStream:       ORDER BY [b].[Id]
2026-08-08T00:35:04.9858363+00:00 ContainerStream: info: Microsoft.EntityFrameworkCore.Database.Command[20101]
2026-08-08T00:35:04.9860357+00:00 ContainerStream:       Executed DbCommand (2ms) [Parameters=[], CommandType='Text', CommandTimeout='30']
2026-08-08T00:35:04.9860472+00:00 ContainerStream:       SELECT 1
2026-08-08T00:35:04.9891478+00:00 ContainerStream: info: Microsoft.EntityFrameworkCore.Database.Command[20101]
2026-08-08T00:35:04.9891934+00:00 ContainerStream:       Executed DbCommand (2ms) [Parameters=[], CommandType='Text', CommandTimeout='30']
2026-08-08T00:35:04.9892038+00:00 ContainerStream:       SELECT OBJECT_ID(N'[__EFMigrationsHistory]');
2026-08-08T00:35:04.9931862+00:00 ContainerStream: info: Microsoft.EntityFrameworkCore.Database.Command[20101]
2026-08-08T00:35:04.9932243+00:00 ContainerStream:       Executed DbCommand (2ms) [Parameters=[], CommandType='Text', CommandTimeout='30']
2026-08-08T00:35:04.9932318+00:00 ContainerStream:       SELECT [MigrationId], [ProductVersion]
2026-08-08T00:35:04.9932365+00:00 ContainerStream:       FROM [__EFMigrationsHistory]
2026-08-08T00:35:04.9936995+00:00 ContainerStream:       ORDER BY [MigrationId];
2026-08-08T00:35:04.9952952+00:00 ContainerStream: info: Microsoft.EntityFrameworkCore.Database.Command[20101]
2026-08-08T00:35:04.9953294+00:00 ContainerStream:       Executed DbCommand (2ms) [Parameters=[], CommandType='Text', CommandTimeout='30']
2026-08-08T00:35:04.9953366+00:00 ContainerStream:       SELECT TOP(1) [b].[BankAccountNumber]
2026-08-08T00:35:04.9953413+00:00 ContainerStream:       FROM [Beneficiaries] AS [b]
2026-08-08T00:35:04.9953454+00:00 ContainerStream:       ORDER BY [b].[Id]
2026-08-08T00:35:17.2456252+00:00 ContainerStream: info: Microsoft.EntityFrameworkCore.Database.Command[20101]
2026-08-08T00:35:17.2457060+00:00 ContainerStream:       Executed DbCommand (3ms) [Parameters=[], CommandType='Text', CommandTimeout='30']
2026-08-08T00:35:17.2457189+00:00 ContainerStream:       SELECT 1
2026-08-08T00:35:17.2477358+00:00 ContainerStream: info: Microsoft.EntityFrameworkCore.Database.Command[20101]
2026-08-08T00:35:17.2477991+00:00 ContainerStream:       Executed DbCommand (2ms) [Parameters=[], CommandType='Text', CommandTimeout='30']
2026-08-08T00:35:17.2478163+00:00 ContainerStream:       SELECT OBJECT_ID(N'[__EFMigrationsHistory]');
2026-08-08T00:35:17.2520279+00:00 ContainerStream: info: Microsoft.EntityFrameworkCore.Database.Command[20101]
2026-08-08T00:35:17.2520652+00:00 ContainerStream:       Executed DbCommand (2ms) [Parameters=[], CommandType='Text', CommandTimeout='30']
2026-08-08T00:35:17.2520722+00:00 ContainerStream:       SELECT [MigrationId], [ProductVersion]
2026-08-08T00:35:17.2524943+00:00 ContainerStream:       FROM [__EFMigrationsHistory]
2026-08-08T00:35:17.2525130+00:00 ContainerStream:       ORDER BY [MigrationId];
2026-08-08T00:35:17.2543518+00:00 ContainerStream: info: Microsoft.EntityFrameworkCore.Database.Command[20101]
2026-08-08T00:35:17.2543821+00:00 ContainerStream:       Executed DbCommand (2ms) [Parameters=[], CommandType='Text', CommandTimeout='30']
2026-08-08T00:35:17.2543928+00:00 ContainerStream:       SELECT TOP(1) [b].[BankAccountNumber]
2026-08-08T00:35:17.2543970+00:00 ContainerStream:       FROM [Beneficiaries] AS [b]
2026-08-08T00:35:17.2544009+00:00 ContainerStream:       ORDER BY [b].[Id]
2026-08-08T00:35:19.9554929+00:00 ContainerStream: info: Microsoft.EntityFrameworkCore.Database.Command[20101]
2026-08-08T00:35:19.9555922+00:00 ContainerStream:       Executed DbCommand (2ms) [Parameters=[], CommandType='Text', CommandTimeout='30']
2026-08-08T00:35:19.9556146+00:00 ContainerStream:       SELECT 1
2026-08-08T00:35:19.9574195+00:00 ContainerStream: info: Microsoft.EntityFrameworkCore.Database.Command[20101]
2026-08-08T00:35:19.9576715+00:00 ContainerStream:       Executed DbCommand (2ms) [Parameters=[], CommandType='Text', CommandTimeout='30']
2026-08-08T00:35:19.9576843+00:00 ContainerStream:       SELECT OBJECT_ID(N'[__EFMigrationsHistory]');
2026-08-08T00:35:19.9612336+00:00 ContainerStream: info: Microsoft.EntityFrameworkCore.Database.Command[20101]
2026-08-08T00:35:19.9612669+00:00 ContainerStream:       Executed DbCommand (2ms) [Parameters=[], CommandType='Text', CommandTimeout='30']
2026-08-08T00:35:19.9612745+00:00 ContainerStream:       SELECT [MigrationId], [ProductVersion]
2026-08-08T00:35:19.9612837+00:00 ContainerStream:       FROM [__EFMigrationsHistory]
2026-08-08T00:35:19.9612886+00:00 ContainerStream:       ORDER BY [MigrationId];
2026-08-08T00:35:19.9628688+00:00 ContainerStream: info: Microsoft.EntityFrameworkCore.Database.Command[20101]
2026-08-08T00:35:19.9629013+00:00 ContainerStream:       Executed DbCommand (2ms) [Parameters=[], CommandType='Text', CommandTimeout='30']
2026-08-08T00:35:19.9629076+00:00 ContainerStream:       SELECT TOP(1) [b].[BankAccountNumber]
2026-08-08T00:35:19.9629119+00:00 ContainerStream:       FROM [Beneficiaries] AS [b]
2026-08-08T00:35:19.9629153+00:00 ContainerStream:       ORDER BY [b].[Id]
2026-08-08T00:35:20.9947231+00:00 ContainerStream: info: Microsoft.EntityFrameworkCore.Database.Command[20101]
2026-08-08T00:35:20.9948084+00:00 ContainerStream:       Executed DbCommand (3ms) [Parameters=[], CommandType='Text', CommandTimeout='30']
2026-08-08T00:35:20.9948218+00:00 ContainerStream:       SELECT 1
2026-08-08T00:35:20.9969438+00:00 ContainerStream: info: Microsoft.EntityFrameworkCore.Database.Command[20101]
2026-08-08T00:35:20.9969989+00:00 ContainerStream:       Executed DbCommand (2ms) [Parameters=[], CommandType='Text', CommandTimeout='30']
2026-08-08T00:35:20.9970089+00:00 ContainerStream:       SELECT OBJECT_ID(N'[__EFMigrationsHistory]');
2026-08-08T00:35:21.0006333+00:00 ContainerStream: info: Microsoft.EntityFrameworkCore.Database.Command[20101]
2026-08-08T00:35:21.0006903+00:00 ContainerStream:       Executed DbCommand (2ms) [Parameters=[], CommandType='Text', CommandTimeout='30']
2026-08-08T00:35:21.0007040+00:00 ContainerStream:       SELECT [MigrationId], [ProductVersion]
2026-08-08T00:35:21.0007084+00:00 ContainerStream:       FROM [__EFMigrationsHistory]
2026-08-08T00:35:21.0014031+00:00 ContainerStream:       ORDER BY [MigrationId];
2026-08-08T00:35:21.0030485+00:00 ContainerStream: info: Microsoft.EntityFrameworkCore.Database.Command[20101]
2026-08-08T00:35:21.0030858+00:00 ContainerStream:       Executed DbCommand (2ms) [Parameters=[], CommandType='Text', CommandTimeout='30']
2026-08-08T00:35:21.0030931+00:00 ContainerStream:       SELECT TOP(1) [b].[BankAccountNumber]
2026-08-08T00:35:21.0030972+00:00 ContainerStream:       FROM [Beneficiaries] AS [b]
2026-08-08T00:35:21.0031010+00:00 ContainerStream:       ORDER BY [b].[Id]
2026-08-08T00:35:27.4388124+00:00 ContainerStream: info: Microsoft.EntityFrameworkCore.Database.Command[20101]
2026-08-08T00:35:27.4388723+00:00 ContainerStream:       Executed DbCommand (4ms) [Parameters=[], CommandType='Text', CommandTimeout='30']
2026-08-08T00:35:27.4388824+00:00 ContainerStream:       SELECT 1
2026-08-08T00:35:27.4434407+00:00 ContainerStream: info: Microsoft.EntityFrameworkCore.Database.Command[20101]
2026-08-08T00:35:27.4434837+00:00 ContainerStream:       Executed DbCommand (3ms) [Parameters=[], CommandType='Text', CommandTimeout='30']
2026-08-08T00:35:27.4434966+00:00 ContainerStream:       SELECT OBJECT_ID(N'[__EFMigrationsHistory]');
2026-08-08T00:35:27.4435019+00:00 ContainerStream: info: Microsoft.EntityFrameworkCore.Database.Command[20101]
2026-08-08T00:35:27.4435070+00:00 ContainerStream:       Executed DbCommand (2ms) [Parameters=[], CommandType='Text', CommandTimeout='30']
2026-08-08T00:35:27.4435117+00:00 ContainerStream:       SELECT [MigrationId], [ProductVersion]
2026-08-08T00:35:27.4435161+00:00 ContainerStream:       FROM [__EFMigrationsHistory]
2026-08-08T00:35:27.4435230+00:00 ContainerStream:       ORDER BY [MigrationId];
2026-08-08T00:35:27.4514916+00:00 ContainerStream: info: Microsoft.EntityFrameworkCore.Database.Command[20101]
2026-08-08T00:35:27.4515286+00:00 ContainerStream:       Executed DbCommand (2ms) [Parameters=[], CommandType='Text', CommandTimeout='30']
2026-08-08T00:35:27.4515368+00:00 ContainerStream:       SELECT TOP(1) [b].[BankAccountNumber]
2026-08-08T00:35:27.4515414+00:00 ContainerStream:       FROM [Beneficiaries] AS [b]
2026-08-08T00:35:27.4515488+00:00 ContainerStream:       ORDER BY [b].[Id]
2026-08-08T00:35:31.4275800+00:00 ContainerStream: info: Microsoft.EntityFrameworkCore.Database.Command[20101]
2026-08-08T00:35:31.4277030+00:00 ContainerStream:       Executed DbCommand (2ms) [Parameters=[], CommandType='Text', CommandTimeout='30']
2026-08-08T00:35:31.4277166+00:00 ContainerStream:       SELECT 1
2026-08-08T00:35:31.4297717+00:00 ContainerStream: info: Microsoft.EntityFrameworkCore.Database.Command[20101]
2026-08-08T00:35:31.4298303+00:00 ContainerStream:       Executed DbCommand (2ms) [Parameters=[], CommandType='Text', CommandTimeout='30']
2026-08-08T00:35:31.4298464+00:00 ContainerStream:       SELECT OBJECT_ID(N'[__EFMigrationsHistory]');
2026-08-08T00:35:31.4330524+00:00 ContainerStream: info: Microsoft.EntityFrameworkCore.Database.Command[20101]
2026-08-08T00:35:31.4330984+00:00 ContainerStream:       Executed DbCommand (2ms) [Parameters=[], CommandType='Text', CommandTimeout='30']
2026-08-08T00:35:31.4331064+00:00 ContainerStream:       SELECT [MigrationId], [ProductVersion]
2026-08-08T00:35:31.4331163+00:00 ContainerStream:       FROM [__EFMigrationsHistory]
2026-08-08T00:35:31.4339026+00:00 ContainerStream:       ORDER BY [MigrationId];
2026-08-08T00:35:31.4355260+00:00 ContainerStream: info: Microsoft.EntityFrameworkCore.Database.Command[20101]
2026-08-08T00:35:31.4355584+00:00 ContainerStream:       Executed DbCommand (2ms) [Parameters=[], CommandType='Text', CommandTimeout='30']
2026-08-08T00:35:31.4355691+00:00 ContainerStream:       SELECT TOP(1) [b].[BankAccountNumber]
2026-08-08T00:35:31.4355740+00:00 ContainerStream:       FROM [Beneficiaries] AS [b]
2026-08-08T00:35:31.4355782+00:00 ContainerStream:       ORDER BY [b].[Id]
2026-08-08T00:35:35.1568330+00:00 ContainerStream: info: Microsoft.EntityFrameworkCore.Database.Command[20101]
2026-08-08T00:35:35.1569353+00:00 ContainerStream:       Executed DbCommand (3ms) [Parameters=[], CommandType='Text', CommandTimeout='30']
2026-08-08T00:35:35.1569568+00:00 ContainerStream:       SELECT 1
2026-08-08T00:35:35.1603198+00:00 ContainerStream: info: Microsoft.EntityFrameworkCore.Database.Command[20101]
2026-08-08T00:35:35.1603942+00:00 ContainerStream:       Executed DbCommand (2ms) [Parameters=[], CommandType='Text', CommandTimeout='30']
2026-08-08T00:35:35.1604051+00:00 ContainerStream:       SELECT OBJECT_ID(N'[__EFMigrationsHistory]');
2026-08-08T00:35:35.1628464+00:00 ContainerStream: info: Microsoft.EntityFrameworkCore.Database.Command[20101]
2026-08-08T00:35:35.1628965+00:00 ContainerStream:       Executed DbCommand (2ms) [Parameters=[], CommandType='Text', CommandTimeout='30']
2026-08-08T00:35:35.1629034+00:00 ContainerStream:       SELECT [MigrationId], [ProductVersion]
2026-08-08T00:35:35.1629084+00:00 ContainerStream:       FROM [__EFMigrationsHistory]
2026-08-08T00:35:35.1629124+00:00 ContainerStream:       ORDER BY [MigrationId];
2026-08-08T00:35:35.1656669+00:00 ContainerStream: info: Microsoft.EntityFrameworkCore.Database.Command[20101]
2026-08-08T00:35:35.1657295+00:00 ContainerStream:       Executed DbCommand (3ms) [Parameters=[], CommandType='Text', CommandTimeout='30']
2026-08-08T00:35:35.1657375+00:00 ContainerStream:       SELECT TOP(1) [b].[BankAccountNumber]
2026-08-08T00:35:35.1657417+00:00 ContainerStream:       FROM [Beneficiaries] AS [b]
2026-08-08T00:35:35.1657452+00:00 ContainerStream:       ORDER BY [b].[Id]
2026-08-08T00:35:36.5775877+00:00 ContainerStream: info: Microsoft.EntityFrameworkCore.Database.Command[20101]
2026-08-08T00:35:36.5776885+00:00 ContainerStream:       Executed DbCommand (2ms) [Parameters=[], CommandType='Text', CommandTimeout='30']
2026-08-08T00:35:36.5777024+00:00 ContainerStream:       SELECT 1
2026-08-08T00:35:36.5800746+00:00 ContainerStream: info: Microsoft.EntityFrameworkCore.Database.Command[20101]
2026-08-08T00:35:36.5801374+00:00 ContainerStream:       Executed DbCommand (2ms) [Parameters=[], CommandType='Text', CommandTimeout='30']
2026-08-08T00:35:36.5801475+00:00 ContainerStream:       SELECT OBJECT_ID(N'[__EFMigrationsHistory]');
2026-08-08T00:35:36.5841097+00:00 ContainerStream: info: Microsoft.EntityFrameworkCore.Database.Command[20101]
2026-08-08T00:35:36.5841619+00:00 ContainerStream:       Executed DbCommand (2ms) [Parameters=[], CommandType='Text', CommandTimeout='30']
2026-08-08T00:35:36.5841773+00:00 ContainerStream:       SELECT [MigrationId], [ProductVersion]
2026-08-08T00:35:36.5841814+00:00 ContainerStream:       FROM [__EFMigrationsHistory]
2026-08-08T00:35:36.5841852+00:00 ContainerStream:       ORDER BY [MigrationId];
2026-08-08T00:35:36.5883615+00:00 ContainerStream: info: Microsoft.EntityFrameworkCore.Database.Command[20101]
2026-08-08T00:35:36.5886125+00:00 ContainerStream:       Executed DbCommand (4ms) [Parameters=[], CommandType='Text', CommandTimeout='30']
2026-08-08T00:35:36.5886319+00:00 ContainerStream:       SELECT TOP(1) [b].[BankAccountNumber]
2026-08-08T00:35:36.5886362+00:00 ContainerStream:       FROM [Beneficiaries] AS [b]
2026-08-08T00:35:36.5886402+00:00 ContainerStream:       ORDER BY [b].[Id]
2026-08-08T00:35:37.6108629+00:00 ContainerStream: info: Microsoft.EntityFrameworkCore.Database.Command[20101]
2026-08-08T00:35:37.6109592+00:00 ContainerStream:       Executed DbCommand (2ms) [Parameters=[], CommandType='Text', CommandTimeout='30']
2026-08-08T00:35:37.6109689+00:00 ContainerStream:       SELECT 1
2026-08-08T00:35:37.6126983+00:00 ContainerStream: info: Microsoft.EntityFrameworkCore.Database.Command[20101]
2026-08-08T00:35:37.6127746+00:00 ContainerStream:       Executed DbCommand (2ms) [Parameters=[], CommandType='Text', CommandTimeout='30']
2026-08-08T00:35:37.6127836+00:00 ContainerStream:       SELECT OBJECT_ID(N'[__EFMigrationsHistory]');
2026-08-08T00:35:37.6164199+00:00 ContainerStream: info: Microsoft.EntityFrameworkCore.Database.Command[20101]
2026-08-08T00:35:37.6165606+00:00 ContainerStream:       Executed DbCommand (2ms) [Parameters=[], CommandType='Text', CommandTimeout='30']
2026-08-08T00:35:37.6165723+00:00 ContainerStream:       SELECT [MigrationId], [ProductVersion]
2026-08-08T00:35:37.6165777+00:00 ContainerStream:       FROM [__EFMigrationsHistory]
2026-08-08T00:35:37.6166031+00:00 ContainerStream:       ORDER BY [MigrationId];
2026-08-08T00:35:37.6180963+00:00 ContainerStream: info: Microsoft.EntityFrameworkCore.Database.Command[20101]
2026-08-08T00:35:37.6181350+00:00 ContainerStream:       Executed DbCommand (2ms) [Parameters=[], CommandType='Text', CommandTimeout='30']
2026-08-08T00:35:37.6185724+00:00 ContainerStream:       SELECT TOP(1) [b].[BankAccountNumber]
2026-08-08T00:35:37.6185978+00:00 ContainerStream:       FROM [Beneficiaries] AS [b]
2026-08-08T00:35:37.6186064+00:00 ContainerStream:       ORDER BY [b].[Id]
2026-08-08T00:35:37.9963174+00:00 ContainerStream: info: Microsoft.EntityFrameworkCore.Database.Command[20101]
2026-08-08T00:35:37.9964010+00:00 ContainerStream:       Executed DbCommand (2ms) [Parameters=[], CommandType='Text', CommandTimeout='30']
2026-08-08T00:35:37.9964146+00:00 ContainerStream:       SELECT 1
2026-08-08T00:35:37.9983746+00:00 ContainerStream: info: Microsoft.EntityFrameworkCore.Database.Command[20101]
2026-08-08T00:35:37.9984311+00:00 ContainerStream:       Executed DbCommand (2ms) [Parameters=[], CommandType='Text', CommandTimeout='30']
2026-08-08T00:35:37.9984414+00:00 ContainerStream:       SELECT OBJECT_ID(N'[__EFMigrationsHistory]');
2026-08-08T00:35:38.0022608+00:00 ContainerStream: info: Microsoft.EntityFrameworkCore.Database.Command[20101]
2026-08-08T00:35:38.0023168+00:00 ContainerStream:       Executed DbCommand (2ms) [Parameters=[], CommandType='Text', CommandTimeout='30']
2026-08-08T00:35:38.0023330+00:00 ContainerStream:       SELECT [MigrationId], [ProductVersion]
2026-08-08T00:35:38.0023385+00:00 ContainerStream:       FROM [__EFMigrationsHistory]
2026-08-08T00:35:38.0023436+00:00 ContainerStream:       ORDER BY [MigrationId];
2026-08-08T00:35:38.0050441+00:00 ContainerStream: info: Microsoft.EntityFrameworkCore.Database.Command[20101]
2026-08-08T00:35:38.0050927+00:00 ContainerStream:       Executed DbCommand (2ms) [Parameters=[], CommandType='Text', CommandTimeout='30']
2026-08-08T00:35:38.0050999+00:00 ContainerStream:       SELECT TOP(1) [b].[BankAccountNumber]
2026-08-08T00:35:38.0051036+00:00 ContainerStream:       FROM [Beneficiaries] AS [b]
2026-08-08T00:35:38.0051072+00:00 ContainerStream:       ORDER BY [b].[Id]
2026-08-08T00:35:38.4774678+00:00 ContainerStream: info: Microsoft.EntityFrameworkCore.Database.Command[20101]
2026-08-08T00:35:38.4775649+00:00 ContainerStream:       Executed DbCommand (2ms) [Parameters=[], CommandType='Text', CommandTimeout='30']
2026-08-08T00:35:38.4775772+00:00 ContainerStream:       SELECT 1
2026-08-08T00:35:38.4794980+00:00 ContainerStream: info: Microsoft.EntityFrameworkCore.Database.Command[20101]
2026-08-08T00:35:38.4795522+00:00 ContainerStream:       Executed DbCommand (2ms) [Parameters=[], CommandType='Text', CommandTimeout='30']
2026-08-08T00:35:38.4795671+00:00 ContainerStream:       SELECT OBJECT_ID(N'[__EFMigrationsHistory]');
2026-08-08T00:35:38.4835859+00:00 ContainerStream: info: Microsoft.EntityFrameworkCore.Database.Command[20101]
2026-08-08T00:35:38.4838080+00:00 ContainerStream:       Executed DbCommand (2ms) [Parameters=[], CommandType='Text', CommandTimeout='30']
2026-08-08T00:35:38.4838216+00:00 ContainerStream:       SELECT [MigrationId], [ProductVersion]
2026-08-08T00:35:38.4838262+00:00 ContainerStream:       FROM [__EFMigrationsHistory]
2026-08-08T00:35:38.4838368+00:00 ContainerStream:       ORDER BY [MigrationId];
2026-08-08T00:35:38.4920624+00:00 ContainerStream: info: Microsoft.EntityFrameworkCore.Database.Command[20101]
2026-08-08T00:35:38.4921402+00:00 ContainerStream:       Executed DbCommand (9ms) [Parameters=[], CommandType='Text', CommandTimeout='30']
2026-08-08T00:35:38.4921504+00:00 ContainerStream:       SELECT TOP(1) [b].[BankAccountNumber]
2026-08-08T00:35:38.4921541+00:00 ContainerStream:       FROM [Beneficiaries] AS [b]
2026-08-08T00:35:38.4921684+00:00 ContainerStream:       ORDER BY [b].[Id]
2026-08-08T00:35:40.4414422+00:00 ContainerStream: info: Microsoft.EntityFrameworkCore.Database.Command[20101]
2026-08-08T00:35:40.4415159+00:00 ContainerStream:       Executed DbCommand (2ms) [Parameters=[], CommandType='Text', CommandTimeout='30']
2026-08-08T00:35:40.4415280+00:00 ContainerStream:       SELECT 1
2026-08-08T00:35:40.4452320+00:00 ContainerStream: info: Microsoft.EntityFrameworkCore.Database.Command[20101]
2026-08-08T00:35:40.4453425+00:00 ContainerStream:       Executed DbCommand (2ms) [Parameters=[], CommandType='Text', CommandTimeout='30']
2026-08-08T00:35:40.4453540+00:00 ContainerStream:       SELECT OBJECT_ID(N'[__EFMigrationsHistory]');
2026-08-08T00:35:40.4475217+00:00 ContainerStream: info: Microsoft.EntityFrameworkCore.Database.Command[20101]
2026-08-08T00:35:40.4475892+00:00 ContainerStream:       Executed DbCommand (2ms) [Parameters=[], CommandType='Text', CommandTimeout='30']
2026-08-08T00:35:40.4475974+00:00 ContainerStream:       SELECT [MigrationId], [ProductVersion]
2026-08-08T00:35:40.4476021+00:00 ContainerStream:       FROM [__EFMigrationsHistory]
2026-08-08T00:35:40.4476065+00:00 ContainerStream:       ORDER BY [MigrationId];
2026-08-08T00:35:40.4494857+00:00 ContainerStream: info: Microsoft.EntityFrameworkCore.Database.Command[20101]
2026-08-08T00:35:40.4495296+00:00 ContainerStream:       Executed DbCommand (2ms) [Parameters=[], CommandType='Text', CommandTimeout='30']
2026-08-08T00:35:40.4495365+00:00 ContainerStream:       SELECT TOP(1) [b].[BankAccountNumber]
2026-08-08T00:35:40.4495403+00:00 ContainerStream:       FROM [Beneficiaries] AS [b]
2026-08-08T00:35:40.4495438+00:00 ContainerStream:       ORDER BY [b].[Id]
2026-08-08T00:35:42.3709608+00:00 ContainerStream: info: Microsoft.EntityFrameworkCore.Database.Command[20101]
2026-08-08T00:35:42.3710491+00:00 ContainerStream:       Executed DbCommand (2ms) [Parameters=[], CommandType='Text', CommandTimeout='30']
2026-08-08T00:35:42.3710632+00:00 ContainerStream:       SELECT 1
2026-08-08T00:35:42.3748380+00:00 ContainerStream: info: Microsoft.EntityFrameworkCore.Database.Command[20101]
2026-08-08T00:35:42.3749109+00:00 ContainerStream:       Executed DbCommand (2ms) [Parameters=[], CommandType='Text', CommandTimeout='30']
2026-08-08T00:35:42.3749304+00:00 ContainerStream:       SELECT OBJECT_ID(N'[__EFMigrationsHistory]');
2026-08-08T00:35:42.3769365+00:00 ContainerStream: info: Microsoft.EntityFrameworkCore.Database.Command[20101]
2026-08-08T00:35:42.3769803+00:00 ContainerStream:       Executed DbCommand (2ms) [Parameters=[], CommandType='Text', CommandTimeout='30']
2026-08-08T00:35:42.3769869+00:00 ContainerStream:       SELECT [MigrationId], [ProductVersion]
2026-08-08T00:35:42.3769950+00:00 ContainerStream:       FROM [__EFMigrationsHistory]
2026-08-08T00:35:42.3773941+00:00 ContainerStream:       ORDER BY [MigrationId];
2026-08-08T00:35:42.3801554+00:00 ContainerStream: info: Microsoft.EntityFrameworkCore.Database.Command[20101]
2026-08-08T00:35:42.3801899+00:00 ContainerStream:       Executed DbCommand (2ms) [Parameters=[], CommandType='Text', CommandTimeout='30']
2026-08-08T00:35:42.3802014+00:00 ContainerStream:       SELECT TOP(1) [b].[BankAccountNumber]
2026-08-08T00:35:42.3802055+00:00 ContainerStream:       FROM [Beneficiaries] AS [b]
2026-08-08T00:35:42.3802090+00:00 ContainerStream:       ORDER BY [b].[Id]
2026-08-08T00:35:48.2600127+00:00 ContainerStream: info: Microsoft.EntityFrameworkCore.Database.Command[20101]
2026-08-08T00:35:48.2600966+00:00 ContainerStream:       Executed DbCommand (3ms) [Parameters=[], CommandType='Text', CommandTimeout='30']
2026-08-08T00:35:48.2601144+00:00 ContainerStream:       SELECT 1
2026-08-08T00:35:48.2623848+00:00 ContainerStream: info: Microsoft.EntityFrameworkCore.Database.Command[20101]
2026-08-08T00:35:48.2624429+00:00 ContainerStream:       Executed DbCommand (2ms) [Parameters=[], CommandType='Text', CommandTimeout='30']
2026-08-08T00:35:48.2624510+00:00 ContainerStream:       SELECT OBJECT_ID(N'[__EFMigrationsHistory]');
2026-08-08T00:35:48.2658072+00:00 ContainerStream: info: Microsoft.EntityFrameworkCore.Database.Command[20101]
2026-08-08T00:35:48.2658411+00:00 ContainerStream:       Executed DbCommand (2ms) [Parameters=[], CommandType='Text', CommandTimeout='30']
2026-08-08T00:35:48.2658488+00:00 ContainerStream:       SELECT [MigrationId], [ProductVersion]
2026-08-08T00:35:48.2658627+00:00 ContainerStream:       FROM [__EFMigrationsHistory]
2026-08-08T00:35:48.2664923+00:00 ContainerStream:       ORDER BY [MigrationId];
2026-08-08T00:35:48.2682191+00:00 ContainerStream: info: Microsoft.EntityFrameworkCore.Database.Command[20101]
2026-08-08T00:35:48.2682479+00:00 ContainerStream:       Executed DbCommand (2ms) [Parameters=[], CommandType='Text', CommandTimeout='30']
2026-08-08T00:35:48.2682542+00:00 ContainerStream:       SELECT TOP(1) [b].[BankAccountNumber]
2026-08-08T00:35:48.2682579+00:00 ContainerStream:       FROM [Beneficiaries] AS [b]
2026-08-08T00:35:48.2682616+00:00 ContainerStream:       ORDER BY [b].[Id]
2026-08-08T00:35:53.7597652+00:00 ContainerStream: info: Microsoft.EntityFrameworkCore.Database.Command[20101]
2026-08-08T00:35:53.7598518+00:00 ContainerStream:       Executed DbCommand (2ms) [Parameters=[], CommandType='Text', CommandTimeout='30']
2026-08-08T00:35:53.7598614+00:00 ContainerStream:       SELECT 1
2026-08-08T00:35:53.7617004+00:00 ContainerStream: info: Microsoft.EntityFrameworkCore.Database.Command[20101]
2026-08-08T00:35:53.7617707+00:00 ContainerStream:       Executed DbCommand (2ms) [Parameters=[], CommandType='Text', CommandTimeout='30']
2026-08-08T00:35:53.7617789+00:00 ContainerStream:       SELECT OBJECT_ID(N'[__EFMigrationsHistory]');
2026-08-08T00:35:53.7654522+00:00 ContainerStream: info: Microsoft.EntityFrameworkCore.Database.Command[20101]
2026-08-08T00:35:53.7654918+00:00 ContainerStream:       Executed DbCommand (2ms) [Parameters=[], CommandType='Text', CommandTimeout='30']
2026-08-08T00:35:53.7656352+00:00 ContainerStream:       SELECT [MigrationId], [ProductVersion]
2026-08-08T00:35:53.7656445+00:00 ContainerStream:       FROM [__EFMigrationsHistory]
2026-08-08T00:35:53.7656492+00:00 ContainerStream:       ORDER BY [MigrationId];
2026-08-08T00:35:53.7681890+00:00 ContainerStream: info: Microsoft.EntityFrameworkCore.Database.Command[20101]
2026-08-08T00:35:53.7682216+00:00 ContainerStream:       Executed DbCommand (2ms) [Parameters=[], CommandType='Text', CommandTimeout='30']
2026-08-08T00:35:53.7682336+00:00 ContainerStream:       SELECT TOP(1) [b].[BankAccountNumber]
2026-08-08T00:35:53.7682383+00:00 ContainerStream:       FROM [Beneficiaries] AS [b]
2026-08-08T00:35:53.7682424+00:00 ContainerStream:       ORDER BY [b].[Id]
2026-08-08T00:35:53.9959041+00:00 ContainerStream: info: Microsoft.EntityFrameworkCore.Database.Command[20101]
2026-08-08T00:35:53.9959903+00:00 ContainerStream:       Executed DbCommand (2ms) [Parameters=[], CommandType='Text', CommandTimeout='30']
2026-08-08T00:35:53.9960010+00:00 ContainerStream:       SELECT 1
2026-08-08T00:35:53.9977725+00:00 ContainerStream: info: Microsoft.EntityFrameworkCore.Database.Command[20101]
2026-08-08T00:35:53.9978248+00:00 ContainerStream:       Executed DbCommand (2ms) [Parameters=[], CommandType='Text', CommandTimeout='30']
2026-08-08T00:35:53.9978350+00:00 ContainerStream:       SELECT OBJECT_ID(N'[__EFMigrationsHistory]');
2026-08-08T00:35:54.0017160+00:00 ContainerStream: info: Microsoft.EntityFrameworkCore.Database.Command[20101]
2026-08-08T00:35:54.0017491+00:00 ContainerStream:       Executed DbCommand (2ms) [Parameters=[], CommandType='Text', CommandTimeout='30']
2026-08-08T00:35:54.0017572+00:00 ContainerStream:       SELECT [MigrationId], [ProductVersion]
2026-08-08T00:35:54.0017621+00:00 ContainerStream:       FROM [__EFMigrationsHistory]
2026-08-08T00:35:54.0017707+00:00 ContainerStream:       ORDER BY [MigrationId];
2026-08-08T00:35:54.0042486+00:00 ContainerStream: info: Microsoft.EntityFrameworkCore.Database.Command[20101]
2026-08-08T00:35:54.0042807+00:00 ContainerStream:       Executed DbCommand (2ms) [Parameters=[], CommandType='Text', CommandTimeout='30']
2026-08-08T00:35:54.0042883+00:00 ContainerStream:       SELECT TOP(1) [b].[BankAccountNumber]
2026-08-08T00:35:54.0042925+00:00 ContainerStream:       FROM [Beneficiaries] AS [b]
2026-08-08T00:35:54.0043125+00:00 ContainerStream:       ORDER BY [b].[Id]
2026-08-08T00:35:56.0292707+00:00 ContainerStream: info: Microsoft.EntityFrameworkCore.Database.Command[20101]
2026-08-08T00:35:56.0293517+00:00 ContainerStream:       Executed DbCommand (3ms) [Parameters=[], CommandType='Text', CommandTimeout='30']
2026-08-08T00:35:56.0293633+00:00 ContainerStream:       SELECT 1
2026-08-08T00:35:56.0312842+00:00 ContainerStream: info: Microsoft.EntityFrameworkCore.Database.Command[20101]
2026-08-08T00:35:56.0313561+00:00 ContainerStream:       Executed DbCommand (2ms) [Parameters=[], CommandType='Text', CommandTimeout='30']
2026-08-08T00:35:56.0313667+00:00 ContainerStream:       SELECT OBJECT_ID(N'[__EFMigrationsHistory]');
2026-08-08T00:35:56.0352843+00:00 ContainerStream: info: Microsoft.EntityFrameworkCore.Database.Command[20101]
2026-08-08T00:35:56.0353961+00:00 ContainerStream:       Executed DbCommand (2ms) [Parameters=[], CommandType='Text', CommandTimeout='30']
2026-08-08T00:35:56.0354117+00:00 ContainerStream:       SELECT [MigrationId], [ProductVersion]
2026-08-08T00:35:56.0354162+00:00 ContainerStream:       FROM [__EFMigrationsHistory]
2026-08-08T00:35:56.0354343+00:00 ContainerStream:       ORDER BY [MigrationId];
2026-08-08T00:35:56.0389811+00:00 ContainerStream: info: Microsoft.EntityFrameworkCore.Database.Command[20101]
2026-08-08T00:35:56.0390119+00:00 ContainerStream:       Executed DbCommand (2ms) [Parameters=[], CommandType='Text', CommandTimeout='30']
2026-08-08T00:35:56.0390193+00:00 ContainerStream:       SELECT TOP(1) [b].[BankAccountNumber]
2026-08-08T00:35:56.0390231+00:00 ContainerStream:       FROM [Beneficiaries] AS [b]
2026-08-08T00:35:56.0390265+00:00 ContainerStream:       ORDER BY [b].[Id]
2026-08-08T00:35:57.6442148+00:00 ContainerStream: info: Microsoft.EntityFrameworkCore.Database.Command[20101]
2026-08-08T00:35:57.6443076+00:00 ContainerStream:       Executed DbCommand (2ms) [Parameters=[], CommandType='Text', CommandTimeout='30']
2026-08-08T00:35:57.6443172+00:00 ContainerStream:       SELECT 1
2026-08-08T00:35:57.6465726+00:00 ContainerStream: info: Microsoft.EntityFrameworkCore.Database.Command[20101]
2026-08-08T00:35:57.6466089+00:00 ContainerStream:       Executed DbCommand (2ms) [Parameters=[], CommandType='Text', CommandTimeout='30']
2026-08-08T00:35:57.6466218+00:00 ContainerStream:       SELECT OBJECT_ID(N'[__EFMigrationsHistory]');
2026-08-08T00:35:57.6502800+00:00 ContainerStream: info: Microsoft.EntityFrameworkCore.Database.Command[20101]
2026-08-08T00:35:57.6503262+00:00 ContainerStream:       Executed DbCommand (2ms) [Parameters=[], CommandType='Text', CommandTimeout='30']
2026-08-08T00:35:57.6503346+00:00 ContainerStream:       SELECT [MigrationId], [ProductVersion]
2026-08-08T00:35:57.6503385+00:00 ContainerStream:       FROM [__EFMigrationsHistory]
2026-08-08T00:35:57.6503480+00:00 ContainerStream:       ORDER BY [MigrationId];
2026-08-08T00:35:57.6522905+00:00 ContainerStream: info: Microsoft.EntityFrameworkCore.Database.Command[20101]
2026-08-08T00:35:57.6523246+00:00 ContainerStream:       Executed DbCommand (2ms) [Parameters=[], CommandType='Text', CommandTimeout='30']
2026-08-08T00:35:57.6523314+00:00 ContainerStream:       SELECT TOP(1) [b].[BankAccountNumber]
2026-08-08T00:35:57.6523355+00:00 ContainerStream:       FROM [Beneficiaries] AS [b]
2026-08-08T00:35:57.6523447+00:00 ContainerStream:       ORDER BY [b].[Id]
2026-08-08T00:36:02.9657548+00:00 ContainerStream: info: Microsoft.EntityFrameworkCore.Database.Command[20101]
2026-08-08T00:36:02.9658378+00:00 ContainerStream:       Executed DbCommand (3ms) [Parameters=[], CommandType='Text', CommandTimeout='30']
2026-08-08T00:36:02.9658496+00:00 ContainerStream:       SELECT 1
2026-08-08T00:36:02.9679676+00:00 ContainerStream: info: Microsoft.EntityFrameworkCore.Database.Command[20101]
2026-08-08T00:36:02.9680348+00:00 ContainerStream:       Executed DbCommand (2ms) [Parameters=[], CommandType='Text', CommandTimeout='30']
2026-08-08T00:36:02.9680437+00:00 ContainerStream:       SELECT OBJECT_ID(N'[__EFMigrationsHistory]');
2026-08-08T00:36:02.9720561+00:00 ContainerStream: info: Microsoft.EntityFrameworkCore.Database.Command[20101]
2026-08-08T00:36:02.9721130+00:00 ContainerStream:       Executed DbCommand (2ms) [Parameters=[], CommandType='Text', CommandTimeout='30']
2026-08-08T00:36:02.9721219+00:00 ContainerStream:       SELECT [MigrationId], [ProductVersion]
2026-08-08T00:36:02.9721259+00:00 ContainerStream:       FROM [__EFMigrationsHistory]
2026-08-08T00:36:02.9721297+00:00 ContainerStream:       ORDER BY [MigrationId];
2026-08-08T00:36:02.9737345+00:00 ContainerStream: info: Microsoft.EntityFrameworkCore.Database.Command[20101]
2026-08-08T00:36:02.9737927+00:00 ContainerStream:       Executed DbCommand (2ms) [Parameters=[], CommandType='Text', CommandTimeout='30']
2026-08-08T00:36:02.9738010+00:00 ContainerStream:       SELECT TOP(1) [b].[BankAccountNumber]
2026-08-08T00:36:02.9738057+00:00 ContainerStream:       FROM [Beneficiaries] AS [b]
2026-08-08T00:36:02.9738095+00:00 ContainerStream:       ORDER BY [b].[Id]
2026-08-08T00:36:03.5827610+00:00 ContainerStream: info: Microsoft.EntityFrameworkCore.Database.Command[20101]
2026-08-08T00:36:03.5828439+00:00 ContainerStream:       Executed DbCommand (3ms) [Parameters=[], CommandType='Text', CommandTimeout='30']
2026-08-08T00:36:03.5828574+00:00 ContainerStream:       SELECT 1
2026-08-08T00:36:03.5860631+00:00 ContainerStream: info: Microsoft.EntityFrameworkCore.Database.Command[20101]
2026-08-08T00:36:03.5861386+00:00 ContainerStream:       Executed DbCommand (2ms) [Parameters=[], CommandType='Text', CommandTimeout='30']
2026-08-08T00:36:03.5861563+00:00 ContainerStream:       SELECT OBJECT_ID(N'[__EFMigrationsHistory]');
2026-08-08T00:36:03.5908806+00:00 ContainerStream: info: Microsoft.EntityFrameworkCore.Database.Command[20101]
2026-08-08T00:36:03.5909169+00:00 ContainerStream:       Executed DbCommand (2ms) [Parameters=[], CommandType='Text', CommandTimeout='30']
2026-08-08T00:36:03.5909249+00:00 ContainerStream:       SELECT [MigrationId], [ProductVersion]
2026-08-08T00:36:03.5909333+00:00 ContainerStream:       FROM [__EFMigrationsHistory]
2026-08-08T00:36:03.5909378+00:00 ContainerStream:       ORDER BY [MigrationId];
2026-08-08T00:36:03.5936476+00:00 ContainerStream: info: Microsoft.EntityFrameworkCore.Database.Command[20101]
2026-08-08T00:36:03.5936822+00:00 ContainerStream:       Executed DbCommand (3ms) [Parameters=[], CommandType='Text', CommandTimeout='30']
2026-08-08T00:36:03.5936888+00:00 ContainerStream:       SELECT TOP(1) [b].[BankAccountNumber]
2026-08-08T00:36:03.5936968+00:00 ContainerStream:       FROM [Beneficiaries] AS [b]
2026-08-08T00:36:03.5937005+00:00 ContainerStream:       ORDER BY [b].[Id]
2026-08-08T00:36:04.9483138+00:00 ContainerStream: info: Microsoft.EntityFrameworkCore.Database.Command[20101]
2026-08-08T00:36:04.9483932+00:00 ContainerStream:       Executed DbCommand (2ms) [Parameters=[], CommandType='Text', CommandTimeout='30']
2026-08-08T00:36:04.9484137+00:00 ContainerStream:       SELECT 1
2026-08-08T00:36:04.9505241+00:00 ContainerStream: info: Microsoft.EntityFrameworkCore.Database.Command[20101]
2026-08-08T00:36:04.9505721+00:00 ContainerStream:       Executed DbCommand (2ms) [Parameters=[], CommandType='Text', CommandTimeout='30']
2026-08-08T00:36:04.9505804+00:00 ContainerStream:       SELECT OBJECT_ID(N'[__EFMigrationsHistory]');
2026-08-08T00:36:04.9539221+00:00 ContainerStream: info: Microsoft.EntityFrameworkCore.Database.Command[20101]
2026-08-08T00:36:04.9539597+00:00 ContainerStream:       Executed DbCommand (2ms) [Parameters=[], CommandType='Text', CommandTimeout='30']
2026-08-08T00:36:04.9539674+00:00 ContainerStream:       SELECT [MigrationId], [ProductVersion]
2026-08-08T00:36:04.9539712+00:00 ContainerStream:       FROM [__EFMigrationsHistory]
2026-08-08T00:36:04.9546207+00:00 ContainerStream:       ORDER BY [MigrationId];
2026-08-08T00:36:04.9563795+00:00 ContainerStream: info: Microsoft.EntityFrameworkCore.Database.Command[20101]
2026-08-08T00:36:04.9564084+00:00 ContainerStream:       Executed DbCommand (2ms) [Parameters=[], CommandType='Text', CommandTimeout='30']
2026-08-08T00:36:04.9564208+00:00 ContainerStream:       SELECT TOP(1) [b].[BankAccountNumber]
2026-08-08T00:36:04.9564249+00:00 ContainerStream:       FROM [Beneficiaries] AS [b]
2026-08-08T00:36:04.9564333+00:00 ContainerStream:       ORDER BY [b].[Id]
2026-08-08T00:36:09.5845487+00:00 ContainerStream: info: Microsoft.EntityFrameworkCore.Database.Command[20101]
2026-08-08T00:36:09.5846307+00:00 ContainerStream:       Executed DbCommand (2ms) [Parameters=[], CommandType='Text', CommandTimeout='30']
2026-08-08T00:36:09.5846422+00:00 ContainerStream:       SELECT 1
2026-08-08T00:36:09.5880576+00:00 ContainerStream: info: Microsoft.EntityFrameworkCore.Database.Command[20101]
2026-08-08T00:36:09.5881233+00:00 ContainerStream:       Executed DbCommand (2ms) [Parameters=[], CommandType='Text', CommandTimeout='30']
2026-08-08T00:36:09.5881324+00:00 ContainerStream:       SELECT OBJECT_ID(N'[__EFMigrationsHistory]');
2026-08-08T00:36:09.5903347+00:00 ContainerStream: info: Microsoft.EntityFrameworkCore.Database.Command[20101]
2026-08-08T00:36:09.5903858+00:00 ContainerStream:       Executed DbCommand (2ms) [Parameters=[], CommandType='Text', CommandTimeout='30']
2026-08-08T00:36:09.5903994+00:00 ContainerStream:       SELECT [MigrationId], [ProductVersion]
2026-08-08T00:36:09.5904038+00:00 ContainerStream:       FROM [__EFMigrationsHistory]
2026-08-08T00:36:09.5904080+00:00 ContainerStream:       ORDER BY [MigrationId];
2026-08-08T00:36:09.5930693+00:00 ContainerStream: info: Microsoft.EntityFrameworkCore.Database.Command[20101]
2026-08-08T00:36:09.5931080+00:00 ContainerStream:       Executed DbCommand (3ms) [Parameters=[], CommandType='Text', CommandTimeout='30']
2026-08-08T00:36:09.5931205+00:00 ContainerStream:       SELECT TOP(1) [b].[BankAccountNumber]
2026-08-08T00:36:09.5931247+00:00 ContainerStream:       FROM [Beneficiaries] AS [b]
2026-08-08T00:36:09.5931285+00:00 ContainerStream:       ORDER BY [b].[Id]
2026-08-08T00:36:15.4350614+00:00 ContainerStream: info: Microsoft.EntityFrameworkCore.Database.Command[20101]
2026-08-08T00:36:15.4351500+00:00 ContainerStream:       Executed DbCommand (2ms) [Parameters=[], CommandType='Text', CommandTimeout='30']
2026-08-08T00:36:15.4351596+00:00 ContainerStream:       SELECT 1
2026-08-08T00:36:15.4369898+00:00 ContainerStream: info: Microsoft.EntityFrameworkCore.Database.Command[20101]
2026-08-08T00:36:15.4370450+00:00 ContainerStream:       Executed DbCommand (2ms) [Parameters=[], CommandType='Text', CommandTimeout='30']
2026-08-08T00:36:15.4370530+00:00 ContainerStream:       SELECT OBJECT_ID(N'[__EFMigrationsHistory]');
2026-08-08T00:36:15.4412311+00:00 ContainerStream: info: Microsoft.EntityFrameworkCore.Database.Command[20101]
2026-08-08T00:36:15.4412872+00:00 ContainerStream:       Executed DbCommand (2ms) [Parameters=[], CommandType='Text', CommandTimeout='30']
2026-08-08T00:36:15.4412975+00:00 ContainerStream:       SELECT [MigrationId], [ProductVersion]
2026-08-08T00:36:15.4413014+00:00 ContainerStream:       FROM [__EFMigrationsHistory]
2026-08-08T00:36:15.4413113+00:00 ContainerStream:       ORDER BY [MigrationId];
2026-08-08T00:36:15.4438440+00:00 ContainerStream: info: Microsoft.EntityFrameworkCore.Database.Command[20101]
2026-08-08T00:36:15.4439009+00:00 ContainerStream:       Executed DbCommand (2ms) [Parameters=[], CommandType='Text', CommandTimeout='30']
2026-08-08T00:36:15.4439098+00:00 ContainerStream:       SELECT TOP(1) [b].[BankAccountNumber]
2026-08-08T00:36:15.4439144+00:00 ContainerStream:       FROM [Beneficiaries] AS [b]
2026-08-08T00:36:15.4439241+00:00 ContainerStream:       ORDER BY [b].[Id]
2026-08-08T00:36:22.5829164+00:00 ContainerStream: info: Microsoft.EntityFrameworkCore.Database.Command[20101]
2026-08-08T00:36:22.5830091+00:00 ContainerStream:       Executed DbCommand (3ms) [Parameters=[], CommandType='Text', CommandTimeout='30']
2026-08-08T00:36:22.5830225+00:00 ContainerStream:       SELECT 1
2026-08-08T00:36:22.5895351+00:00 ContainerStream: info: Microsoft.EntityFrameworkCore.Database.Command[20101]
2026-08-08T00:36:22.5896009+00:00 ContainerStream:       Executed DbCommand (2ms) [Parameters=[], CommandType='Text', CommandTimeout='30']
2026-08-08T00:36:22.5896088+00:00 ContainerStream:       SELECT OBJECT_ID(N'[__EFMigrationsHistory]');
2026-08-08T00:36:22.5903825+00:00 ContainerStream: info: Microsoft.EntityFrameworkCore.Database.Command[20101]
2026-08-08T00:36:22.5904317+00:00 ContainerStream:       Executed DbCommand (3ms) [Parameters=[], CommandType='Text', CommandTimeout='30']
2026-08-08T00:36:22.5904442+00:00 ContainerStream:       SELECT [MigrationId], [ProductVersion]
2026-08-08T00:36:22.5904481+00:00 ContainerStream:       FROM [__EFMigrationsHistory]
2026-08-08T00:36:22.5904517+00:00 ContainerStream:       ORDER BY [MigrationId];
2026-08-08T00:36:22.5939222+00:00 ContainerStream: info: Microsoft.EntityFrameworkCore.Database.Command[20101]
2026-08-08T00:36:22.5939538+00:00 ContainerStream:       Executed DbCommand (2ms) [Parameters=[], CommandType='Text', CommandTimeout='30']
2026-08-08T00:36:22.5939673+00:00 ContainerStream:       SELECT TOP(1) [b].[BankAccountNumber]
2026-08-08T00:36:22.5939722+00:00 ContainerStream:       FROM [Beneficiaries] AS [b]
2026-08-08T00:36:22.5939763+00:00 ContainerStream:       ORDER BY [b].[Id]
2026-08-08T00:36:23.2188105+00:00 ContainerStream: info: Microsoft.EntityFrameworkCore.Database.Command[20101]
2026-08-08T00:36:23.2189009+00:00 ContainerStream:       Executed DbCommand (2ms) [Parameters=[], CommandType='Text', CommandTimeout='30']
2026-08-08T00:36:23.2189107+00:00 ContainerStream:       SELECT 1
2026-08-08T00:36:23.2211937+00:00 ContainerStream: info: Microsoft.EntityFrameworkCore.Database.Command[20101]
2026-08-08T00:36:23.2212558+00:00 ContainerStream:       Executed DbCommand (2ms) [Parameters=[], CommandType='Text', CommandTimeout='30']
2026-08-08T00:36:23.2212658+00:00 ContainerStream:       SELECT OBJECT_ID(N'[__EFMigrationsHistory]');
2026-08-08T00:36:23.2256056+00:00 ContainerStream: info: Microsoft.EntityFrameworkCore.Database.Command[20101]
2026-08-08T00:36:23.2256544+00:00 ContainerStream:       Executed DbCommand (2ms) [Parameters=[], CommandType='Text', CommandTimeout='30']
2026-08-08T00:36:23.2256627+00:00 ContainerStream:       SELECT [MigrationId], [ProductVersion]
2026-08-08T00:36:23.2256665+00:00 ContainerStream:       FROM [__EFMigrationsHistory]
2026-08-08T00:36:23.2256758+00:00 ContainerStream:       ORDER BY [MigrationId];
2026-08-08T00:36:23.2278420+00:00 ContainerStream: info: Microsoft.EntityFrameworkCore.Database.Command[20101]
2026-08-08T00:36:23.2278820+00:00 ContainerStream:       Executed DbCommand (3ms) [Parameters=[], CommandType='Text', CommandTimeout='30']
2026-08-08T00:36:23.2279005+00:00 ContainerStream:       SELECT TOP(1) [b].[BankAccountNumber]
2026-08-08T00:36:23.2279050+00:00 ContainerStream:       FROM [Beneficiaries] AS [b]
2026-08-08T00:36:23.2279148+00:00 ContainerStream:       ORDER BY [b].[Id]
2026-08-08T00:36:24.7860866+00:00 ContainerStream: info: Microsoft.EntityFrameworkCore.Database.Command[20101]
2026-08-08T00:36:24.7861804+00:00 ContainerStream:       Executed DbCommand (3ms) [Parameters=[], CommandType='Text', CommandTimeout='30']
2026-08-08T00:36:24.7861913+00:00 ContainerStream:       SELECT 1
2026-08-08T00:36:24.7881464+00:00 ContainerStream: info: Microsoft.EntityFrameworkCore.Database.Command[20101]
2026-08-08T00:36:24.7882024+00:00 ContainerStream:       Executed DbCommand (2ms) [Parameters=[], CommandType='Text', CommandTimeout='30']
2026-08-08T00:36:24.7882106+00:00 ContainerStream:       SELECT OBJECT_ID(N'[__EFMigrationsHistory]');
2026-08-08T00:36:24.7917157+00:00 ContainerStream: info: Microsoft.EntityFrameworkCore.Database.Command[20101]
2026-08-08T00:36:24.7917647+00:00 ContainerStream:       Executed DbCommand (2ms) [Parameters=[], CommandType='Text', CommandTimeout='30']
2026-08-08T00:36:24.7917797+00:00 ContainerStream:       SELECT [MigrationId], [ProductVersion]
2026-08-08T00:36:24.7917844+00:00 ContainerStream:       FROM [__EFMigrationsHistory]
2026-08-08T00:36:24.7917882+00:00 ContainerStream:       ORDER BY [MigrationId];
2026-08-08T00:36:24.7945195+00:00 ContainerStream: info: Microsoft.EntityFrameworkCore.Database.Command[20101]
2026-08-08T00:36:24.7945559+00:00 ContainerStream:       Executed DbCommand (2ms) [Parameters=[], CommandType='Text', CommandTimeout='30']
2026-08-08T00:36:24.7945766+00:00 ContainerStream:       SELECT TOP(1) [b].[BankAccountNumber]
2026-08-08T00:36:24.7945815+00:00 ContainerStream:       FROM [Beneficiaries] AS [b]
2026-08-08T00:36:24.7945860+00:00 ContainerStream:       ORDER BY [b].[Id]
2026-08-08T00:36:25.2913002+00:00 ContainerStream: info: Microsoft.EntityFrameworkCore.Database.Command[20101]
2026-08-08T00:36:25.2913939+00:00 ContainerStream:       Executed DbCommand (3ms) [Parameters=[], CommandType='Text', CommandTimeout='30']
2026-08-08T00:36:25.2914055+00:00 ContainerStream:       SELECT 1
2026-08-08T00:36:25.2943588+00:00 ContainerStream: info: Microsoft.EntityFrameworkCore.Database.Command[20101]
2026-08-08T00:36:25.2944240+00:00 ContainerStream:       Executed DbCommand (3ms) [Parameters=[], CommandType='Text', CommandTimeout='30']
2026-08-08T00:36:25.2944350+00:00 ContainerStream:       SELECT OBJECT_ID(N'[__EFMigrationsHistory]');
2026-08-08T00:36:25.2978780+00:00 ContainerStream: info: Microsoft.EntityFrameworkCore.Database.Command[20101]
2026-08-08T00:36:25.2979276+00:00 ContainerStream:       Executed DbCommand (2ms) [Parameters=[], CommandType='Text', CommandTimeout='30']
2026-08-08T00:36:25.2979358+00:00 ContainerStream:       SELECT [MigrationId], [ProductVersion]
2026-08-08T00:36:25.2979400+00:00 ContainerStream:       FROM [__EFMigrationsHistory]
2026-08-08T00:36:25.2988050+00:00 ContainerStream:       ORDER BY [MigrationId];
2026-08-08T00:36:25.3001423+00:00 ContainerStream: info: Microsoft.EntityFrameworkCore.Database.Command[20101]
2026-08-08T00:36:25.3001727+00:00 ContainerStream:       Executed DbCommand (2ms) [Parameters=[], CommandType='Text', CommandTimeout='30']
2026-08-08T00:36:25.3001797+00:00 ContainerStream:       SELECT TOP(1) [b].[BankAccountNumber]
2026-08-08T00:36:25.3001834+00:00 ContainerStream:       FROM [Beneficiaries] AS [b]
2026-08-08T00:36:25.3001916+00:00 ContainerStream:       ORDER BY [b].[Id]
2026-08-08T00:36:25.4564284+00:00 ContainerStream: info: Microsoft.EntityFrameworkCore.Database.Command[20101]
2026-08-08T00:36:25.4565126+00:00 ContainerStream:       Executed DbCommand (32ms) [Parameters=[@__p_0='?' (DbType = Int32)], CommandType='Text', CommandTimeout='30']
2026-08-08T00:36:25.4565245+00:00 ContainerStream:       SELECT TOP(@__p_0) [b].[Id], [b].[Type], [b].[Name], CASE
2026-08-08T00:36:25.4565374+00:00 ContainerStream:           WHEN [b].[BankDetailsSetAt] IS NOT NULL THEN CAST(1 AS bit)
2026-08-08T00:36:25.4565419+00:00 ContainerStream:           ELSE CAST(0 AS bit)
2026-08-08T00:36:25.4565459+00:00 ContainerStream:       END
2026-08-08T00:36:25.4565505+00:00 ContainerStream:       FROM [Beneficiaries] AS [b]
2026-08-08T00:36:25.4565544+00:00 ContainerStream:       ORDER BY [b].[Name]
2026-08-08T00:36:26.9108315+00:00 ContainerStream: info: Microsoft.EntityFrameworkCore.Database.Command[20101]
2026-08-08T00:36:26.9109166+00:00 ContainerStream:       Executed DbCommand (3ms) [Parameters=[], CommandType='Text', CommandTimeout='30']
2026-08-08T00:36:26.9109304+00:00 ContainerStream:       SELECT 1
2026-08-08T00:36:26.9143472+00:00 ContainerStream: info: Microsoft.EntityFrameworkCore.Database.Command[20101]
2026-08-08T00:36:26.9144258+00:00 ContainerStream:       Executed DbCommand (3ms) [Parameters=[], CommandType='Text', CommandTimeout='30']
2026-08-08T00:36:26.9144356+00:00 ContainerStream:       SELECT OBJECT_ID(N'[__EFMigrationsHistory]');
2026-08-08T00:36:26.9185999+00:00 ContainerStream: info: Microsoft.EntityFrameworkCore.Database.Command[20101]
2026-08-08T00:36:26.9186550+00:00 ContainerStream:       Executed DbCommand (2ms) [Parameters=[], CommandType='Text', CommandTimeout='30']
2026-08-08T00:36:26.9186637+00:00 ContainerStream:       SELECT [MigrationId], [ProductVersion]
2026-08-08T00:36:26.9186770+00:00 ContainerStream:       FROM [__EFMigrationsHistory]
2026-08-08T00:36:26.9186809+00:00 ContainerStream:       ORDER BY [MigrationId];
2026-08-08T00:36:26.9218967+00:00 ContainerStream: info: Microsoft.EntityFrameworkCore.Database.Command[20101]
2026-08-08T00:36:26.9221018+00:00 ContainerStream:       Executed DbCommand (3ms) [Parameters=[], CommandType='Text', CommandTimeout='30']
2026-08-08T00:36:26.9221143+00:00 ContainerStream:       SELECT TOP(1) [b].[BankAccountNumber]
2026-08-08T00:36:26.9221218+00:00 ContainerStream:       FROM [Beneficiaries] AS [b]
2026-08-08T00:36:26.9221256+00:00 ContainerStream:       ORDER BY [b].[Id]
2026-08-08T00:36:28.4384955+00:00 ContainerStream: info: Microsoft.EntityFrameworkCore.Database.Command[20101]
2026-08-08T00:36:28.4385826+00:00 ContainerStream:       Executed DbCommand (3ms) [Parameters=[], CommandType='Text', CommandTimeout='30']
2026-08-08T00:36:28.4386121+00:00 ContainerStream:       SELECT 1
2026-08-08T00:36:28.4407514+00:00 ContainerStream: info: Microsoft.EntityFrameworkCore.Database.Command[20101]
2026-08-08T00:36:28.4408034+00:00 ContainerStream:       Executed DbCommand (2ms) [Parameters=[], CommandType='Text', CommandTimeout='30']
2026-08-08T00:36:28.4408128+00:00 ContainerStream:       SELECT OBJECT_ID(N'[__EFMigrationsHistory]');
2026-08-08T00:36:28.4447456+00:00 ContainerStream: info: Microsoft.EntityFrameworkCore.Database.Command[20101]
2026-08-08T00:36:28.4451152+00:00 ContainerStream:       Executed DbCommand (2ms) [Parameters=[], CommandType='Text', CommandTimeout='30']
2026-08-08T00:36:28.4451355+00:00 ContainerStream:       SELECT [MigrationId], [ProductVersion]
2026-08-08T00:36:28.4451402+00:00 ContainerStream:       FROM [__EFMigrationsHistory]
2026-08-08T00:36:28.4451681+00:00 ContainerStream:       ORDER BY [MigrationId];
2026-08-08T00:36:28.4470285+00:00 ContainerStream: info: Microsoft.EntityFrameworkCore.Database.Command[20101]
2026-08-08T00:36:28.4470606+00:00 ContainerStream:       Executed DbCommand (2ms) [Parameters=[], CommandType='Text', CommandTimeout='30']
2026-08-08T00:36:28.4470675+00:00 ContainerStream:       SELECT TOP(1) [b].[BankAccountNumber]
2026-08-08T00:36:28.4470716+00:00 ContainerStream:       FROM [Beneficiaries] AS [b]
2026-08-08T00:36:28.4470752+00:00 ContainerStream:       ORDER BY [b].[Id]
2026-08-08T00:36:29.6120944+00:00 ContainerStream: info: Microsoft.EntityFrameworkCore.Database.Command[20101]
2026-08-08T00:36:29.6121802+00:00 ContainerStream:       Executed DbCommand (2ms) [Parameters=[], CommandType='Text', CommandTimeout='30']
2026-08-08T00:36:29.6121908+00:00 ContainerStream:       SELECT 1
2026-08-08T00:36:29.6151937+00:00 ContainerStream: info: Microsoft.EntityFrameworkCore.Database.Command[20101]
2026-08-08T00:36:29.6152612+00:00 ContainerStream:       Executed DbCommand (2ms) [Parameters=[], CommandType='Text', CommandTimeout='30']
2026-08-08T00:36:29.6152702+00:00 ContainerStream:       SELECT OBJECT_ID(N'[__EFMigrationsHistory]');
2026-08-08T00:36:29.6263018+00:00 ContainerStream: info: Microsoft.EntityFrameworkCore.Database.Command[20101]
2026-08-08T00:36:29.6263714+00:00 ContainerStream:       Executed DbCommand (9ms) [Parameters=[], CommandType='Text', CommandTimeout='30']
2026-08-08T00:36:29.6263918+00:00 ContainerStream:       SELECT [MigrationId], [ProductVersion]
2026-08-08T00:36:29.6263960+00:00 ContainerStream:       FROM [__EFMigrationsHistory]
2026-08-08T00:36:29.6264000+00:00 ContainerStream:       ORDER BY [MigrationId];
2026-08-08T00:36:29.6311224+00:00 ContainerStream: info: Microsoft.EntityFrameworkCore.Database.Command[20101]
2026-08-08T00:36:29.6311928+00:00 ContainerStream:       Executed DbCommand (2ms) [Parameters=[], CommandType='Text', CommandTimeout='30']
2026-08-08T00:36:29.6312089+00:00 ContainerStream:       SELECT TOP(1) [b].[BankAccountNumber]
2026-08-08T00:36:29.6312129+00:00 ContainerStream:       FROM [Beneficiaries] AS [b]
2026-08-08T00:36:29.6312167+00:00 ContainerStream:       ORDER BY [b].[Id]
2026-08-08T00:36:32.9890290+00:00 ContainerStream: info: Microsoft.EntityFrameworkCore.Database.Command[20101]
2026-08-08T00:36:32.9891136+00:00 ContainerStream:       Executed DbCommand (2ms) [Parameters=[], CommandType='Text', CommandTimeout='30']
2026-08-08T00:36:32.9891254+00:00 ContainerStream:       SELECT 1
2026-08-08T00:36:32.9911846+00:00 ContainerStream: info: Microsoft.EntityFrameworkCore.Database.Command[20101]
2026-08-08T00:36:32.9912425+00:00 ContainerStream:       Executed DbCommand (2ms) [Parameters=[], CommandType='Text', CommandTimeout='30']
2026-08-08T00:36:32.9912536+00:00 ContainerStream:       SELECT OBJECT_ID(N'[__EFMigrationsHistory]');
2026-08-08T00:36:32.9949905+00:00 ContainerStream: info: Microsoft.EntityFrameworkCore.Database.Command[20101]
2026-08-08T00:36:32.9950374+00:00 ContainerStream:       Executed DbCommand (2ms) [Parameters=[], CommandType='Text', CommandTimeout='30']
2026-08-08T00:36:32.9950468+00:00 ContainerStream:       SELECT [MigrationId], [ProductVersion]
2026-08-08T00:36:32.9950513+00:00 ContainerStream:       FROM [__EFMigrationsHistory]
2026-08-08T00:36:32.9950599+00:00 ContainerStream:       ORDER BY [MigrationId];
2026-08-08T00:36:32.9975120+00:00 ContainerStream: info: Microsoft.EntityFrameworkCore.Database.Command[20101]
2026-08-08T00:36:32.9980704+00:00 ContainerStream:       Executed DbCommand (2ms) [Parameters=[], CommandType='Text', CommandTimeout='30']
2026-08-08T00:36:32.9980854+00:00 ContainerStream:       SELECT TOP(1) [b].[BankAccountNumber]
2026-08-08T00:36:32.9980906+00:00 ContainerStream:       FROM [Beneficiaries] AS [b]
2026-08-08T00:36:32.9980997+00:00 ContainerStream:       ORDER BY [b].[Id]
2026-08-08T00:36:41.5112282+00:00 ContainerStream: info: Microsoft.EntityFrameworkCore.Database.Command[20101]
2026-08-08T00:36:41.5113178+00:00 ContainerStream:       Executed DbCommand (3ms) [Parameters=[], CommandType='Text', CommandTimeout='30']
2026-08-08T00:36:41.5113305+00:00 ContainerStream:       SELECT 1
2026-08-08T00:36:41.5148625+00:00 ContainerStream: info: Microsoft.EntityFrameworkCore.Database.Command[20101]
2026-08-08T00:36:41.5149318+00:00 ContainerStream:       Executed DbCommand (2ms) [Parameters=[], CommandType='Text', CommandTimeout='30']
2026-08-08T00:36:41.5149411+00:00 ContainerStream:       SELECT OBJECT_ID(N'[__EFMigrationsHistory]');
2026-08-08T00:36:41.5171344+00:00 ContainerStream: info: Microsoft.EntityFrameworkCore.Database.Command[20101]
2026-08-08T00:36:41.5173730+00:00 ContainerStream:       Executed DbCommand (2ms) [Parameters=[], CommandType='Text', CommandTimeout='30']
2026-08-08T00:36:41.5173919+00:00 ContainerStream:       SELECT [MigrationId], [ProductVersion]
2026-08-08T00:36:41.5173968+00:00 ContainerStream:       FROM [__EFMigrationsHistory]
2026-08-08T00:36:41.5175918+00:00 ContainerStream:       ORDER BY [MigrationId];
2026-08-08T00:36:41.5197747+00:00 ContainerStream: info: Microsoft.EntityFrameworkCore.Database.Command[20101]
2026-08-08T00:36:41.5198221+00:00 ContainerStream:       Executed DbCommand (2ms) [Parameters=[], CommandType='Text', CommandTimeout='30']
2026-08-08T00:36:41.5198292+00:00 ContainerStream:       SELECT TOP(1) [b].[BankAccountNumber]
2026-08-08T00:36:41.5198332+00:00 ContainerStream:       FROM [Beneficiaries] AS [b]
2026-08-08T00:36:41.5198370+00:00 ContainerStream:       ORDER BY [b].[Id]
2026-08-08T00:36:47.7884804+00:00 ContainerStream: info: Microsoft.EntityFrameworkCore.Database.Command[20101]
2026-08-08T00:36:47.7885965+00:00 ContainerStream:       Executed DbCommand (2ms) [Parameters=[], CommandType='Text', CommandTimeout='30']
2026-08-08T00:36:47.7886095+00:00 ContainerStream:       SELECT 1
2026-08-08T00:36:47.7904972+00:00 ContainerStream: info: Microsoft.EntityFrameworkCore.Database.Command[20101]
2026-08-08T00:36:47.7905482+00:00 ContainerStream:       Executed DbCommand (2ms) [Parameters=[], CommandType='Text', CommandTimeout='30']
2026-08-08T00:36:47.7905632+00:00 ContainerStream:       SELECT OBJECT_ID(N'[__EFMigrationsHistory]');
2026-08-08T00:36:47.7944220+00:00 ContainerStream: info: Microsoft.EntityFrameworkCore.Database.Command[20101]
2026-08-08T00:36:47.7944995+00:00 ContainerStream:       Executed DbCommand (2ms) [Parameters=[], CommandType='Text', CommandTimeout='30']
2026-08-08T00:36:47.7945075+00:00 ContainerStream:       SELECT [MigrationId], [ProductVersion]
2026-08-08T00:36:47.7945117+00:00 ContainerStream:       FROM [__EFMigrationsHistory]
2026-08-08T00:36:47.7945206+00:00 ContainerStream:       ORDER BY [MigrationId];
2026-08-08T00:36:47.7973618+00:00 ContainerStream: info: Microsoft.EntityFrameworkCore.Database.Command[20101]
2026-08-08T00:36:47.7975679+00:00 ContainerStream:       Executed DbCommand (2ms) [Parameters=[], CommandType='Text', CommandTimeout='30']
2026-08-08T00:36:47.7975783+00:00 ContainerStream:       SELECT TOP(1) [b].[BankAccountNumber]
2026-08-08T00:36:47.7975828+00:00 ContainerStream:       FROM [Beneficiaries] AS [b]
2026-08-08T00:36:47.7975908+00:00 ContainerStream:       ORDER BY [b].[Id]
2026-08-08T00:36:48.2654608+00:00 ContainerStream: info: Microsoft.EntityFrameworkCore.Database.Command[20101]
2026-08-08T00:36:48.2655507+00:00 ContainerStream:       Executed DbCommand (3ms) [Parameters=[], CommandType='Text', CommandTimeout='30']
2026-08-08T00:36:48.2655607+00:00 ContainerStream:       SELECT 1
2026-08-08T00:36:48.2676783+00:00 ContainerStream: info: Microsoft.EntityFrameworkCore.Database.Command[20101]
2026-08-08T00:36:48.2677208+00:00 ContainerStream:       Executed DbCommand (2ms) [Parameters=[], CommandType='Text', CommandTimeout='30']
2026-08-08T00:36:48.2677390+00:00 ContainerStream:       SELECT OBJECT_ID(N'[__EFMigrationsHistory]');
2026-08-08T00:36:48.2717454+00:00 ContainerStream: info: Microsoft.EntityFrameworkCore.Database.Command[20101]
2026-08-08T00:36:48.2717904+00:00 ContainerStream:       Executed DbCommand (2ms) [Parameters=[], CommandType='Text', CommandTimeout='30']
2026-08-08T00:36:48.2718082+00:00 ContainerStream:       SELECT [MigrationId], [ProductVersion]
2026-08-08T00:36:48.2718119+00:00 ContainerStream:       FROM [__EFMigrationsHistory]
2026-08-08T00:36:48.2718789+00:00 ContainerStream:       ORDER BY [MigrationId];
2026-08-08T00:36:48.2737295+00:00 ContainerStream: info: Microsoft.EntityFrameworkCore.Database.Command[20101]
2026-08-08T00:36:48.2737663+00:00 ContainerStream:       Executed DbCommand (2ms) [Parameters=[], CommandType='Text', CommandTimeout='30']
2026-08-08T00:36:48.2737726+00:00 ContainerStream:       SELECT TOP(1) [b].[BankAccountNumber]
2026-08-08T00:36:48.2737765+00:00 ContainerStream:       FROM [Beneficiaries] AS [b]
2026-08-08T00:36:48.2737804+00:00 ContainerStream:       ORDER BY [b].[Id]
2026-08-08T00:36:49.2637510+00:00 ContainerStream: info: Microsoft.EntityFrameworkCore.Database.Command[20101]
2026-08-08T00:36:49.2638296+00:00 ContainerStream:       Executed DbCommand (3ms) [Parameters=[], CommandType='Text', CommandTimeout='30']
2026-08-08T00:36:49.2638415+00:00 ContainerStream:       SELECT 1
2026-08-08T00:36:49.2660498+00:00 ContainerStream: info: Microsoft.EntityFrameworkCore.Database.Command[20101]
2026-08-08T00:36:49.2661133+00:00 ContainerStream:       Executed DbCommand (2ms) [Parameters=[], CommandType='Text', CommandTimeout='30']
2026-08-08T00:36:49.2661218+00:00 ContainerStream:       SELECT OBJECT_ID(N'[__EFMigrationsHistory]');
2026-08-08T00:36:49.2696968+00:00 ContainerStream: info: Microsoft.EntityFrameworkCore.Database.Command[20101]
2026-08-08T00:36:49.2697309+00:00 ContainerStream:       Executed DbCommand (2ms) [Parameters=[], CommandType='Text', CommandTimeout='30']
2026-08-08T00:36:49.2697385+00:00 ContainerStream:       SELECT [MigrationId], [ProductVersion]
2026-08-08T00:36:49.2697482+00:00 ContainerStream:       FROM [__EFMigrationsHistory]
2026-08-08T00:36:49.2697529+00:00 ContainerStream:       ORDER BY [MigrationId];
2026-08-08T00:36:49.2731243+00:00 ContainerStream: info: Microsoft.EntityFrameworkCore.Database.Command[20101]
2026-08-08T00:36:49.2731587+00:00 ContainerStream:       Executed DbCommand (3ms) [Parameters=[], CommandType='Text', CommandTimeout='30']
2026-08-08T00:36:49.2731694+00:00 ContainerStream:       SELECT TOP(1) [b].[BankAccountNumber]
2026-08-08T00:36:49.2731738+00:00 ContainerStream:       FROM [Beneficiaries] AS [b]
2026-08-08T00:36:49.2731776+00:00 ContainerStream:       ORDER BY [b].[Id]
2026-08-08T00:36:51.2846024+00:00 ContainerStream: info: Microsoft.EntityFrameworkCore.Database.Command[20101]
2026-08-08T00:36:51.2847234+00:00 ContainerStream:       Executed DbCommand (3ms) [Parameters=[], CommandType='Text', CommandTimeout='30']
2026-08-08T00:36:51.2847484+00:00 ContainerStream:       SELECT 1
2026-08-08T00:36:51.2866767+00:00 ContainerStream: info: Microsoft.EntityFrameworkCore.Database.Command[20101]
2026-08-08T00:36:51.2867354+00:00 ContainerStream:       Executed DbCommand (2ms) [Parameters=[], CommandType='Text', CommandTimeout='30']
2026-08-08T00:36:51.2867466+00:00 ContainerStream:       SELECT OBJECT_ID(N'[__EFMigrationsHistory]');
2026-08-08T00:36:51.2901938+00:00 ContainerStream: info: Microsoft.EntityFrameworkCore.Database.Command[20101]
2026-08-08T00:36:51.2902440+00:00 ContainerStream:       Executed DbCommand (2ms) [Parameters=[], CommandType='Text', CommandTimeout='30']
2026-08-08T00:36:51.2902513+00:00 ContainerStream:       SELECT [MigrationId], [ProductVersion]
2026-08-08T00:36:51.2902556+00:00 ContainerStream:       FROM [__EFMigrationsHistory]
2026-08-08T00:36:51.2902597+00:00 ContainerStream:       ORDER BY [MigrationId];
2026-08-08T00:36:51.2932213+00:00 ContainerStream: info: Microsoft.EntityFrameworkCore.Database.Command[20101]
2026-08-08T00:36:51.2932616+00:00 ContainerStream:       Executed DbCommand (2ms) [Parameters=[], CommandType='Text', CommandTimeout='30']
2026-08-08T00:36:51.2932708+00:00 ContainerStream:       SELECT TOP(1) [b].[BankAccountNumber]
2026-08-08T00:36:51.2932753+00:00 ContainerStream:       FROM [Beneficiaries] AS [b]
2026-08-08T00:36:51.2932793+00:00 ContainerStream:       ORDER BY [b].[Id]
2026-08-08T00:36:53.8924358+00:00 ContainerStream: info: Microsoft.EntityFrameworkCore.Database.Command[20101]
2026-08-08T00:36:53.8925231+00:00 ContainerStream:       Executed DbCommand (2ms) [Parameters=[], CommandType='Text', CommandTimeout='30']
2026-08-08T00:36:53.8925348+00:00 ContainerStream:       SELECT 1
2026-08-08T00:36:53.8943867+00:00 ContainerStream: info: Microsoft.EntityFrameworkCore.Database.Command[20101]
2026-08-08T00:36:53.8944587+00:00 ContainerStream:       Executed DbCommand (2ms) [Parameters=[], CommandType='Text', CommandTimeout='30']
2026-08-08T00:36:53.8944670+00:00 ContainerStream:       SELECT OBJECT_ID(N'[__EFMigrationsHistory]');
2026-08-08T00:36:53.8978095+00:00 ContainerStream: info: Microsoft.EntityFrameworkCore.Database.Command[20101]
2026-08-08T00:36:53.8978450+00:00 ContainerStream:       Executed DbCommand (2ms) [Parameters=[], CommandType='Text', CommandTimeout='30']
2026-08-08T00:36:53.8978662+00:00 ContainerStream:       SELECT [MigrationId], [ProductVersion]
2026-08-08T00:36:53.8978713+00:00 ContainerStream:       FROM [__EFMigrationsHistory]
2026-08-08T00:36:53.8983706+00:00 ContainerStream:       ORDER BY [MigrationId];
2026-08-08T00:36:53.9003219+00:00 ContainerStream: info: Microsoft.EntityFrameworkCore.Database.Command[20101]
2026-08-08T00:36:53.9003596+00:00 ContainerStream:       Executed DbCommand (2ms) [Parameters=[], CommandType='Text', CommandTimeout='30']
2026-08-08T00:36:53.9003669+00:00 ContainerStream:       SELECT TOP(1) [b].[BankAccountNumber]
2026-08-08T00:36:53.9003816+00:00 ContainerStream:       FROM [Beneficiaries] AS [b]
2026-08-08T00:36:53.9003864+00:00 ContainerStream:       ORDER BY [b].[Id]
2026-08-08T00:37:00.3406873+00:00 ContainerStream: info: Microsoft.EntityFrameworkCore.Database.Command[20101]
2026-08-08T00:37:00.3407861+00:00 ContainerStream:       Executed DbCommand (2ms) [Parameters=[], CommandType='Text', CommandTimeout='30']
2026-08-08T00:37:00.3407968+00:00 ContainerStream:       SELECT 1
2026-08-08T00:37:00.3426328+00:00 ContainerStream: info: Microsoft.EntityFrameworkCore.Database.Command[20101]
2026-08-08T00:37:00.3426851+00:00 ContainerStream:       Executed DbCommand (2ms) [Parameters=[], CommandType='Text', CommandTimeout='30']
2026-08-08T00:37:00.3426979+00:00 ContainerStream:       SELECT OBJECT_ID(N'[__EFMigrationsHistory]');
2026-08-08T00:37:00.3458725+00:00 ContainerStream: info: Microsoft.EntityFrameworkCore.Database.Command[20101]
2026-08-08T00:37:00.3459071+00:00 ContainerStream:       Executed DbCommand (2ms) [Parameters=[], CommandType='Text', CommandTimeout='30']
2026-08-08T00:37:00.3459134+00:00 ContainerStream:       SELECT [MigrationId], [ProductVersion]
2026-08-08T00:37:00.3464905+00:00 ContainerStream:       FROM [__EFMigrationsHistory]
2026-08-08T00:37:00.3465235+00:00 ContainerStream:       ORDER BY [MigrationId];
2026-08-08T00:37:00.3480378+00:00 ContainerStream: info: Microsoft.EntityFrameworkCore.Database.Command[20101]
2026-08-08T00:37:00.3480659+00:00 ContainerStream:       Executed DbCommand (2ms) [Parameters=[], CommandType='Text', CommandTimeout='30']
2026-08-08T00:37:00.3480774+00:00 ContainerStream:       SELECT TOP(1) [b].[BankAccountNumber]
2026-08-08T00:37:00.3480815+00:00 ContainerStream:       FROM [Beneficiaries] AS [b]
2026-08-08T00:37:00.3480850+00:00 ContainerStream:       ORDER BY [b].[Id]
2026-08-08T00:37:00.5892590+00:00 ContainerStream: info: Microsoft.EntityFrameworkCore.Database.Command[20101]
2026-08-08T00:37:00.5893346+00:00 ContainerStream:       Executed DbCommand (5ms) [Parameters=[], CommandType='Text', CommandTimeout='30']
2026-08-08T00:37:00.5893518+00:00 ContainerStream:       SELECT 1
2026-08-08T00:37:00.5923101+00:00 ContainerStream: info: Microsoft.EntityFrameworkCore.Database.Command[20101]
2026-08-08T00:37:00.5923673+00:00 ContainerStream:       Executed DbCommand (2ms) [Parameters=[], CommandType='Text', CommandTimeout='30']
2026-08-08T00:37:00.5923761+00:00 ContainerStream:       SELECT OBJECT_ID(N'[__EFMigrationsHistory]');
2026-08-08T00:37:00.5955365+00:00 ContainerStream: info: Microsoft.EntityFrameworkCore.Database.Command[20101]
2026-08-08T00:37:00.5955792+00:00 ContainerStream:       Executed DbCommand (2ms) [Parameters=[], CommandType='Text', CommandTimeout='30']
2026-08-08T00:37:00.5955865+00:00 ContainerStream:       SELECT [MigrationId], [ProductVersion]
2026-08-08T00:37:00.5955907+00:00 ContainerStream:       FROM [__EFMigrationsHistory]
2026-08-08T00:37:00.5955949+00:00 ContainerStream:       ORDER BY [MigrationId];
2026-08-08T00:37:00.5980457+00:00 ContainerStream: info: Microsoft.EntityFrameworkCore.Database.Command[20101]
2026-08-08T00:37:00.5980828+00:00 ContainerStream:       Executed DbCommand (2ms) [Parameters=[], CommandType='Text', CommandTimeout='30']
2026-08-08T00:37:00.5980995+00:00 ContainerStream:       SELECT TOP(1) [b].[BankAccountNumber]
2026-08-08T00:37:00.5981041+00:00 ContainerStream:       FROM [Beneficiaries] AS [b]
2026-08-08T00:37:00.5981083+00:00 ContainerStream:       ORDER BY [b].[Id]
2026-08-08T00:37:01.8022492+00:00 ContainerStream: info: Microsoft.EntityFrameworkCore.Database.Command[20101]
2026-08-08T00:37:01.8023273+00:00 ContainerStream:       Executed DbCommand (2ms) [Parameters=[], CommandType='Text', CommandTimeout='30']
2026-08-08T00:37:01.8023394+00:00 ContainerStream:       SELECT 1
2026-08-08T00:37:01.8043157+00:00 ContainerStream: info: Microsoft.EntityFrameworkCore.Database.Command[20101]
2026-08-08T00:37:01.8043765+00:00 ContainerStream:       Executed DbCommand (2ms) [Parameters=[], CommandType='Text', CommandTimeout='30']
2026-08-08T00:37:01.8043847+00:00 ContainerStream:       SELECT OBJECT_ID(N'[__EFMigrationsHistory]');
2026-08-08T00:37:01.8080969+00:00 ContainerStream: info: Microsoft.EntityFrameworkCore.Database.Command[20101]
2026-08-08T00:37:01.8081524+00:00 ContainerStream:       Executed DbCommand (2ms) [Parameters=[], CommandType='Text', CommandTimeout='30']
2026-08-08T00:37:01.8081673+00:00 ContainerStream:       SELECT [MigrationId], [ProductVersion]
2026-08-08T00:37:01.8081718+00:00 ContainerStream:       FROM [__EFMigrationsHistory]
2026-08-08T00:37:01.8081757+00:00 ContainerStream:       ORDER BY [MigrationId];
2026-08-08T00:37:01.8117006+00:00 ContainerStream: info: Microsoft.EntityFrameworkCore.Database.Command[20101]
2026-08-08T00:37:01.8117441+00:00 ContainerStream:       Executed DbCommand (2ms) [Parameters=[], CommandType='Text', CommandTimeout='30']
2026-08-08T00:37:01.8117573+00:00 ContainerStream:       SELECT TOP(1) [b].[BankAccountNumber]
2026-08-08T00:37:01.8117623+00:00 ContainerStream:       FROM [Beneficiaries] AS [b]
2026-08-08T00:37:01.8117664+00:00 ContainerStream:       ORDER BY [b].[Id]
2026-08-08T00:37:02.4079393+00:00 ContainerStream: info: Microsoft.EntityFrameworkCore.Database.Command[20101]
2026-08-08T00:37:02.4080290+00:00 ContainerStream:       Executed DbCommand (2ms) [Parameters=[], CommandType='Text', CommandTimeout='30']
2026-08-08T00:37:02.4080405+00:00 ContainerStream:       SELECT 1
2026-08-08T00:37:02.4114070+00:00 ContainerStream: info: Microsoft.EntityFrameworkCore.Database.Command[20101]
2026-08-08T00:37:02.4114586+00:00 ContainerStream:       Executed DbCommand (2ms) [Parameters=[], CommandType='Text', CommandTimeout='30']
2026-08-08T00:37:02.4114689+00:00 ContainerStream:       SELECT OBJECT_ID(N'[__EFMigrationsHistory]');
2026-08-08T00:37:02.4135107+00:00 ContainerStream: info: Microsoft.EntityFrameworkCore.Database.Command[20101]
2026-08-08T00:37:02.4135534+00:00 ContainerStream:       Executed DbCommand (2ms) [Parameters=[], CommandType='Text', CommandTimeout='30']
2026-08-08T00:37:02.4135609+00:00 ContainerStream:       SELECT [MigrationId], [ProductVersion]
2026-08-08T00:37:02.4135646+00:00 ContainerStream:       FROM [__EFMigrationsHistory]
2026-08-08T00:37:02.4141882+00:00 ContainerStream:       ORDER BY [MigrationId];
2026-08-08T00:37:02.4158196+00:00 ContainerStream: info: Microsoft.EntityFrameworkCore.Database.Command[20101]
2026-08-08T00:37:02.4158484+00:00 ContainerStream:       Executed DbCommand (2ms) [Parameters=[], CommandType='Text', CommandTimeout='30']
2026-08-08T00:37:02.4158545+00:00 ContainerStream:       SELECT TOP(1) [b].[BankAccountNumber]
2026-08-08T00:37:02.4158582+00:00 ContainerStream:       FROM [Beneficiaries] AS [b]
2026-08-08T00:37:02.4158665+00:00 ContainerStream:       ORDER BY [b].[Id]
2026-08-08T00:37:02.7500496+00:00 ContainerStream: info: Microsoft.EntityFrameworkCore.Database.Command[20101]
2026-08-08T00:37:02.7501430+00:00 ContainerStream:       Executed DbCommand (2ms) [Parameters=[], CommandType='Text', CommandTimeout='30']
2026-08-08T00:37:02.7501576+00:00 ContainerStream:       SELECT 1
2026-08-08T00:37:02.7527295+00:00 ContainerStream: info: Microsoft.EntityFrameworkCore.Database.Command[20101]
2026-08-08T00:37:02.7527796+00:00 ContainerStream:       Executed DbCommand (2ms) [Parameters=[], CommandType='Text', CommandTimeout='30']
2026-08-08T00:37:02.7527896+00:00 ContainerStream:       SELECT OBJECT_ID(N'[__EFMigrationsHistory]');
2026-08-08T00:37:02.7562419+00:00 ContainerStream: info: Microsoft.EntityFrameworkCore.Database.Command[20101]
2026-08-08T00:37:02.7562766+00:00 ContainerStream:       Executed DbCommand (2ms) [Parameters=[], CommandType='Text', CommandTimeout='30']
2026-08-08T00:37:02.7562868+00:00 ContainerStream:       SELECT [MigrationId], [ProductVersion]
2026-08-08T00:37:02.7563030+00:00 ContainerStream:       FROM [__EFMigrationsHistory]
2026-08-08T00:37:02.7570750+00:00 ContainerStream:       ORDER BY [MigrationId];
2026-08-08T00:37:02.7588038+00:00 ContainerStream: info: Microsoft.EntityFrameworkCore.Database.Command[20101]
2026-08-08T00:37:02.7588373+00:00 ContainerStream:       Executed DbCommand (2ms) [Parameters=[], CommandType='Text', CommandTimeout='30']
2026-08-08T00:37:02.7588445+00:00 ContainerStream:       SELECT TOP(1) [b].[BankAccountNumber]
2026-08-08T00:37:02.7588483+00:00 ContainerStream:       FROM [Beneficiaries] AS [b]
2026-08-08T00:37:02.7588518+00:00 ContainerStream:       ORDER BY [b].[Id]
2026-08-08T00:37:05.3096375+00:00 ContainerStream: info: Microsoft.EntityFrameworkCore.Database.Command[20101]
2026-08-08T00:37:05.3097375+00:00 ContainerStream:       Executed DbCommand (2ms) [Parameters=[], CommandType='Text', CommandTimeout='30']
2026-08-08T00:37:05.3097487+00:00 ContainerStream:       SELECT 1
2026-08-08T00:37:05.3122732+00:00 ContainerStream: info: Microsoft.EntityFrameworkCore.Database.Command[20101]
2026-08-08T00:37:05.3123420+00:00 ContainerStream:       Executed DbCommand (2ms) [Parameters=[], CommandType='Text', CommandTimeout='30']
2026-08-08T00:37:05.3123571+00:00 ContainerStream:       SELECT OBJECT_ID(N'[__EFMigrationsHistory]');
2026-08-08T00:37:05.3166155+00:00 ContainerStream: info: Microsoft.EntityFrameworkCore.Database.Command[20101]
2026-08-08T00:37:05.3166615+00:00 ContainerStream:       Executed DbCommand (2ms) [Parameters=[], CommandType='Text', CommandTimeout='30']
2026-08-08T00:37:05.3166953+00:00 ContainerStream:       SELECT [MigrationId], [ProductVersion]
2026-08-08T00:37:05.3167045+00:00 ContainerStream:       FROM [__EFMigrationsHistory]
2026-08-08T00:37:05.3171864+00:00 ContainerStream:       ORDER BY [MigrationId];
2026-08-08T00:37:05.3189987+00:00 ContainerStream: info: Microsoft.EntityFrameworkCore.Database.Command[20101]
2026-08-08T00:37:05.3190301+00:00 ContainerStream:       Executed DbCommand (2ms) [Parameters=[], CommandType='Text', CommandTimeout='30']
2026-08-08T00:37:05.3190367+00:00 ContainerStream:       SELECT TOP(1) [b].[BankAccountNumber]
2026-08-08T00:37:05.3190449+00:00 ContainerStream:       FROM [Beneficiaries] AS [b]
2026-08-08T00:37:05.3190491+00:00 ContainerStream:       ORDER BY [b].[Id]
2026-08-08T00:37:06.0521953+00:00 ContainerStream: info: Microsoft.EntityFrameworkCore.Database.Command[20101]
2026-08-08T00:37:06.0522881+00:00 ContainerStream:       Executed DbCommand (2ms) [Parameters=[], CommandType='Text', CommandTimeout='30']
2026-08-08T00:37:06.0523018+00:00 ContainerStream:       SELECT 1
2026-08-08T00:37:06.0560582+00:00 ContainerStream: info: Microsoft.EntityFrameworkCore.Database.Command[20101]
2026-08-08T00:37:06.0561179+00:00 ContainerStream:       Executed DbCommand (2ms) [Parameters=[], CommandType='Text', CommandTimeout='30']
2026-08-08T00:37:06.0561265+00:00 ContainerStream:       SELECT OBJECT_ID(N'[__EFMigrationsHistory]');
2026-08-08T00:37:06.0581534+00:00 ContainerStream: info: Microsoft.EntityFrameworkCore.Database.Command[20101]
2026-08-08T00:37:06.0582020+00:00 ContainerStream:       Executed DbCommand (2ms) [Parameters=[], CommandType='Text', CommandTimeout='30']
2026-08-08T00:37:06.0582092+00:00 ContainerStream:       SELECT [MigrationId], [ProductVersion]
2026-08-08T00:37:06.0582135+00:00 ContainerStream:       FROM [__EFMigrationsHistory]
2026-08-08T00:37:06.0582171+00:00 ContainerStream:       ORDER BY [MigrationId];
2026-08-08T00:37:06.0605600+00:00 ContainerStream: info: Microsoft.EntityFrameworkCore.Database.Command[20101]
2026-08-08T00:37:06.0606028+00:00 ContainerStream:       Executed DbCommand (2ms) [Parameters=[], CommandType='Text', CommandTimeout='30']
2026-08-08T00:37:06.0614910+00:00 ContainerStream:       SELECT TOP(1) [b].[BankAccountNumber]
2026-08-08T00:37:06.0614970+00:00 ContainerStream:       FROM [Beneficiaries] AS [b]
2026-08-08T00:37:06.0615015+00:00 ContainerStream:       ORDER BY [b].[Id]
2026-08-08T00:37:10.5188740+00:00 ContainerStream: info: Microsoft.EntityFrameworkCore.Database.Command[20101]
2026-08-08T00:37:10.5189696+00:00 ContainerStream:       Executed DbCommand (2ms) [Parameters=[], CommandType='Text', CommandTimeout='30']
2026-08-08T00:37:10.5189798+00:00 ContainerStream:       SELECT 1
2026-08-08T00:37:10.5208871+00:00 ContainerStream: info: Microsoft.EntityFrameworkCore.Database.Command[20101]
2026-08-08T00:37:10.5209565+00:00 ContainerStream:       Executed DbCommand (2ms) [Parameters=[], CommandType='Text', CommandTimeout='30']
2026-08-08T00:37:10.5209695+00:00 ContainerStream:       SELECT OBJECT_ID(N'[__EFMigrationsHistory]');
2026-08-08T00:37:10.5248184+00:00 ContainerStream: info: Microsoft.EntityFrameworkCore.Database.Command[20101]
2026-08-08T00:37:10.5248598+00:00 ContainerStream:       Executed DbCommand (2ms) [Parameters=[], CommandType='Text', CommandTimeout='30']
2026-08-08T00:37:10.5248682+00:00 ContainerStream:       SELECT [MigrationId], [ProductVersion]
2026-08-08T00:37:10.5248771+00:00 ContainerStream:       FROM [__EFMigrationsHistory]
2026-08-08T00:37:10.5248818+00:00 ContainerStream:       ORDER BY [MigrationId];
2026-08-08T00:37:10.5266400+00:00 ContainerStream: info: Microsoft.EntityFrameworkCore.Database.Command[20101]
2026-08-08T00:37:10.5266692+00:00 ContainerStream:       Executed DbCommand (2ms) [Parameters=[], CommandType='Text', CommandTimeout='30']
2026-08-08T00:37:10.5266757+00:00 ContainerStream:       SELECT TOP(1) [b].[BankAccountNumber]
2026-08-08T00:37:10.5266835+00:00 ContainerStream:       FROM [Beneficiaries] AS [b]
2026-08-08T00:37:10.5266871+00:00 ContainerStream:       ORDER BY [b].[Id]
2026-08-08T00:37:11.0162128+00:00 ContainerStream: info: Microsoft.EntityFrameworkCore.Database.Command[20101]
2026-08-08T00:37:11.0162887+00:00 ContainerStream:       Executed DbCommand (2ms) [Parameters=[], CommandType='Text', CommandTimeout='30']
2026-08-08T00:37:11.0163080+00:00 ContainerStream:       SELECT 1
2026-08-08T00:37:11.0186554+00:00 ContainerStream: info: Microsoft.EntityFrameworkCore.Database.Command[20101]
2026-08-08T00:37:11.0187026+00:00 ContainerStream:       Executed DbCommand (2ms) [Parameters=[], CommandType='Text', CommandTimeout='30']
2026-08-08T00:37:11.0187107+00:00 ContainerStream:       SELECT OBJECT_ID(N'[__EFMigrationsHistory]');
2026-08-08T00:37:11.0223093+00:00 ContainerStream: info: Microsoft.EntityFrameworkCore.Database.Command[20101]
2026-08-08T00:37:11.0223887+00:00 ContainerStream:       Executed DbCommand (2ms) [Parameters=[], CommandType='Text', CommandTimeout='30']
2026-08-08T00:37:11.0224008+00:00 ContainerStream:       SELECT [MigrationId], [ProductVersion]
2026-08-08T00:37:11.0224056+00:00 ContainerStream:       FROM [__EFMigrationsHistory]
2026-08-08T00:37:11.0224101+00:00 ContainerStream:       ORDER BY [MigrationId];
2026-08-08T00:37:11.0250291+00:00 ContainerStream: info: Microsoft.EntityFrameworkCore.Database.Command[20101]
2026-08-08T00:37:11.0250657+00:00 ContainerStream:       Executed DbCommand (2ms) [Parameters=[], CommandType='Text', CommandTimeout='30']
2026-08-08T00:37:11.0250732+00:00 ContainerStream:       SELECT TOP(1) [b].[BankAccountNumber]
2026-08-08T00:37:11.0250776+00:00 ContainerStream:       FROM [Beneficiaries] AS [b]
2026-08-08T00:37:11.0250819+00:00 ContainerStream:       ORDER BY [b].[Id]
2026-08-08T00:37:16.6883358+00:00 ContainerStream: info: Microsoft.EntityFrameworkCore.Database.Command[20101]
2026-08-08T00:37:16.6884156+00:00 ContainerStream:       Executed DbCommand (3ms) [Parameters=[], CommandType='Text', CommandTimeout='30']
2026-08-08T00:37:16.6884300+00:00 ContainerStream:       SELECT 1
2026-08-08T00:37:16.6907581+00:00 ContainerStream: info: Microsoft.EntityFrameworkCore.Database.Command[20101]
2026-08-08T00:37:16.6908120+00:00 ContainerStream:       Executed DbCommand (2ms) [Parameters=[], CommandType='Text', CommandTimeout='30']
2026-08-08T00:37:16.6908233+00:00 ContainerStream:       SELECT OBJECT_ID(N'[__EFMigrationsHistory]');
2026-08-08T00:37:16.6945026+00:00 ContainerStream: info: Microsoft.EntityFrameworkCore.Database.Command[20101]
2026-08-08T00:37:16.6945334+00:00 ContainerStream:       Executed DbCommand (2ms) [Parameters=[], CommandType='Text', CommandTimeout='30']
2026-08-08T00:37:16.6945444+00:00 ContainerStream:       SELECT [MigrationId], [ProductVersion]
2026-08-08T00:37:16.6945491+00:00 ContainerStream:       FROM [__EFMigrationsHistory]
2026-08-08T00:37:16.6951124+00:00 ContainerStream:       ORDER BY [MigrationId];
2026-08-08T00:37:16.6971616+00:00 ContainerStream: info: Microsoft.EntityFrameworkCore.Database.Command[20101]
2026-08-08T00:37:16.6971943+00:00 ContainerStream:       Executed DbCommand (2ms) [Parameters=[], CommandType='Text', CommandTimeout='30']
2026-08-08T00:37:16.6972006+00:00 ContainerStream:       SELECT TOP(1) [b].[BankAccountNumber]
2026-08-08T00:37:16.6972047+00:00 ContainerStream:       FROM [Beneficiaries] AS [b]
2026-08-08T00:37:16.6972087+00:00 ContainerStream:       ORDER BY [b].[Id]
2026-08-08T00:37:20.9780463+00:00 ContainerStream: info: Microsoft.EntityFrameworkCore.Database.Command[20101]
2026-08-08T00:37:20.9781547+00:00 ContainerStream:       Executed DbCommand (6ms) [Parameters=[], CommandType='Text', CommandTimeout='30']
2026-08-08T00:37:20.9781682+00:00 ContainerStream:       SELECT 1
2026-08-08T00:37:20.9802879+00:00 ContainerStream: info: Microsoft.EntityFrameworkCore.Database.Command[20101]
2026-08-08T00:37:20.9803368+00:00 ContainerStream:       Executed DbCommand (2ms) [Parameters=[], CommandType='Text', CommandTimeout='30']
2026-08-08T00:37:20.9803508+00:00 ContainerStream:       SELECT OBJECT_ID(N'[__EFMigrationsHistory]');
2026-08-08T00:37:20.9840095+00:00 ContainerStream: info: Microsoft.EntityFrameworkCore.Database.Command[20101]
2026-08-08T00:37:20.9840508+00:00 ContainerStream:       Executed DbCommand (2ms) [Parameters=[], CommandType='Text', CommandTimeout='30']
2026-08-08T00:37:20.9841860+00:00 ContainerStream:       SELECT [MigrationId], [ProductVersion]
2026-08-08T00:37:20.9841921+00:00 ContainerStream:       FROM [__EFMigrationsHistory]
2026-08-08T00:37:20.9842126+00:00 ContainerStream:       ORDER BY [MigrationId];
2026-08-08T00:37:20.9870998+00:00 ContainerStream: info: Microsoft.EntityFrameworkCore.Database.Command[20101]
2026-08-08T00:37:20.9871318+00:00 ContainerStream:       Executed DbCommand (2ms) [Parameters=[], CommandType='Text', CommandTimeout='30']
2026-08-08T00:37:20.9871384+00:00 ContainerStream:       SELECT TOP(1) [b].[BankAccountNumber]
2026-08-08T00:37:20.9871469+00:00 ContainerStream:       FROM [Beneficiaries] AS [b]
2026-08-08T00:37:20.9871508+00:00 ContainerStream:       ORDER BY [b].[Id]
2026-08-08T00:37:26.8552911+00:00 ContainerStream: info: Microsoft.EntityFrameworkCore.Database.Command[20101]
2026-08-08T00:37:26.8553720+00:00 ContainerStream:       Executed DbCommand (3ms) [Parameters=[], CommandType='Text', CommandTimeout='30']
2026-08-08T00:37:26.8553823+00:00 ContainerStream:       SELECT 1
2026-08-08T00:37:26.8592553+00:00 ContainerStream: info: Microsoft.EntityFrameworkCore.Database.Command[20101]
2026-08-08T00:37:26.8593128+00:00 ContainerStream:       Executed DbCommand (2ms) [Parameters=[], CommandType='Text', CommandTimeout='30']
2026-08-08T00:37:26.8594490+00:00 ContainerStream:       SELECT OBJECT_ID(N'[__EFMigrationsHistory]');
2026-08-08T00:37:26.8612707+00:00 ContainerStream: info: Microsoft.EntityFrameworkCore.Database.Command[20101]
2026-08-08T00:37:26.8613066+00:00 ContainerStream:       Executed DbCommand (2ms) [Parameters=[], CommandType='Text', CommandTimeout='30']
2026-08-08T00:37:26.8613179+00:00 ContainerStream:       SELECT [MigrationId], [ProductVersion]
2026-08-08T00:37:26.8613225+00:00 ContainerStream:       FROM [__EFMigrationsHistory]
2026-08-08T00:37:26.8613270+00:00 ContainerStream:       ORDER BY [MigrationId];
2026-08-08T00:37:26.8629942+00:00 ContainerStream: info: Microsoft.EntityFrameworkCore.Database.Command[20101]
2026-08-08T00:37:26.8630274+00:00 ContainerStream:       Executed DbCommand (2ms) [Parameters=[], CommandType='Text', CommandTimeout='30']
2026-08-08T00:37:26.8630346+00:00 ContainerStream:       SELECT TOP(1) [b].[BankAccountNumber]
2026-08-08T00:37:26.8630389+00:00 ContainerStream:       FROM [Beneficiaries] AS [b]
2026-08-08T00:37:26.8630431+00:00 ContainerStream:       ORDER BY [b].[Id]
2026-08-08T00:37:29.5025749+00:00 ContainerStream: info: Microsoft.EntityFrameworkCore.Database.Command[20101]
2026-08-08T00:37:29.5026702+00:00 ContainerStream:       Executed DbCommand (2ms) [Parameters=[], CommandType='Text', CommandTimeout='30']
2026-08-08T00:37:29.5026806+00:00 ContainerStream:       SELECT 1
2026-08-08T00:37:29.5060332+00:00 ContainerStream: info: Microsoft.EntityFrameworkCore.Database.Command[20101]
2026-08-08T00:37:29.5061050+00:00 ContainerStream:       Executed DbCommand (2ms) [Parameters=[], CommandType='Text', CommandTimeout='30']
2026-08-08T00:37:29.5061167+00:00 ContainerStream:       SELECT OBJECT_ID(N'[__EFMigrationsHistory]');
2026-08-08T00:37:29.5082786+00:00 ContainerStream: info: Microsoft.EntityFrameworkCore.Database.Command[20101]
2026-08-08T00:37:29.5083265+00:00 ContainerStream:       Executed DbCommand (2ms) [Parameters=[], CommandType='Text', CommandTimeout='30']
2026-08-08T00:37:29.5083351+00:00 ContainerStream:       SELECT [MigrationId], [ProductVersion]
2026-08-08T00:37:29.5083437+00:00 ContainerStream:       FROM [__EFMigrationsHistory]
2026-08-08T00:37:29.5083477+00:00 ContainerStream:       ORDER BY [MigrationId];
2026-08-08T00:37:29.5099953+00:00 ContainerStream: info: Microsoft.EntityFrameworkCore.Database.Command[20101]
2026-08-08T00:37:29.5100275+00:00 ContainerStream:       Executed DbCommand (2ms) [Parameters=[], CommandType='Text', CommandTimeout='30']
2026-08-08T00:37:29.5100349+00:00 ContainerStream:       SELECT TOP(1) [b].[BankAccountNumber]
2026-08-08T00:37:29.5100441+00:00 ContainerStream:       FROM [Beneficiaries] AS [b]
2026-08-08T00:37:29.5100480+00:00 ContainerStream:       ORDER BY [b].[Id]
2026-08-08T00:37:37.4433057+00:00 ContainerStream: info: Microsoft.EntityFrameworkCore.Database.Command[20101]
2026-08-08T00:37:37.4433909+00:00 ContainerStream:       Executed DbCommand (2ms) [Parameters=[], CommandType='Text', CommandTimeout='30']
2026-08-08T00:37:37.4434054+00:00 ContainerStream:       SELECT 1
2026-08-08T00:37:37.4457884+00:00 ContainerStream: info: Microsoft.EntityFrameworkCore.Database.Command[20101]
2026-08-08T00:37:37.4460075+00:00 ContainerStream:       Executed DbCommand (2ms) [Parameters=[], CommandType='Text', CommandTimeout='30']
2026-08-08T00:37:37.4460220+00:00 ContainerStream:       SELECT OBJECT_ID(N'[__EFMigrationsHistory]');
2026-08-08T00:37:37.4493917+00:00 ContainerStream: info: Microsoft.EntityFrameworkCore.Database.Command[20101]
2026-08-08T00:37:37.4495010+00:00 ContainerStream:       Executed DbCommand (2ms) [Parameters=[], CommandType='Text', CommandTimeout='30']
2026-08-08T00:37:37.4495132+00:00 ContainerStream:       SELECT [MigrationId], [ProductVersion]
2026-08-08T00:37:37.4495174+00:00 ContainerStream:       FROM [__EFMigrationsHistory]
2026-08-08T00:37:37.4497322+00:00 ContainerStream:       ORDER BY [MigrationId];
2026-08-08T00:37:37.4524222+00:00 ContainerStream: info: Microsoft.EntityFrameworkCore.Database.Command[20101]
2026-08-08T00:37:37.4524597+00:00 ContainerStream:       Executed DbCommand (2ms) [Parameters=[], CommandType='Text', CommandTimeout='30']
2026-08-08T00:37:37.4524675+00:00 ContainerStream:       SELECT TOP(1) [b].[BankAccountNumber]
2026-08-08T00:37:37.4524716+00:00 ContainerStream:       FROM [Beneficiaries] AS [b]
2026-08-08T00:37:37.4524756+00:00 ContainerStream:       ORDER BY [b].[Id]
2026-08-08T00:37:37.7848336+00:00 ContainerStream: info: Microsoft.EntityFrameworkCore.Database.Command[20101]
2026-08-08T00:37:37.7849237+00:00 ContainerStream:       Executed DbCommand (2ms) [Parameters=[], CommandType='Text', CommandTimeout='30']
2026-08-08T00:37:37.7849377+00:00 ContainerStream:       SELECT 1
2026-08-08T00:37:37.7868951+00:00 ContainerStream: info: Microsoft.EntityFrameworkCore.Database.Command[20101]
2026-08-08T00:37:37.7871260+00:00 ContainerStream:       Executed DbCommand (2ms) [Parameters=[], CommandType='Text', CommandTimeout='30']
2026-08-08T00:37:37.7871448+00:00 ContainerStream:       SELECT OBJECT_ID(N'[__EFMigrationsHistory]');
2026-08-08T00:37:37.7903342+00:00 ContainerStream: info: Microsoft.EntityFrameworkCore.Database.Command[20101]
2026-08-08T00:37:37.7903680+00:00 ContainerStream:       Executed DbCommand (2ms) [Parameters=[], CommandType='Text', CommandTimeout='30']
2026-08-08T00:37:37.7903858+00:00 ContainerStream:       SELECT [MigrationId], [ProductVersion]
2026-08-08T00:37:37.7903956+00:00 ContainerStream:       FROM [__EFMigrationsHistory]
2026-08-08T00:37:37.7903996+00:00 ContainerStream:       ORDER BY [MigrationId];
2026-08-08T00:37:37.7931203+00:00 ContainerStream: info: Microsoft.EntityFrameworkCore.Database.Command[20101]
2026-08-08T00:37:37.7931521+00:00 ContainerStream:       Executed DbCommand (2ms) [Parameters=[], CommandType='Text', CommandTimeout='30']
2026-08-08T00:37:37.7931627+00:00 ContainerStream:       SELECT TOP(1) [b].[BankAccountNumber]
2026-08-08T00:37:37.7931675+00:00 ContainerStream:       FROM [Beneficiaries] AS [b]
2026-08-08T00:37:37.7931717+00:00 ContainerStream:       ORDER BY [b].[Id]
2026-08-08T00:37:41.7339424+00:00 ContainerStream: info: Microsoft.EntityFrameworkCore.Database.Command[20101]
2026-08-08T00:37:41.7340290+00:00 ContainerStream:       Executed DbCommand (2ms) [Parameters=[], CommandType='Text', CommandTimeout='30']
2026-08-08T00:37:41.7340464+00:00 ContainerStream:       SELECT 1
2026-08-08T00:37:41.7367532+00:00 ContainerStream: info: Microsoft.EntityFrameworkCore.Database.Command[20101]
2026-08-08T00:37:41.7367961+00:00 ContainerStream:       Executed DbCommand (2ms) [Parameters=[], CommandType='Text', CommandTimeout='30']
2026-08-08T00:37:41.7368043+00:00 ContainerStream:       SELECT OBJECT_ID(N'[__EFMigrationsHistory]');
2026-08-08T00:37:41.7404881+00:00 ContainerStream: info: Microsoft.EntityFrameworkCore.Database.Command[20101]
2026-08-08T00:37:41.7405175+00:00 ContainerStream:       Executed DbCommand (2ms) [Parameters=[], CommandType='Text', CommandTimeout='30']
2026-08-08T00:37:41.7405240+00:00 ContainerStream:       SELECT [MigrationId], [ProductVersion]
2026-08-08T00:37:41.7405280+00:00 ContainerStream:       FROM [__EFMigrationsHistory]
2026-08-08T00:37:41.7405318+00:00 ContainerStream:       ORDER BY [MigrationId];
2026-08-08T00:37:41.7427329+00:00 ContainerStream: info: Microsoft.EntityFrameworkCore.Database.Command[20101]
2026-08-08T00:37:41.7427615+00:00 ContainerStream:       Executed DbCommand (2ms) [Parameters=[], CommandType='Text', CommandTimeout='30']
2026-08-08T00:37:41.7427677+00:00 ContainerStream:       SELECT TOP(1) [b].[BankAccountNumber]
2026-08-08T00:37:41.7427714+00:00 ContainerStream:       FROM [Beneficiaries] AS [b]
2026-08-08T00:37:41.7427751+00:00 ContainerStream:       ORDER BY [b].[Id]
2026-08-08T00:37:42.9416283+00:00 ContainerStream: info: Microsoft.EntityFrameworkCore.Database.Command[20101]
2026-08-08T00:37:42.9417140+00:00 ContainerStream:       Executed DbCommand (2ms) [Parameters=[], CommandType='Text', CommandTimeout='30']
2026-08-08T00:37:42.9417258+00:00 ContainerStream:       SELECT 1
2026-08-08T00:37:42.9438062+00:00 ContainerStream: info: Microsoft.EntityFrameworkCore.Database.Command[20101]
2026-08-08T00:37:42.9438801+00:00 ContainerStream:       Executed DbCommand (2ms) [Parameters=[], CommandType='Text', CommandTimeout='30']
2026-08-08T00:37:42.9438906+00:00 ContainerStream:       SELECT OBJECT_ID(N'[__EFMigrationsHistory]');
2026-08-08T00:37:42.9474103+00:00 ContainerStream: info: Microsoft.EntityFrameworkCore.Database.Command[20101]
2026-08-08T00:37:42.9474478+00:00 ContainerStream:       Executed DbCommand (2ms) [Parameters=[], CommandType='Text', CommandTimeout='30']
2026-08-08T00:37:42.9474717+00:00 ContainerStream:       SELECT [MigrationId], [ProductVersion]
2026-08-08T00:37:42.9474767+00:00 ContainerStream:       FROM [__EFMigrationsHistory]
2026-08-08T00:37:42.9474807+00:00 ContainerStream:       ORDER BY [MigrationId];
2026-08-08T00:37:42.9503016+00:00 ContainerStream: info: Microsoft.EntityFrameworkCore.Database.Command[20101]
2026-08-08T00:37:42.9503394+00:00 ContainerStream:       Executed DbCommand (2ms) [Parameters=[], CommandType='Text', CommandTimeout='30']
2026-08-08T00:37:42.9503515+00:00 ContainerStream:       SELECT TOP(1) [b].[BankAccountNumber]
2026-08-08T00:37:42.9503560+00:00 ContainerStream:       FROM [Beneficiaries] AS [b]
2026-08-08T00:37:42.9503597+00:00 ContainerStream:       ORDER BY [b].[Id]
2026-08-08T00:37:44.4712117+00:00 ContainerStream: info: Microsoft.EntityFrameworkCore.Database.Command[20101]
2026-08-08T00:37:44.4712909+00:00 ContainerStream:       Executed DbCommand (2ms) [Parameters=[], CommandType='Text', CommandTimeout='30']
2026-08-08T00:37:44.4713017+00:00 ContainerStream:       SELECT 1
2026-08-08T00:37:44.4734809+00:00 ContainerStream: info: Microsoft.EntityFrameworkCore.Database.Command[20101]
2026-08-08T00:37:44.4735201+00:00 ContainerStream:       Executed DbCommand (2ms) [Parameters=[], CommandType='Text', CommandTimeout='30']
2026-08-08T00:37:44.4735279+00:00 ContainerStream:       SELECT OBJECT_ID(N'[__EFMigrationsHistory]');
2026-08-08T00:37:44.4772162+00:00 ContainerStream: info: Microsoft.EntityFrameworkCore.Database.Command[20101]
2026-08-08T00:37:44.4772488+00:00 ContainerStream:       Executed DbCommand (2ms) [Parameters=[], CommandType='Text', CommandTimeout='30']
2026-08-08T00:37:44.4772574+00:00 ContainerStream:       SELECT [MigrationId], [ProductVersion]
2026-08-08T00:37:44.4772620+00:00 ContainerStream:       FROM [__EFMigrationsHistory]
2026-08-08T00:37:44.4772708+00:00 ContainerStream:       ORDER BY [MigrationId];
2026-08-08T00:37:44.4790288+00:00 ContainerStream: info: Microsoft.EntityFrameworkCore.Database.Command[20101]
2026-08-08T00:37:44.4790596+00:00 ContainerStream:       Executed DbCommand (2ms) [Parameters=[], CommandType='Text', CommandTimeout='30']
2026-08-08T00:37:44.4790664+00:00 ContainerStream:       SELECT TOP(1) [b].[BankAccountNumber]
2026-08-08T00:37:44.4790705+00:00 ContainerStream:       FROM [Beneficiaries] AS [b]
2026-08-08T00:37:44.4790794+00:00 ContainerStream:       ORDER BY [b].[Id]
2026-08-08T00:37:48.2636558+00:00 ContainerStream: info: Microsoft.EntityFrameworkCore.Database.Command[20101]
2026-08-08T00:37:48.2637692+00:00 ContainerStream:       Executed DbCommand (2ms) [Parameters=[], CommandType='Text', CommandTimeout='30']
2026-08-08T00:37:48.2637790+00:00 ContainerStream:       SELECT 1
2026-08-08T00:37:48.2655977+00:00 ContainerStream: info: Microsoft.EntityFrameworkCore.Database.Command[20101]
2026-08-08T00:37:48.2656446+00:00 ContainerStream:       Executed DbCommand (2ms) [Parameters=[], CommandType='Text', CommandTimeout='30']
2026-08-08T00:37:48.2656536+00:00 ContainerStream:       SELECT OBJECT_ID(N'[__EFMigrationsHistory]');
2026-08-08T00:37:48.2694276+00:00 ContainerStream: info: Microsoft.EntityFrameworkCore.Database.Command[20101]
2026-08-08T00:37:48.2694639+00:00 ContainerStream:       Executed DbCommand (2ms) [Parameters=[], CommandType='Text', CommandTimeout='30']
2026-08-08T00:37:48.2694759+00:00 ContainerStream:       SELECT [MigrationId], [ProductVersion]
2026-08-08T00:37:48.2694809+00:00 ContainerStream:       FROM [__EFMigrationsHistory]
2026-08-08T00:37:48.2694855+00:00 ContainerStream:       ORDER BY [MigrationId];
2026-08-08T00:37:48.2711923+00:00 ContainerStream: info: Microsoft.EntityFrameworkCore.Database.Command[20101]
2026-08-08T00:37:48.2712242+00:00 ContainerStream:       Executed DbCommand (2ms) [Parameters=[], CommandType='Text', CommandTimeout='30']
2026-08-08T00:37:48.2712348+00:00 ContainerStream:       SELECT TOP(1) [b].[BankAccountNumber]
2026-08-08T00:37:48.2712385+00:00 ContainerStream:       FROM [Beneficiaries] AS [b]
2026-08-08T00:37:48.2712422+00:00 ContainerStream:       ORDER BY [b].[Id]
2026-08-08T00:37:49.2088183+00:00 ContainerStream: info: Microsoft.EntityFrameworkCore.Database.Command[20101]
2026-08-08T00:37:49.2089305+00:00 ContainerStream:       Executed DbCommand (6ms) [Parameters=[], CommandType='Text', CommandTimeout='30']
2026-08-08T00:37:49.2089431+00:00 ContainerStream:       SELECT 1
2026-08-08T00:37:49.2148869+00:00 ContainerStream: info: Microsoft.EntityFrameworkCore.Database.Command[20101]
2026-08-08T00:37:49.2149420+00:00 ContainerStream:       Executed DbCommand (6ms) [Parameters=[], CommandType='Text', CommandTimeout='30']
2026-08-08T00:37:49.2149526+00:00 ContainerStream:       SELECT OBJECT_ID(N'[__EFMigrationsHistory]');
2026-08-08T00:37:49.2229638+00:00 ContainerStream: info: Microsoft.EntityFrameworkCore.Database.Command[20101]
2026-08-08T00:37:49.2230149+00:00 ContainerStream:       Executed DbCommand (6ms) [Parameters=[], CommandType='Text', CommandTimeout='30']
2026-08-08T00:37:49.2230251+00:00 ContainerStream:       SELECT [MigrationId], [ProductVersion]
2026-08-08T00:37:49.2230293+00:00 ContainerStream:       FROM [__EFMigrationsHistory]
2026-08-08T00:37:49.2230382+00:00 ContainerStream:       ORDER BY [MigrationId];
2026-08-08T00:37:49.2251507+00:00 ContainerStream: info: Microsoft.EntityFrameworkCore.Database.Command[20101]
2026-08-08T00:37:49.2252139+00:00 ContainerStream:       Executed DbCommand (2ms) [Parameters=[], CommandType='Text', CommandTimeout='30']
2026-08-08T00:37:49.2252216+00:00 ContainerStream:       SELECT TOP(1) [b].[BankAccountNumber]
2026-08-08T00:37:49.2252254+00:00 ContainerStream:       FROM [Beneficiaries] AS [b]
2026-08-08T00:37:49.2252337+00:00 ContainerStream:       ORDER BY [b].[Id]
2026-08-08T00:37:49.8608433+00:00 ContainerStream: info: Microsoft.EntityFrameworkCore.Database.Command[20101]
2026-08-08T00:37:49.8609308+00:00 ContainerStream:       Executed DbCommand (3ms) [Parameters=[], CommandType='Text', CommandTimeout='30']
2026-08-08T00:37:49.8609429+00:00 ContainerStream:       SELECT 1
2026-08-08T00:37:49.8631515+00:00 ContainerStream: info: Microsoft.EntityFrameworkCore.Database.Command[20101]
2026-08-08T00:37:49.8632181+00:00 ContainerStream:       Executed DbCommand (2ms) [Parameters=[], CommandType='Text', CommandTimeout='30']
2026-08-08T00:37:49.8632291+00:00 ContainerStream:       SELECT OBJECT_ID(N'[__EFMigrationsHistory]');
2026-08-08T00:37:49.8678827+00:00 ContainerStream: info: Microsoft.EntityFrameworkCore.Database.Command[20101]
2026-08-08T00:37:49.8679287+00:00 ContainerStream:       Executed DbCommand (2ms) [Parameters=[], CommandType='Text', CommandTimeout='30']
2026-08-08T00:37:49.8680882+00:00 ContainerStream:       SELECT [MigrationId], [ProductVersion]
2026-08-08T00:37:49.8681006+00:00 ContainerStream:       FROM [__EFMigrationsHistory]
2026-08-08T00:37:49.8681228+00:00 ContainerStream:       ORDER BY [MigrationId];
2026-08-08T00:37:49.8706101+00:00 ContainerStream: info: Microsoft.EntityFrameworkCore.Database.Command[20101]
2026-08-08T00:37:49.8706681+00:00 ContainerStream:       Executed DbCommand (2ms) [Parameters=[], CommandType='Text', CommandTimeout='30']
2026-08-08T00:37:49.8706779+00:00 ContainerStream:       SELECT TOP(1) [b].[BankAccountNumber]
2026-08-08T00:37:49.8706836+00:00 ContainerStream:       FROM [Beneficiaries] AS [b]
2026-08-08T00:37:49.8706885+00:00 ContainerStream:       ORDER BY [b].[Id]
2026-08-08T00:37:49.9993221+00:00 ContainerStream: info: Microsoft.EntityFrameworkCore.Database.Command[20101]
2026-08-08T00:37:49.9993984+00:00 ContainerStream:       Executed DbCommand (3ms) [Parameters=[], CommandType='Text', CommandTimeout='30']
2026-08-08T00:37:49.9994086+00:00 ContainerStream:       SELECT 1
2026-08-08T00:37:50.0013343+00:00 ContainerStream: info: Microsoft.EntityFrameworkCore.Database.Command[20101]
2026-08-08T00:37:50.0013905+00:00 ContainerStream:       Executed DbCommand (2ms) [Parameters=[], CommandType='Text', CommandTimeout='30']
2026-08-08T00:37:50.0014035+00:00 ContainerStream:       SELECT OBJECT_ID(N'[__EFMigrationsHistory]');
2026-08-08T00:37:50.0047521+00:00 ContainerStream: info: Microsoft.EntityFrameworkCore.Database.Command[20101]
2026-08-08T00:37:50.0047869+00:00 ContainerStream:       Executed DbCommand (2ms) [Parameters=[], CommandType='Text', CommandTimeout='30']
2026-08-08T00:37:50.0047938+00:00 ContainerStream:       SELECT [MigrationId], [ProductVersion]
2026-08-08T00:37:50.0047980+00:00 ContainerStream:       FROM [__EFMigrationsHistory]
2026-08-08T00:37:50.0054444+00:00 ContainerStream:       ORDER BY [MigrationId];
2026-08-08T00:37:50.0070788+00:00 ContainerStream: info: Microsoft.EntityFrameworkCore.Database.Command[20101]
2026-08-08T00:37:50.0071058+00:00 ContainerStream:       Executed DbCommand (2ms) [Parameters=[], CommandType='Text', CommandTimeout='30']
2026-08-08T00:37:50.0071123+00:00 ContainerStream:       SELECT TOP(1) [b].[BankAccountNumber]
2026-08-08T00:37:50.0071203+00:00 ContainerStream:       FROM [Beneficiaries] AS [b]
2026-08-08T00:37:50.0071242+00:00 ContainerStream:       ORDER BY [b].[Id]
2026-08-08T00:37:54.4224466+00:00 ContainerStream: info: Microsoft.EntityFrameworkCore.Database.Command[20101]
2026-08-08T00:37:54.4225325+00:00 ContainerStream:       Executed DbCommand (3ms) [Parameters=[], CommandType='Text', CommandTimeout='30']
2026-08-08T00:37:54.4225555+00:00 ContainerStream:       SELECT 1
2026-08-08T00:37:54.4244507+00:00 ContainerStream: info: Microsoft.EntityFrameworkCore.Database.Command[20101]
2026-08-08T00:37:54.4245100+00:00 ContainerStream:       Executed DbCommand (2ms) [Parameters=[], CommandType='Text', CommandTimeout='30']
2026-08-08T00:37:54.4245200+00:00 ContainerStream:       SELECT OBJECT_ID(N'[__EFMigrationsHistory]');
2026-08-08T00:37:54.4279011+00:00 ContainerStream: info: Microsoft.EntityFrameworkCore.Database.Command[20101]
2026-08-08T00:37:54.4279457+00:00 ContainerStream:       Executed DbCommand (2ms) [Parameters=[], CommandType='Text', CommandTimeout='30']
2026-08-08T00:37:54.4279542+00:00 ContainerStream:       SELECT [MigrationId], [ProductVersion]
2026-08-08T00:37:54.4279584+00:00 ContainerStream:       FROM [__EFMigrationsHistory]
2026-08-08T00:37:54.4279623+00:00 ContainerStream:       ORDER BY [MigrationId];
2026-08-08T00:37:54.4307488+00:00 ContainerStream: info: Microsoft.EntityFrameworkCore.Database.Command[20101]
2026-08-08T00:37:54.4307868+00:00 ContainerStream:       Executed DbCommand (2ms) [Parameters=[], CommandType='Text', CommandTimeout='30']
2026-08-08T00:37:54.4307941+00:00 ContainerStream:       SELECT TOP(1) [b].[BankAccountNumber]
2026-08-08T00:37:54.4307979+00:00 ContainerStream:       FROM [Beneficiaries] AS [b]
2026-08-08T00:37:54.4308074+00:00 ContainerStream:       ORDER BY [b].[Id]
2026-08-08T00:37:55.3250548+00:00 ContainerStream: info: Microsoft.EntityFrameworkCore.Database.Command[20101]
2026-08-08T00:37:55.3251314+00:00 ContainerStream:       Executed DbCommand (2ms) [Parameters=[], CommandType='Text', CommandTimeout='30']
2026-08-08T00:37:55.3251459+00:00 ContainerStream:       SELECT 1
2026-08-08T00:37:55.3270560+00:00 ContainerStream: info: Microsoft.EntityFrameworkCore.Database.Command[20101]
2026-08-08T00:37:55.3273404+00:00 ContainerStream:       Executed DbCommand (2ms) [Parameters=[], CommandType='Text', CommandTimeout='30']
2026-08-08T00:37:55.3273556+00:00 ContainerStream:       SELECT OBJECT_ID(N'[__EFMigrationsHistory]');
2026-08-08T00:37:55.3308090+00:00 ContainerStream: info: Microsoft.EntityFrameworkCore.Database.Command[20101]
2026-08-08T00:37:55.3308388+00:00 ContainerStream:       Executed DbCommand (2ms) [Parameters=[], CommandType='Text', CommandTimeout='30']
2026-08-08T00:37:55.3308506+00:00 ContainerStream:       SELECT [MigrationId], [ProductVersion]
2026-08-08T00:37:55.3308552+00:00 ContainerStream:       FROM [__EFMigrationsHistory]
2026-08-08T00:37:55.3317147+00:00 ContainerStream:       ORDER BY [MigrationId];
2026-08-08T00:37:55.3338105+00:00 ContainerStream: info: Microsoft.EntityFrameworkCore.Database.Command[20101]
2026-08-08T00:37:55.3338442+00:00 ContainerStream:       Executed DbCommand (2ms) [Parameters=[], CommandType='Text', CommandTimeout='30']
2026-08-08T00:37:55.3338505+00:00 ContainerStream:       SELECT TOP(1) [b].[BankAccountNumber]
2026-08-08T00:37:55.3338543+00:00 ContainerStream:       FROM [Beneficiaries] AS [b]
2026-08-08T00:37:55.3338581+00:00 ContainerStream:       ORDER BY [b].[Id]
2026-08-08T00:37:57.4554306+00:00 ContainerStream: info: Microsoft.EntityFrameworkCore.Database.Command[20101]
2026-08-08T00:37:57.4555225+00:00 ContainerStream:       Executed DbCommand (5ms) [Parameters=[@__objectId_0='?' (Size = 100)], CommandType='Text', CommandTimeout='30']
2026-08-08T00:37:57.4556603+00:00 ContainerStream:       SELECT TOP(1) [e].[Id], [e].[BankAccountNumber], [e].[BankName], [e].[DefaultCostCentreCode], [e].[DepartmentId], [e].[Email], [e].[EntraObjectId], [e].[FullName], [e].[Grade], [e].[IsActive], [e].[LineManagerId], [e].[StaffNumber]
2026-08-08T00:37:57.4556740+00:00 ContainerStream:       FROM [Employees] AS [e]
2026-08-08T00:37:57.4556790+00:00 ContainerStream:       WHERE [e].[EntraObjectId] = @__objectId_0
2026-08-08T00:37:57.5822842+00:00 ContainerStream: info: Microsoft.EntityFrameworkCore.Database.Command[20101]
2026-08-08T00:37:57.5823907+00:00 ContainerStream:       Executed DbCommand (23ms) [Parameters=[], CommandType='Text', CommandTimeout='30']
2026-08-08T00:37:57.5824043+00:00 ContainerStream:       SELECT NEXT VALUE FOR dbo.[Seq_Request_EXPENSE_2026]
2026-08-08T00:37:57.6294928+00:00 ContainerStream: fail: Microsoft.EntityFrameworkCore.Database.Command[20102]
2026-08-08T00:37:57.6296021+00:00 ContainerStream:       Failed executing DbCommand (18ms) [Parameters=[@__employeeId_0='?' (DbType = Guid)], CommandType='Text', CommandTimeout='30']
2026-08-08T00:37:57.6302243+00:00 ContainerStream:       SELECT TOP(1) [b].[Id], [b].[BankAccountNumber], [b].[BankDetailsSetAt], [b].[BankDetailsSetByUserId], [b].[BankName], [b].[EmployeeId], [b].[Name], [b].[Type]
2026-08-08T00:37:57.6302555+00:00 ContainerStream:       FROM [Beneficiaries] AS [b]
2026-08-08T00:37:57.6302616+00:00 ContainerStream:       WHERE [b].[Type] = N'Employee' AND [b].[EmployeeId] = @__employeeId_0
2026-08-08T00:37:57.6395152+00:00 ContainerStream: fail: Microsoft.EntityFrameworkCore.Query[10100]
2026-08-08T00:37:57.6395752+00:00 ContainerStream:       An exception occurred while iterating over the results of a query for context type 'Desicon.Workflow.Infrastructure.Persistence.WorkflowDbContext'.
2026-08-08T00:37:57.6401398+00:00 ContainerStream:       Microsoft.Data.SqlClient.SqlException (0x80131904): VIEW ANY COLUMN MASTER KEY DEFINITION permission denied in database 'DesiconFinanceWorkflow'.
2026-08-08T00:37:57.6401713+00:00 ContainerStream:          at System.Threading.Tasks.ContinuationResultTaskFromResultTask`2.InnerInvoke()
2026-08-08T00:37:57.6401777+00:00 ContainerStream:          at System.Threading.ExecutionContext.RunInternal(ExecutionContext executionContext, ContextCallback callback, Object state)
2026-08-08T00:37:57.6401824+00:00 ContainerStream:       --- End of stack trace from previous location ---
2026-08-08T00:37:57.6401871+00:00 ContainerStream:          at System.Threading.ExecutionContext.RunInternal(ExecutionContext executionContext, ContextCallback callback, Object state)
2026-08-08T00:37:57.6402515+00:00 ContainerStream:          at System.Threading.Tasks.Task.ExecuteWithThreadLocal(Task& currentTaskSlot, Thread threadPoolThread)
2026-08-08T00:37:57.6402593+00:00 ContainerStream:       --- End of stack trace from previous location ---
2026-08-08T00:37:57.6403072+00:00 ContainerStream:          at Microsoft.EntityFrameworkCore.Storage.RelationalCommand.ExecuteReaderAsync(RelationalCommandParameterObject parameterObject, CancellationToken cancellationToken)
2026-08-08T00:37:57.6403155+00:00 ContainerStream:          at Microsoft.EntityFrameworkCore.Storage.RelationalCommand.ExecuteReaderAsync(RelationalCommandParameterObject parameterObject, CancellationToken cancellationToken)
2026-08-08T00:37:57.6403582+00:00 ContainerStream:          at Microsoft.EntityFrameworkCore.Query.Internal.SingleQueryingEnumerable`1.AsyncEnumerator.InitializeReaderAsync(AsyncEnumerator enumerator, CancellationToken cancellationToken)
2026-08-08T00:37:57.6411018+00:00 ContainerStream:          at Microsoft.EntityFrameworkCore.SqlServer.Storage.Internal.SqlServerExecutionStrategy.ExecuteAsync[TState,TResult](TState state, Func`4 operation, Func`4 verifySucceeded, CancellationToken cancellationToken)
2026-08-08T00:37:57.6411262+00:00 ContainerStream:          at Microsoft.EntityFrameworkCore.Query.Internal.SingleQueryingEnumerable`1.AsyncEnumerator.MoveNextAsync()
2026-08-08T00:37:57.6411362+00:00 ContainerStream:       ClientConnectionId:3f39fc86-beba-4538-8053-77793727427b
2026-08-08T00:37:57.6411407+00:00 ContainerStream:       Error Number:262,State:1,Class:14
2026-08-08T00:37:57.6411452+00:00 ContainerStream:       ClientConnectionId before routing:8a2a4592-b432-4154-bc1f-0d55fe160941
2026-08-08T00:37:57.6411731+00:00 ContainerStream:       Routing Destination:c2ef7a70b51e.tr2237.southafricanorth1-a.worker.database.windows.net,11028
2026-08-08T00:37:57.6411804+00:00 ContainerStream:       Microsoft.Data.SqlClient.SqlException (0x80131904): VIEW ANY COLUMN MASTER KEY DEFINITION permission denied in database 'DesiconFinanceWorkflow'.
2026-08-08T00:37:57.6411855+00:00 ContainerStream:          at System.Threading.Tasks.ContinuationResultTaskFromResultTask`2.InnerInvoke()
2026-08-08T00:37:57.6411904+00:00 ContainerStream:          at System.Threading.ExecutionContext.RunInternal(ExecutionContext executionContext, ContextCallback callback, Object state)
2026-08-08T00:37:57.6411948+00:00 ContainerStream:       --- End of stack trace from previous location ---
2026-08-08T00:37:57.6412012+00:00 ContainerStream:          at System.Threading.ExecutionContext.RunInternal(ExecutionContext executionContext, ContextCallback callback, Object state)
2026-08-08T00:37:57.6412054+00:00 ContainerStream:          at System.Threading.Tasks.Task.ExecuteWithThreadLocal(Task& currentTaskSlot, Thread threadPoolThread)
2026-08-08T00:37:57.6412099+00:00 ContainerStream:       --- End of stack trace from previous location ---
2026-08-08T00:37:57.6412147+00:00 ContainerStream:          at Microsoft.EntityFrameworkCore.Storage.RelationalCommand.ExecuteReaderAsync(RelationalCommandParameterObject parameterObject, CancellationToken cancellationToken)
2026-08-08T00:37:57.6412212+00:00 ContainerStream:          at Microsoft.EntityFrameworkCore.Storage.RelationalCommand.ExecuteReaderAsync(RelationalCommandParameterObject parameterObject, CancellationToken cancellationToken)
2026-08-08T00:37:57.6412260+00:00 ContainerStream:          at Microsoft.EntityFrameworkCore.Query.Internal.SingleQueryingEnumerable`1.AsyncEnumerator.InitializeReaderAsync(AsyncEnumerator enumerator, CancellationToken cancellationToken)
2026-08-08T00:37:57.6412315+00:00 ContainerStream:          at Microsoft.EntityFrameworkCore.SqlServer.Storage.Internal.SqlServerExecutionStrategy.ExecuteAsync[TState,TResult](TState state, Func`4 operation, Func`4 verifySucceeded, CancellationToken cancellationToken)
2026-08-08T00:37:57.6412400+00:00 ContainerStream:          at Microsoft.EntityFrameworkCore.Query.Internal.SingleQueryingEnumerable`1.AsyncEnumerator.MoveNextAsync()
2026-08-08T00:37:57.6412450+00:00 ContainerStream:       ClientConnectionId:3f39fc86-beba-4538-8053-77793727427b
2026-08-08T00:37:57.6412492+00:00 ContainerStream:       Error Number:262,State:1,Class:14
2026-08-08T00:37:57.6412538+00:00 ContainerStream:       ClientConnectionId before routing:8a2a4592-b432-4154-bc1f-0d55fe160941
2026-08-08T00:37:57.6412614+00:00 ContainerStream:       Routing Destination:c2ef7a70b51e.tr2237.southafricanorth1-a.worker.database.windows.net,11028
2026-08-08T00:37:57.6558882+00:00 ContainerStream: fail: Microsoft.AspNetCore.Diagnostics.ExceptionHandlerMiddleware[1]
2026-08-08T00:37:57.6561883+00:00 ContainerStream:       An unhandled exception has occurred while executing the request.
2026-08-08T00:37:57.6569453+00:00 ContainerStream:       Microsoft.Data.SqlClient.SqlException (0x80131904): VIEW ANY COLUMN MASTER KEY DEFINITION permission denied in database 'DesiconFinanceWorkflow'.
2026-08-08T00:37:57.6569805+00:00 ContainerStream:          at System.Threading.Tasks.ContinuationResultTaskFromResultTask`2.InnerInvoke()
2026-08-08T00:37:57.6579143+00:00 ContainerStream:          at System.Threading.ExecutionContext.RunInternal(ExecutionContext executionContext, ContextCallback callback, Object state)
2026-08-08T00:37:57.6579421+00:00 ContainerStream:       --- End of stack trace from previous location ---
2026-08-08T00:37:57.6579482+00:00 ContainerStream:          at System.Threading.ExecutionContext.RunInternal(ExecutionContext executionContext, ContextCallback callback, Object state)
2026-08-08T00:37:57.6588401+00:00 ContainerStream:          at System.Threading.Tasks.Task.ExecuteWithThreadLocal(Task& currentTaskSlot, Thread threadPoolThread)
2026-08-08T00:37:57.6588643+00:00 ContainerStream:       --- End of stack trace from previous location ---
2026-08-08T00:37:57.6589383+00:00 ContainerStream:          at Microsoft.EntityFrameworkCore.Storage.RelationalCommand.ExecuteReaderAsync(RelationalCommandParameterObject parameterObject, CancellationToken cancellationToken)
2026-08-08T00:37:57.6589511+00:00 ContainerStream:          at Microsoft.EntityFrameworkCore.Storage.RelationalCommand.ExecuteReaderAsync(RelationalCommandParameterObject parameterObject, CancellationToken cancellationToken)
2026-08-08T00:37:57.6590562+00:00 ContainerStream:          at Microsoft.EntityFrameworkCore.Query.Internal.SingleQueryingEnumerable`1.AsyncEnumerator.InitializeReaderAsync(AsyncEnumerator enumerator, CancellationToken cancellationToken)
2026-08-08T00:37:57.6591005+00:00 ContainerStream:          at Microsoft.EntityFrameworkCore.SqlServer.Storage.Internal.SqlServerExecutionStrategy.ExecuteAsync[TState,TResult](TState state, Func`4 operation, Func`4 verifySucceeded, CancellationToken cancellationToken)
2026-08-08T00:37:57.6591123+00:00 ContainerStream:          at Microsoft.EntityFrameworkCore.Query.Internal.SingleQueryingEnumerable`1.AsyncEnumerator.MoveNextAsync()
2026-08-08T00:37:57.6596204+00:00 ContainerStream:          at Microsoft.EntityFrameworkCore.Query.ShapedQueryCompilingExpressionVisitor.SingleOrDefaultAsync[TSource](IAsyncEnumerable`1 asyncEnumerable, CancellationToken cancellationToken)
2026-08-08T00:37:57.6596430+00:00 ContainerStream:          at Microsoft.EntityFrameworkCore.Query.ShapedQueryCompilingExpressionVisitor.SingleOrDefaultAsync[TSource](IAsyncEnumerable`1 asyncEnumerable, CancellationToken cancellationToken)
2026-08-08T00:37:57.6596544+00:00 ContainerStream:          at Desicon.Workflow.Api.Endpoints.AdvanceRetirementEndpoints.FindOrCreateEmployeeBeneficiaryAsync(WorkflowDbContext db, IBankDetailsAuditor bankDetailsAuditor, Guid employeeId, Guid contextRequestId, String contextModuleKey, Guid actorId, DateTimeOffset now, CancellationToken cancellationToken) in /src/src/Desicon.Workflow.Api/Endpoints/AdvanceRetirementEndpoints.cs:line 157
2026-08-08T00:37:57.6596617+00:00 ContainerStream:          at Desicon.Workflow.Api.Endpoints.RequestEndpoints.CreateDraftAsync(CreateRequestDto dto, HttpRequest httpRequest, HttpResponse httpResponse, WorkflowDbContext db, IWorkflowDefinitionProvider definitions, IRequestNumberGenerator numberGenerator, IWorkflowClock clock, ICurrentUserAccessor currentUser, IBankDetailsAuditor bankDetailsAuditor, CancellationToken cancellationToken) in /src/src/Desicon.Workflow.Api/Endpoints/RequestEndpoints.cs:line 120
2026-08-08T00:37:57.6596685+00:00 ContainerStream:          at Microsoft.AspNetCore.Http.RequestDelegateFactory.ExecuteTaskResult[T](Task`1 task, HttpContext httpContext)
2026-08-08T00:37:57.6596928+00:00 ContainerStream:          at Microsoft.AspNetCore.Http.RequestDelegateFactory.<>c__DisplayClass102_2.<<HandleRequestBodyAndCompileRequestDelegateForJson>b__2>d.MoveNext()
2026-08-08T00:37:57.6596982+00:00 ContainerStream:       --- End of stack trace from previous location ---
2026-08-08T00:37:57.6597026+00:00 ContainerStream:          at Microsoft.AspNetCore.RateLimiting.RateLimitingMiddleware.InvokeInternal(HttpContext context, EnableRateLimitingAttribute enableRateLimitingAttribute)
2026-08-08T00:37:57.6597094+00:00 ContainerStream:          at Microsoft.AspNetCore.Authorization.AuthorizationMiddleware.Invoke(HttpContext context)
2026-08-08T00:37:57.6597141+00:00 ContainerStream:          at Microsoft.AspNetCore.Authentication.AuthenticationMiddleware.Invoke(HttpContext context)
2026-08-08T00:37:57.6597195+00:00 ContainerStream:          at Microsoft.AspNetCore.Diagnostics.ExceptionHandlerMiddlewareImpl.<Invoke>g__Awaited|10_0(ExceptionHandlerMiddlewareImpl middleware, HttpContext context, Task task)
2026-08-08T00:37:57.6597250+00:00 ContainerStream:       ClientConnectionId:3f39fc86-beba-4538-8053-77793727427b
2026-08-08T00:37:57.6597323+00:00 ContainerStream:       Error Number:262,State:1,Class:14
2026-08-08T00:37:57.6597368+00:00 ContainerStream:       ClientConnectionId before routing:8a2a4592-b432-4154-bc1f-0d55fe160941
2026-08-08T00:37:57.6597410+00:00 ContainerStream:       Routing Destination:c2ef7a70b51e.tr2237.southafricanorth1-a.worker.database.windows.net,11028
2026-08-08T00:37:57.6605882+00:00 ContainerStream: fail: Desicon.Workflow.Api.Http.GlobalExceptionHandler[233252029]
2026-08-08T00:37:57.6606140+00:00 ContainerStream:       Unhandled exception on /api/v1/requests
2026-08-08T00:37:57.6606203+00:00 ContainerStream:       Microsoft.Data.SqlClient.SqlException (0x80131904): VIEW ANY COLUMN MASTER KEY DEFINITION permission denied in database 'DesiconFinanceWorkflow'.
2026-08-08T00:37:57.6606263+00:00 ContainerStream:          at System.Threading.Tasks.ContinuationResultTaskFromResultTask`2.InnerInvoke()
2026-08-08T00:37:57.6606316+00:00 ContainerStream:          at System.Threading.ExecutionContext.RunInternal(ExecutionContext executionContext, ContextCallback callback, Object state)
2026-08-08T00:37:57.6606376+00:00 ContainerStream:       --- End of stack trace from previous location ---
2026-08-08T00:37:57.6606420+00:00 ContainerStream:          at System.Threading.ExecutionContext.RunInternal(ExecutionContext executionContext, ContextCallback callback, Object state)
2026-08-08T00:37:57.6606461+00:00 ContainerStream:          at System.Threading.Tasks.Task.ExecuteWithThreadLocal(Task& currentTaskSlot, Thread threadPoolThread)
2026-08-08T00:37:57.6606503+00:00 ContainerStream:       --- End of stack trace from previous location ---
2026-08-08T00:37:57.6606565+00:00 ContainerStream:          at Microsoft.EntityFrameworkCore.Storage.RelationalCommand.ExecuteReaderAsync(RelationalCommandParameterObject parameterObject, CancellationToken cancellationToken)
2026-08-08T00:37:57.6606614+00:00 ContainerStream:          at Microsoft.EntityFrameworkCore.Storage.RelationalCommand.ExecuteReaderAsync(RelationalCommandParameterObject parameterObject, CancellationToken cancellationToken)
2026-08-08T00:37:57.6607170+00:00 ContainerStream:          at Microsoft.EntityFrameworkCore.Query.Internal.SingleQueryingEnumerable`1.AsyncEnumerator.InitializeReaderAsync(AsyncEnumerator enumerator, CancellationToken cancellationToken)
2026-08-08T00:37:57.6607272+00:00 ContainerStream:          at Microsoft.EntityFrameworkCore.SqlServer.Storage.Internal.SqlServerExecutionStrategy.ExecuteAsync[TState,TResult](TState state, Func`4 operation, Func`4 verifySucceeded, CancellationToken cancellationToken)
2026-08-08T00:37:57.6607326+00:00 ContainerStream:          at Microsoft.EntityFrameworkCore.Query.Internal.SingleQueryingEnumerable`1.AsyncEnumerator.MoveNextAsync()
2026-08-08T00:37:57.6607375+00:00 ContainerStream:          at Microsoft.EntityFrameworkCore.Query.ShapedQueryCompilingExpressionVisitor.SingleOrDefaultAsync[TSource](IAsyncEnumerable`1 asyncEnumerable, CancellationToken cancellationToken)
2026-08-08T00:37:57.6607426+00:00 ContainerStream:          at Microsoft.EntityFrameworkCore.Query.ShapedQueryCompilingExpressionVisitor.SingleOrDefaultAsync[TSource](IAsyncEnumerable`1 asyncEnumerable, CancellationToken cancellationToken)
2026-08-08T00:37:57.6607509+00:00 ContainerStream:          at Desicon.Workflow.Api.Endpoints.AdvanceRetirementEndpoints.FindOrCreateEmployeeBeneficiaryAsync(WorkflowDbContext db, IBankDetailsAuditor bankDetailsAuditor, Guid employeeId, Guid contextRequestId, String contextModuleKey, Guid actorId, DateTimeOffset now, CancellationToken cancellationToken) in /src/src/Desicon.Workflow.Api/Endpoints/AdvanceRetirementEndpoints.cs:line 157
2026-08-08T00:37:57.6607583+00:00 ContainerStream:          at Desicon.Workflow.Api.Endpoints.RequestEndpoints.CreateDraftAsync(CreateRequestDto dto, HttpRequest httpRequest, HttpResponse httpResponse, WorkflowDbContext db, IWorkflowDefinitionProvider definitions, IRequestNumberGenerator numberGenerator, IWorkflowClock clock, ICurrentUserAccessor currentUser, IBankDetailsAuditor bankDetailsAuditor, CancellationToken cancellationToken) in /src/src/Desicon.Workflow.Api/Endpoints/RequestEndpoints.cs:line 120
2026-08-08T00:37:57.6607808+00:00 ContainerStream:          at Microsoft.AspNetCore.Http.RequestDelegateFactory.ExecuteTaskResult[T](Task`1 task, HttpContext httpContext)
2026-08-08T00:37:57.6607869+00:00 ContainerStream:          at Microsoft.AspNetCore.Http.RequestDelegateFactory.<>c__DisplayClass102_2.<<HandleRequestBodyAndCompileRequestDelegateForJson>b__2>d.MoveNext()
2026-08-08T00:37:57.6607921+00:00 ContainerStream:       --- End of stack trace from previous location ---
2026-08-08T00:37:57.6607969+00:00 ContainerStream:          at Microsoft.AspNetCore.RateLimiting.RateLimitingMiddleware.InvokeInternal(HttpContext context, EnableRateLimitingAttribute enableRateLimitingAttribute)
2026-08-08T00:37:57.6608038+00:00 ContainerStream:          at Microsoft.AspNetCore.Authorization.AuthorizationMiddleware.Invoke(HttpContext context)
2026-08-08T00:37:57.6608088+00:00 ContainerStream:          at Microsoft.AspNetCore.Authentication.AuthenticationMiddleware.Invoke(HttpContext context)
2026-08-08T00:37:57.6608137+00:00 ContainerStream:          at Microsoft.AspNetCore.Diagnostics.ExceptionHandlerMiddlewareImpl.<Invoke>g__Awaited|10_0(ExceptionHandlerMiddlewareImpl middleware, HttpContext context, Task task)
2026-08-08T00:37:57.6608188+00:00 ContainerStream:       ClientConnectionId:3f39fc86-beba-4538-8053-77793727427b
2026-08-08T00:37:57.6608247+00:00 ContainerStream:       Error Number:262,State:1,Class:14
2026-08-08T00:37:57.6608289+00:00 ContainerStream:       ClientConnectionId before routing:8a2a4592-b432-4154-bc1f-0d55fe160941
2026-08-08T00:37:57.6608333+00:00 ContainerStream:       Routing Destination:c2ef7a70b51e.tr2237.southafricanorth1-a.worker.database.windows.net,11028
2026-08-08T00:37:58.0560928+00:00 ContainerStream: info: Microsoft.EntityFrameworkCore.Database.Command[20101]
2026-08-08T00:37:58.0561719+00:00 ContainerStream:       Executed DbCommand (2ms) [Parameters=[], CommandType='Text', CommandTimeout='30']
2026-08-08T00:37:58.0561868+00:00 ContainerStream:       SELECT 1
2026-08-08T00:37:58.0619216+00:00 ContainerStream: info: Microsoft.EntityFrameworkCore.Database.Command[20101]
2026-08-08T00:37:58.0619871+00:00 ContainerStream:       Executed DbCommand (4ms) [Parameters=[], CommandType='Text', CommandTimeout='30']
2026-08-08T00:37:58.0620071+00:00 ContainerStream:       SELECT OBJECT_ID(N'[__EFMigrationsHistory]');
2026-08-08T00:37:58.0637592+00:00 ContainerStream: info: Microsoft.EntityFrameworkCore.Database.Command[20101]
2026-08-08T00:37:58.0638150+00:00 ContainerStream:       Executed DbCommand (2ms) [Parameters=[], CommandType='Text', CommandTimeout='30']
2026-08-08T00:37:58.0638244+00:00 ContainerStream:       SELECT [MigrationId], [ProductVersion]
2026-08-08T00:37:58.0638290+00:00 ContainerStream:       FROM [__EFMigrationsHistory]
2026-08-08T00:37:58.0649059+00:00 ContainerStream:       ORDER BY [MigrationId];
2026-08-08T00:37:58.0665987+00:00 ContainerStream: info: Microsoft.EntityFrameworkCore.Database.Command[20101]
2026-08-08T00:37:58.0666291+00:00 ContainerStream:       Executed DbCommand (2ms) [Parameters=[], CommandType='Text', CommandTimeout='30']
2026-08-08T00:37:58.0666366+00:00 ContainerStream:       SELECT TOP(1) [b].[BankAccountNumber]
2026-08-08T00:37:58.0666458+00:00 ContainerStream:       FROM [Beneficiaries] AS [b]
2026-08-08T00:37:58.0666499+00:00 ContainerStream:       ORDER BY [b].[Id]
2026-08-08T00:38:07.5391336+00:00 ContainerStream: info: Microsoft.EntityFrameworkCore.Database.Command[20101]
2026-08-08T00:38:07.5392170+00:00 ContainerStream:       Executed DbCommand (2ms) [Parameters=[], CommandType='Text', CommandTimeout='30']
2026-08-08T00:38:07.5392312+00:00 ContainerStream:       SELECT 1
2026-08-08T00:38:07.5410941+00:00 ContainerStream: info: Microsoft.EntityFrameworkCore.Database.Command[20101]
2026-08-08T00:38:07.5411562+00:00 ContainerStream:       Executed DbCommand (2ms) [Parameters=[], CommandType='Text', CommandTimeout='30']
2026-08-08T00:38:07.5411662+00:00 ContainerStream:       SELECT OBJECT_ID(N'[__EFMigrationsHistory]');
2026-08-08T00:38:07.5461984+00:00 ContainerStream: info: Microsoft.EntityFrameworkCore.Database.Command[20101]
2026-08-08T00:38:07.5462391+00:00 ContainerStream:       Executed DbCommand (3ms) [Parameters=[], CommandType='Text', CommandTimeout='30']
2026-08-08T00:38:07.5462456+00:00 ContainerStream:       SELECT [MigrationId], [ProductVersion]
2026-08-08T00:38:07.5462494+00:00 ContainerStream:       FROM [__EFMigrationsHistory]
2026-08-08T00:38:07.5462534+00:00 ContainerStream:       ORDER BY [MigrationId];
2026-08-08T00:38:07.5488864+00:00 ContainerStream: info: Microsoft.EntityFrameworkCore.Database.Command[20101]
2026-08-08T00:38:07.5489229+00:00 ContainerStream:       Executed DbCommand (2ms) [Parameters=[], CommandType='Text', CommandTimeout='30']
2026-08-08T00:38:07.5489303+00:00 ContainerStream:       SELECT TOP(1) [b].[BankAccountNumber]
2026-08-08T00:38:07.5489341+00:00 ContainerStream:       FROM [Beneficiaries] AS [b]
2026-08-08T00:38:07.5489382+00:00 ContainerStream:       ORDER BY [b].[Id]
2026-08-08T00:38:13.6568508+00:00 ContainerStream: info: Microsoft.EntityFrameworkCore.Database.Command[20101]
2026-08-08T00:38:13.6569650+00:00 ContainerStream:       Executed DbCommand (7ms) [Parameters=[@__objectId_0='?' (Size = 100)], CommandType='Text', CommandTimeout='30']
2026-08-08T00:38:13.6569802+00:00 ContainerStream:       SELECT TOP(1) [e].[Id], [e].[BankAccountNumber], [e].[BankName], [e].[DefaultCostCentreCode], [e].[DepartmentId], [e].[Email], [e].[EntraObjectId], [e].[FullName], [e].[Grade], [e].[IsActive], [e].[LineManagerId], [e].[StaffNumber]
2026-08-08T00:38:13.6569848+00:00 ContainerStream:       FROM [Employees] AS [e]
2026-08-08T00:38:13.6570004+00:00 ContainerStream:       WHERE [e].[EntraObjectId] = @__objectId_0
2026-08-08T00:38:13.7222612+00:00 ContainerStream: info: Microsoft.EntityFrameworkCore.Database.Command[20101]
2026-08-08T00:38:13.7223672+00:00 ContainerStream:       Executed DbCommand (5ms) [Parameters=[@__employee_Id_0='?' (DbType = Guid)], CommandType='Text', CommandTimeout='30']
2026-08-08T00:38:13.7232371+00:00 ContainerStream:       SELECT [r].[RequestId], [r].[ClosedAt], [r].[CurrentActorId], [r].[CurrentState], [r].[DepartmentId], [r].[EscalationCount], [r].[FormCode], [r].[FormRevision], [r].[JournalVoucherNumber], [r].[ModuleKey], [r].[ReminderCount], [r].[RequestNumber], [r].[RequesterId], [r].[RevisionNumber], [r].[RowVersion], [r].[SlaDueAt], [r].[StateEnteredAt], [r].[SubmittedAt], [r].[TotalAmountNgn], [r].[TreasuryNumber], [c].[AcknowledgedAt], [c].[AcknowledgedByUserId], [c].[AllocationType], [c].[AmountInWords], [c].[AuthorisedByUserId], [c].[CashReleasedAt], [c].[CostCentreCode], [c].[HasSupportingDocuments], [c].[PaymentMethod], [c].[PostedByUserId], [c].[ProjectCode], [c].[Purpose], [c].[RetiredAmountNgn], [c].[RetirementDueDate], [c].[RetirementStatus], [c].[StationScope], [e].[AcknowledgedAt], [e].[AcknowledgedByUserId], [e].[AdvanceAmountNgn], [e].[AmountInWords], [e].[AuthorisedByUserId], [e].[BeneficiaryBankDetailsSetByUserId], [e].[BeneficiaryHasBankDetails], [e].[BeneficiaryId], [e].[PaymentDate], [e].[PaymentMethod], [e].[PaymentReference], [e].[PostedAt], [e].[PostedByUserId], [e].[ReceiptStatus], [e].[RefundReceivedAmountNgn], [e].[RetiresAdvanceId], CASE
2026-08-08T00:38:13.7232799+00:00 ContainerStream:           WHEN [e].[RequestId] IS NOT NULL THEN N'ExpenseRequest'
2026-08-08T00:38:13.7232884+00:00 ContainerStream:           WHEN [c].[RequestId] IS NOT NULL THEN N'CashAdvanceRequest'
2026-08-08T00:38:13.7232931+00:00 ContainerStream:       END AS [Discriminator]
2026-08-08T00:38:13.7233053+00:00 ContainerStream:       FROM [Requests] AS [r]
2026-08-08T00:38:13.7233099+00:00 ContainerStream:       LEFT JOIN [CashAdvanceRequests] AS [c] ON [r].[RequestId] = [c].[RequestId]
2026-08-08T00:38:13.7233139+00:00 ContainerStream:       LEFT JOIN [ExpenseRequests] AS [e] ON [r].[RequestId] = [e].[RequestId]
2026-08-08T00:38:13.7233178+00:00 ContainerStream:       WHERE [r].[ClosedAt] IS NULL AND [r].[CurrentActorId] = @__employee_Id_0
2026-08-08T00:38:13.7233237+00:00 ContainerStream:       ORDER BY COALESCE([r].[SlaDueAt], '9999-12-31T23:59:59.9999999Z')
2026-08-08T00:38:15.5800118+00:00 ContainerStream: info: Microsoft.EntityFrameworkCore.Database.Command[20101]
2026-08-08T00:38:15.5801082+00:00 ContainerStream:       Executed DbCommand (2ms) [Parameters=[], CommandType='Text', CommandTimeout='30']
2026-08-08T00:38:15.5801220+00:00 ContainerStream:       SELECT 1
2026-08-08T00:38:15.5834315+00:00 ContainerStream: info: Microsoft.EntityFrameworkCore.Database.Command[20101]
2026-08-08T00:38:15.5834879+00:00 ContainerStream:       Executed DbCommand (2ms) [Parameters=[], CommandType='Text', CommandTimeout='30']
2026-08-08T00:38:15.5834963+00:00 ContainerStream:       SELECT OBJECT_ID(N'[__EFMigrationsHistory]');
2026-08-08T00:38:15.5870398+00:00 ContainerStream: info: Microsoft.EntityFrameworkCore.Database.Command[20101]
2026-08-08T00:38:15.5870883+00:00 ContainerStream:       Executed DbCommand (3ms) [Parameters=[], CommandType='Text', CommandTimeout='30']
2026-08-08T00:38:15.5871024+00:00 ContainerStream:       SELECT [MigrationId], [ProductVersion]
2026-08-08T00:38:15.5871073+00:00 ContainerStream:       FROM [__EFMigrationsHistory]
2026-08-08T00:38:15.5871120+00:00 ContainerStream:       ORDER BY [MigrationId];
2026-08-08T00:38:15.5890625+00:00 ContainerStream: info: Microsoft.EntityFrameworkCore.Database.Command[20101]
2026-08-08T00:38:15.5890988+00:00 ContainerStream:       Executed DbCommand (2ms) [Parameters=[], CommandType='Text', CommandTimeout='30']
2026-08-08T00:38:15.5891066+00:00 ContainerStream:       SELECT TOP(1) [b].[BankAccountNumber]
2026-08-08T00:38:15.5891257+00:00 ContainerStream:       FROM [Beneficiaries] AS [b]
2026-08-08T00:38:15.5891302+00:00 ContainerStream:       ORDER BY [b].[Id]
2026-08-08T00:38:23.7700863+00:00 ContainerStream: info: Microsoft.EntityFrameworkCore.Database.Command[20101]
2026-08-08T00:38:23.7701745+00:00 ContainerStream:       Executed DbCommand (2ms) [Parameters=[], CommandType='Text', CommandTimeout='30']
2026-08-08T00:38:23.7701848+00:00 ContainerStream:       SELECT 1
2026-08-08T00:38:23.7727373+00:00 ContainerStream: info: Microsoft.EntityFrameworkCore.Database.Command[20101]
2026-08-08T00:38:23.7727904+00:00 ContainerStream:       Executed DbCommand (2ms) [Parameters=[], CommandType='Text', CommandTimeout='30']
2026-08-08T00:38:23.7728064+00:00 ContainerStream:       SELECT OBJECT_ID(N'[__EFMigrationsHistory]');
2026-08-08T00:38:23.7757858+00:00 ContainerStream: info: Microsoft.EntityFrameworkCore.Database.Command[20101]
2026-08-08T00:38:23.7758259+00:00 ContainerStream:       Executed DbCommand (2ms) [Parameters=[], CommandType='Text', CommandTimeout='30']
2026-08-08T00:38:23.7758338+00:00 ContainerStream:       SELECT [MigrationId], [ProductVersion]
2026-08-08T00:38:23.7758377+00:00 ContainerStream:       FROM [__EFMigrationsHistory]
2026-08-08T00:38:23.7758467+00:00 ContainerStream:       ORDER BY [MigrationId];
2026-08-08T00:38:23.7786270+00:00 ContainerStream: info: Microsoft.EntityFrameworkCore.Database.Command[20101]
2026-08-08T00:38:23.7786584+00:00 ContainerStream:       Executed DbCommand (2ms) [Parameters=[], CommandType='Text', CommandTimeout='30']
2026-08-08T00:38:23.7786651+00:00 ContainerStream:       SELECT TOP(1) [b].[BankAccountNumber]
2026-08-08T00:38:23.7786689+00:00 ContainerStream:       FROM [Beneficiaries] AS [b]
2026-08-08T00:38:23.7786865+00:00 ContainerStream:       ORDER BY [b].[Id]
2026-08-08T00:38:23.8989919+00:00 ContainerStream: info: Microsoft.EntityFrameworkCore.Database.Command[20101]
2026-08-08T00:38:23.8990732+00:00 ContainerStream:       Executed DbCommand (2ms) [Parameters=[], CommandType='Text', CommandTimeout='30']
2026-08-08T00:38:23.8990836+00:00 ContainerStream:       SELECT 1
2026-08-08T00:38:23.9011360+00:00 ContainerStream: info: Microsoft.EntityFrameworkCore.Database.Command[20101]
2026-08-08T00:38:23.9011924+00:00 ContainerStream:       Executed DbCommand (2ms) [Parameters=[], CommandType='Text', CommandTimeout='30']
2026-08-08T00:38:23.9012008+00:00 ContainerStream:       SELECT OBJECT_ID(N'[__EFMigrationsHistory]');
2026-08-08T00:38:23.9048543+00:00 ContainerStream: info: Microsoft.EntityFrameworkCore.Database.Command[20101]
2026-08-08T00:38:23.9048891+00:00 ContainerStream:       Executed DbCommand (2ms) [Parameters=[], CommandType='Text', CommandTimeout='30']
2026-08-08T00:38:23.9048965+00:00 ContainerStream:       SELECT [MigrationId], [ProductVersion]
2026-08-08T00:38:23.9049014+00:00 ContainerStream:       FROM [__EFMigrationsHistory]
2026-08-08T00:38:23.9051732+00:00 ContainerStream:       ORDER BY [MigrationId];
2026-08-08T00:38:23.9064760+00:00 ContainerStream: info: Microsoft.EntityFrameworkCore.Database.Command[20101]
2026-08-08T00:38:23.9065045+00:00 ContainerStream:       Executed DbCommand (2ms) [Parameters=[], CommandType='Text', CommandTimeout='30']
2026-08-08T00:38:23.9065106+00:00 ContainerStream:       SELECT TOP(1) [b].[BankAccountNumber]
2026-08-08T00:38:23.9065146+00:00 ContainerStream:       FROM [Beneficiaries] AS [b]
2026-08-08T00:38:23.9065191+00:00 ContainerStream:       ORDER BY [b].[Id]
2026-08-08T00:38:25.7197121+00:00 ContainerStream: info: Microsoft.EntityFrameworkCore.Database.Command[20101]
2026-08-08T00:38:25.7197786+00:00 ContainerStream:       Executed DbCommand (3ms) [Parameters=[], CommandType='Text', CommandTimeout='30']
2026-08-08T00:38:25.7197906+00:00 ContainerStream:       SELECT 1
2026-08-08T00:38:25.7217969+00:00 ContainerStream: info: Microsoft.EntityFrameworkCore.Database.Command[20101]
2026-08-08T00:38:25.7218354+00:00 ContainerStream:       Executed DbCommand (2ms) [Parameters=[], CommandType='Text', CommandTimeout='30']
2026-08-08T00:38:25.7218608+00:00 ContainerStream:       SELECT OBJECT_ID(N'[__EFMigrationsHistory]');
2026-08-08T00:38:25.7251859+00:00 ContainerStream: info: Microsoft.EntityFrameworkCore.Database.Command[20101]
2026-08-08T00:38:25.7252229+00:00 ContainerStream:       Executed DbCommand (2ms) [Parameters=[], CommandType='Text', CommandTimeout='30']
2026-08-08T00:38:25.7252304+00:00 ContainerStream:       SELECT [MigrationId], [ProductVersion]
2026-08-08T00:38:25.7252483+00:00 ContainerStream:       FROM [__EFMigrationsHistory]
2026-08-08T00:38:25.7256442+00:00 ContainerStream:       ORDER BY [MigrationId];
2026-08-08T00:38:25.7282713+00:00 ContainerStream: info: Microsoft.EntityFrameworkCore.Database.Command[20101]
2026-08-08T00:38:25.7283443+00:00 ContainerStream:       Executed DbCommand (2ms) [Parameters=[], CommandType='Text', CommandTimeout='30']
2026-08-08T00:38:25.7283555+00:00 ContainerStream:       SELECT TOP(1) [b].[BankAccountNumber]
2026-08-08T00:38:25.7283596+00:00 ContainerStream:       FROM [Beneficiaries] AS [b]
2026-08-08T00:38:25.7283636+00:00 ContainerStream:       ORDER BY [b].[Id]
2026-08-08T00:38:26.4980474+00:00 ContainerStream: info: Microsoft.EntityFrameworkCore.Database.Command[20101]
2026-08-08T00:38:26.4981273+00:00 ContainerStream:       Executed DbCommand (3ms) [Parameters=[], CommandType='Text', CommandTimeout='30']
2026-08-08T00:38:26.4983955+00:00 ContainerStream:       SELECT 1
2026-08-08T00:38:26.5007825+00:00 ContainerStream: info: Microsoft.EntityFrameworkCore.Database.Command[20101]
2026-08-08T00:38:26.5008305+00:00 ContainerStream:       Executed DbCommand (2ms) [Parameters=[], CommandType='Text', CommandTimeout='30']
2026-08-08T00:38:26.5008385+00:00 ContainerStream:       SELECT OBJECT_ID(N'[__EFMigrationsHistory]');
2026-08-08T00:38:26.5040956+00:00 ContainerStream: info: Microsoft.EntityFrameworkCore.Database.Command[20101]
2026-08-08T00:38:26.5041313+00:00 ContainerStream:       Executed DbCommand (2ms) [Parameters=[], CommandType='Text', CommandTimeout='30']
2026-08-08T00:38:26.5041385+00:00 ContainerStream:       SELECT [MigrationId], [ProductVersion]
2026-08-08T00:38:26.5041561+00:00 ContainerStream:       FROM [__EFMigrationsHistory]
2026-08-08T00:38:26.5048280+00:00 ContainerStream:       ORDER BY [MigrationId];
2026-08-08T00:38:26.5059001+00:00 ContainerStream: info: Microsoft.EntityFrameworkCore.Database.Command[20101]
2026-08-08T00:38:26.5059290+00:00 ContainerStream:       Executed DbCommand (2ms) [Parameters=[], CommandType='Text', CommandTimeout='30']
2026-08-08T00:38:26.5059356+00:00 ContainerStream:       SELECT TOP(1) [b].[BankAccountNumber]
2026-08-08T00:38:26.5059391+00:00 ContainerStream:       FROM [Beneficiaries] AS [b]
2026-08-08T00:38:26.5059470+00:00 ContainerStream:       ORDER BY [b].[Id]
2026-08-08T00:38:26.9679487+00:00 ContainerStream: info: Microsoft.EntityFrameworkCore.Database.Command[20101]
2026-08-08T00:38:26.9680275+00:00 ContainerStream:       Executed DbCommand (2ms) [Parameters=[], CommandType='Text', CommandTimeout='30']
2026-08-08T00:38:26.9680457+00:00 ContainerStream:       SELECT 1
2026-08-08T00:38:26.9700104+00:00 ContainerStream: info: Microsoft.EntityFrameworkCore.Database.Command[20101]
2026-08-08T00:38:26.9700687+00:00 ContainerStream:       Executed DbCommand (2ms) [Parameters=[], CommandType='Text', CommandTimeout='30']
2026-08-08T00:38:26.9700785+00:00 ContainerStream:       SELECT OBJECT_ID(N'[__EFMigrationsHistory]');
2026-08-08T00:38:26.9738299+00:00 ContainerStream: info: Microsoft.EntityFrameworkCore.Database.Command[20101]
2026-08-08T00:38:26.9738628+00:00 ContainerStream:       Executed DbCommand (2ms) [Parameters=[], CommandType='Text', CommandTimeout='30']
2026-08-08T00:38:26.9738742+00:00 ContainerStream:       SELECT [MigrationId], [ProductVersion]
2026-08-08T00:38:26.9738788+00:00 ContainerStream:       FROM [__EFMigrationsHistory]
2026-08-08T00:38:26.9738828+00:00 ContainerStream:       ORDER BY [MigrationId];
2026-08-08T00:38:26.9757020+00:00 ContainerStream: info: Microsoft.EntityFrameworkCore.Database.Command[20101]
2026-08-08T00:38:26.9757313+00:00 ContainerStream:       Executed DbCommand (2ms) [Parameters=[], CommandType='Text', CommandTimeout='30']
2026-08-08T00:38:26.9757416+00:00 ContainerStream:       SELECT TOP(1) [b].[BankAccountNumber]
2026-08-08T00:38:26.9757456+00:00 ContainerStream:       FROM [Beneficiaries] AS [b]
2026-08-08T00:38:26.9757499+00:00 ContainerStream:       ORDER BY [b].[Id]
2026-08-08T00:38:29.4720367+00:00 ContainerStream: info: Microsoft.EntityFrameworkCore.Database.Command[20101]
2026-08-08T00:38:29.4721184+00:00 ContainerStream:       Executed DbCommand (3ms) [Parameters=[], CommandType='Text', CommandTimeout='30']
2026-08-08T00:38:29.4721299+00:00 ContainerStream:       SELECT 1
2026-08-08T00:38:29.4742218+00:00 ContainerStream: info: Microsoft.EntityFrameworkCore.Database.Command[20101]
2026-08-08T00:38:29.4742668+00:00 ContainerStream:       Executed DbCommand (2ms) [Parameters=[], CommandType='Text', CommandTimeout='30']
2026-08-08T00:38:29.4742765+00:00 ContainerStream:       SELECT OBJECT_ID(N'[__EFMigrationsHistory]');
2026-08-08T00:38:29.4780128+00:00 ContainerStream: info: Microsoft.EntityFrameworkCore.Database.Command[20101]
2026-08-08T00:38:29.4780572+00:00 ContainerStream:       Executed DbCommand (2ms) [Parameters=[], CommandType='Text', CommandTimeout='30']
2026-08-08T00:38:29.4780666+00:00 ContainerStream:       SELECT [MigrationId], [ProductVersion]
2026-08-08T00:38:29.4780711+00:00 ContainerStream:       FROM [__EFMigrationsHistory]
2026-08-08T00:38:29.4783473+00:00 ContainerStream:       ORDER BY [MigrationId];
2026-08-08T00:38:29.4797203+00:00 ContainerStream: info: Microsoft.EntityFrameworkCore.Database.Command[20101]
2026-08-08T00:38:29.4797503+00:00 ContainerStream:       Executed DbCommand (2ms) [Parameters=[], CommandType='Text', CommandTimeout='30']
2026-08-08T00:38:29.4797571+00:00 ContainerStream:       SELECT TOP(1) [b].[BankAccountNumber]
2026-08-08T00:38:29.4797607+00:00 ContainerStream:       FROM [Beneficiaries] AS [b]
2026-08-08T00:38:29.4797685+00:00 ContainerStream:       ORDER BY [b].[Id]
2026-08-08T00:38:29.9202521+00:00 ContainerStream: info: Microsoft.EntityFrameworkCore.Database.Command[20101]
2026-08-08T00:38:29.9204631+00:00 ContainerStream:       Executed DbCommand (2ms) [Parameters=[], CommandType='Text', CommandTimeout='30']
2026-08-08T00:38:29.9206046+00:00 ContainerStream:       SELECT 1
2026-08-08T00:38:29.9225863+00:00 ContainerStream: info: Microsoft.EntityFrameworkCore.Database.Command[20101]
2026-08-08T00:38:29.9226234+00:00 ContainerStream:       Executed DbCommand (2ms) [Parameters=[], CommandType='Text', CommandTimeout='30']
2026-08-08T00:38:29.9226311+00:00 ContainerStream:       SELECT OBJECT_ID(N'[__EFMigrationsHistory]');
2026-08-08T00:38:29.9260885+00:00 ContainerStream: info: Microsoft.EntityFrameworkCore.Database.Command[20101]
2026-08-08T00:38:29.9261269+00:00 ContainerStream:       Executed DbCommand (2ms) [Parameters=[], CommandType='Text', CommandTimeout='30']
2026-08-08T00:38:29.9261385+00:00 ContainerStream:       SELECT [MigrationId], [ProductVersion]
2026-08-08T00:38:29.9261428+00:00 ContainerStream:       FROM [__EFMigrationsHistory]
2026-08-08T00:38:29.9261468+00:00 ContainerStream:       ORDER BY [MigrationId];
2026-08-08T00:38:29.9282552+00:00 ContainerStream: info: Microsoft.EntityFrameworkCore.Database.Command[20101]
2026-08-08T00:38:29.9282897+00:00 ContainerStream:       Executed DbCommand (2ms) [Parameters=[], CommandType='Text', CommandTimeout='30']
2026-08-08T00:38:29.9283016+00:00 ContainerStream:       SELECT TOP(1) [b].[BankAccountNumber]
2026-08-08T00:38:29.9283066+00:00 ContainerStream:       FROM [Beneficiaries] AS [b]
2026-08-08T00:38:29.9283108+00:00 ContainerStream:       ORDER BY [b].[Id]
2026-08-08T00:38:32.7517409+00:00 ContainerStream: info: Microsoft.EntityFrameworkCore.Database.Command[20101]
2026-08-08T00:38:32.7518254+00:00 ContainerStream:       Executed DbCommand (2ms) [Parameters=[], CommandType='Text', CommandTimeout='30']
2026-08-08T00:38:32.7518361+00:00 ContainerStream:       SELECT 1
2026-08-08T00:38:32.7539142+00:00 ContainerStream: info: Microsoft.EntityFrameworkCore.Database.Command[20101]
2026-08-08T00:38:32.7552779+00:00 ContainerStream:       Executed DbCommand (2ms) [Parameters=[], CommandType='Text', CommandTimeout='30']
2026-08-08T00:38:32.7553062+00:00 ContainerStream:       SELECT OBJECT_ID(N'[__EFMigrationsHistory]');
2026-08-08T00:38:32.7581990+00:00 ContainerStream: info: Microsoft.EntityFrameworkCore.Database.Command[20101]
2026-08-08T00:38:32.7582365+00:00 ContainerStream:       Executed DbCommand (2ms) [Parameters=[], CommandType='Text', CommandTimeout='30']
2026-08-08T00:38:32.7582531+00:00 ContainerStream:       SELECT [MigrationId], [ProductVersion]
2026-08-08T00:38:32.7582578+00:00 ContainerStream:       FROM [__EFMigrationsHistory]
2026-08-08T00:38:32.7582665+00:00 ContainerStream:       ORDER BY [MigrationId];
2026-08-08T00:38:32.7600046+00:00 ContainerStream: info: Microsoft.EntityFrameworkCore.Database.Command[20101]
2026-08-08T00:38:32.7600391+00:00 ContainerStream:       Executed DbCommand (2ms) [Parameters=[], CommandType='Text', CommandTimeout='30']
2026-08-08T00:38:32.7600471+00:00 ContainerStream:       SELECT TOP(1) [b].[BankAccountNumber]
2026-08-08T00:38:32.7600517+00:00 ContainerStream:       FROM [Beneficiaries] AS [b]
2026-08-08T00:38:32.7600728+00:00 ContainerStream:       ORDER BY [b].[Id]
2026-08-08T00:38:38.0425413+00:00 ContainerStream: info: Microsoft.EntityFrameworkCore.Database.Command[20101]
2026-08-08T00:38:38.0426466+00:00 ContainerStream:       Executed DbCommand (3ms) [Parameters=[], CommandType='Text', CommandTimeout='30']
2026-08-08T00:38:38.0426575+00:00 ContainerStream:       SELECT 1
2026-08-08T00:38:38.0465146+00:00 ContainerStream: info: Microsoft.EntityFrameworkCore.Database.Command[20101]
2026-08-08T00:38:38.0465708+00:00 ContainerStream:       Executed DbCommand (3ms) [Parameters=[], CommandType='Text', CommandTimeout='30']
2026-08-08T00:38:38.0465856+00:00 ContainerStream:       SELECT OBJECT_ID(N'[__EFMigrationsHistory]');
2026-08-08T00:38:38.0485915+00:00 ContainerStream: info: Microsoft.EntityFrameworkCore.Database.Command[20101]
2026-08-08T00:38:38.0486407+00:00 ContainerStream:       Executed DbCommand (2ms) [Parameters=[], CommandType='Text', CommandTimeout='30']
2026-08-08T00:38:38.0486495+00:00 ContainerStream:       SELECT [MigrationId], [ProductVersion]
2026-08-08T00:38:38.0486602+00:00 ContainerStream:       FROM [__EFMigrationsHistory]
2026-08-08T00:38:38.0486895+00:00 ContainerStream:       ORDER BY [MigrationId];
2026-08-08T00:38:38.0512288+00:00 ContainerStream: info: Microsoft.EntityFrameworkCore.Database.Command[20101]
2026-08-08T00:38:38.0512634+00:00 ContainerStream:       Executed DbCommand (2ms) [Parameters=[], CommandType='Text', CommandTimeout='30']
2026-08-08T00:38:38.0512715+00:00 ContainerStream:       SELECT TOP(1) [b].[BankAccountNumber]
2026-08-08T00:38:38.0512817+00:00 ContainerStream:       FROM [Beneficiaries] AS [b]
2026-08-08T00:38:38.0512864+00:00 ContainerStream:       ORDER BY [b].[Id]
2026-08-08T00:38:38.4574631+00:00 ContainerStream: info: Microsoft.EntityFrameworkCore.Database.Command[20101]
2026-08-08T00:38:38.4575365+00:00 ContainerStream:       Executed DbCommand (3ms) [Parameters=[], CommandType='Text', CommandTimeout='30']
2026-08-08T00:38:38.4575539+00:00 ContainerStream:       SELECT 1
2026-08-08T00:38:38.4596896+00:00 ContainerStream: info: Microsoft.EntityFrameworkCore.Database.Command[20101]
2026-08-08T00:38:38.4599410+00:00 ContainerStream:       Executed DbCommand (2ms) [Parameters=[], CommandType='Text', CommandTimeout='30']
2026-08-08T00:38:38.4599524+00:00 ContainerStream:       SELECT OBJECT_ID(N'[__EFMigrationsHistory]');
2026-08-08T00:38:38.4637305+00:00 ContainerStream: info: Microsoft.EntityFrameworkCore.Database.Command[20101]
2026-08-08T00:38:38.4637696+00:00 ContainerStream:       Executed DbCommand (2ms) [Parameters=[], CommandType='Text', CommandTimeout='30']
2026-08-08T00:38:38.4637891+00:00 ContainerStream:       SELECT [MigrationId], [ProductVersion]
2026-08-08T00:38:38.4637948+00:00 ContainerStream:       FROM [__EFMigrationsHistory]
2026-08-08T00:38:38.4638119+00:00 ContainerStream:       ORDER BY [MigrationId];
2026-08-08T00:38:38.4664104+00:00 ContainerStream: info: Microsoft.EntityFrameworkCore.Database.Command[20101]
2026-08-08T00:38:38.4672650+00:00 ContainerStream:       Executed DbCommand (2ms) [Parameters=[], CommandType='Text', CommandTimeout='30']
2026-08-08T00:38:38.4672723+00:00 ContainerStream:       SELECT TOP(1) [b].[BankAccountNumber]
2026-08-08T00:38:38.4672753+00:00 ContainerStream:       FROM [Beneficiaries] AS [b]
2026-08-08T00:38:38.4672780+00:00 ContainerStream:       ORDER BY [b].[Id]
2026-08-08T00:38:47.4809056+00:00 ContainerStream: info: Microsoft.EntityFrameworkCore.Database.Command[20101]
2026-08-08T00:38:47.4809910+00:00 ContainerStream:       Executed DbCommand (3ms) [Parameters=[], CommandType='Text', CommandTimeout='30']
2026-08-08T00:38:47.4810029+00:00 ContainerStream:       SELECT 1
2026-08-08T00:38:47.4830329+00:00 ContainerStream: info: Microsoft.EntityFrameworkCore.Database.Command[20101]
2026-08-08T00:38:47.4830899+00:00 ContainerStream:       Executed DbCommand (2ms) [Parameters=[], CommandType='Text', CommandTimeout='30']
2026-08-08T00:38:47.4830984+00:00 ContainerStream:       SELECT OBJECT_ID(N'[__EFMigrationsHistory]');
2026-08-08T00:38:47.4860323+00:00 ContainerStream: info: Microsoft.EntityFrameworkCore.Database.Command[20101]
2026-08-08T00:38:47.4860659+00:00 ContainerStream:       Executed DbCommand (2ms) [Parameters=[], CommandType='Text', CommandTimeout='30']
2026-08-08T00:38:47.4860777+00:00 ContainerStream:       SELECT [MigrationId], [ProductVersion]
2026-08-08T00:38:47.4865888+00:00 ContainerStream:       FROM [__EFMigrationsHistory]
2026-08-08T00:38:47.4866103+00:00 ContainerStream:       ORDER BY [MigrationId];
2026-08-08T00:38:47.4882914+00:00 ContainerStream: info: Microsoft.EntityFrameworkCore.Database.Command[20101]
2026-08-08T00:38:47.4883237+00:00 ContainerStream:       Executed DbCommand (2ms) [Parameters=[], CommandType='Text', CommandTimeout='30']
2026-08-08T00:38:47.4883297+00:00 ContainerStream:       SELECT TOP(1) [b].[BankAccountNumber]
2026-08-08T00:38:47.4883337+00:00 ContainerStream:       FROM [Beneficiaries] AS [b]
2026-08-08T00:38:47.4883380+00:00 ContainerStream:       ORDER BY [b].[Id]
2026-08-08T00:38:48.2607303+00:00 ContainerStream: info: Microsoft.EntityFrameworkCore.Database.Command[20101]
2026-08-08T00:38:48.2608084+00:00 ContainerStream:       Executed DbCommand (2ms) [Parameters=[], CommandType='Text', CommandTimeout='30']
2026-08-08T00:38:48.2608189+00:00 ContainerStream:       SELECT 1
2026-08-08T00:38:48.2630217+00:00 ContainerStream: info: Microsoft.EntityFrameworkCore.Database.Command[20101]
2026-08-08T00:38:48.2630770+00:00 ContainerStream:       Executed DbCommand (2ms) [Parameters=[], CommandType='Text', CommandTimeout='30']
2026-08-08T00:38:48.2630900+00:00 ContainerStream:       SELECT OBJECT_ID(N'[__EFMigrationsHistory]');
2026-08-08T00:38:48.2673579+00:00 ContainerStream: info: Microsoft.EntityFrameworkCore.Database.Command[20101]
2026-08-08T00:38:48.2673948+00:00 ContainerStream:       Executed DbCommand (3ms) [Parameters=[], CommandType='Text', CommandTimeout='30']
2026-08-08T00:38:48.2674027+00:00 ContainerStream:       SELECT [MigrationId], [ProductVersion]
2026-08-08T00:38:48.2674076+00:00 ContainerStream:       FROM [__EFMigrationsHistory]
2026-08-08T00:38:48.2674168+00:00 ContainerStream:       ORDER BY [MigrationId];
2026-08-08T00:38:48.2694882+00:00 ContainerStream: info: Microsoft.EntityFrameworkCore.Database.Command[20101]
2026-08-08T00:38:48.2695213+00:00 ContainerStream:       Executed DbCommand (2ms) [Parameters=[], CommandType='Text', CommandTimeout='30']
2026-08-08T00:38:48.2695283+00:00 ContainerStream:       SELECT TOP(1) [b].[BankAccountNumber]
2026-08-08T00:38:48.2695322+00:00 ContainerStream:       FROM [Beneficiaries] AS [b]
2026-08-08T00:38:48.2695407+00:00 ContainerStream:       ORDER BY [b].[Id]
2026-08-08T00:38:54.7537514+00:00 ContainerStream: info: Microsoft.EntityFrameworkCore.Database.Command[20101]
2026-08-08T00:38:54.7538173+00:00 ContainerStream:       Executed DbCommand (2ms) [Parameters=[], CommandType='Text', CommandTimeout='30']
2026-08-08T00:38:54.7538292+00:00 ContainerStream:       SELECT 1
2026-08-08T00:38:54.7556151+00:00 ContainerStream: info: Microsoft.EntityFrameworkCore.Database.Command[20101]
2026-08-08T00:38:54.7556629+00:00 ContainerStream:       Executed DbCommand (2ms) [Parameters=[], CommandType='Text', CommandTimeout='30']
2026-08-08T00:38:54.7556713+00:00 ContainerStream:       SELECT OBJECT_ID(N'[__EFMigrationsHistory]');
2026-08-08T00:38:54.7595053+00:00 ContainerStream: info: Microsoft.EntityFrameworkCore.Database.Command[20101]
2026-08-08T00:38:54.7595491+00:00 ContainerStream:       Executed DbCommand (2ms) [Parameters=[], CommandType='Text', CommandTimeout='30']
2026-08-08T00:38:54.7595670+00:00 ContainerStream:       SELECT [MigrationId], [ProductVersion]
2026-08-08T00:38:54.7595714+00:00 ContainerStream:       FROM [__EFMigrationsHistory]
2026-08-08T00:38:54.7598407+00:00 ContainerStream:       ORDER BY [MigrationId];
2026-08-08T00:38:54.7617948+00:00 ContainerStream: info: Microsoft.EntityFrameworkCore.Database.Command[20101]
2026-08-08T00:38:54.7618245+00:00 ContainerStream:       Executed DbCommand (2ms) [Parameters=[], CommandType='Text', CommandTimeout='30']
2026-08-08T00:38:54.7618316+00:00 ContainerStream:       SELECT TOP(1) [b].[BankAccountNumber]
2026-08-08T00:38:54.7618362+00:00 ContainerStream:       FROM [Beneficiaries] AS [b]
2026-08-08T00:38:54.7618409+00:00 ContainerStream:       ORDER BY [b].[Id]
2026-08-08T00:39:03.5338773+00:00 ContainerStream: info: Microsoft.EntityFrameworkCore.Database.Command[20101]
2026-08-08T00:39:03.5339602+00:00 ContainerStream:       Executed DbCommand (2ms) [Parameters=[], CommandType='Text', CommandTimeout='30']
2026-08-08T00:39:03.5339731+00:00 ContainerStream:       SELECT 1
2026-08-08T00:39:03.5363243+00:00 ContainerStream: info: Microsoft.EntityFrameworkCore.Database.Command[20101]
2026-08-08T00:39:03.5363983+00:00 ContainerStream:       Executed DbCommand (2ms) [Parameters=[], CommandType='Text', CommandTimeout='30']
2026-08-08T00:39:03.5364097+00:00 ContainerStream:       SELECT OBJECT_ID(N'[__EFMigrationsHistory]');
2026-08-08T00:39:03.5402514+00:00 ContainerStream: info: Microsoft.EntityFrameworkCore.Database.Command[20101]
2026-08-08T00:39:03.5402855+00:00 ContainerStream:       Executed DbCommand (2ms) [Parameters=[], CommandType='Text', CommandTimeout='30']
2026-08-08T00:39:03.5402990+00:00 ContainerStream:       SELECT [MigrationId], [ProductVersion]
2026-08-08T00:39:03.5403087+00:00 ContainerStream:       FROM [__EFMigrationsHistory]
2026-08-08T00:39:03.5403134+00:00 ContainerStream:       ORDER BY [MigrationId];
2026-08-08T00:39:03.5423859+00:00 ContainerStream: info: Microsoft.EntityFrameworkCore.Database.Command[20101]
2026-08-08T00:39:03.5424225+00:00 ContainerStream:       Executed DbCommand (2ms) [Parameters=[], CommandType='Text', CommandTimeout='30']
2026-08-08T00:39:03.5424340+00:00 ContainerStream:       SELECT TOP(1) [b].[BankAccountNumber]
2026-08-08T00:39:03.5424384+00:00 ContainerStream:       FROM [Beneficiaries] AS [b]
2026-08-08T00:39:03.5424423+00:00 ContainerStream:       ORDER BY [b].[Id]
2026-08-08T00:39:04.0215055+00:00 ContainerStream: info: Microsoft.EntityFrameworkCore.Database.Command[20101]
2026-08-08T00:39:04.0215890+00:00 ContainerStream:       Executed DbCommand (2ms) [Parameters=[], CommandType='Text', CommandTimeout='30']
2026-08-08T00:39:04.0216068+00:00 ContainerStream:       SELECT 1
2026-08-08T00:39:04.0247217+00:00 ContainerStream: info: Microsoft.EntityFrameworkCore.Database.Command[20101]
2026-08-08T00:39:04.0247779+00:00 ContainerStream:       Executed DbCommand (2ms) [Parameters=[], CommandType='Text', CommandTimeout='30']
2026-08-08T00:39:04.0247866+00:00 ContainerStream:       SELECT OBJECT_ID(N'[__EFMigrationsHistory]');
2026-08-08T00:39:04.0277888+00:00 ContainerStream: info: Microsoft.EntityFrameworkCore.Database.Command[20101]
2026-08-08T00:39:04.0278263+00:00 ContainerStream:       Executed DbCommand (2ms) [Parameters=[], CommandType='Text', CommandTimeout='30']
2026-08-08T00:39:04.0278352+00:00 ContainerStream:       SELECT [MigrationId], [ProductVersion]
2026-08-08T00:39:04.0278397+00:00 ContainerStream:       FROM [__EFMigrationsHistory]
2026-08-08T00:39:04.0278441+00:00 ContainerStream:       ORDER BY [MigrationId];
2026-08-08T00:39:04.0294960+00:00 ContainerStream: info: Microsoft.EntityFrameworkCore.Database.Command[20101]
2026-08-08T00:39:04.0295272+00:00 ContainerStream:       Executed DbCommand (2ms) [Parameters=[], CommandType='Text', CommandTimeout='30']
2026-08-08T00:39:04.0295348+00:00 ContainerStream:       SELECT TOP(1) [b].[BankAccountNumber]
2026-08-08T00:39:04.0295393+00:00 ContainerStream:       FROM [Beneficiaries] AS [b]
2026-08-08T00:39:04.0295436+00:00 ContainerStream:       ORDER BY [b].[Id]
2026-08-08T00:39:05.8917099+00:00 ContainerStream: info: Microsoft.EntityFrameworkCore.Database.Command[20101]
2026-08-08T00:39:05.8917822+00:00 ContainerStream:       Executed DbCommand (2ms) [Parameters=[], CommandType='Text', CommandTimeout='30']
2026-08-08T00:39:05.8917923+00:00 ContainerStream:       SELECT 1
2026-08-08T00:39:05.8936432+00:00 ContainerStream: info: Microsoft.EntityFrameworkCore.Database.Command[20101]
2026-08-08T00:39:05.8936972+00:00 ContainerStream:       Executed DbCommand (2ms) [Parameters=[], CommandType='Text', CommandTimeout='30']
2026-08-08T00:39:05.8937058+00:00 ContainerStream:       SELECT OBJECT_ID(N'[__EFMigrationsHistory]');
2026-08-08T00:39:05.8975918+00:00 ContainerStream: info: Microsoft.EntityFrameworkCore.Database.Command[20101]
2026-08-08T00:39:05.8976291+00:00 ContainerStream:       Executed DbCommand (2ms) [Parameters=[], CommandType='Text', CommandTimeout='30']
2026-08-08T00:39:05.8976422+00:00 ContainerStream:       SELECT [MigrationId], [ProductVersion]
2026-08-08T00:39:05.8976467+00:00 ContainerStream:       FROM [__EFMigrationsHistory]
2026-08-08T00:39:05.8976513+00:00 ContainerStream:       ORDER BY [MigrationId];
2026-08-08T00:39:05.8997039+00:00 ContainerStream: info: Microsoft.EntityFrameworkCore.Database.Command[20101]
2026-08-08T00:39:05.8997412+00:00 ContainerStream:       Executed DbCommand (2ms) [Parameters=[], CommandType='Text', CommandTimeout='30']
2026-08-08T00:39:05.9001831+00:00 ContainerStream:       SELECT TOP(1) [b].[BankAccountNumber]
2026-08-08T00:39:05.9001968+00:00 ContainerStream:       FROM [Beneficiaries] AS [b]
2026-08-08T00:39:05.9002015+00:00 ContainerStream:       ORDER BY [b].[Id]
2026-08-08T00:39:06.3535346+00:00 ContainerStream: info: Microsoft.EntityFrameworkCore.Database.Command[20101]
2026-08-08T00:39:06.3536261+00:00 ContainerStream:       Executed DbCommand (2ms) [Parameters=[], CommandType='Text', CommandTimeout='30']
2026-08-08T00:39:06.3536385+00:00 ContainerStream:       SELECT 1
2026-08-08T00:39:06.3554379+00:00 ContainerStream: info: Microsoft.EntityFrameworkCore.Database.Command[20101]
2026-08-08T00:39:06.3554941+00:00 ContainerStream:       Executed DbCommand (2ms) [Parameters=[], CommandType='Text', CommandTimeout='30']
2026-08-08T00:39:06.3555037+00:00 ContainerStream:       SELECT OBJECT_ID(N'[__EFMigrationsHistory]');
2026-08-08T00:39:06.3591652+00:00 ContainerStream: info: Microsoft.EntityFrameworkCore.Database.Command[20101]
2026-08-08T00:39:06.3592060+00:00 ContainerStream:       Executed DbCommand (2ms) [Parameters=[], CommandType='Text', CommandTimeout='30']
2026-08-08T00:39:06.3592141+00:00 ContainerStream:       SELECT [MigrationId], [ProductVersion]
2026-08-08T00:39:06.3592197+00:00 ContainerStream:       FROM [__EFMigrationsHistory]
2026-08-08T00:39:06.3598438+00:00 ContainerStream:       ORDER BY [MigrationId];
2026-08-08T00:39:06.3617747+00:00 ContainerStream: info: Microsoft.EntityFrameworkCore.Database.Command[20101]
2026-08-08T00:39:06.3618081+00:00 ContainerStream:       Executed DbCommand (2ms) [Parameters=[], CommandType='Text', CommandTimeout='30']
2026-08-08T00:39:06.3618150+00:00 ContainerStream:       SELECT TOP(1) [b].[BankAccountNumber]
2026-08-08T00:39:06.3618187+00:00 ContainerStream:       FROM [Beneficiaries] AS [b]
2026-08-08T00:39:06.3618265+00:00 ContainerStream:       ORDER BY [b].[Id]
2026-08-08T00:39:11.0634672+00:00 ContainerStream: info: Microsoft.EntityFrameworkCore.Database.Command[20101]
2026-08-08T00:39:11.0635479+00:00 ContainerStream:       Executed DbCommand (2ms) [Parameters=[], CommandType='Text', CommandTimeout='30']
2026-08-08T00:39:11.0635570+00:00 ContainerStream:       SELECT 1
2026-08-08T00:39:11.0656273+00:00 ContainerStream: info: Microsoft.EntityFrameworkCore.Database.Command[20101]
2026-08-08T00:39:11.0656825+00:00 ContainerStream:       Executed DbCommand (2ms) [Parameters=[], CommandType='Text', CommandTimeout='30']
2026-08-08T00:39:11.0656906+00:00 ContainerStream:       SELECT OBJECT_ID(N'[__EFMigrationsHistory]');
2026-08-08T00:39:11.0695067+00:00 ContainerStream: info: Microsoft.EntityFrameworkCore.Database.Command[20101]
2026-08-08T00:39:11.0695457+00:00 ContainerStream:       Executed DbCommand (2ms) [Parameters=[], CommandType='Text', CommandTimeout='30']
2026-08-08T00:39:11.0695577+00:00 ContainerStream:       SELECT [MigrationId], [ProductVersion]
2026-08-08T00:39:11.0695627+00:00 ContainerStream:       FROM [__EFMigrationsHistory]
2026-08-08T00:39:11.0696324+00:00 ContainerStream:       ORDER BY [MigrationId];
2026-08-08T00:39:11.0716863+00:00 ContainerStream: info: Microsoft.EntityFrameworkCore.Database.Command[20101]
2026-08-08T00:39:11.0717272+00:00 ContainerStream:       Executed DbCommand (2ms) [Parameters=[], CommandType='Text', CommandTimeout='30']
2026-08-08T00:39:11.0717444+00:00 ContainerStream:       SELECT TOP(1) [b].[BankAccountNumber]
2026-08-08T00:39:11.0717490+00:00 ContainerStream:       FROM [Beneficiaries] AS [b]
2026-08-08T00:39:11.0717530+00:00 ContainerStream:       ORDER BY [b].[Id]
2026-08-08T00:39:14.2010532+00:00 ContainerStream: info: Microsoft.EntityFrameworkCore.Database.Command[20101]
2026-08-08T00:39:14.2011388+00:00 ContainerStream:       Executed DbCommand (2ms) [Parameters=[], CommandType='Text', CommandTimeout='30']
2026-08-08T00:39:14.2011490+00:00 ContainerStream:       SELECT 1
2026-08-08T00:39:14.2033818+00:00 ContainerStream: info: Microsoft.EntityFrameworkCore.Database.Command[20101]
2026-08-08T00:39:14.2034351+00:00 ContainerStream:       Executed DbCommand (2ms) [Parameters=[], CommandType='Text', CommandTimeout='30']
2026-08-08T00:39:14.2034496+00:00 ContainerStream:       SELECT OBJECT_ID(N'[__EFMigrationsHistory]');
2026-08-08T00:39:14.2068533+00:00 ContainerStream: info: Microsoft.EntityFrameworkCore.Database.Command[20101]
2026-08-08T00:39:14.2069221+00:00 ContainerStream:       Executed DbCommand (2ms) [Parameters=[], CommandType='Text', CommandTimeout='30']
2026-08-08T00:39:14.2069305+00:00 ContainerStream:       SELECT [MigrationId], [ProductVersion]
2026-08-08T00:39:14.2069420+00:00 ContainerStream:       FROM [__EFMigrationsHistory]
2026-08-08T00:39:14.2069461+00:00 ContainerStream:       ORDER BY [MigrationId];
2026-08-08T00:39:14.2103557+00:00 ContainerStream: info: Microsoft.EntityFrameworkCore.Database.Command[20101]
2026-08-08T00:39:14.2104140+00:00 ContainerStream:       Executed DbCommand (2ms) [Parameters=[], CommandType='Text', CommandTimeout='30']
2026-08-08T00:39:14.2104224+00:00 ContainerStream:       SELECT TOP(1) [b].[BankAccountNumber]
2026-08-08T00:39:14.2104315+00:00 ContainerStream:       FROM [Beneficiaries] AS [b]
2026-08-08T00:39:14.2104354+00:00 ContainerStream:       ORDER BY [b].[Id]
2026-08-08T00:39:15.1945738+00:00 ContainerStream: info: Microsoft.EntityFrameworkCore.Database.Command[20101]
2026-08-08T00:39:15.1946448+00:00 ContainerStream:       Executed DbCommand (2ms) [Parameters=[], CommandType='Text', CommandTimeout='30']
2026-08-08T00:39:15.1946555+00:00 ContainerStream:       SELECT 1
2026-08-08T00:39:15.1969795+00:00 ContainerStream: info: Microsoft.EntityFrameworkCore.Database.Command[20101]
2026-08-08T00:39:15.1970254+00:00 ContainerStream:       Executed DbCommand (2ms) [Parameters=[], CommandType='Text', CommandTimeout='30']
2026-08-08T00:39:15.1970327+00:00 ContainerStream:       SELECT OBJECT_ID(N'[__EFMigrationsHistory]');
2026-08-08T00:39:15.2004716+00:00 ContainerStream: info: Microsoft.EntityFrameworkCore.Database.Command[20101]
2026-08-08T00:39:15.2005163+00:00 ContainerStream:       Executed DbCommand (2ms) [Parameters=[], CommandType='Text', CommandTimeout='30']
2026-08-08T00:39:15.2005241+00:00 ContainerStream:       SELECT [MigrationId], [ProductVersion]
2026-08-08T00:39:15.2005284+00:00 ContainerStream:       FROM [__EFMigrationsHistory]
2026-08-08T00:39:15.2005330+00:00 ContainerStream:       ORDER BY [MigrationId];
2026-08-08T00:39:15.2029696+00:00 ContainerStream: info: Microsoft.EntityFrameworkCore.Database.Command[20101]
2026-08-08T00:39:15.2030154+00:00 ContainerStream:       Executed DbCommand (2ms) [Parameters=[], CommandType='Text', CommandTimeout='30']
2026-08-08T00:39:15.2030227+00:00 ContainerStream:       SELECT TOP(1) [b].[BankAccountNumber]
2026-08-08T00:39:15.2030269+00:00 ContainerStream:       FROM [Beneficiaries] AS [b]
2026-08-08T00:39:15.2030306+00:00 ContainerStream:       ORDER BY [b].[Id]
2026-08-08T00:39:16.2466417+00:00 ContainerStream: info: Microsoft.EntityFrameworkCore.Database.Command[20101]
2026-08-08T00:39:16.2467230+00:00 ContainerStream:       Executed DbCommand (2ms) [Parameters=[], CommandType='Text', CommandTimeout='30']
2026-08-08T00:39:16.2467342+00:00 ContainerStream:       SELECT 1
2026-08-08T00:39:16.2502189+00:00 ContainerStream: info: Microsoft.EntityFrameworkCore.Database.Command[20101]
2026-08-08T00:39:16.2502745+00:00 ContainerStream:       Executed DbCommand (2ms) [Parameters=[], CommandType='Text', CommandTimeout='30']
2026-08-08T00:39:16.2502894+00:00 ContainerStream:       SELECT OBJECT_ID(N'[__EFMigrationsHistory]');
2026-08-08T00:39:16.2522866+00:00 ContainerStream: info: Microsoft.EntityFrameworkCore.Database.Command[20101]
2026-08-08T00:39:16.2523325+00:00 ContainerStream:       Executed DbCommand (2ms) [Parameters=[], CommandType='Text', CommandTimeout='30']
2026-08-08T00:39:16.2523396+00:00 ContainerStream:       SELECT [MigrationId], [ProductVersion]
2026-08-08T00:39:16.2523486+00:00 ContainerStream:       FROM [__EFMigrationsHistory]
2026-08-08T00:39:16.2523528+00:00 ContainerStream:       ORDER BY [MigrationId];
2026-08-08T00:39:16.2549759+00:00 ContainerStream: info: Microsoft.EntityFrameworkCore.Database.Command[20101]
2026-08-08T00:39:16.2550086+00:00 ContainerStream:       Executed DbCommand (2ms) [Parameters=[], CommandType='Text', CommandTimeout='30']
2026-08-08T00:39:16.2550155+00:00 ContainerStream:       SELECT TOP(1) [b].[BankAccountNumber]
2026-08-08T00:39:16.2550233+00:00 ContainerStream:       FROM [Beneficiaries] AS [b]
2026-08-08T00:39:16.2550268+00:00 ContainerStream:       ORDER BY [b].[Id]
2026-08-08T00:39:16.8444799+00:00 ContainerStream: info: Microsoft.EntityFrameworkCore.Database.Command[20101]
2026-08-08T00:39:16.8445646+00:00 ContainerStream:       Executed DbCommand (2ms) [Parameters=[], CommandType='Text', CommandTimeout='30']
2026-08-08T00:39:16.8445864+00:00 ContainerStream:       SELECT 1
2026-08-08T00:39:16.8464967+00:00 ContainerStream: info: Microsoft.EntityFrameworkCore.Database.Command[20101]
2026-08-08T00:39:16.8465761+00:00 ContainerStream:       Executed DbCommand (2ms) [Parameters=[], CommandType='Text', CommandTimeout='30']
2026-08-08T00:39:16.8465844+00:00 ContainerStream:       SELECT OBJECT_ID(N'[__EFMigrationsHistory]');
2026-08-08T00:39:16.8495787+00:00 ContainerStream: info: Microsoft.EntityFrameworkCore.Database.Command[20101]
2026-08-08T00:39:16.8496286+00:00 ContainerStream:       Executed DbCommand (2ms) [Parameters=[], CommandType='Text', CommandTimeout='30']
2026-08-08T00:39:16.8496367+00:00 ContainerStream:       SELECT [MigrationId], [ProductVersion]
2026-08-08T00:39:16.8496408+00:00 ContainerStream:       FROM [__EFMigrationsHistory]
2026-08-08T00:39:16.8498090+00:00 ContainerStream:       ORDER BY [MigrationId];
2026-08-08T00:39:16.8526590+00:00 ContainerStream: info: Microsoft.EntityFrameworkCore.Database.Command[20101]
2026-08-08T00:39:16.8527232+00:00 ContainerStream:       Executed DbCommand (2ms) [Parameters=[], CommandType='Text', CommandTimeout='30']
2026-08-08T00:39:16.8527316+00:00 ContainerStream:       SELECT TOP(1) [b].[BankAccountNumber]
2026-08-08T00:39:16.8527358+00:00 ContainerStream:       FROM [Beneficiaries] AS [b]
2026-08-08T00:39:16.8527440+00:00 ContainerStream:       ORDER BY [b].[Id]
2026-08-08T00:39:18.8276619+00:00 ContainerStream: info: Microsoft.EntityFrameworkCore.Database.Command[20101]
2026-08-08T00:39:18.8277411+00:00 ContainerStream:       Executed DbCommand (2ms) [Parameters=[], CommandType='Text', CommandTimeout='30']
2026-08-08T00:39:18.8277508+00:00 ContainerStream:       SELECT 1
2026-08-08T00:39:18.8298792+00:00 ContainerStream: info: Microsoft.EntityFrameworkCore.Database.Command[20101]
2026-08-08T00:39:18.8299419+00:00 ContainerStream:       Executed DbCommand (2ms) [Parameters=[], CommandType='Text', CommandTimeout='30']
2026-08-08T00:39:18.8299497+00:00 ContainerStream:       SELECT OBJECT_ID(N'[__EFMigrationsHistory]');
2026-08-08T00:39:18.8334421+00:00 ContainerStream: info: Microsoft.EntityFrameworkCore.Database.Command[20101]
2026-08-08T00:39:18.8334854+00:00 ContainerStream:       Executed DbCommand (2ms) [Parameters=[], CommandType='Text', CommandTimeout='30']
2026-08-08T00:39:18.8334980+00:00 ContainerStream:       SELECT [MigrationId], [ProductVersion]
2026-08-08T00:39:18.8335027+00:00 ContainerStream:       FROM [__EFMigrationsHistory]
2026-08-08T00:39:18.8343052+00:00 ContainerStream:       ORDER BY [MigrationId];
2026-08-08T00:39:18.8365091+00:00 ContainerStream: info: Microsoft.EntityFrameworkCore.Database.Command[20101]
2026-08-08T00:39:18.8365447+00:00 ContainerStream:       Executed DbCommand (2ms) [Parameters=[], CommandType='Text', CommandTimeout='30']
2026-08-08T00:39:18.8365527+00:00 ContainerStream:       SELECT TOP(1) [b].[BankAccountNumber]
2026-08-08T00:39:18.8365574+00:00 ContainerStream:       FROM [Beneficiaries] AS [b]
2026-08-08T00:39:18.8365617+00:00 ContainerStream:       ORDER BY [b].[Id]
2026-08-08T00:39:19.5187957+00:00 ContainerStream: info: Microsoft.EntityFrameworkCore.Database.Command[20101]
2026-08-08T00:39:19.5188848+00:00 ContainerStream:       Executed DbCommand (2ms) [Parameters=[], CommandType='Text', CommandTimeout='30']
2026-08-08T00:39:19.5188965+00:00 ContainerStream:       SELECT 1
2026-08-08T00:39:19.5211078+00:00 ContainerStream: info: Microsoft.EntityFrameworkCore.Database.Command[20101]
2026-08-08T00:39:19.5226406+00:00 ContainerStream:       Executed DbCommand (2ms) [Parameters=[], CommandType='Text', CommandTimeout='30']
2026-08-08T00:39:19.5226681+00:00 ContainerStream:       SELECT OBJECT_ID(N'[__EFMigrationsHistory]');
2026-08-08T00:39:19.5243199+00:00 ContainerStream: info: Microsoft.EntityFrameworkCore.Database.Command[20101]
2026-08-08T00:39:19.5243578+00:00 ContainerStream:       Executed DbCommand (2ms) [Parameters=[], CommandType='Text', CommandTimeout='30']
2026-08-08T00:39:19.5243651+00:00 ContainerStream:       SELECT [MigrationId], [ProductVersion]
2026-08-08T00:39:19.5243691+00:00 ContainerStream:       FROM [__EFMigrationsHistory]
2026-08-08T00:39:19.5244378+00:00 ContainerStream:       ORDER BY [MigrationId];
2026-08-08T00:39:19.5266876+00:00 ContainerStream: info: Microsoft.EntityFrameworkCore.Database.Command[20101]
2026-08-08T00:39:19.5267171+00:00 ContainerStream:       Executed DbCommand (2ms) [Parameters=[], CommandType='Text', CommandTimeout='30']
2026-08-08T00:39:19.5267241+00:00 ContainerStream:       SELECT TOP(1) [b].[BankAccountNumber]
2026-08-08T00:39:19.5267327+00:00 ContainerStream:       FROM [Beneficiaries] AS [b]
2026-08-08T00:39:19.5267366+00:00 ContainerStream:       ORDER BY [b].[Id]
2026-08-08T00:39:20.7839512+00:00 ContainerStream: info: Microsoft.EntityFrameworkCore.Database.Command[20101]
2026-08-08T00:39:20.7840307+00:00 ContainerStream:       Executed DbCommand (2ms) [Parameters=[], CommandType='Text', CommandTimeout='30']
2026-08-08T00:39:20.7840431+00:00 ContainerStream:       SELECT 1
2026-08-08T00:39:20.7873701+00:00 ContainerStream: info: Microsoft.EntityFrameworkCore.Database.Command[20101]
2026-08-08T00:39:20.7874275+00:00 ContainerStream:       Executed DbCommand (2ms) [Parameters=[], CommandType='Text', CommandTimeout='30']
2026-08-08T00:39:20.7874378+00:00 ContainerStream:       SELECT OBJECT_ID(N'[__EFMigrationsHistory]');
2026-08-08T00:39:20.7893398+00:00 ContainerStream: info: Microsoft.EntityFrameworkCore.Database.Command[20101]
2026-08-08T00:39:20.7893944+00:00 ContainerStream:       Executed DbCommand (2ms) [Parameters=[], CommandType='Text', CommandTimeout='30']
2026-08-08T00:39:20.7894039+00:00 ContainerStream:       SELECT [MigrationId], [ProductVersion]
2026-08-08T00:39:20.7894089+00:00 ContainerStream:       FROM [__EFMigrationsHistory]
2026-08-08T00:39:20.7894315+00:00 ContainerStream:       ORDER BY [MigrationId];
2026-08-08T00:39:20.7920697+00:00 ContainerStream: info: Microsoft.EntityFrameworkCore.Database.Command[20101]
2026-08-08T00:39:20.7921100+00:00 ContainerStream:       Executed DbCommand (2ms) [Parameters=[], CommandType='Text', CommandTimeout='30']
2026-08-08T00:39:20.7921175+00:00 ContainerStream:       SELECT TOP(1) [b].[BankAccountNumber]
2026-08-08T00:39:20.7921217+00:00 ContainerStream:       FROM [Beneficiaries] AS [b]
2026-08-08T00:39:20.7921256+00:00 ContainerStream:       ORDER BY [b].[Id]
2026-08-08T00:39:22.1097959+00:00 ContainerStream: info: Microsoft.EntityFrameworkCore.Database.Command[20101]
2026-08-08T00:39:22.1098670+00:00 ContainerStream:       Executed DbCommand (2ms) [Parameters=[], CommandType='Text', CommandTimeout='30']
2026-08-08T00:39:22.1098788+00:00 ContainerStream:       SELECT 1
2026-08-08T00:39:22.1123185+00:00 ContainerStream: info: Microsoft.EntityFrameworkCore.Database.Command[20101]
2026-08-08T00:39:22.1123679+00:00 ContainerStream:       Executed DbCommand (2ms) [Parameters=[], CommandType='Text', CommandTimeout='30']
2026-08-08T00:39:22.1123768+00:00 ContainerStream:       SELECT OBJECT_ID(N'[__EFMigrationsHistory]');
2026-08-08T00:39:22.1159189+00:00 ContainerStream: info: Microsoft.EntityFrameworkCore.Database.Command[20101]
2026-08-08T00:39:22.1159576+00:00 ContainerStream:       Executed DbCommand (2ms) [Parameters=[], CommandType='Text', CommandTimeout='30']
2026-08-08T00:39:22.1159767+00:00 ContainerStream:       SELECT [MigrationId], [ProductVersion]
2026-08-08T00:39:22.1159860+00:00 ContainerStream:       FROM [__EFMigrationsHistory]
2026-08-08T00:39:22.1159904+00:00 ContainerStream:       ORDER BY [MigrationId];
2026-08-08T00:39:22.1190511+00:00 ContainerStream: info: Microsoft.EntityFrameworkCore.Database.Command[20101]
2026-08-08T00:39:22.1190962+00:00 ContainerStream:       Executed DbCommand (2ms) [Parameters=[], CommandType='Text', CommandTimeout='30']
2026-08-08T00:39:22.1191088+00:00 ContainerStream:       SELECT TOP(1) [b].[BankAccountNumber]
2026-08-08T00:39:22.1191135+00:00 ContainerStream:       FROM [Beneficiaries] AS [b]
2026-08-08T00:39:22.1191173+00:00 ContainerStream:       ORDER BY [b].[Id]
2026-08-08T00:39:24.0572188+00:00 ContainerStream: info: Microsoft.EntityFrameworkCore.Database.Command[20101]
2026-08-08T00:39:24.0572976+00:00 ContainerStream:       Executed DbCommand (2ms) [Parameters=[], CommandType='Text', CommandTimeout='30']
2026-08-08T00:39:24.0573175+00:00 ContainerStream:       SELECT 1
2026-08-08T00:39:24.0593850+00:00 ContainerStream: info: Microsoft.EntityFrameworkCore.Database.Command[20101]
2026-08-08T00:39:24.0594553+00:00 ContainerStream:       Executed DbCommand (2ms) [Parameters=[], CommandType='Text', CommandTimeout='30']
2026-08-08T00:39:24.0594644+00:00 ContainerStream:       SELECT OBJECT_ID(N'[__EFMigrationsHistory]');
2026-08-08T00:39:24.0624484+00:00 ContainerStream: info: Microsoft.EntityFrameworkCore.Database.Command[20101]
2026-08-08T00:39:24.0624855+00:00 ContainerStream:       Executed DbCommand (2ms) [Parameters=[], CommandType='Text', CommandTimeout='30']
2026-08-08T00:39:24.0624937+00:00 ContainerStream:       SELECT [MigrationId], [ProductVersion]
2026-08-08T00:39:24.0624977+00:00 ContainerStream:       FROM [__EFMigrationsHistory]
2026-08-08T00:39:24.0630729+00:00 ContainerStream:       ORDER BY [MigrationId];
2026-08-08T00:39:24.0650478+00:00 ContainerStream: info: Microsoft.EntityFrameworkCore.Database.Command[20101]
2026-08-08T00:39:24.0650807+00:00 ContainerStream:       Executed DbCommand (2ms) [Parameters=[], CommandType='Text', CommandTimeout='30']
2026-08-08T00:39:24.0650877+00:00 ContainerStream:       SELECT TOP(1) [b].[BankAccountNumber]
2026-08-08T00:39:24.0650919+00:00 ContainerStream:       FROM [Beneficiaries] AS [b]
2026-08-08T00:39:24.0650999+00:00 ContainerStream:       ORDER BY [b].[Id]
2026-08-08T00:39:35.4047215+00:00 ContainerStream: info: Microsoft.EntityFrameworkCore.Database.Command[20101]
2026-08-08T00:39:35.4047958+00:00 ContainerStream:       Executed DbCommand (3ms) [Parameters=[], CommandType='Text', CommandTimeout='30']
2026-08-08T00:39:35.4048064+00:00 ContainerStream:       SELECT 1
2026-08-08T00:39:35.4067795+00:00 ContainerStream: info: Microsoft.EntityFrameworkCore.Database.Command[20101]
2026-08-08T00:39:35.4068321+00:00 ContainerStream:       Executed DbCommand (2ms) [Parameters=[], CommandType='Text', CommandTimeout='30']
2026-08-08T00:39:35.4068401+00:00 ContainerStream:       SELECT OBJECT_ID(N'[__EFMigrationsHistory]');
2026-08-08T00:39:35.4113002+00:00 ContainerStream: info: Microsoft.EntityFrameworkCore.Database.Command[20101]
2026-08-08T00:39:35.4113425+00:00 ContainerStream:       Executed DbCommand (3ms) [Parameters=[], CommandType='Text', CommandTimeout='30']
2026-08-08T00:39:35.4113552+00:00 ContainerStream:       SELECT [MigrationId], [ProductVersion]
2026-08-08T00:39:35.4113597+00:00 ContainerStream:       FROM [__EFMigrationsHistory]
2026-08-08T00:39:35.4113635+00:00 ContainerStream:       ORDER BY [MigrationId];
2026-08-08T00:39:35.4131657+00:00 ContainerStream: info: Microsoft.EntityFrameworkCore.Database.Command[20101]
2026-08-08T00:39:35.4132028+00:00 ContainerStream:       Executed DbCommand (2ms) [Parameters=[], CommandType='Text', CommandTimeout='30']
2026-08-08T00:39:35.4135723+00:00 ContainerStream:       SELECT TOP(1) [b].[BankAccountNumber]
2026-08-08T00:39:35.4135882+00:00 ContainerStream:       FROM [Beneficiaries] AS [b]
2026-08-08T00:39:35.4135931+00:00 ContainerStream:       ORDER BY [b].[Id]
2026-08-08T00:39:37.9478625+00:00 ContainerStream: info: Microsoft.EntityFrameworkCore.Database.Command[20101]
2026-08-08T00:39:37.9479457+00:00 ContainerStream:       Executed DbCommand (2ms) [Parameters=[], CommandType='Text', CommandTimeout='30']
2026-08-08T00:39:37.9479576+00:00 ContainerStream:       SELECT 1
2026-08-08T00:39:37.9500799+00:00 ContainerStream: info: Microsoft.EntityFrameworkCore.Database.Command[20101]
2026-08-08T00:39:37.9501433+00:00 ContainerStream:       Executed DbCommand (2ms) [Parameters=[], CommandType='Text', CommandTimeout='30']
2026-08-08T00:39:37.9501534+00:00 ContainerStream:       SELECT OBJECT_ID(N'[__EFMigrationsHistory]');
2026-08-08T00:39:37.9534780+00:00 ContainerStream: info: Microsoft.EntityFrameworkCore.Database.Command[20101]
2026-08-08T00:39:37.9535079+00:00 ContainerStream:       Executed DbCommand (2ms) [Parameters=[], CommandType='Text', CommandTimeout='30']
2026-08-08T00:39:37.9535151+00:00 ContainerStream:       SELECT [MigrationId], [ProductVersion]
2026-08-08T00:39:37.9535193+00:00 ContainerStream:       FROM [__EFMigrationsHistory]
2026-08-08T00:39:37.9535500+00:00 ContainerStream:       ORDER BY [MigrationId];
2026-08-08T00:39:37.9559997+00:00 ContainerStream: info: Microsoft.EntityFrameworkCore.Database.Command[20101]
2026-08-08T00:39:37.9560305+00:00 ContainerStream:       Executed DbCommand (2ms) [Parameters=[], CommandType='Text', CommandTimeout='30']
2026-08-08T00:39:37.9560369+00:00 ContainerStream:       SELECT TOP(1) [b].[BankAccountNumber]
2026-08-08T00:39:37.9560415+00:00 ContainerStream:       FROM [Beneficiaries] AS [b]
2026-08-08T00:39:37.9560499+00:00 ContainerStream:       ORDER BY [b].[Id]
2026-08-08T00:39:42.7842734+00:00 ContainerStream: info: Microsoft.EntityFrameworkCore.Database.Command[20101]
2026-08-08T00:39:42.7843629+00:00 ContainerStream:       Executed DbCommand (3ms) [Parameters=[], CommandType='Text', CommandTimeout='30']
2026-08-08T00:39:42.7843766+00:00 ContainerStream:       SELECT 1
2026-08-08T00:39:42.7869346+00:00 ContainerStream: info: Microsoft.EntityFrameworkCore.Database.Command[20101]
2026-08-08T00:39:42.7869876+00:00 ContainerStream:       Executed DbCommand (3ms) [Parameters=[], CommandType='Text', CommandTimeout='30']
2026-08-08T00:39:42.7869975+00:00 ContainerStream:       SELECT OBJECT_ID(N'[__EFMigrationsHistory]');
2026-08-08T00:39:42.7908090+00:00 ContainerStream: info: Microsoft.EntityFrameworkCore.Database.Command[20101]
2026-08-08T00:39:42.7908448+00:00 ContainerStream:       Executed DbCommand (2ms) [Parameters=[], CommandType='Text', CommandTimeout='30']
2026-08-08T00:39:42.7908581+00:00 ContainerStream:       SELECT [MigrationId], [ProductVersion]
2026-08-08T00:39:42.7908624+00:00 ContainerStream:       FROM [__EFMigrationsHistory]
2026-08-08T00:39:42.7908660+00:00 ContainerStream:       ORDER BY [MigrationId];
2026-08-08T00:39:42.7932401+00:00 ContainerStream: info: Microsoft.EntityFrameworkCore.Database.Command[20101]
2026-08-08T00:39:42.7932773+00:00 ContainerStream:       Executed DbCommand (2ms) [Parameters=[], CommandType='Text', CommandTimeout='30']
2026-08-08T00:39:42.7932836+00:00 ContainerStream:       SELECT TOP(1) [b].[BankAccountNumber]
2026-08-08T00:39:42.7932874+00:00 ContainerStream:       FROM [Beneficiaries] AS [b]
2026-08-08T00:39:42.7932910+00:00 ContainerStream:       ORDER BY [b].[Id]
2026-08-08T00:39:48.2609788+00:00 ContainerStream: info: Microsoft.EntityFrameworkCore.Database.Command[20101]
2026-08-08T00:39:48.2610596+00:00 ContainerStream:       Executed DbCommand (2ms) [Parameters=[], CommandType='Text', CommandTimeout='30']
2026-08-08T00:39:48.2610685+00:00 ContainerStream:       SELECT 1
2026-08-08T00:39:48.2627942+00:00 ContainerStream: info: Microsoft.EntityFrameworkCore.Database.Command[20101]
2026-08-08T00:39:48.2630217+00:00 ContainerStream:       Executed DbCommand (2ms) [Parameters=[], CommandType='Text', CommandTimeout='30']
2026-08-08T00:39:48.2630434+00:00 ContainerStream:       SELECT OBJECT_ID(N'[__EFMigrationsHistory]');
2026-08-08T00:39:48.2668668+00:00 ContainerStream: info: Microsoft.EntityFrameworkCore.Database.Command[20101]
2026-08-08T00:39:48.2669050+00:00 ContainerStream:       Executed DbCommand (2ms) [Parameters=[], CommandType='Text', CommandTimeout='30']
2026-08-08T00:39:48.2669123+00:00 ContainerStream:       SELECT [MigrationId], [ProductVersion]
2026-08-08T00:39:48.2669165+00:00 ContainerStream:       FROM [__EFMigrationsHistory]
2026-08-08T00:39:48.2669252+00:00 ContainerStream:       ORDER BY [MigrationId];
2026-08-08T00:39:48.2685728+00:00 ContainerStream: info: Microsoft.EntityFrameworkCore.Database.Command[20101]
2026-08-08T00:39:48.2686032+00:00 ContainerStream:       Executed DbCommand (2ms) [Parameters=[], CommandType='Text', CommandTimeout='30']
2026-08-08T00:39:48.2686092+00:00 ContainerStream:       SELECT TOP(1) [b].[BankAccountNumber]
2026-08-08T00:39:48.2686127+00:00 ContainerStream:       FROM [Beneficiaries] AS [b]
2026-08-08T00:39:48.2686207+00:00 ContainerStream:       ORDER BY [b].[Id]
2026-08-08T00:39:51.0304025+00:00 ContainerStream: info: Microsoft.EntityFrameworkCore.Database.Command[20101]
2026-08-08T00:39:51.0304987+00:00 ContainerStream:       Executed DbCommand (2ms) [Parameters=[], CommandType='Text', CommandTimeout='30']
2026-08-08T00:39:51.0305097+00:00 ContainerStream:       SELECT 1
2026-08-08T00:39:51.0326441+00:00 ContainerStream: info: Microsoft.EntityFrameworkCore.Database.Command[20101]
2026-08-08T00:39:51.0327127+00:00 ContainerStream:       Executed DbCommand (2ms) [Parameters=[], CommandType='Text', CommandTimeout='30']
2026-08-08T00:39:51.0327211+00:00 ContainerStream:       SELECT OBJECT_ID(N'[__EFMigrationsHistory]');
2026-08-08T00:39:51.0364612+00:00 ContainerStream: info: Microsoft.EntityFrameworkCore.Database.Command[20101]
2026-08-08T00:39:51.0365080+00:00 ContainerStream:       Executed DbCommand (2ms) [Parameters=[], CommandType='Text', CommandTimeout='30']
2026-08-08T00:39:51.0365156+00:00 ContainerStream:       SELECT [MigrationId], [ProductVersion]
2026-08-08T00:39:51.0365195+00:00 ContainerStream:       FROM [__EFMigrationsHistory]
2026-08-08T00:39:51.0368331+00:00 ContainerStream:       ORDER BY [MigrationId];
2026-08-08T00:39:51.0382393+00:00 ContainerStream: info: Microsoft.EntityFrameworkCore.Database.Command[20101]
2026-08-08T00:39:51.0382685+00:00 ContainerStream:       Executed DbCommand (2ms) [Parameters=[], CommandType='Text', CommandTimeout='30']
2026-08-08T00:39:51.0382754+00:00 ContainerStream:       SELECT TOP(1) [b].[BankAccountNumber]
2026-08-08T00:39:51.0382796+00:00 ContainerStream:       FROM [Beneficiaries] AS [b]
2026-08-08T00:39:51.0382832+00:00 ContainerStream:       ORDER BY [b].[Id]
2026-08-08T00:39:57.1499756+00:00 ContainerStream: info: Microsoft.EntityFrameworkCore.Database.Command[20101]
2026-08-08T00:39:57.1500702+00:00 ContainerStream:       Executed DbCommand (2ms) [Parameters=[], CommandType='Text', CommandTimeout='30']
2026-08-08T00:39:57.1500829+00:00 ContainerStream:       SELECT 1
2026-08-08T00:39:57.1519489+00:00 ContainerStream: info: Microsoft.EntityFrameworkCore.Database.Command[20101]
2026-08-08T00:39:57.1520037+00:00 ContainerStream:       Executed DbCommand (2ms) [Parameters=[], CommandType='Text', CommandTimeout='30']
2026-08-08T00:39:57.1520149+00:00 ContainerStream:       SELECT OBJECT_ID(N'[__EFMigrationsHistory]');
2026-08-08T00:39:57.1562310+00:00 ContainerStream: info: Microsoft.EntityFrameworkCore.Database.Command[20101]
2026-08-08T00:39:57.1562850+00:00 ContainerStream:       Executed DbCommand (2ms) [Parameters=[], CommandType='Text', CommandTimeout='30']
2026-08-08T00:39:57.1562937+00:00 ContainerStream:       SELECT [MigrationId], [ProductVersion]
2026-08-08T00:39:57.1563034+00:00 ContainerStream:       FROM [__EFMigrationsHistory]
2026-08-08T00:39:57.1563072+00:00 ContainerStream:       ORDER BY [MigrationId];
2026-08-08T00:39:57.1585551+00:00 ContainerStream: info: Microsoft.EntityFrameworkCore.Database.Command[20101]
2026-08-08T00:39:57.1585936+00:00 ContainerStream:       Executed DbCommand (2ms) [Parameters=[], CommandType='Text', CommandTimeout='30']
2026-08-08T00:39:57.1586057+00:00 ContainerStream:       SELECT TOP(1) [b].[BankAccountNumber]
2026-08-08T00:39:57.1586107+00:00 ContainerStream:       FROM [Beneficiaries] AS [b]
2026-08-08T00:39:57.1586151+00:00 ContainerStream:       ORDER BY [b].[Id]
2026-08-08T00:40:00.0496364+00:00 ContainerStream: info: Microsoft.EntityFrameworkCore.Database.Command[20101]
2026-08-08T00:40:00.0497174+00:00 ContainerStream:       Executed DbCommand (2ms) [Parameters=[], CommandType='Text', CommandTimeout='30']
2026-08-08T00:40:00.0497369+00:00 ContainerStream:       SELECT 1
2026-08-08T00:40:00.0517289+00:00 ContainerStream: info: Microsoft.EntityFrameworkCore.Database.Command[20101]
2026-08-08T00:40:00.0517731+00:00 ContainerStream:       Executed DbCommand (2ms) [Parameters=[], CommandType='Text', CommandTimeout='30']
2026-08-08T00:40:00.0517817+00:00 ContainerStream:       SELECT OBJECT_ID(N'[__EFMigrationsHistory]');
2026-08-08T00:40:00.0551191+00:00 ContainerStream: info: Microsoft.EntityFrameworkCore.Database.Command[20101]
2026-08-08T00:40:00.0551568+00:00 ContainerStream:       Executed DbCommand (2ms) [Parameters=[], CommandType='Text', CommandTimeout='30']
2026-08-08T00:40:00.0551646+00:00 ContainerStream:       SELECT [MigrationId], [ProductVersion]
2026-08-08T00:40:00.0551694+00:00 ContainerStream:       FROM [__EFMigrationsHistory]
2026-08-08T00:40:00.0551734+00:00 ContainerStream:       ORDER BY [MigrationId];
2026-08-08T00:40:00.0581609+00:00 ContainerStream: info: Microsoft.EntityFrameworkCore.Database.Command[20101]
2026-08-08T00:40:00.0582065+00:00 ContainerStream:       Executed DbCommand (2ms) [Parameters=[], CommandType='Text', CommandTimeout='30']
2026-08-08T00:40:00.0582146+00:00 ContainerStream:       SELECT TOP(1) [b].[BankAccountNumber]
2026-08-08T00:40:00.0582186+00:00 ContainerStream:       FROM [Beneficiaries] AS [b]
2026-08-08T00:40:00.0582225+00:00 ContainerStream:       ORDER BY [b].[Id]
2026-08-08T00:40:00.4001839+00:00 ContainerStream: info: Microsoft.EntityFrameworkCore.Database.Command[20101]
2026-08-08T00:40:00.4002637+00:00 ContainerStream:       Executed DbCommand (2ms) [Parameters=[], CommandType='Text', CommandTimeout='30']
2026-08-08T00:40:00.4002742+00:00 ContainerStream:       SELECT 1
2026-08-08T00:40:00.4038477+00:00 ContainerStream: info: Microsoft.EntityFrameworkCore.Database.Command[20101]
2026-08-08T00:40:00.4039111+00:00 ContainerStream:       Executed DbCommand (2ms) [Parameters=[], CommandType='Text', CommandTimeout='30']
2026-08-08T00:40:00.4039216+00:00 ContainerStream:       SELECT OBJECT_ID(N'[__EFMigrationsHistory]');
2026-08-08T00:40:00.4060443+00:00 ContainerStream: info: Microsoft.EntityFrameworkCore.Database.Command[20101]
2026-08-08T00:40:00.4060797+00:00 ContainerStream:       Executed DbCommand (2ms) [Parameters=[], CommandType='Text', CommandTimeout='30']
2026-08-08T00:40:00.4060918+00:00 ContainerStream:       SELECT [MigrationId], [ProductVersion]
2026-08-08T00:40:00.4060965+00:00 ContainerStream:       FROM [__EFMigrationsHistory]
2026-08-08T00:40:00.4061010+00:00 ContainerStream:       ORDER BY [MigrationId];
2026-08-08T00:40:00.4093728+00:00 ContainerStream: info: Microsoft.EntityFrameworkCore.Database.Command[20101]
2026-08-08T00:40:00.4094084+00:00 ContainerStream:       Executed DbCommand (3ms) [Parameters=[], CommandType='Text', CommandTimeout='30']
2026-08-08T00:40:00.4094394+00:00 ContainerStream:       SELECT TOP(1) [b].[BankAccountNumber]
2026-08-08T00:40:00.4094441+00:00 ContainerStream:       FROM [Beneficiaries] AS [b]
2026-08-08T00:40:00.4094476+00:00 ContainerStream:       ORDER BY [b].[Id]
2026-08-08T00:40:01.5376993+00:00 ContainerStream: info: Microsoft.EntityFrameworkCore.Database.Command[20101]
2026-08-08T00:40:01.5377908+00:00 ContainerStream:       Executed DbCommand (3ms) [Parameters=[], CommandType='Text', CommandTimeout='30']
2026-08-08T00:40:01.5378030+00:00 ContainerStream:       SELECT 1
2026-08-08T00:40:01.5408314+00:00 ContainerStream: info: Microsoft.EntityFrameworkCore.Database.Command[20101]
2026-08-08T00:40:01.5408907+00:00 ContainerStream:       Executed DbCommand (2ms) [Parameters=[], CommandType='Text', CommandTimeout='30']
2026-08-08T00:40:01.5409005+00:00 ContainerStream:       SELECT OBJECT_ID(N'[__EFMigrationsHistory]');
2026-08-08T00:40:01.5449765+00:00 ContainerStream: info: Microsoft.EntityFrameworkCore.Database.Command[20101]
2026-08-08T00:40:01.5450628+00:00 ContainerStream:       Executed DbCommand (3ms) [Parameters=[], CommandType='Text', CommandTimeout='30']
2026-08-08T00:40:01.5450724+00:00 ContainerStream:       SELECT [MigrationId], [ProductVersion]
2026-08-08T00:40:01.5450771+00:00 ContainerStream:       FROM [__EFMigrationsHistory]
2026-08-08T00:40:01.5450861+00:00 ContainerStream:       ORDER BY [MigrationId];
2026-08-08T00:40:01.5484600+00:00 ContainerStream: info: Microsoft.EntityFrameworkCore.Database.Command[20101]
2026-08-08T00:40:01.5491107+00:00 ContainerStream:       Executed DbCommand (2ms) [Parameters=[], CommandType='Text', CommandTimeout='30']
2026-08-08T00:40:01.5528941+00:00 ContainerStream:       SELECT TOP(1) [b].[BankAccountNumber]
2026-08-08T00:40:01.5529117+00:00 ContainerStream:       FROM [Beneficiaries] AS [b]
2026-08-08T00:40:01.5529217+00:00 ContainerStream:       ORDER BY [b].[Id]
2026-08-08T00:40:01.9898043+00:00 ContainerStream: info: Microsoft.EntityFrameworkCore.Database.Command[20101]
2026-08-08T00:40:01.9898865+00:00 ContainerStream:       Executed DbCommand (12ms) [Parameters=[], CommandType='Text', CommandTimeout='30']
2026-08-08T00:40:01.9898970+00:00 ContainerStream:       SELECT 1
2026-08-08T00:40:01.9919272+00:00 ContainerStream: info: Microsoft.EntityFrameworkCore.Database.Command[20101]
2026-08-08T00:40:01.9921443+00:00 ContainerStream:       Executed DbCommand (2ms) [Parameters=[], CommandType='Text', CommandTimeout='30']
2026-08-08T00:40:01.9921547+00:00 ContainerStream:       SELECT OBJECT_ID(N'[__EFMigrationsHistory]');
2026-08-08T00:40:01.9957683+00:00 ContainerStream: info: Microsoft.EntityFrameworkCore.Database.Command[20101]
2026-08-08T00:40:01.9958131+00:00 ContainerStream:       Executed DbCommand (2ms) [Parameters=[], CommandType='Text', CommandTimeout='30']
2026-08-08T00:40:01.9958259+00:00 ContainerStream:       SELECT [MigrationId], [ProductVersion]
2026-08-08T00:40:01.9958309+00:00 ContainerStream:       FROM [__EFMigrationsHistory]
2026-08-08T00:40:01.9958351+00:00 ContainerStream:       ORDER BY [MigrationId];
2026-08-08T00:40:01.9974984+00:00 ContainerStream: info: Microsoft.EntityFrameworkCore.Database.Command[20101]
2026-08-08T00:40:01.9975346+00:00 ContainerStream:       Executed DbCommand (2ms) [Parameters=[], CommandType='Text', CommandTimeout='30']
2026-08-08T00:40:01.9975455+00:00 ContainerStream:       SELECT TOP(1) [b].[BankAccountNumber]
2026-08-08T00:40:01.9975493+00:00 ContainerStream:       FROM [Beneficiaries] AS [b]
2026-08-08T00:40:01.9975530+00:00 ContainerStream:       ORDER BY [b].[Id]
2026-08-08T00:40:03.8886347+00:00 ContainerStream: info: Microsoft.EntityFrameworkCore.Database.Command[20101]
2026-08-08T00:40:03.8887626+00:00 ContainerStream:       Executed DbCommand (2ms) [Parameters=[], CommandType='Text', CommandTimeout='30']
2026-08-08T00:40:03.8887737+00:00 ContainerStream:       SELECT 1
2026-08-08T00:40:03.8909413+00:00 ContainerStream: info: Microsoft.EntityFrameworkCore.Database.Command[20101]
2026-08-08T00:40:03.8910093+00:00 ContainerStream:       Executed DbCommand (2ms) [Parameters=[], CommandType='Text', CommandTimeout='30']
2026-08-08T00:40:03.8910183+00:00 ContainerStream:       SELECT OBJECT_ID(N'[__EFMigrationsHistory]');
2026-08-08T00:40:03.8944904+00:00 ContainerStream: info: Microsoft.EntityFrameworkCore.Database.Command[20101]
2026-08-08T00:40:03.8945282+00:00 ContainerStream:       Executed DbCommand (2ms) [Parameters=[], CommandType='Text', CommandTimeout='30']
2026-08-08T00:40:03.8945462+00:00 ContainerStream:       SELECT [MigrationId], [ProductVersion]
2026-08-08T00:40:03.8945509+00:00 ContainerStream:       FROM [__EFMigrationsHistory]
2026-08-08T00:40:03.8946217+00:00 ContainerStream:       ORDER BY [MigrationId];
2026-08-08T00:40:03.8971879+00:00 ContainerStream: info: Microsoft.EntityFrameworkCore.Database.Command[20101]
2026-08-08T00:40:03.8972245+00:00 ContainerStream:       Executed DbCommand (2ms) [Parameters=[], CommandType='Text', CommandTimeout='30']
2026-08-08T00:40:03.8972327+00:00 ContainerStream:       SELECT TOP(1) [b].[BankAccountNumber]
2026-08-08T00:40:03.8972371+00:00 ContainerStream:       FROM [Beneficiaries] AS [b]
2026-08-08T00:40:03.8972453+00:00 ContainerStream:       ORDER BY [b].[Id]
2026-08-08T00:40:04.2514737+00:00 ContainerStream: info: Microsoft.EntityFrameworkCore.Database.Command[20101]
2026-08-08T00:40:04.2515487+00:00 ContainerStream:       Executed DbCommand (2ms) [Parameters=[], CommandType='Text', CommandTimeout='30']
2026-08-08T00:40:04.2515601+00:00 ContainerStream:       SELECT 1
2026-08-08T00:40:04.2537448+00:00 ContainerStream: info: Microsoft.EntityFrameworkCore.Database.Command[20101]
2026-08-08T00:40:04.2540008+00:00 ContainerStream:       Executed DbCommand (2ms) [Parameters=[], CommandType='Text', CommandTimeout='30']
2026-08-08T00:40:04.2540198+00:00 ContainerStream:       SELECT OBJECT_ID(N'[__EFMigrationsHistory]');
2026-08-08T00:40:04.2574175+00:00 ContainerStream: info: Microsoft.EntityFrameworkCore.Database.Command[20101]
2026-08-08T00:40:04.2574491+00:00 ContainerStream:       Executed DbCommand (2ms) [Parameters=[], CommandType='Text', CommandTimeout='30']
2026-08-08T00:40:04.2574610+00:00 ContainerStream:       SELECT [MigrationId], [ProductVersion]
2026-08-08T00:40:04.2574658+00:00 ContainerStream:       FROM [__EFMigrationsHistory]
2026-08-08T00:40:04.2574699+00:00 ContainerStream:       ORDER BY [MigrationId];
2026-08-08T00:40:04.2591199+00:00 ContainerStream: info: Microsoft.EntityFrameworkCore.Database.Command[20101]
2026-08-08T00:40:04.2591565+00:00 ContainerStream:       Executed DbCommand (2ms) [Parameters=[], CommandType='Text', CommandTimeout='30']
2026-08-08T00:40:04.2591631+00:00 ContainerStream:       SELECT TOP(1) [b].[BankAccountNumber]
2026-08-08T00:40:04.2591666+00:00 ContainerStream:       FROM [Beneficiaries] AS [b]
2026-08-08T00:40:04.2591701+00:00 ContainerStream:       ORDER BY [b].[Id]
2026-08-08T00:40:04.5979572+00:00 ContainerStream: info: Microsoft.EntityFrameworkCore.Database.Command[20101]
2026-08-08T00:40:04.5981229+00:00 ContainerStream:       Executed DbCommand (2ms) [Parameters=[], CommandType='Text', CommandTimeout='30']
2026-08-08T00:40:04.5981360+00:00 ContainerStream:       SELECT 1
2026-08-08T00:40:04.5999554+00:00 ContainerStream: info: Microsoft.EntityFrameworkCore.Database.Command[20101]
2026-08-08T00:40:04.5999951+00:00 ContainerStream:       Executed DbCommand (2ms) [Parameters=[], CommandType='Text', CommandTimeout='30']
2026-08-08T00:40:04.6002495+00:00 ContainerStream:       SELECT OBJECT_ID(N'[__EFMigrationsHistory]');
2026-08-08T00:40:04.6033177+00:00 ContainerStream: info: Microsoft.EntityFrameworkCore.Database.Command[20101]
2026-08-08T00:40:04.6033494+00:00 ContainerStream:       Executed DbCommand (2ms) [Parameters=[], CommandType='Text', CommandTimeout='30']
2026-08-08T00:40:04.6033573+00:00 ContainerStream:       SELECT [MigrationId], [ProductVersion]
2026-08-08T00:40:04.6038773+00:00 ContainerStream:       FROM [__EFMigrationsHistory]
2026-08-08T00:40:04.6039097+00:00 ContainerStream:       ORDER BY [MigrationId];
2026-08-08T00:40:04.6055126+00:00 ContainerStream: info: Microsoft.EntityFrameworkCore.Database.Command[20101]
2026-08-08T00:40:04.6055417+00:00 ContainerStream:       Executed DbCommand (2ms) [Parameters=[], CommandType='Text', CommandTimeout='30']
2026-08-08T00:40:04.6055530+00:00 ContainerStream:       SELECT TOP(1) [b].[BankAccountNumber]
2026-08-08T00:40:04.6055568+00:00 ContainerStream:       FROM [Beneficiaries] AS [b]
2026-08-08T00:40:04.6062829+00:00 ContainerStream:       ORDER BY [b].[Id]
2026-08-08T00:40:06.5813196+00:00 ContainerStream: info: Microsoft.EntityFrameworkCore.Database.Command[20101]
2026-08-08T00:40:06.5813914+00:00 ContainerStream:       Executed DbCommand (2ms) [Parameters=[], CommandType='Text', CommandTimeout='30']
2026-08-08T00:40:06.5814084+00:00 ContainerStream:       SELECT 1
2026-08-08T00:40:06.5833355+00:00 ContainerStream: info: Microsoft.EntityFrameworkCore.Database.Command[20101]
2026-08-08T00:40:06.5833811+00:00 ContainerStream:       Executed DbCommand (2ms) [Parameters=[], CommandType='Text', CommandTimeout='30']
2026-08-08T00:40:06.5833892+00:00 ContainerStream:       SELECT OBJECT_ID(N'[__EFMigrationsHistory]');
2026-08-08T00:40:06.5886500+00:00 ContainerStream: info: Microsoft.EntityFrameworkCore.Database.Command[20101]
2026-08-08T00:40:06.5887072+00:00 ContainerStream:       Executed DbCommand (3ms) [Parameters=[], CommandType='Text', CommandTimeout='30']
2026-08-08T00:40:06.5887161+00:00 ContainerStream:       SELECT [MigrationId], [ProductVersion]
2026-08-08T00:40:06.5887206+00:00 ContainerStream:       FROM [__EFMigrationsHistory]
2026-08-08T00:40:06.5887251+00:00 ContainerStream:       ORDER BY [MigrationId];
2026-08-08T00:40:06.5899632+00:00 ContainerStream: info: Microsoft.EntityFrameworkCore.Database.Command[20101]
2026-08-08T00:40:06.5899973+00:00 ContainerStream:       Executed DbCommand (2ms) [Parameters=[], CommandType='Text', CommandTimeout='30']
2026-08-08T00:40:06.5900040+00:00 ContainerStream:       SELECT TOP(1) [b].[BankAccountNumber]
2026-08-08T00:40:06.5900079+00:00 ContainerStream:       FROM [Beneficiaries] AS [b]
2026-08-08T00:40:06.5900115+00:00 ContainerStream:       ORDER BY [b].[Id]
2026-08-08T00:40:07.2301142+00:00 ContainerStream: info: Microsoft.EntityFrameworkCore.Database.Command[20101]
2026-08-08T00:40:07.2301872+00:00 ContainerStream:       Executed DbCommand (2ms) [Parameters=[], CommandType='Text', CommandTimeout='30']
2026-08-08T00:40:07.2301966+00:00 ContainerStream:       SELECT 1
2026-08-08T00:40:07.2326439+00:00 ContainerStream: info: Microsoft.EntityFrameworkCore.Database.Command[20101]
2026-08-08T00:40:07.2327268+00:00 ContainerStream:       Executed DbCommand (3ms) [Parameters=[], CommandType='Text', CommandTimeout='30']
2026-08-08T00:40:07.2327358+00:00 ContainerStream:       SELECT OBJECT_ID(N'[__EFMigrationsHistory]');
2026-08-08T00:40:07.2371702+00:00 ContainerStream: info: Microsoft.EntityFrameworkCore.Database.Command[20101]
2026-08-08T00:40:07.2372067+00:00 ContainerStream:       Executed DbCommand (3ms) [Parameters=[], CommandType='Text', CommandTimeout='30']
2026-08-08T00:40:07.2375184+00:00 ContainerStream:       SELECT [MigrationId], [ProductVersion]
2026-08-08T00:40:07.2375351+00:00 ContainerStream:       FROM [__EFMigrationsHistory]
2026-08-08T00:40:07.2375553+00:00 ContainerStream:       ORDER BY [MigrationId];
2026-08-08T00:40:07.2401439+00:00 ContainerStream: info: Microsoft.EntityFrameworkCore.Database.Command[20101]
2026-08-08T00:40:07.2402771+00:00 ContainerStream:       Executed DbCommand (2ms) [Parameters=[], CommandType='Text', CommandTimeout='30']
2026-08-08T00:40:07.2402997+00:00 ContainerStream:       SELECT TOP(1) [b].[BankAccountNumber]
2026-08-08T00:40:07.2403132+00:00 ContainerStream:       FROM [Beneficiaries] AS [b]
2026-08-08T00:40:07.2403258+00:00 ContainerStream:       ORDER BY [b].[Id]
2026-08-08T00:40:08.1194126+00:00 ContainerStream: info: Microsoft.EntityFrameworkCore.Database.Command[20101]
2026-08-08T00:40:08.1195030+00:00 ContainerStream:       Executed DbCommand (2ms) [Parameters=[], CommandType='Text', CommandTimeout='30']
2026-08-08T00:40:08.1195129+00:00 ContainerStream:       SELECT 1
2026-08-08T00:40:08.1214634+00:00 ContainerStream: info: Microsoft.EntityFrameworkCore.Database.Command[20101]
2026-08-08T00:40:08.1217001+00:00 ContainerStream:       Executed DbCommand (2ms) [Parameters=[], CommandType='Text', CommandTimeout='30']
2026-08-08T00:40:08.1217158+00:00 ContainerStream:       SELECT OBJECT_ID(N'[__EFMigrationsHistory]');
2026-08-08T00:40:08.1252024+00:00 ContainerStream: info: Microsoft.EntityFrameworkCore.Database.Command[20101]
2026-08-08T00:40:08.1252344+00:00 ContainerStream:       Executed DbCommand (2ms) [Parameters=[], CommandType='Text', CommandTimeout='30']
2026-08-08T00:40:08.1252414+00:00 ContainerStream:       SELECT [MigrationId], [ProductVersion]
2026-08-08T00:40:08.1252455+00:00 ContainerStream:       FROM [__EFMigrationsHistory]
2026-08-08T00:40:08.1252541+00:00 ContainerStream:       ORDER BY [MigrationId];
2026-08-08T00:40:08.1277382+00:00 ContainerStream: info: Microsoft.EntityFrameworkCore.Database.Command[20101]
2026-08-08T00:40:08.1277705+00:00 ContainerStream:       Executed DbCommand (2ms) [Parameters=[], CommandType='Text', CommandTimeout='30']
2026-08-08T00:40:08.1277773+00:00 ContainerStream:       SELECT TOP(1) [b].[BankAccountNumber]
2026-08-08T00:40:08.1277813+00:00 ContainerStream:       FROM [Beneficiaries] AS [b]
2026-08-08T00:40:08.1277900+00:00 ContainerStream:       ORDER BY [b].[Id]
2026-08-08T00:40:10.4734502+00:00 ContainerStream: info: Microsoft.EntityFrameworkCore.Database.Command[20101]
2026-08-08T00:40:10.4735519+00:00 ContainerStream:       Executed DbCommand (2ms) [Parameters=[], CommandType='Text', CommandTimeout='30']
2026-08-08T00:40:10.4735627+00:00 ContainerStream:       SELECT 1
2026-08-08T00:40:10.4766402+00:00 ContainerStream: info: Microsoft.EntityFrameworkCore.Database.Command[20101]
2026-08-08T00:40:10.4767221+00:00 ContainerStream:       Executed DbCommand (2ms) [Parameters=[], CommandType='Text', CommandTimeout='30']
2026-08-08T00:40:10.4767318+00:00 ContainerStream:       SELECT OBJECT_ID(N'[__EFMigrationsHistory]');
2026-08-08T00:40:10.4785864+00:00 ContainerStream: info: Microsoft.EntityFrameworkCore.Database.Command[20101]
2026-08-08T00:40:10.4786283+00:00 ContainerStream:       Executed DbCommand (2ms) [Parameters=[], CommandType='Text', CommandTimeout='30']
2026-08-08T00:40:10.4786350+00:00 ContainerStream:       SELECT [MigrationId], [ProductVersion]
2026-08-08T00:40:10.4786396+00:00 ContainerStream:       FROM [__EFMigrationsHistory]
2026-08-08T00:40:10.4786436+00:00 ContainerStream:       ORDER BY [MigrationId];
2026-08-08T00:40:10.4808015+00:00 ContainerStream: info: Microsoft.EntityFrameworkCore.Database.Command[20101]
2026-08-08T00:40:10.4808358+00:00 ContainerStream:       Executed DbCommand (2ms) [Parameters=[], CommandType='Text', CommandTimeout='30']
2026-08-08T00:40:10.4808426+00:00 ContainerStream:       SELECT TOP(1) [b].[BankAccountNumber]
2026-08-08T00:40:10.4808466+00:00 ContainerStream:       FROM [Beneficiaries] AS [b]
2026-08-08T00:40:10.4808505+00:00 ContainerStream:       ORDER BY [b].[Id]
2026-08-08T00:40:33.8229038+00:00 ContainerStream: info: Microsoft.EntityFrameworkCore.Database.Command[20101]
2026-08-08T00:40:33.8229828+00:00 ContainerStream:       Executed DbCommand (2ms) [Parameters=[], CommandType='Text', CommandTimeout='30']
2026-08-08T00:40:33.8229950+00:00 ContainerStream:       SELECT 1
2026-08-08T00:40:33.8249178+00:00 ContainerStream: info: Microsoft.EntityFrameworkCore.Database.Command[20101]
2026-08-08T00:40:33.8249859+00:00 ContainerStream:       Executed DbCommand (2ms) [Parameters=[], CommandType='Text', CommandTimeout='30']
2026-08-08T00:40:33.8250034+00:00 ContainerStream:       SELECT OBJECT_ID(N'[__EFMigrationsHistory]');
2026-08-08T00:40:33.8292416+00:00 ContainerStream: info: Microsoft.EntityFrameworkCore.Database.Command[20101]
2026-08-08T00:40:33.8292817+00:00 ContainerStream:       Executed DbCommand (2ms) [Parameters=[], CommandType='Text', CommandTimeout='30']
2026-08-08T00:40:33.8292993+00:00 ContainerStream:       SELECT [MigrationId], [ProductVersion]
2026-08-08T00:40:33.8293093+00:00 ContainerStream:       FROM [__EFMigrationsHistory]
2026-08-08T00:40:33.8293816+00:00 ContainerStream:       ORDER BY [MigrationId];
2026-08-08T00:40:33.8319168+00:00 ContainerStream: info: Microsoft.EntityFrameworkCore.Database.Command[20101]
2026-08-08T00:40:33.8319495+00:00 ContainerStream:       Executed DbCommand (2ms) [Parameters=[], CommandType='Text', CommandTimeout='30']
2026-08-08T00:40:33.8319612+00:00 ContainerStream:       SELECT TOP(1) [b].[BankAccountNumber]
2026-08-08T00:40:33.8319656+00:00 ContainerStream:       FROM [Beneficiaries] AS [b]
2026-08-08T00:40:33.8319692+00:00 ContainerStream:       ORDER BY [b].[Id]
2026-08-08T00:40:35.8012032+00:00 ContainerStream: info: Microsoft.EntityFrameworkCore.Database.Command[20101]
2026-08-08T00:40:35.8012744+00:00 ContainerStream:       Executed DbCommand (3ms) [Parameters=[], CommandType='Text', CommandTimeout='30']
2026-08-08T00:40:35.8012943+00:00 ContainerStream:       SELECT 1
2026-08-08T00:40:35.8034351+00:00 ContainerStream: info: Microsoft.EntityFrameworkCore.Database.Command[20101]
2026-08-08T00:40:35.8034814+00:00 ContainerStream:       Executed DbCommand (2ms) [Parameters=[], CommandType='Text', CommandTimeout='30']
2026-08-08T00:40:35.8034893+00:00 ContainerStream:       SELECT OBJECT_ID(N'[__EFMigrationsHistory]');
2026-08-08T00:40:35.8072393+00:00 ContainerStream: info: Microsoft.EntityFrameworkCore.Database.Command[20101]
2026-08-08T00:40:35.8072701+00:00 ContainerStream:       Executed DbCommand (2ms) [Parameters=[], CommandType='Text', CommandTimeout='30']
2026-08-08T00:40:35.8072765+00:00 ContainerStream:       SELECT [MigrationId], [ProductVersion]
2026-08-08T00:40:35.8072805+00:00 ContainerStream:       FROM [__EFMigrationsHistory]
2026-08-08T00:40:35.8077870+00:00 ContainerStream:       ORDER BY [MigrationId];
2026-08-08T00:40:35.8096828+00:00 ContainerStream: info: Microsoft.EntityFrameworkCore.Database.Command[20101]
2026-08-08T00:40:35.8097116+00:00 ContainerStream:       Executed DbCommand (2ms) [Parameters=[], CommandType='Text', CommandTimeout='30']
2026-08-08T00:40:35.8097176+00:00 ContainerStream:       SELECT TOP(1) [b].[BankAccountNumber]
2026-08-08T00:40:35.8097214+00:00 ContainerStream:       FROM [Beneficiaries] AS [b]
2026-08-08T00:40:35.8097293+00:00 ContainerStream:       ORDER BY [b].[Id]
2026-08-08T00:40:37.7118163+00:00 ContainerStream: info: Microsoft.EntityFrameworkCore.Database.Command[20101]
2026-08-08T00:40:37.7118878+00:00 ContainerStream:       Executed DbCommand (2ms) [Parameters=[], CommandType='Text', CommandTimeout='30']
2026-08-08T00:40:37.7118981+00:00 ContainerStream:       SELECT 1
2026-08-08T00:40:37.7149919+00:00 ContainerStream: info: Microsoft.EntityFrameworkCore.Database.Command[20101]
2026-08-08T00:40:37.7150539+00:00 ContainerStream:       Executed DbCommand (2ms) [Parameters=[], CommandType='Text', CommandTimeout='30']
2026-08-08T00:40:37.7150622+00:00 ContainerStream:       SELECT OBJECT_ID(N'[__EFMigrationsHistory]');
2026-08-08T00:40:37.7169806+00:00 ContainerStream: info: Microsoft.EntityFrameworkCore.Database.Command[20101]
2026-08-08T00:40:37.7170160+00:00 ContainerStream:       Executed DbCommand (2ms) [Parameters=[], CommandType='Text', CommandTimeout='30']
2026-08-08T00:40:37.7170277+00:00 ContainerStream:       SELECT [MigrationId], [ProductVersion]
2026-08-08T00:40:37.7170326+00:00 ContainerStream:       FROM [__EFMigrationsHistory]
2026-08-08T00:40:37.7175832+00:00 ContainerStream:       ORDER BY [MigrationId];
2026-08-08T00:40:37.7202918+00:00 ContainerStream: info: Microsoft.EntityFrameworkCore.Database.Command[20101]
2026-08-08T00:40:37.7203264+00:00 ContainerStream:       Executed DbCommand (2ms) [Parameters=[], CommandType='Text', CommandTimeout='30']
2026-08-08T00:40:37.7203340+00:00 ContainerStream:       SELECT TOP(1) [b].[BankAccountNumber]
2026-08-08T00:40:37.7203388+00:00 ContainerStream:       FROM [Beneficiaries] AS [b]
2026-08-08T00:40:37.7203433+00:00 ContainerStream:       ORDER BY [b].[Id]
2026-08-08T00:40:38.0501280+00:00 ContainerStream: info: Microsoft.EntityFrameworkCore.Database.Command[20101]
2026-08-08T00:40:38.0502139+00:00 ContainerStream:       Executed DbCommand (2ms) [Parameters=[], CommandType='Text', CommandTimeout='30']
2026-08-08T00:40:38.0502243+00:00 ContainerStream:       SELECT 1
2026-08-08T00:40:38.0524765+00:00 ContainerStream: info: Microsoft.EntityFrameworkCore.Database.Command[20101]
2026-08-08T00:40:38.0525255+00:00 ContainerStream:       Executed DbCommand (2ms) [Parameters=[], CommandType='Text', CommandTimeout='30']
2026-08-08T00:40:38.0525395+00:00 ContainerStream:       SELECT OBJECT_ID(N'[__EFMigrationsHistory]');
2026-08-08T00:40:38.0569420+00:00 ContainerStream: info: Microsoft.EntityFrameworkCore.Database.Command[20101]
2026-08-08T00:40:38.0569834+00:00 ContainerStream:       Executed DbCommand (3ms) [Parameters=[], CommandType='Text', CommandTimeout='30']
2026-08-08T00:40:38.0569912+00:00 ContainerStream:       SELECT [MigrationId], [ProductVersion]
2026-08-08T00:40:38.0569955+00:00 ContainerStream:       FROM [__EFMigrationsHistory]
2026-08-08T00:40:38.0570055+00:00 ContainerStream:       ORDER BY [MigrationId];
2026-08-08T00:40:38.0596377+00:00 ContainerStream: info: Microsoft.EntityFrameworkCore.Database.Command[20101]
2026-08-08T00:40:38.0596729+00:00 ContainerStream:       Executed DbCommand (2ms) [Parameters=[], CommandType='Text', CommandTimeout='30']
2026-08-08T00:40:38.0596809+00:00 ContainerStream:       SELECT TOP(1) [b].[BankAccountNumber]
2026-08-08T00:40:38.0596855+00:00 ContainerStream:       FROM [Beneficiaries] AS [b]
2026-08-08T00:40:38.0596945+00:00 ContainerStream:       ORDER BY [b].[Id]
2026-08-08T00:40:44.1679658+00:00 ContainerStream: info: Microsoft.EntityFrameworkCore.Database.Command[20101]
2026-08-08T00:40:44.1680442+00:00 ContainerStream:       Executed DbCommand (3ms) [Parameters=[], CommandType='Text', CommandTimeout='30']
2026-08-08T00:40:44.1680572+00:00 ContainerStream:       SELECT 1
2026-08-08T00:40:44.1701973+00:00 ContainerStream: info: Microsoft.EntityFrameworkCore.Database.Command[20101]
2026-08-08T00:40:44.1702539+00:00 ContainerStream:       Executed DbCommand (2ms) [Parameters=[], CommandType='Text', CommandTimeout='30']
2026-08-08T00:40:44.1702638+00:00 ContainerStream:       SELECT OBJECT_ID(N'[__EFMigrationsHistory]');
2026-08-08T00:40:44.1737532+00:00 ContainerStream: info: Microsoft.EntityFrameworkCore.Database.Command[20101]
2026-08-08T00:40:44.1737979+00:00 ContainerStream:       Executed DbCommand (2ms) [Parameters=[], CommandType='Text', CommandTimeout='30']
2026-08-08T00:40:44.1738150+00:00 ContainerStream:       SELECT [MigrationId], [ProductVersion]
2026-08-08T00:40:44.1738209+00:00 ContainerStream:       FROM [__EFMigrationsHistory]
2026-08-08T00:40:44.1742024+00:00 ContainerStream:       ORDER BY [MigrationId];
2026-08-08T00:40:44.1764168+00:00 ContainerStream: info: Microsoft.EntityFrameworkCore.Database.Command[20101]
2026-08-08T00:40:44.1764446+00:00 ContainerStream:       Executed DbCommand (2ms) [Parameters=[], CommandType='Text', CommandTimeout='30']
2026-08-08T00:40:44.1767516+00:00 ContainerStream:       SELECT TOP(1) [b].[BankAccountNumber]
2026-08-08T00:40:44.1767657+00:00 ContainerStream:       FROM [Beneficiaries] AS [b]
2026-08-08T00:40:44.1767703+00:00 ContainerStream:       ORDER BY [b].[Id]
2026-08-08T00:40:47.8751436+00:00 ContainerStream: info: Microsoft.EntityFrameworkCore.Database.Command[20101]
2026-08-08T00:40:47.8752239+00:00 ContainerStream:       Executed DbCommand (2ms) [Parameters=[], CommandType='Text', CommandTimeout='30']
2026-08-08T00:40:47.8752387+00:00 ContainerStream:       SELECT 1
2026-08-08T00:40:47.8771184+00:00 ContainerStream: info: Microsoft.EntityFrameworkCore.Database.Command[20101]
2026-08-08T00:40:47.8771933+00:00 ContainerStream:       Executed DbCommand (2ms) [Parameters=[], CommandType='Text', CommandTimeout='30']
2026-08-08T00:40:47.8772098+00:00 ContainerStream:       SELECT OBJECT_ID(N'[__EFMigrationsHistory]');
2026-08-08T00:40:47.8814101+00:00 ContainerStream: info: Microsoft.EntityFrameworkCore.Database.Command[20101]
2026-08-08T00:40:47.8814484+00:00 ContainerStream:       Executed DbCommand (3ms) [Parameters=[], CommandType='Text', CommandTimeout='30']
2026-08-08T00:40:47.8814562+00:00 ContainerStream:       SELECT [MigrationId], [ProductVersion]
2026-08-08T00:40:47.8814655+00:00 ContainerStream:       FROM [__EFMigrationsHistory]
2026-08-08T00:40:47.8814702+00:00 ContainerStream:       ORDER BY [MigrationId];
2026-08-08T00:40:47.8836916+00:00 ContainerStream: info: Microsoft.EntityFrameworkCore.Database.Command[20101]
2026-08-08T00:40:47.8837244+00:00 ContainerStream:       Executed DbCommand (2ms) [Parameters=[], CommandType='Text', CommandTimeout='30']
2026-08-08T00:40:47.8837314+00:00 ContainerStream:       SELECT TOP(1) [b].[BankAccountNumber]
2026-08-08T00:40:47.8837402+00:00 ContainerStream:       FROM [Beneficiaries] AS [b]
2026-08-08T00:40:47.8837439+00:00 ContainerStream:       ORDER BY [b].[Id]
2026-08-08T00:40:48.2630908+00:00 ContainerStream: info: Microsoft.EntityFrameworkCore.Database.Command[20101]
2026-08-08T00:40:48.2631632+00:00 ContainerStream:       Executed DbCommand (2ms) [Parameters=[], CommandType='Text', CommandTimeout='30']
2026-08-08T00:40:48.2631770+00:00 ContainerStream:       SELECT 1
2026-08-08T00:40:48.2650687+00:00 ContainerStream: info: Microsoft.EntityFrameworkCore.Database.Command[20101]
2026-08-08T00:40:48.2651459+00:00 ContainerStream:       Executed DbCommand (2ms) [Parameters=[], CommandType='Text', CommandTimeout='30']
2026-08-08T00:40:48.2651543+00:00 ContainerStream:       SELECT OBJECT_ID(N'[__EFMigrationsHistory]');
2026-08-08T00:40:48.2688294+00:00 ContainerStream: info: Microsoft.EntityFrameworkCore.Database.Command[20101]
2026-08-08T00:40:48.2688712+00:00 ContainerStream:       Executed DbCommand (2ms) [Parameters=[], CommandType='Text', CommandTimeout='30']
2026-08-08T00:40:48.2688790+00:00 ContainerStream:       SELECT [MigrationId], [ProductVersion]
2026-08-08T00:40:48.2688835+00:00 ContainerStream:       FROM [__EFMigrationsHistory]
2026-08-08T00:40:48.2688874+00:00 ContainerStream:       ORDER BY [MigrationId];
2026-08-08T00:40:48.2709309+00:00 ContainerStream: info: Microsoft.EntityFrameworkCore.Database.Command[20101]
2026-08-08T00:40:48.2710266+00:00 ContainerStream:       Executed DbCommand (2ms) [Parameters=[], CommandType='Text', CommandTimeout='30']
2026-08-08T00:40:48.2710361+00:00 ContainerStream:       SELECT TOP(1) [b].[BankAccountNumber]
2026-08-08T00:40:48.2710468+00:00 ContainerStream:       FROM [Beneficiaries] AS [b]
2026-08-08T00:40:48.2710507+00:00 ContainerStream:       ORDER BY [b].[Id]
2026-08-08T00:40:48.6278193+00:00 ContainerStream: info: Microsoft.EntityFrameworkCore.Database.Command[20101]
2026-08-08T00:40:48.6278922+00:00 ContainerStream:       Executed DbCommand (2ms) [Parameters=[], CommandType='Text', CommandTimeout='30']
2026-08-08T00:40:48.6279038+00:00 ContainerStream:       SELECT 1
2026-08-08T00:40:48.6305753+00:00 ContainerStream: info: Microsoft.EntityFrameworkCore.Database.Command[20101]
2026-08-08T00:40:48.6306317+00:00 ContainerStream:       Executed DbCommand (3ms) [Parameters=[], CommandType='Text', CommandTimeout='30']
2026-08-08T00:40:48.6306397+00:00 ContainerStream:       SELECT OBJECT_ID(N'[__EFMigrationsHistory]');
2026-08-08T00:40:48.6339626+00:00 ContainerStream: info: Microsoft.EntityFrameworkCore.Database.Command[20101]
2026-08-08T00:40:48.6340102+00:00 ContainerStream:       Executed DbCommand (2ms) [Parameters=[], CommandType='Text', CommandTimeout='30']
2026-08-08T00:40:48.6340225+00:00 ContainerStream:       SELECT [MigrationId], [ProductVersion]
2026-08-08T00:40:48.6340271+00:00 ContainerStream:       FROM [__EFMigrationsHistory]
2026-08-08T00:40:48.6340312+00:00 ContainerStream:       ORDER BY [MigrationId];
2026-08-08T00:40:48.6363824+00:00 ContainerStream: info: Microsoft.EntityFrameworkCore.Database.Command[20101]
2026-08-08T00:40:48.6364164+00:00 ContainerStream:       Executed DbCommand (2ms) [Parameters=[], CommandType='Text', CommandTimeout='30']
2026-08-08T00:40:48.6364271+00:00 ContainerStream:       SELECT TOP(1) [b].[BankAccountNumber]
2026-08-08T00:40:48.6364309+00:00 ContainerStream:       FROM [Beneficiaries] AS [b]
2026-08-08T00:40:48.6364345+00:00 ContainerStream:       ORDER BY [b].[Id]
2026-08-08T00:40:49.7431584+00:00 ContainerStream: info: Microsoft.EntityFrameworkCore.Database.Command[20101]
2026-08-08T00:40:49.7432542+00:00 ContainerStream:       Executed DbCommand (2ms) [Parameters=[], CommandType='Text', CommandTimeout='30']
2026-08-08T00:40:49.7432653+00:00 ContainerStream:       SELECT 1
2026-08-08T00:40:49.7454351+00:00 ContainerStream: info: Microsoft.EntityFrameworkCore.Database.Command[20101]
2026-08-08T00:40:49.7454814+00:00 ContainerStream:       Executed DbCommand (2ms) [Parameters=[], CommandType='Text', CommandTimeout='30']
2026-08-08T00:40:49.7454895+00:00 ContainerStream:       SELECT OBJECT_ID(N'[__EFMigrationsHistory]');
2026-08-08T00:40:49.7492566+00:00 ContainerStream: info: Microsoft.EntityFrameworkCore.Database.Command[20101]
2026-08-08T00:40:49.7492937+00:00 ContainerStream:       Executed DbCommand (2ms) [Parameters=[], CommandType='Text', CommandTimeout='30']
2026-08-08T00:40:49.7493005+00:00 ContainerStream:       SELECT [MigrationId], [ProductVersion]
2026-08-08T00:40:49.7493048+00:00 ContainerStream:       FROM [__EFMigrationsHistory]
2026-08-08T00:40:49.7493141+00:00 ContainerStream:       ORDER BY [MigrationId];
2026-08-08T00:40:49.7510016+00:00 ContainerStream: info: Microsoft.EntityFrameworkCore.Database.Command[20101]
2026-08-08T00:40:49.7510320+00:00 ContainerStream:       Executed DbCommand (2ms) [Parameters=[], CommandType='Text', CommandTimeout='30']
2026-08-08T00:40:49.7510384+00:00 ContainerStream:       SELECT TOP(1) [b].[BankAccountNumber]
2026-08-08T00:40:49.7510421+00:00 ContainerStream:       FROM [Beneficiaries] AS [b]
2026-08-08T00:40:49.7510503+00:00 ContainerStream:       ORDER BY [b].[Id]
2026-08-08T00:40:49.8401605+00:00 ContainerStream: info: Microsoft.EntityFrameworkCore.Database.Command[20101]
2026-08-08T00:40:49.8402311+00:00 ContainerStream:       Executed DbCommand (8ms) [Parameters=[], CommandType='Text', CommandTimeout='30']
2026-08-08T00:40:49.8402394+00:00 ContainerStream:       SELECT 1
2026-08-08T00:40:49.8420718+00:00 ContainerStream: info: Microsoft.EntityFrameworkCore.Database.Command[20101]
2026-08-08T00:40:49.8421171+00:00 ContainerStream:       Executed DbCommand (2ms) [Parameters=[], CommandType='Text', CommandTimeout='30']
2026-08-08T00:40:49.8421266+00:00 ContainerStream:       SELECT OBJECT_ID(N'[__EFMigrationsHistory]');
2026-08-08T00:40:49.8459463+00:00 ContainerStream: info: Microsoft.EntityFrameworkCore.Database.Command[20101]
2026-08-08T00:40:49.8459867+00:00 ContainerStream:       Executed DbCommand (2ms) [Parameters=[], CommandType='Text', CommandTimeout='30']
2026-08-08T00:40:49.8459997+00:00 ContainerStream:       SELECT [MigrationId], [ProductVersion]
2026-08-08T00:40:49.8460048+00:00 ContainerStream:       FROM [__EFMigrationsHistory]
2026-08-08T00:40:49.8460092+00:00 ContainerStream:       ORDER BY [MigrationId];
2026-08-08T00:40:49.8482844+00:00 ContainerStream: info: Microsoft.EntityFrameworkCore.Database.Command[20101]
2026-08-08T00:40:49.8484118+00:00 ContainerStream:       Executed DbCommand (2ms) [Parameters=[], CommandType='Text', CommandTimeout='30']
2026-08-08T00:40:49.8484423+00:00 ContainerStream:       SELECT TOP(1) [b].[BankAccountNumber]
2026-08-08T00:40:49.8484677+00:00 ContainerStream:       FROM [Beneficiaries] AS [b]
2026-08-08T00:40:49.8484723+00:00 ContainerStream:       ORDER BY [b].[Id]
2026-08-08T00:40:51.7706831+00:00 ContainerStream: info: Microsoft.EntityFrameworkCore.Database.Command[20101]
2026-08-08T00:40:51.7707983+00:00 ContainerStream:       Executed DbCommand (3ms) [Parameters=[], CommandType='Text', CommandTimeout='30']
2026-08-08T00:40:51.7708093+00:00 ContainerStream:       SELECT 1
2026-08-08T00:40:51.7727950+00:00 ContainerStream: info: Microsoft.EntityFrameworkCore.Database.Command[20101]
2026-08-08T00:40:51.7728431+00:00 ContainerStream:       Executed DbCommand (2ms) [Parameters=[], CommandType='Text', CommandTimeout='30']
2026-08-08T00:40:51.7728505+00:00 ContainerStream:       SELECT OBJECT_ID(N'[__EFMigrationsHistory]');
2026-08-08T00:40:51.7761393+00:00 ContainerStream: info: Microsoft.EntityFrameworkCore.Database.Command[20101]
2026-08-08T00:40:51.7761823+00:00 ContainerStream:       Executed DbCommand (2ms) [Parameters=[], CommandType='Text', CommandTimeout='30']
2026-08-08T00:40:51.7761898+00:00 ContainerStream:       SELECT [MigrationId], [ProductVersion]
2026-08-08T00:40:51.7761942+00:00 ContainerStream:       FROM [__EFMigrationsHistory]
2026-08-08T00:40:51.7762025+00:00 ContainerStream:       ORDER BY [MigrationId];
2026-08-08T00:40:51.7791249+00:00 ContainerStream: info: Microsoft.EntityFrameworkCore.Database.Command[20101]
2026-08-08T00:40:51.7791599+00:00 ContainerStream:       Executed DbCommand (2ms) [Parameters=[], CommandType='Text', CommandTimeout='30']
2026-08-08T00:40:51.7791670+00:00 ContainerStream:       SELECT TOP(1) [b].[BankAccountNumber]
2026-08-08T00:40:51.7791713+00:00 ContainerStream:       FROM [Beneficiaries] AS [b]
2026-08-08T00:40:51.7791798+00:00 ContainerStream:       ORDER BY [b].[Id]
2026-08-08T00:40:54.0399318+00:00 ContainerStream: info: Microsoft.EntityFrameworkCore.Database.Command[20101]
2026-08-08T00:40:54.0400205+00:00 ContainerStream:       Executed DbCommand (2ms) [Parameters=[], CommandType='Text', CommandTimeout='30']
2026-08-08T00:40:54.0400356+00:00 ContainerStream:       SELECT 1
2026-08-08T00:40:54.0419036+00:00 ContainerStream: info: Microsoft.EntityFrameworkCore.Database.Command[20101]
2026-08-08T00:40:54.0421213+00:00 ContainerStream:       Executed DbCommand (2ms) [Parameters=[], CommandType='Text', CommandTimeout='30']
2026-08-08T00:40:54.0421342+00:00 ContainerStream:       SELECT OBJECT_ID(N'[__EFMigrationsHistory]');
2026-08-08T00:40:54.0459603+00:00 ContainerStream: info: Microsoft.EntityFrameworkCore.Database.Command[20101]
2026-08-08T00:40:54.0459974+00:00 ContainerStream:       Executed DbCommand (2ms) [Parameters=[], CommandType='Text', CommandTimeout='30']
2026-08-08T00:40:54.0460092+00:00 ContainerStream:       SELECT [MigrationId], [ProductVersion]
2026-08-08T00:40:54.0460141+00:00 ContainerStream:       FROM [__EFMigrationsHistory]
2026-08-08T00:40:54.0461122+00:00 ContainerStream:       ORDER BY [MigrationId];
2026-08-08T00:40:54.0476397+00:00 ContainerStream: info: Microsoft.EntityFrameworkCore.Database.Command[20101]
2026-08-08T00:40:54.0476730+00:00 ContainerStream:       Executed DbCommand (2ms) [Parameters=[], CommandType='Text', CommandTimeout='30']
2026-08-08T00:40:54.0476793+00:00 ContainerStream:       SELECT TOP(1) [b].[BankAccountNumber]
2026-08-08T00:40:54.0476831+00:00 ContainerStream:       FROM [Beneficiaries] AS [b]
2026-08-08T00:40:54.0476865+00:00 ContainerStream:       ORDER BY [b].[Id]
2026-08-08T00:40:59.2244550+00:00 ContainerStream: info: Microsoft.EntityFrameworkCore.Database.Command[20101]
2026-08-08T00:40:59.2245578+00:00 ContainerStream:       Executed DbCommand (2ms) [Parameters=[], CommandType='Text', CommandTimeout='30']
2026-08-08T00:40:59.2245679+00:00 ContainerStream:       SELECT 1
2026-08-08T00:40:59.2265814+00:00 ContainerStream: info: Microsoft.EntityFrameworkCore.Database.Command[20101]
2026-08-08T00:40:59.2266353+00:00 ContainerStream:       Executed DbCommand (2ms) [Parameters=[], CommandType='Text', CommandTimeout='30']
2026-08-08T00:40:59.2266490+00:00 ContainerStream:       SELECT OBJECT_ID(N'[__EFMigrationsHistory]');
2026-08-08T00:40:59.2308995+00:00 ContainerStream: info: Microsoft.EntityFrameworkCore.Database.Command[20101]
2026-08-08T00:40:59.2309548+00:00 ContainerStream:       Executed DbCommand (3ms) [Parameters=[], CommandType='Text', CommandTimeout='30']
2026-08-08T00:40:59.2309639+00:00 ContainerStream:       SELECT [MigrationId], [ProductVersion]
2026-08-08T00:40:59.2309741+00:00 ContainerStream:       FROM [__EFMigrationsHistory]
2026-08-08T00:40:59.2309788+00:00 ContainerStream:       ORDER BY [MigrationId];
2026-08-08T00:40:59.2428562+00:00 ContainerStream: info: Microsoft.EntityFrameworkCore.Database.Command[20101]
2026-08-08T00:40:59.2430190+00:00 ContainerStream:       Executed DbCommand (12ms) [Parameters=[], CommandType='Text', CommandTimeout='30']
2026-08-08T00:40:59.2430307+00:00 ContainerStream:       SELECT TOP(1) [b].[BankAccountNumber]
2026-08-08T00:40:59.2430418+00:00 ContainerStream:       FROM [Beneficiaries] AS [b]
2026-08-08T00:40:59.2430456+00:00 ContainerStream:       ORDER BY [b].[Id]
2026-08-08T00:40:59.2494991+00:00 ContainerStream: info: Microsoft.EntityFrameworkCore.Database.Command[20101]
2026-08-08T00:40:59.2495518+00:00 ContainerStream:       Executed DbCommand (3ms) [Parameters=[], CommandType='Text', CommandTimeout='30']
2026-08-08T00:40:59.2495648+00:00 ContainerStream:       SELECT 1
2026-08-08T00:40:59.2525658+00:00 ContainerStream: info: Microsoft.EntityFrameworkCore.Database.Command[20101]
2026-08-08T00:40:59.2526051+00:00 ContainerStream:       Executed DbCommand (2ms) [Parameters=[], CommandType='Text', CommandTimeout='30']
2026-08-08T00:40:59.2526136+00:00 ContainerStream:       SELECT OBJECT_ID(N'[__EFMigrationsHistory]');
2026-08-08T00:40:59.2542979+00:00 ContainerStream: info: Microsoft.EntityFrameworkCore.Database.Command[20101]
2026-08-08T00:40:59.2543275+00:00 ContainerStream:       Executed DbCommand (2ms) [Parameters=[], CommandType='Text', CommandTimeout='30']
2026-08-08T00:40:59.2543342+00:00 ContainerStream:       SELECT [MigrationId], [ProductVersion]
2026-08-08T00:40:59.2543382+00:00 ContainerStream:       FROM [__EFMigrationsHistory]
2026-08-08T00:40:59.2543539+00:00 ContainerStream:       ORDER BY [MigrationId];
2026-08-08T00:40:59.2566313+00:00 ContainerStream: info: Microsoft.EntityFrameworkCore.Database.Command[20101]
2026-08-08T00:40:59.2566601+00:00 ContainerStream:       Executed DbCommand (2ms) [Parameters=[], CommandType='Text', CommandTimeout='30']
2026-08-08T00:40:59.2575197+00:00 ContainerStream:       SELECT TOP(1) [b].[BankAccountNumber]
2026-08-08T00:40:59.2575303+00:00 ContainerStream:       FROM [Beneficiaries] AS [b]
2026-08-08T00:40:59.2575352+00:00 ContainerStream:       ORDER BY [b].[Id]
2026-08-08T00:41:08.0586925+00:00 ContainerStream: info: Microsoft.EntityFrameworkCore.Database.Command[20101]
2026-08-08T00:41:08.0587795+00:00 ContainerStream:       Executed DbCommand (2ms) [Parameters=[], CommandType='Text', CommandTimeout='30']
2026-08-08T00:41:08.0587941+00:00 ContainerStream:       SELECT 1
2026-08-08T00:41:08.0609120+00:00 ContainerStream: info: Microsoft.EntityFrameworkCore.Database.Command[20101]
2026-08-08T00:41:08.0609719+00:00 ContainerStream:       Executed DbCommand (2ms) [Parameters=[], CommandType='Text', CommandTimeout='30']
2026-08-08T00:41:08.0609801+00:00 ContainerStream:       SELECT OBJECT_ID(N'[__EFMigrationsHistory]');
2026-08-08T00:41:08.0638212+00:00 ContainerStream: info: Microsoft.EntityFrameworkCore.Database.Command[20101]
2026-08-08T00:41:08.0638628+00:00 ContainerStream:       Executed DbCommand (2ms) [Parameters=[], CommandType='Text', CommandTimeout='30']
2026-08-08T00:41:08.0638747+00:00 ContainerStream:       SELECT [MigrationId], [ProductVersion]
2026-08-08T00:41:08.0638791+00:00 ContainerStream:       FROM [__EFMigrationsHistory]
2026-08-08T00:41:08.0643375+00:00 ContainerStream:       ORDER BY [MigrationId];
2026-08-08T00:41:08.0659945+00:00 ContainerStream: info: Microsoft.EntityFrameworkCore.Database.Command[20101]
2026-08-08T00:41:08.0660264+00:00 ContainerStream:       Executed DbCommand (2ms) [Parameters=[], CommandType='Text', CommandTimeout='30']
2026-08-08T00:41:08.0660337+00:00 ContainerStream:       SELECT TOP(1) [b].[BankAccountNumber]
2026-08-08T00:41:08.0660384+00:00 ContainerStream:       FROM [Beneficiaries] AS [b]
2026-08-08T00:41:08.0660429+00:00 ContainerStream:       ORDER BY [b].[Id]
2026-08-08T00:41:10.1066821+00:00 ContainerStream: info: Microsoft.EntityFrameworkCore.Database.Command[20101]
2026-08-08T00:41:10.1067668+00:00 ContainerStream:       Executed DbCommand (2ms) [Parameters=[], CommandType='Text', CommandTimeout='30']
2026-08-08T00:41:10.1067773+00:00 ContainerStream:       SELECT 1
2026-08-08T00:41:10.1095832+00:00 ContainerStream: info: Microsoft.EntityFrameworkCore.Database.Command[20101]
2026-08-08T00:41:10.1096416+00:00 ContainerStream:       Executed DbCommand (2ms) [Parameters=[], CommandType='Text', CommandTimeout='30']
2026-08-08T00:41:10.1096565+00:00 ContainerStream:       SELECT OBJECT_ID(N'[__EFMigrationsHistory]');
2026-08-08T00:41:10.1115831+00:00 ContainerStream: info: Microsoft.EntityFrameworkCore.Database.Command[20101]
2026-08-08T00:41:10.1116223+00:00 ContainerStream:       Executed DbCommand (2ms) [Parameters=[], CommandType='Text', CommandTimeout='30']
2026-08-08T00:41:10.1116297+00:00 ContainerStream:       SELECT [MigrationId], [ProductVersion]
2026-08-08T00:41:10.1116342+00:00 ContainerStream:       FROM [__EFMigrationsHistory]
2026-08-08T00:41:10.1116442+00:00 ContainerStream:       ORDER BY [MigrationId];
2026-08-08T00:41:10.1145072+00:00 ContainerStream: info: Microsoft.EntityFrameworkCore.Database.Command[20101]
2026-08-08T00:41:10.1145566+00:00 ContainerStream:       Executed DbCommand (2ms) [Parameters=[], CommandType='Text', CommandTimeout='30']
2026-08-08T00:41:10.1145646+00:00 ContainerStream:       SELECT TOP(1) [b].[BankAccountNumber]
2026-08-08T00:41:10.1145687+00:00 ContainerStream:       FROM [Beneficiaries] AS [b]
2026-08-08T00:41:10.1145767+00:00 ContainerStream:       ORDER BY [b].[Id]
2026-08-08T00:41:12.2257558+00:00 ContainerStream: info: Microsoft.EntityFrameworkCore.Database.Command[20101]
2026-08-08T00:41:12.2258424+00:00 ContainerStream:       Executed DbCommand (2ms) [Parameters=[], CommandType='Text', CommandTimeout='30']
2026-08-08T00:41:12.2258510+00:00 ContainerStream:       SELECT 1
2026-08-08T00:41:12.2277002+00:00 ContainerStream: info: Microsoft.EntityFrameworkCore.Database.Command[20101]
2026-08-08T00:41:12.2280136+00:00 ContainerStream:       Executed DbCommand (2ms) [Parameters=[], CommandType='Text', CommandTimeout='30']
2026-08-08T00:41:12.2280274+00:00 ContainerStream:       SELECT OBJECT_ID(N'[__EFMigrationsHistory]');
2026-08-08T00:41:12.2314377+00:00 ContainerStream: info: Microsoft.EntityFrameworkCore.Database.Command[20101]
2026-08-08T00:41:12.2314905+00:00 ContainerStream:       Executed DbCommand (2ms) [Parameters=[], CommandType='Text', CommandTimeout='30']
2026-08-08T00:41:12.2314985+00:00 ContainerStream:       SELECT [MigrationId], [ProductVersion]
2026-08-08T00:41:12.2315033+00:00 ContainerStream:       FROM [__EFMigrationsHistory]
2026-08-08T00:41:12.2315081+00:00 ContainerStream:       ORDER BY [MigrationId];
2026-08-08T00:41:12.2332017+00:00 ContainerStream: info: Microsoft.EntityFrameworkCore.Database.Command[20101]
2026-08-08T00:41:12.2332375+00:00 ContainerStream:       Executed DbCommand (2ms) [Parameters=[], CommandType='Text', CommandTimeout='30']
2026-08-08T00:41:12.2332438+00:00 ContainerStream:       SELECT TOP(1) [b].[BankAccountNumber]
2026-08-08T00:41:12.2332476+00:00 ContainerStream:       FROM [Beneficiaries] AS [b]
2026-08-08T00:41:12.2332515+00:00 ContainerStream:       ORDER BY [b].[Id]
2026-08-08T00:41:19.4631199+00:00 ContainerStream: info: Microsoft.EntityFrameworkCore.Database.Command[20101]
2026-08-08T00:41:19.4632156+00:00 ContainerStream:       Executed DbCommand (3ms) [Parameters=[], CommandType='Text', CommandTimeout='30']
2026-08-08T00:41:19.4632282+00:00 ContainerStream:       SELECT 1
2026-08-08T00:41:19.4650308+00:00 ContainerStream: info: Microsoft.EntityFrameworkCore.Database.Command[20101]
2026-08-08T00:41:19.4653236+00:00 ContainerStream:       Executed DbCommand (2ms) [Parameters=[], CommandType='Text', CommandTimeout='30']
2026-08-08T00:41:19.4653428+00:00 ContainerStream:       SELECT OBJECT_ID(N'[__EFMigrationsHistory]');
2026-08-08T00:41:19.4684014+00:00 ContainerStream: info: Microsoft.EntityFrameworkCore.Database.Command[20101]
2026-08-08T00:41:19.4684331+00:00 ContainerStream:       Executed DbCommand (2ms) [Parameters=[], CommandType='Text', CommandTimeout='30']
2026-08-08T00:41:19.4684407+00:00 ContainerStream:       SELECT [MigrationId], [ProductVersion]
2026-08-08T00:41:19.4684493+00:00 ContainerStream:       FROM [__EFMigrationsHistory]
2026-08-08T00:41:19.4690761+00:00 ContainerStream:       ORDER BY [MigrationId];
2026-08-08T00:41:19.4710060+00:00 ContainerStream: info: Microsoft.EntityFrameworkCore.Database.Command[20101]
2026-08-08T00:41:19.4710353+00:00 ContainerStream:       Executed DbCommand (2ms) [Parameters=[], CommandType='Text', CommandTimeout='30']
2026-08-08T00:41:19.4710470+00:00 ContainerStream:       SELECT TOP(1) [b].[BankAccountNumber]
2026-08-08T00:41:19.4710508+00:00 ContainerStream:       FROM [Beneficiaries] AS [b]
2026-08-08T00:41:19.4710544+00:00 ContainerStream:       ORDER BY [b].[Id]
2026-08-08T00:41:20.0903282+00:00 ContainerStream: info: Microsoft.EntityFrameworkCore.Database.Command[20101]
2026-08-08T00:41:20.0904122+00:00 ContainerStream:       Executed DbCommand (2ms) [Parameters=[], CommandType='Text', CommandTimeout='30']
2026-08-08T00:41:20.0904342+00:00 ContainerStream:       SELECT 1
2026-08-08T00:41:20.0925224+00:00 ContainerStream: info: Microsoft.EntityFrameworkCore.Database.Command[20101]
2026-08-08T00:41:20.0927388+00:00 ContainerStream:       Executed DbCommand (2ms) [Parameters=[], CommandType='Text', CommandTimeout='30']
2026-08-08T00:41:20.0927515+00:00 ContainerStream:       SELECT OBJECT_ID(N'[__EFMigrationsHistory]');
2026-08-08T00:41:20.0971576+00:00 ContainerStream: info: Microsoft.EntityFrameworkCore.Database.Command[20101]
2026-08-08T00:41:20.0971920+00:00 ContainerStream:       Executed DbCommand (2ms) [Parameters=[], CommandType='Text', CommandTimeout='30']
2026-08-08T00:41:20.0972015+00:00 ContainerStream:       SELECT [MigrationId], [ProductVersion]
2026-08-08T00:41:20.0972075+00:00 ContainerStream:       FROM [__EFMigrationsHistory]
2026-08-08T00:41:20.0972137+00:00 ContainerStream:       ORDER BY [MigrationId];
2026-08-08T00:41:20.0989706+00:00 ContainerStream: info: Microsoft.EntityFrameworkCore.Database.Command[20101]
2026-08-08T00:41:20.0990029+00:00 ContainerStream:       Executed DbCommand (2ms) [Parameters=[], CommandType='Text', CommandTimeout='30']
2026-08-08T00:41:20.0990113+00:00 ContainerStream:       SELECT TOP(1) [b].[BankAccountNumber]
2026-08-08T00:41:20.0990168+00:00 ContainerStream:       FROM [Beneficiaries] AS [b]
2026-08-08T00:41:20.0993101+00:00 ContainerStream:       ORDER BY [b].[Id]
2026-08-08T00:41:20.3313592+00:00 ContainerStream: info: Microsoft.EntityFrameworkCore.Database.Command[20101]
2026-08-08T00:41:20.3314512+00:00 ContainerStream:       Executed DbCommand (4ms) [Parameters=[], CommandType='Text', CommandTimeout='30']
2026-08-08T00:41:20.3314610+00:00 ContainerStream:       SELECT 1
2026-08-08T00:41:20.3345441+00:00 ContainerStream: info: Microsoft.EntityFrameworkCore.Database.Command[20101]
2026-08-08T00:41:20.3347970+00:00 ContainerStream:       Executed DbCommand (2ms) [Parameters=[], CommandType='Text', CommandTimeout='30']
2026-08-08T00:41:20.3348135+00:00 ContainerStream:       SELECT OBJECT_ID(N'[__EFMigrationsHistory]');
2026-08-08T00:41:20.3363305+00:00 ContainerStream: info: Microsoft.EntityFrameworkCore.Database.Command[20101]
2026-08-08T00:41:20.3363666+00:00 ContainerStream:       Executed DbCommand (2ms) [Parameters=[], CommandType='Text', CommandTimeout='30']
2026-08-08T00:41:20.3363888+00:00 ContainerStream:       SELECT [MigrationId], [ProductVersion]
2026-08-08T00:41:20.3363943+00:00 ContainerStream:       FROM [__EFMigrationsHistory]
2026-08-08T00:41:20.3364630+00:00 ContainerStream:       ORDER BY [MigrationId];
2026-08-08T00:41:20.3387895+00:00 ContainerStream: info: Microsoft.EntityFrameworkCore.Database.Command[20101]
2026-08-08T00:41:20.3388253+00:00 ContainerStream:       Executed DbCommand (2ms) [Parameters=[], CommandType='Text', CommandTimeout='30']
2026-08-08T00:41:20.3388325+00:00 ContainerStream:       SELECT TOP(1) [b].[BankAccountNumber]
2026-08-08T00:41:20.3388362+00:00 ContainerStream:       FROM [Beneficiaries] AS [b]
2026-08-08T00:41:20.3388575+00:00 ContainerStream:       ORDER BY [b].[Id]
2026-08-08T00:41:20.9748536+00:00 ContainerStream: info: Microsoft.EntityFrameworkCore.Database.Command[20101]
2026-08-08T00:41:20.9749546+00:00 ContainerStream:       Executed DbCommand (2ms) [Parameters=[], CommandType='Text', CommandTimeout='30']
2026-08-08T00:41:20.9749647+00:00 ContainerStream:       SELECT 1
2026-08-08T00:41:20.9770788+00:00 ContainerStream: info: Microsoft.EntityFrameworkCore.Database.Command[20101]
2026-08-08T00:41:20.9771311+00:00 ContainerStream:       Executed DbCommand (2ms) [Parameters=[], CommandType='Text', CommandTimeout='30']
2026-08-08T00:41:20.9771465+00:00 ContainerStream:       SELECT OBJECT_ID(N'[__EFMigrationsHistory]');
2026-08-08T00:41:20.9803231+00:00 ContainerStream: info: Microsoft.EntityFrameworkCore.Database.Command[20101]
2026-08-08T00:41:20.9803588+00:00 ContainerStream:       Executed DbCommand (2ms) [Parameters=[], CommandType='Text', CommandTimeout='30']
2026-08-08T00:41:20.9803670+00:00 ContainerStream:       SELECT [MigrationId], [ProductVersion]
2026-08-08T00:41:20.9803711+00:00 ContainerStream:       FROM [__EFMigrationsHistory]
2026-08-08T00:41:20.9811425+00:00 ContainerStream:       ORDER BY [MigrationId];
2026-08-08T00:41:20.9828003+00:00 ContainerStream: info: Microsoft.EntityFrameworkCore.Database.Command[20101]
2026-08-08T00:41:20.9834862+00:00 ContainerStream:       Executed DbCommand (2ms) [Parameters=[], CommandType='Text', CommandTimeout='30']
2026-08-08T00:41:20.9835104+00:00 ContainerStream:       SELECT TOP(1) [b].[BankAccountNumber]
2026-08-08T00:41:20.9835186+00:00 ContainerStream:       FROM [Beneficiaries] AS [b]
2026-08-08T00:41:20.9835225+00:00 ContainerStream:       ORDER BY [b].[Id]
2026-08-08T00:41:29.3655297+00:00 ContainerStream: info: Microsoft.EntityFrameworkCore.Database.Command[20101]
2026-08-08T00:41:29.3656075+00:00 ContainerStream:       Executed DbCommand (2ms) [Parameters=[], CommandType='Text', CommandTimeout='30']
2026-08-08T00:41:29.3658000+00:00 ContainerStream:       SELECT 1
2026-08-08T00:41:29.3675992+00:00 ContainerStream: info: Microsoft.EntityFrameworkCore.Database.Command[20101]
2026-08-08T00:41:29.3676384+00:00 ContainerStream:       Executed DbCommand (2ms) [Parameters=[], CommandType='Text', CommandTimeout='30']
2026-08-08T00:41:29.3676462+00:00 ContainerStream:       SELECT OBJECT_ID(N'[__EFMigrationsHistory]');
2026-08-08T00:41:29.3726212+00:00 ContainerStream: info: Microsoft.EntityFrameworkCore.Database.Command[20101]
2026-08-08T00:41:29.3726598+00:00 ContainerStream:       Executed DbCommand (4ms) [Parameters=[], CommandType='Text', CommandTimeout='30']
2026-08-08T00:41:29.3727296+00:00 ContainerStream:       SELECT [MigrationId], [ProductVersion]
2026-08-08T00:41:29.3727349+00:00 ContainerStream:       FROM [__EFMigrationsHistory]
2026-08-08T00:41:29.3728045+00:00 ContainerStream:       ORDER BY [MigrationId];
2026-08-08T00:41:29.3784502+00:00 ContainerStream: info: Microsoft.EntityFrameworkCore.Database.Command[20101]
2026-08-08T00:41:29.3784864+00:00 ContainerStream:       Executed DbCommand (5ms) [Parameters=[], CommandType='Text', CommandTimeout='30']
2026-08-08T00:41:29.3784932+00:00 ContainerStream:       SELECT TOP(1) [b].[BankAccountNumber]
2026-08-08T00:41:29.3789850+00:00 ContainerStream:       FROM [Beneficiaries] AS [b]
2026-08-08T00:41:29.3790006+00:00 ContainerStream:       ORDER BY [b].[Id]
2026-08-08T00:41:30.6962686+00:00 ContainerStream: info: Microsoft.EntityFrameworkCore.Database.Command[20101]
2026-08-08T00:41:30.6963453+00:00 ContainerStream:       Executed DbCommand (3ms) [Parameters=[], CommandType='Text', CommandTimeout='30']
2026-08-08T00:41:30.6963556+00:00 ContainerStream:       SELECT 1
2026-08-08T00:41:30.6994515+00:00 ContainerStream: info: Microsoft.EntityFrameworkCore.Database.Command[20101]
2026-08-08T00:41:30.6995044+00:00 ContainerStream:       Executed DbCommand (2ms) [Parameters=[], CommandType='Text', CommandTimeout='30']
2026-08-08T00:41:30.6995127+00:00 ContainerStream:       SELECT OBJECT_ID(N'[__EFMigrationsHistory]');
2026-08-08T00:41:30.7044432+00:00 ContainerStream: info: Microsoft.EntityFrameworkCore.Database.Command[20101]
2026-08-08T00:41:30.7044756+00:00 ContainerStream:       Executed DbCommand (2ms) [Parameters=[], CommandType='Text', CommandTimeout='30']
2026-08-08T00:41:30.7044837+00:00 ContainerStream:       SELECT [MigrationId], [ProductVersion]
2026-08-08T00:41:30.7045107+00:00 ContainerStream:       FROM [__EFMigrationsHistory]
2026-08-08T00:41:30.7045160+00:00 ContainerStream:       ORDER BY [MigrationId];
2026-08-08T00:41:30.7067080+00:00 ContainerStream: info: Microsoft.EntityFrameworkCore.Database.Command[20101]
2026-08-08T00:41:30.7068275+00:00 ContainerStream:       Executed DbCommand (2ms) [Parameters=[], CommandType='Text', CommandTimeout='30']
2026-08-08T00:41:30.7068394+00:00 ContainerStream:       SELECT TOP(1) [b].[BankAccountNumber]
2026-08-08T00:41:30.7068443+00:00 ContainerStream:       FROM [Beneficiaries] AS [b]
2026-08-08T00:41:30.7068488+00:00 ContainerStream:       ORDER BY [b].[Id]
2026-08-08T00:41:37.7210729+00:00 ContainerStream: info: Microsoft.EntityFrameworkCore.Database.Command[20101]
2026-08-08T00:41:37.7211639+00:00 ContainerStream:       Executed DbCommand (4ms) [Parameters=[], CommandType='Text', CommandTimeout='30']
2026-08-08T00:41:37.7211823+00:00 ContainerStream:       SELECT 1
2026-08-08T00:41:37.7236757+00:00 ContainerStream: info: Microsoft.EntityFrameworkCore.Database.Command[20101]
2026-08-08T00:41:37.7238924+00:00 ContainerStream:       Executed DbCommand (3ms) [Parameters=[], CommandType='Text', CommandTimeout='30']
2026-08-08T00:41:37.7239093+00:00 ContainerStream:       SELECT OBJECT_ID(N'[__EFMigrationsHistory]');
2026-08-08T00:41:37.7274365+00:00 ContainerStream: info: Microsoft.EntityFrameworkCore.Database.Command[20101]
2026-08-08T00:41:37.7274733+00:00 ContainerStream:       Executed DbCommand (2ms) [Parameters=[], CommandType='Text', CommandTimeout='30']
2026-08-08T00:41:37.7274904+00:00 ContainerStream:       SELECT [MigrationId], [ProductVersion]
2026-08-08T00:41:37.7274955+00:00 ContainerStream:       FROM [__EFMigrationsHistory]
2026-08-08T00:41:37.7278475+00:00 ContainerStream:       ORDER BY [MigrationId];
2026-08-08T00:41:37.7298623+00:00 ContainerStream: info: Microsoft.EntityFrameworkCore.Database.Command[20101]
2026-08-08T00:41:37.7298836+00:00 ContainerStream:       Executed DbCommand (2ms) [Parameters=[], CommandType='Text', CommandTimeout='30']
2026-08-08T00:41:37.7298899+00:00 ContainerStream:       SELECT TOP(1) [b].[BankAccountNumber]
2026-08-08T00:41:37.7298942+00:00 ContainerStream:       FROM [Beneficiaries] AS [b]
2026-08-08T00:41:37.7299019+00:00 ContainerStream:       ORDER BY [b].[Id]
2026-08-08T00:41:39.2487274+00:00 ContainerStream: info: Microsoft.EntityFrameworkCore.Database.Command[20101]
2026-08-08T00:41:39.2487959+00:00 ContainerStream:       Executed DbCommand (2ms) [Parameters=[], CommandType='Text', CommandTimeout='30']
2026-08-08T00:41:39.2488062+00:00 ContainerStream:       SELECT 1
2026-08-08T00:41:39.2519560+00:00 ContainerStream: info: Microsoft.EntityFrameworkCore.Database.Command[20101]
2026-08-08T00:41:39.2520418+00:00 ContainerStream:       Executed DbCommand (2ms) [Parameters=[], CommandType='Text', CommandTimeout='30']
2026-08-08T00:41:39.2520502+00:00 ContainerStream:       SELECT OBJECT_ID(N'[__EFMigrationsHistory]');
2026-08-08T00:41:39.2539024+00:00 ContainerStream: info: Microsoft.EntityFrameworkCore.Database.Command[20101]
2026-08-08T00:41:39.2539534+00:00 ContainerStream:       Executed DbCommand (2ms) [Parameters=[], CommandType='Text', CommandTimeout='30']
2026-08-08T00:41:39.2539687+00:00 ContainerStream:       SELECT [MigrationId], [ProductVersion]
2026-08-08T00:41:39.2539734+00:00 ContainerStream:       FROM [__EFMigrationsHistory]
2026-08-08T00:41:39.2539943+00:00 ContainerStream:       ORDER BY [MigrationId];
2026-08-08T00:41:39.2568557+00:00 ContainerStream: info: Microsoft.EntityFrameworkCore.Database.Command[20101]
2026-08-08T00:41:39.2569075+00:00 ContainerStream:       Executed DbCommand (2ms) [Parameters=[], CommandType='Text', CommandTimeout='30']
2026-08-08T00:41:39.2569153+00:00 ContainerStream:       SELECT TOP(1) [b].[BankAccountNumber]
2026-08-08T00:41:39.2569195+00:00 ContainerStream:       FROM [Beneficiaries] AS [b]
2026-08-08T00:41:39.2569232+00:00 ContainerStream:       ORDER BY [b].[Id]
2026-08-08T00:41:39.2687273+00:00 ContainerStream: info: Microsoft.EntityFrameworkCore.Database.Command[20101]
2026-08-08T00:41:39.2687876+00:00 ContainerStream:       Executed DbCommand (2ms) [Parameters=[], CommandType='Text', CommandTimeout='30']
2026-08-08T00:41:39.2687976+00:00 ContainerStream:       SELECT 1
2026-08-08T00:41:39.2716671+00:00 ContainerStream: info: Microsoft.EntityFrameworkCore.Database.Command[20101]
2026-08-08T00:41:39.2717045+00:00 ContainerStream:       Executed DbCommand (3ms) [Parameters=[], CommandType='Text', CommandTimeout='30']
2026-08-08T00:41:39.2717174+00:00 ContainerStream:       SELECT OBJECT_ID(N'[__EFMigrationsHistory]');
2026-08-08T00:41:39.2749972+00:00 ContainerStream: info: Microsoft.EntityFrameworkCore.Database.Command[20101]
2026-08-08T00:41:39.2750315+00:00 ContainerStream:       Executed DbCommand (2ms) [Parameters=[], CommandType='Text', CommandTimeout='30']
2026-08-08T00:41:39.2750388+00:00 ContainerStream:       SELECT [MigrationId], [ProductVersion]
2026-08-08T00:41:39.2750440+00:00 ContainerStream:       FROM [__EFMigrationsHistory]
2026-08-08T00:41:39.2750530+00:00 ContainerStream:       ORDER BY [MigrationId];
2026-08-08T00:41:39.2770042+00:00 ContainerStream: info: Microsoft.EntityFrameworkCore.Database.Command[20101]
2026-08-08T00:41:39.2770339+00:00 ContainerStream:       Executed DbCommand (2ms) [Parameters=[], CommandType='Text', CommandTimeout='30']
2026-08-08T00:41:39.2770410+00:00 ContainerStream:       SELECT TOP(1) [b].[BankAccountNumber]
2026-08-08T00:41:39.2770455+00:00 ContainerStream:       FROM [Beneficiaries] AS [b]
2026-08-08T00:41:39.2770635+00:00 ContainerStream:       ORDER BY [b].[Id]
2026-08-08T00:41:39.7459018+00:00 ContainerStream: info: Microsoft.EntityFrameworkCore.Database.Command[20101]
2026-08-08T00:41:39.7459805+00:00 ContainerStream:       Executed DbCommand (2ms) [Parameters=[], CommandType='Text', CommandTimeout='30']
2026-08-08T00:41:39.7459934+00:00 ContainerStream:       SELECT 1
2026-08-08T00:41:39.7483201+00:00 ContainerStream: info: Microsoft.EntityFrameworkCore.Database.Command[20101]
2026-08-08T00:41:39.7483725+00:00 ContainerStream:       Executed DbCommand (2ms) [Parameters=[], CommandType='Text', CommandTimeout='30']
2026-08-08T00:41:39.7483836+00:00 ContainerStream:       SELECT OBJECT_ID(N'[__EFMigrationsHistory]');
2026-08-08T00:41:39.7519271+00:00 ContainerStream: info: Microsoft.EntityFrameworkCore.Database.Command[20101]
2026-08-08T00:41:39.7519697+00:00 ContainerStream:       Executed DbCommand (2ms) [Parameters=[], CommandType='Text', CommandTimeout='30']
2026-08-08T00:41:39.7519772+00:00 ContainerStream:       SELECT [MigrationId], [ProductVersion]
2026-08-08T00:41:39.7519811+00:00 ContainerStream:       FROM [__EFMigrationsHistory]
2026-08-08T00:41:39.7519978+00:00 ContainerStream:       ORDER BY [MigrationId];
2026-08-08T00:41:39.7552020+00:00 ContainerStream: info: Microsoft.EntityFrameworkCore.Database.Command[20101]
2026-08-08T00:41:39.7552358+00:00 ContainerStream:       Executed DbCommand (2ms) [Parameters=[], CommandType='Text', CommandTimeout='30']
2026-08-08T00:41:39.7552435+00:00 ContainerStream:       SELECT TOP(1) [b].[BankAccountNumber]
2026-08-08T00:41:39.7552477+00:00 ContainerStream:       FROM [Beneficiaries] AS [b]
2026-08-08T00:41:39.7552522+00:00 ContainerStream:       ORDER BY [b].[Id]
2026-08-08T00:41:43.7654744+00:00 ContainerStream: info: Microsoft.EntityFrameworkCore.Database.Command[20101]
2026-08-08T00:41:43.7655568+00:00 ContainerStream:       Executed DbCommand (2ms) [Parameters=[], CommandType='Text', CommandTimeout='30']
2026-08-08T00:41:43.7655669+00:00 ContainerStream:       SELECT 1
2026-08-08T00:41:43.7676111+00:00 ContainerStream: info: Microsoft.EntityFrameworkCore.Database.Command[20101]
2026-08-08T00:41:43.7676715+00:00 ContainerStream:       Executed DbCommand (2ms) [Parameters=[], CommandType='Text', CommandTimeout='30']
2026-08-08T00:41:43.7676802+00:00 ContainerStream:       SELECT OBJECT_ID(N'[__EFMigrationsHistory]');
2026-08-08T00:41:43.7713792+00:00 ContainerStream: info: Microsoft.EntityFrameworkCore.Database.Command[20101]
2026-08-08T00:41:43.7714202+00:00 ContainerStream:       Executed DbCommand (2ms) [Parameters=[], CommandType='Text', CommandTimeout='30']
2026-08-08T00:41:43.7714284+00:00 ContainerStream:       SELECT [MigrationId], [ProductVersion]
2026-08-08T00:41:43.7714375+00:00 ContainerStream:       FROM [__EFMigrationsHistory]
2026-08-08T00:41:43.7714423+00:00 ContainerStream:       ORDER BY [MigrationId];
2026-08-08T00:41:43.7740447+00:00 ContainerStream: info: Microsoft.EntityFrameworkCore.Database.Command[20101]
2026-08-08T00:41:43.7742621+00:00 ContainerStream:       Executed DbCommand (2ms) [Parameters=[], CommandType='Text', CommandTimeout='30']
2026-08-08T00:41:43.7742781+00:00 ContainerStream:       SELECT TOP(1) [b].[BankAccountNumber]
2026-08-08T00:41:43.7742828+00:00 ContainerStream:       FROM [Beneficiaries] AS [b]
2026-08-08T00:41:43.7742866+00:00 ContainerStream:       ORDER BY [b].[Id]
2026-08-08T00:41:44.8490634+00:00 ContainerStream: info: Microsoft.EntityFrameworkCore.Database.Command[20101]
2026-08-08T00:41:44.8491573+00:00 ContainerStream:       Executed DbCommand (2ms) [Parameters=[], CommandType='Text', CommandTimeout='30']
2026-08-08T00:41:44.8491813+00:00 ContainerStream:       SELECT 1
2026-08-08T00:41:44.8524842+00:00 ContainerStream: info: Microsoft.EntityFrameworkCore.Database.Command[20101]
2026-08-08T00:41:44.8526315+00:00 ContainerStream:       Executed DbCommand (2ms) [Parameters=[], CommandType='Text', CommandTimeout='30']
2026-08-08T00:41:44.8526427+00:00 ContainerStream:       SELECT OBJECT_ID(N'[__EFMigrationsHistory]');
2026-08-08T00:41:44.8550272+00:00 ContainerStream: info: Microsoft.EntityFrameworkCore.Database.Command[20101]
2026-08-08T00:41:44.8550912+00:00 ContainerStream:       Executed DbCommand (2ms) [Parameters=[], CommandType='Text', CommandTimeout='30']
2026-08-08T00:41:44.8551009+00:00 ContainerStream:       SELECT [MigrationId], [ProductVersion]
2026-08-08T00:41:44.8551070+00:00 ContainerStream:       FROM [__EFMigrationsHistory]
2026-08-08T00:41:44.8551130+00:00 ContainerStream:       ORDER BY [MigrationId];
2026-08-08T00:41:44.8568099+00:00 ContainerStream: info: Microsoft.EntityFrameworkCore.Database.Command[20101]
2026-08-08T00:41:44.8568482+00:00 ContainerStream:       Executed DbCommand (2ms) [Parameters=[], CommandType='Text', CommandTimeout='30']
2026-08-08T00:41:44.8568558+00:00 ContainerStream:       SELECT TOP(1) [b].[BankAccountNumber]
2026-08-08T00:41:44.8574247+00:00 ContainerStream:       FROM [Beneficiaries] AS [b]
2026-08-08T00:41:44.8574413+00:00 ContainerStream:       ORDER BY [b].[Id]
2026-08-08T00:41:45.2168941+00:00 ContainerStream: info: Microsoft.EntityFrameworkCore.Database.Command[20101]
2026-08-08T00:41:45.2169889+00:00 ContainerStream:       Executed DbCommand (3ms) [Parameters=[], CommandType='Text', CommandTimeout='30']
2026-08-08T00:41:45.2170008+00:00 ContainerStream:       SELECT 1
2026-08-08T00:41:45.2188286+00:00 ContainerStream: info: Microsoft.EntityFrameworkCore.Database.Command[20101]
2026-08-08T00:41:45.2201067+00:00 ContainerStream:       Executed DbCommand (2ms) [Parameters=[], CommandType='Text', CommandTimeout='30']
2026-08-08T00:41:45.2201269+00:00 ContainerStream:       SELECT OBJECT_ID(N'[__EFMigrationsHistory]');
2026-08-08T00:41:45.2218587+00:00 ContainerStream: info: Microsoft.EntityFrameworkCore.Database.Command[20101]
2026-08-08T00:41:45.2218972+00:00 ContainerStream:       Executed DbCommand (2ms) [Parameters=[], CommandType='Text', CommandTimeout='30']
2026-08-08T00:41:45.2219104+00:00 ContainerStream:       SELECT [MigrationId], [ProductVersion]
2026-08-08T00:41:45.2219150+00:00 ContainerStream:       FROM [__EFMigrationsHistory]
2026-08-08T00:41:45.2222742+00:00 ContainerStream:       ORDER BY [MigrationId];
2026-08-08T00:41:45.2247331+00:00 ContainerStream: info: Microsoft.EntityFrameworkCore.Database.Command[20101]
2026-08-08T00:41:45.2247724+00:00 ContainerStream:       Executed DbCommand (2ms) [Parameters=[], CommandType='Text', CommandTimeout='30']
2026-08-08T00:41:45.2247801+00:00 ContainerStream:       SELECT TOP(1) [b].[BankAccountNumber]
2026-08-08T00:41:45.2247847+00:00 ContainerStream:       FROM [Beneficiaries] AS [b]
2026-08-08T00:41:45.2247892+00:00 ContainerStream:       ORDER BY [b].[Id]
2026-08-08T00:41:48.2628855+00:00 ContainerStream: info: Microsoft.EntityFrameworkCore.Database.Command[20101]
2026-08-08T00:41:48.2629593+00:00 ContainerStream:       Executed DbCommand (2ms) [Parameters=[], CommandType='Text', CommandTimeout='30']
2026-08-08T00:41:48.2629686+00:00 ContainerStream:       SELECT 1
2026-08-08T00:41:48.2648477+00:00 ContainerStream: info: Microsoft.EntityFrameworkCore.Database.Command[20101]
2026-08-08T00:41:48.2649002+00:00 ContainerStream:       Executed DbCommand (2ms) [Parameters=[], CommandType='Text', CommandTimeout='30']
2026-08-08T00:41:48.2649132+00:00 ContainerStream:       SELECT OBJECT_ID(N'[__EFMigrationsHistory]');
2026-08-08T00:41:48.2683306+00:00 ContainerStream: info: Microsoft.EntityFrameworkCore.Database.Command[20101]
2026-08-08T00:41:48.2683645+00:00 ContainerStream:       Executed DbCommand (2ms) [Parameters=[], CommandType='Text', CommandTimeout='30']
2026-08-08T00:41:48.2683720+00:00 ContainerStream:       SELECT [MigrationId], [ProductVersion]
2026-08-08T00:41:48.2683769+00:00 ContainerStream:       FROM [__EFMigrationsHistory]
2026-08-08T00:41:48.2685414+00:00 ContainerStream:       ORDER BY [MigrationId];
2026-08-08T00:41:48.2703247+00:00 ContainerStream: info: Microsoft.EntityFrameworkCore.Database.Command[20101]
2026-08-08T00:41:48.2704161+00:00 ContainerStream:       Executed DbCommand (2ms) [Parameters=[], CommandType='Text', CommandTimeout='30']
2026-08-08T00:41:48.2704244+00:00 ContainerStream:       SELECT TOP(1) [b].[BankAccountNumber]
2026-08-08T00:41:48.2704329+00:00 ContainerStream:       FROM [Beneficiaries] AS [b]
2026-08-08T00:41:48.2704375+00:00 ContainerStream:       ORDER BY [b].[Id]
2026-08-08T00:41:52.1711666+00:00 ContainerStream: info: Microsoft.EntityFrameworkCore.Database.Command[20101]
2026-08-08T00:41:52.1712658+00:00 ContainerStream:       Executed DbCommand (3ms) [Parameters=[], CommandType='Text', CommandTimeout='30']
2026-08-08T00:41:52.1712773+00:00 ContainerStream:       SELECT 1
2026-08-08T00:41:52.1747299+00:00 ContainerStream: info: Microsoft.EntityFrameworkCore.Database.Command[20101]
2026-08-08T00:41:52.1747870+00:00 ContainerStream:       Executed DbCommand (2ms) [Parameters=[], CommandType='Text', CommandTimeout='30']
2026-08-08T00:41:52.1747953+00:00 ContainerStream:       SELECT OBJECT_ID(N'[__EFMigrationsHistory]');
2026-08-08T00:41:52.1764036+00:00 ContainerStream: info: Microsoft.EntityFrameworkCore.Database.Command[20101]
2026-08-08T00:41:52.1764456+00:00 ContainerStream:       Executed DbCommand (2ms) [Parameters=[], CommandType='Text', CommandTimeout='30']
2026-08-08T00:41:52.1764529+00:00 ContainerStream:       SELECT [MigrationId], [ProductVersion]
2026-08-08T00:41:52.1764569+00:00 ContainerStream:       FROM [__EFMigrationsHistory]
2026-08-08T00:41:52.1764610+00:00 ContainerStream:       ORDER BY [MigrationId];
2026-08-08T00:41:52.1788167+00:00 ContainerStream: info: Microsoft.EntityFrameworkCore.Database.Command[20101]
2026-08-08T00:41:52.1788520+00:00 ContainerStream:       Executed DbCommand (2ms) [Parameters=[], CommandType='Text', CommandTimeout='30']
2026-08-08T00:41:52.1788582+00:00 ContainerStream:       SELECT TOP(1) [b].[BankAccountNumber]
2026-08-08T00:41:52.1788620+00:00 ContainerStream:       FROM [Beneficiaries] AS [b]
2026-08-08T00:41:52.1793236+00:00 ContainerStream:       ORDER BY [b].[Id]
2026-08-08T00:41:55.7527967+00:00 ContainerStream: info: Microsoft.EntityFrameworkCore.Database.Command[20101]
2026-08-08T00:41:55.7528801+00:00 ContainerStream:       Executed DbCommand (2ms) [Parameters=[], CommandType='Text', CommandTimeout='30']
2026-08-08T00:41:55.7528916+00:00 ContainerStream:       SELECT 1
2026-08-08T00:41:55.7550648+00:00 ContainerStream: info: Microsoft.EntityFrameworkCore.Database.Command[20101]
2026-08-08T00:41:55.7551113+00:00 ContainerStream:       Executed DbCommand (2ms) [Parameters=[], CommandType='Text', CommandTimeout='30']
2026-08-08T00:41:55.7551249+00:00 ContainerStream:       SELECT OBJECT_ID(N'[__EFMigrationsHistory]');
2026-08-08T00:41:55.7585591+00:00 ContainerStream: info: Microsoft.EntityFrameworkCore.Database.Command[20101]
2026-08-08T00:41:55.7586011+00:00 ContainerStream:       Executed DbCommand (2ms) [Parameters=[], CommandType='Text', CommandTimeout='30']
2026-08-08T00:41:55.7586094+00:00 ContainerStream:       SELECT [MigrationId], [ProductVersion]
2026-08-08T00:41:55.7586191+00:00 ContainerStream:       FROM [__EFMigrationsHistory]
2026-08-08T00:41:55.7592537+00:00 ContainerStream:       ORDER BY [MigrationId];
2026-08-08T00:41:55.7620874+00:00 ContainerStream: info: Microsoft.EntityFrameworkCore.Database.Command[20101]
2026-08-08T00:41:55.7621188+00:00 ContainerStream:       Executed DbCommand (2ms) [Parameters=[], CommandType='Text', CommandTimeout='30']
2026-08-08T00:41:55.7621301+00:00 ContainerStream:       SELECT TOP(1) [b].[BankAccountNumber]
2026-08-08T00:41:55.7621352+00:00 ContainerStream:       FROM [Beneficiaries] AS [b]
2026-08-08T00:41:55.7621387+00:00 ContainerStream:       ORDER BY [b].[Id]
2026-08-08T00:41:59.7117884+00:00 ContainerStream: info: Microsoft.EntityFrameworkCore.Database.Command[20101]
2026-08-08T00:41:59.7118840+00:00 ContainerStream:       Executed DbCommand (2ms) [Parameters=[], CommandType='Text', CommandTimeout='30']
2026-08-08T00:41:59.7119062+00:00 ContainerStream:       SELECT 1
2026-08-08T00:41:59.7139321+00:00 ContainerStream: info: Microsoft.EntityFrameworkCore.Database.Command[20101]
2026-08-08T00:41:59.7141642+00:00 ContainerStream:       Executed DbCommand (2ms) [Parameters=[], CommandType='Text', CommandTimeout='30']
2026-08-08T00:41:59.7141781+00:00 ContainerStream:       SELECT OBJECT_ID(N'[__EFMigrationsHistory]');
2026-08-08T00:41:59.7174448+00:00 ContainerStream: info: Microsoft.EntityFrameworkCore.Database.Command[20101]
2026-08-08T00:41:59.7174871+00:00 ContainerStream:       Executed DbCommand (2ms) [Parameters=[], CommandType='Text', CommandTimeout='30']
2026-08-08T00:41:59.7174950+00:00 ContainerStream:       SELECT [MigrationId], [ProductVersion]
2026-08-08T00:41:59.7175000+00:00 ContainerStream:       FROM [__EFMigrationsHistory]
2026-08-08T00:41:59.7175047+00:00 ContainerStream:       ORDER BY [MigrationId];
2026-08-08T00:41:59.7194186+00:00 ContainerStream: info: Microsoft.EntityFrameworkCore.Database.Command[20101]
2026-08-08T00:41:59.7194533+00:00 ContainerStream:       Executed DbCommand (2ms) [Parameters=[], CommandType='Text', CommandTimeout='30']
2026-08-08T00:41:59.7194597+00:00 ContainerStream:       SELECT TOP(1) [b].[BankAccountNumber]
2026-08-08T00:41:59.7194635+00:00 ContainerStream:       FROM [Beneficiaries] AS [b]
2026-08-08T00:41:59.7194814+00:00 ContainerStream:       ORDER BY [b].[Id]
2026-08-08T00:42:03.4951998+00:00 ContainerStream: info: Microsoft.EntityFrameworkCore.Database.Command[20101]
2026-08-08T00:42:03.4952916+00:00 ContainerStream:       Executed DbCommand (3ms) [Parameters=[], CommandType='Text', CommandTimeout='30']
2026-08-08T00:42:03.4953036+00:00 ContainerStream:       SELECT 1
2026-08-08T00:42:03.4971208+00:00 ContainerStream: info: Microsoft.EntityFrameworkCore.Database.Command[20101]
2026-08-08T00:42:03.4971731+00:00 ContainerStream:       Executed DbCommand (2ms) [Parameters=[], CommandType='Text', CommandTimeout='30']
2026-08-08T00:42:03.4971835+00:00 ContainerStream:       SELECT OBJECT_ID(N'[__EFMigrationsHistory]');
2026-08-08T00:42:03.5011296+00:00 ContainerStream: info: Microsoft.EntityFrameworkCore.Database.Command[20101]
2026-08-08T00:42:03.5011713+00:00 ContainerStream:       Executed DbCommand (2ms) [Parameters=[], CommandType='Text', CommandTimeout='30']
2026-08-08T00:42:03.5011841+00:00 ContainerStream:       SELECT [MigrationId], [ProductVersion]
2026-08-08T00:42:03.5011881+00:00 ContainerStream:       FROM [__EFMigrationsHistory]
2026-08-08T00:42:03.5011918+00:00 ContainerStream:       ORDER BY [MigrationId];
2026-08-08T00:42:03.5032211+00:00 ContainerStream: info: Microsoft.EntityFrameworkCore.Database.Command[20101]
2026-08-08T00:42:03.5032583+00:00 ContainerStream:       Executed DbCommand (2ms) [Parameters=[], CommandType='Text', CommandTimeout='30']
2026-08-08T00:42:03.5032650+00:00 ContainerStream:       SELECT TOP(1) [b].[BankAccountNumber]
2026-08-08T00:42:03.5032686+00:00 ContainerStream:       FROM [Beneficiaries] AS [b]
2026-08-08T00:42:03.5032722+00:00 ContainerStream:       ORDER BY [b].[Id]
2026-08-08T00:42:04.0175223+00:00 ContainerStream: info: Microsoft.EntityFrameworkCore.Database.Command[20101]
2026-08-08T00:42:04.0176183+00:00 ContainerStream:       Executed DbCommand (2ms) [Parameters=[], CommandType='Text', CommandTimeout='30']
2026-08-08T00:42:04.0176294+00:00 ContainerStream:       SELECT 1
2026-08-08T00:42:04.0195327+00:00 ContainerStream: info: Microsoft.EntityFrameworkCore.Database.Command[20101]
2026-08-08T00:42:04.0196065+00:00 ContainerStream:       Executed DbCommand (2ms) [Parameters=[], CommandType='Text', CommandTimeout='30']
2026-08-08T00:42:04.0196223+00:00 ContainerStream:       SELECT OBJECT_ID(N'[__EFMigrationsHistory]');
2026-08-08T00:42:04.0249179+00:00 ContainerStream: info: Microsoft.EntityFrameworkCore.Database.Command[20101]
2026-08-08T00:42:04.0249803+00:00 ContainerStream:       Executed DbCommand (2ms) [Parameters=[], CommandType='Text', CommandTimeout='30']
2026-08-08T00:42:04.0249899+00:00 ContainerStream:       SELECT [MigrationId], [ProductVersion]
2026-08-08T00:42:04.0249943+00:00 ContainerStream:       FROM [__EFMigrationsHistory]
2026-08-08T00:42:04.0250054+00:00 ContainerStream:       ORDER BY [MigrationId];
2026-08-08T00:42:04.0262236+00:00 ContainerStream: info: Microsoft.EntityFrameworkCore.Database.Command[20101]
2026-08-08T00:42:04.0262661+00:00 ContainerStream:       Executed DbCommand (2ms) [Parameters=[], CommandType='Text', CommandTimeout='30']
2026-08-08T00:42:04.0265036+00:00 ContainerStream:       SELECT TOP(1) [b].[BankAccountNumber]
2026-08-08T00:42:04.0265111+00:00 ContainerStream:       FROM [Beneficiaries] AS [b]
2026-08-08T00:42:04.0265189+00:00 ContainerStream:       ORDER BY [b].[Id]
2026-08-08T00:42:04.0330540+00:00 ContainerStream: info: Microsoft.EntityFrameworkCore.Database.Command[20101]
2026-08-08T00:42:04.0330948+00:00 ContainerStream:       Executed DbCommand (2ms) [Parameters=[], CommandType='Text', CommandTimeout='30']
2026-08-08T00:42:04.0331033+00:00 ContainerStream:       SELECT 1
2026-08-08T00:42:04.0351611+00:00 ContainerStream: info: Microsoft.EntityFrameworkCore.Database.Command[20101]
2026-08-08T00:42:04.0351942+00:00 ContainerStream:       Executed DbCommand (2ms) [Parameters=[], CommandType='Text', CommandTimeout='30']
2026-08-08T00:42:04.0352025+00:00 ContainerStream:       SELECT OBJECT_ID(N'[__EFMigrationsHistory]');
2026-08-08T00:42:04.0383744+00:00 ContainerStream: info: Microsoft.EntityFrameworkCore.Database.Command[20101]
2026-08-08T00:42:04.0384075+00:00 ContainerStream:       Executed DbCommand (2ms) [Parameters=[], CommandType='Text', CommandTimeout='30']
2026-08-08T00:42:04.0384148+00:00 ContainerStream:       SELECT [MigrationId], [ProductVersion]
2026-08-08T00:42:04.0386388+00:00 ContainerStream:       FROM [__EFMigrationsHistory]
2026-08-08T00:42:04.0386675+00:00 ContainerStream:       ORDER BY [MigrationId];
2026-08-08T00:42:04.0404964+00:00 ContainerStream: info: Microsoft.EntityFrameworkCore.Database.Command[20101]
2026-08-08T00:42:04.0405252+00:00 ContainerStream:       Executed DbCommand (2ms) [Parameters=[], CommandType='Text', CommandTimeout='30']
2026-08-08T00:42:04.0405356+00:00 ContainerStream:       SELECT TOP(1) [b].[BankAccountNumber]
2026-08-08T00:42:04.0405395+00:00 ContainerStream:       FROM [Beneficiaries] AS [b]
2026-08-08T00:42:04.0405432+00:00 ContainerStream:       ORDER BY [b].[Id]
2026-08-08T00:42:11.0012307+00:00 ContainerStream: info: Microsoft.EntityFrameworkCore.Database.Command[20101]
2026-08-08T00:42:11.0013413+00:00 ContainerStream:       Executed DbCommand (3ms) [Parameters=[], CommandType='Text', CommandTimeout='30']
2026-08-08T00:42:11.0013624+00:00 ContainerStream:       SELECT 1
2026-08-08T00:42:11.0036107+00:00 ContainerStream: info: Microsoft.EntityFrameworkCore.Database.Command[20101]
2026-08-08T00:42:11.0036656+00:00 ContainerStream:       Executed DbCommand (2ms) [Parameters=[], CommandType='Text', CommandTimeout='30']
2026-08-08T00:42:11.0036760+00:00 ContainerStream:       SELECT OBJECT_ID(N'[__EFMigrationsHistory]');
2026-08-08T00:42:11.0070158+00:00 ContainerStream: info: Microsoft.EntityFrameworkCore.Database.Command[20101]
2026-08-08T00:42:11.0070492+00:00 ContainerStream:       Executed DbCommand (2ms) [Parameters=[], CommandType='Text', CommandTimeout='30']
2026-08-08T00:42:11.0070573+00:00 ContainerStream:       SELECT [MigrationId], [ProductVersion]
2026-08-08T00:42:11.0070613+00:00 ContainerStream:       FROM [__EFMigrationsHistory]
2026-08-08T00:42:11.0070833+00:00 ContainerStream:       ORDER BY [MigrationId];
2026-08-08T00:42:11.0117586+00:00 ContainerStream: info: Microsoft.EntityFrameworkCore.Database.Command[20101]
2026-08-08T00:42:11.0117938+00:00 ContainerStream:       Executed DbCommand (2ms) [Parameters=[], CommandType='Text', CommandTimeout='30']
2026-08-08T00:42:11.0118024+00:00 ContainerStream:       SELECT TOP(1) [b].[BankAccountNumber]
2026-08-08T00:42:11.0118068+00:00 ContainerStream:       FROM [Beneficiaries] AS [b]
2026-08-08T00:42:11.0118105+00:00 ContainerStream:       ORDER BY [b].[Id]
2026-08-08T00:42:12.1062959+00:00 ContainerStream: info: Microsoft.EntityFrameworkCore.Database.Command[20101]
2026-08-08T00:42:12.1064013+00:00 ContainerStream:       Executed DbCommand (2ms) [Parameters=[], CommandType='Text', CommandTimeout='30']
2026-08-08T00:42:12.1064118+00:00 ContainerStream:       SELECT 1
2026-08-08T00:42:12.1082809+00:00 ContainerStream: info: Microsoft.EntityFrameworkCore.Database.Command[20101]
2026-08-08T00:42:12.1083229+00:00 ContainerStream:       Executed DbCommand (2ms) [Parameters=[], CommandType='Text', CommandTimeout='30']
2026-08-08T00:42:12.1083364+00:00 ContainerStream:       SELECT OBJECT_ID(N'[__EFMigrationsHistory]');
2026-08-08T00:42:12.1120123+00:00 ContainerStream: info: Microsoft.EntityFrameworkCore.Database.Command[20101]
2026-08-08T00:42:12.1120494+00:00 ContainerStream:       Executed DbCommand (2ms) [Parameters=[], CommandType='Text', CommandTimeout='30']
2026-08-08T00:42:12.1120581+00:00 ContainerStream:       SELECT [MigrationId], [ProductVersion]
2026-08-08T00:42:12.1120732+00:00 ContainerStream:       FROM [__EFMigrationsHistory]
2026-08-08T00:42:12.1120771+00:00 ContainerStream:       ORDER BY [MigrationId];
2026-08-08T00:42:12.1140213+00:00 ContainerStream: info: Microsoft.EntityFrameworkCore.Database.Command[20101]
2026-08-08T00:42:12.1140595+00:00 ContainerStream:       Executed DbCommand (2ms) [Parameters=[], CommandType='Text', CommandTimeout='30']
2026-08-08T00:42:12.1140663+00:00 ContainerStream:       SELECT TOP(1) [b].[BankAccountNumber]
2026-08-08T00:42:12.1140762+00:00 ContainerStream:       FROM [Beneficiaries] AS [b]
2026-08-08T00:42:12.1140800+00:00 ContainerStream:       ORDER BY [b].[Id]
2026-08-08T00:42:13.7655450+00:00 ContainerStream: info: Microsoft.EntityFrameworkCore.Database.Command[20101]
2026-08-08T00:42:13.7656229+00:00 ContainerStream:       Executed DbCommand (2ms) [Parameters=[], CommandType='Text', CommandTimeout='30']
2026-08-08T00:42:13.7656455+00:00 ContainerStream:       SELECT 1
2026-08-08T00:42:13.7675968+00:00 ContainerStream: info: Microsoft.EntityFrameworkCore.Database.Command[20101]
2026-08-08T00:42:13.7676495+00:00 ContainerStream:       Executed DbCommand (2ms) [Parameters=[], CommandType='Text', CommandTimeout='30']
2026-08-08T00:42:13.7676581+00:00 ContainerStream:       SELECT OBJECT_ID(N'[__EFMigrationsHistory]');
2026-08-08T00:42:13.7732836+00:00 ContainerStream: info: Microsoft.EntityFrameworkCore.Database.Command[20101]
2026-08-08T00:42:13.7733224+00:00 ContainerStream:       Executed DbCommand (4ms) [Parameters=[], CommandType='Text', CommandTimeout='30']
2026-08-08T00:42:13.7733310+00:00 ContainerStream:       SELECT [MigrationId], [ProductVersion]
2026-08-08T00:42:13.7733351+00:00 ContainerStream:       FROM [__EFMigrationsHistory]
2026-08-08T00:42:13.7735821+00:00 ContainerStream:       ORDER BY [MigrationId];
2026-08-08T00:42:13.7761954+00:00 ContainerStream: info: Microsoft.EntityFrameworkCore.Database.Command[20101]
2026-08-08T00:42:13.7762314+00:00 ContainerStream:       Executed DbCommand (2ms) [Parameters=[], CommandType='Text', CommandTimeout='30']
2026-08-08T00:42:13.7762396+00:00 ContainerStream:       SELECT TOP(1) [b].[BankAccountNumber]
2026-08-08T00:42:13.7762437+00:00 ContainerStream:       FROM [Beneficiaries] AS [b]
2026-08-08T00:42:13.7762474+00:00 ContainerStream:       ORDER BY [b].[Id]
2026-08-08T00:42:16.4739593+00:00 ContainerStream: info: Microsoft.EntityFrameworkCore.Database.Command[20101]
2026-08-08T00:42:16.4740433+00:00 ContainerStream:       Executed DbCommand (2ms) [Parameters=[], CommandType='Text', CommandTimeout='30']
2026-08-08T00:42:16.4740542+00:00 ContainerStream:       SELECT 1
2026-08-08T00:42:16.4760340+00:00 ContainerStream: info: Microsoft.EntityFrameworkCore.Database.Command[20101]
2026-08-08T00:42:16.4760810+00:00 ContainerStream:       Executed DbCommand (2ms) [Parameters=[], CommandType='Text', CommandTimeout='30']
2026-08-08T00:42:16.4760890+00:00 ContainerStream:       SELECT OBJECT_ID(N'[__EFMigrationsHistory]');
2026-08-08T00:42:16.4795431+00:00 ContainerStream: info: Microsoft.EntityFrameworkCore.Database.Command[20101]
2026-08-08T00:42:16.4795777+00:00 ContainerStream:       Executed DbCommand (2ms) [Parameters=[], CommandType='Text', CommandTimeout='30']
2026-08-08T00:42:16.4795996+00:00 ContainerStream:       SELECT [MigrationId], [ProductVersion]
2026-08-08T00:42:16.4796039+00:00 ContainerStream:       FROM [__EFMigrationsHistory]
2026-08-08T00:42:16.4796079+00:00 ContainerStream:       ORDER BY [MigrationId];
2026-08-08T00:42:16.4816806+00:00 ContainerStream: info: Microsoft.EntityFrameworkCore.Database.Command[20101]
2026-08-08T00:42:16.4817100+00:00 ContainerStream:       Executed DbCommand (2ms) [Parameters=[], CommandType='Text', CommandTimeout='30']
2026-08-08T00:42:16.4817216+00:00 ContainerStream:       SELECT TOP(1) [b].[BankAccountNumber]
2026-08-08T00:42:16.4817262+00:00 ContainerStream:       FROM [Beneficiaries] AS [b]
2026-08-08T00:42:16.4817304+00:00 ContainerStream:       ORDER BY [b].[Id]
2026-08-08T00:42:17.5493951+00:00 ContainerStream: info: Microsoft.EntityFrameworkCore.Database.Command[20101]
2026-08-08T00:42:17.5494949+00:00 ContainerStream:       Executed DbCommand (3ms) [Parameters=[], CommandType='Text', CommandTimeout='30']
2026-08-08T00:42:17.5495049+00:00 ContainerStream:       SELECT 1
2026-08-08T00:42:17.5518282+00:00 ContainerStream: info: Microsoft.EntityFrameworkCore.Database.Command[20101]
2026-08-08T00:42:17.5519353+00:00 ContainerStream:       Executed DbCommand (2ms) [Parameters=[], CommandType='Text', CommandTimeout='30']
2026-08-08T00:42:17.5519465+00:00 ContainerStream:       SELECT OBJECT_ID(N'[__EFMigrationsHistory]');
2026-08-08T00:42:17.5573350+00:00 ContainerStream: info: Microsoft.EntityFrameworkCore.Database.Command[20101]
2026-08-08T00:42:17.5574175+00:00 ContainerStream:       Executed DbCommand (3ms) [Parameters=[], CommandType='Text', CommandTimeout='30']
2026-08-08T00:42:17.5574415+00:00 ContainerStream:       SELECT [MigrationId], [ProductVersion]
2026-08-08T00:42:17.5574463+00:00 ContainerStream:       FROM [__EFMigrationsHistory]
2026-08-08T00:42:17.5574573+00:00 ContainerStream:       ORDER BY [MigrationId];
2026-08-08T00:42:17.5595585+00:00 ContainerStream: info: Microsoft.EntityFrameworkCore.Database.Command[20101]
2026-08-08T00:42:17.5596081+00:00 ContainerStream:       Executed DbCommand (2ms) [Parameters=[], CommandType='Text', CommandTimeout='30']
2026-08-08T00:42:17.5596162+00:00 ContainerStream:       SELECT TOP(1) [b].[BankAccountNumber]
2026-08-08T00:42:17.5596211+00:00 ContainerStream:       FROM [Beneficiaries] AS [b]
2026-08-08T00:42:17.5596314+00:00 ContainerStream:       ORDER BY [b].[Id]
2026-08-08T00:42:20.1755946+00:00 ContainerStream: info: Microsoft.EntityFrameworkCore.Database.Command[20101]
2026-08-08T00:42:20.1756807+00:00 ContainerStream:       Executed DbCommand (10ms) [Parameters=[], CommandType='Text', CommandTimeout='30']
2026-08-08T00:42:20.1756918+00:00 ContainerStream:       SELECT 1
2026-08-08T00:42:20.1778848+00:00 ContainerStream: info: Microsoft.EntityFrameworkCore.Database.Command[20101]
2026-08-08T00:42:20.1779514+00:00 ContainerStream:       Executed DbCommand (2ms) [Parameters=[], CommandType='Text', CommandTimeout='30']
2026-08-08T00:42:20.1779606+00:00 ContainerStream:       SELECT OBJECT_ID(N'[__EFMigrationsHistory]');
2026-08-08T00:42:20.1819838+00:00 ContainerStream: info: Microsoft.EntityFrameworkCore.Database.Command[20101]
2026-08-08T00:42:20.1820251+00:00 ContainerStream:       Executed DbCommand (2ms) [Parameters=[], CommandType='Text', CommandTimeout='30']
2026-08-08T00:42:20.1820380+00:00 ContainerStream:       SELECT [MigrationId], [ProductVersion]
2026-08-08T00:42:20.1820428+00:00 ContainerStream:       FROM [__EFMigrationsHistory]
2026-08-08T00:42:20.1820475+00:00 ContainerStream:       ORDER BY [MigrationId];
2026-08-08T00:42:20.1838125+00:00 ContainerStream: info: Microsoft.EntityFrameworkCore.Database.Command[20101]
2026-08-08T00:42:20.1838472+00:00 ContainerStream:       Executed DbCommand (2ms) [Parameters=[], CommandType='Text', CommandTimeout='30']
2026-08-08T00:42:20.1838585+00:00 ContainerStream:       SELECT TOP(1) [b].[BankAccountNumber]
2026-08-08T00:42:20.1838630+00:00 ContainerStream:       FROM [Beneficiaries] AS [b]
2026-08-08T00:42:20.1838673+00:00 ContainerStream:       ORDER BY [b].[Id]
2026-08-08T00:42:21.6654202+00:00 ContainerStream: info: Microsoft.EntityFrameworkCore.Database.Command[20101]
2026-08-08T00:42:21.6655135+00:00 ContainerStream:       Executed DbCommand (2ms) [Parameters=[], CommandType='Text', CommandTimeout='30']
2026-08-08T00:42:21.6655245+00:00 ContainerStream:       SELECT 1
2026-08-08T00:42:21.6674877+00:00 ContainerStream: info: Microsoft.EntityFrameworkCore.Database.Command[20101]
2026-08-08T00:42:21.6675342+00:00 ContainerStream:       Executed DbCommand (2ms) [Parameters=[], CommandType='Text', CommandTimeout='30']
2026-08-08T00:42:21.6675428+00:00 ContainerStream:       SELECT OBJECT_ID(N'[__EFMigrationsHistory]');
2026-08-08T00:42:21.6706918+00:00 ContainerStream: info: Microsoft.EntityFrameworkCore.Database.Command[20101]
2026-08-08T00:42:21.6707339+00:00 ContainerStream:       Executed DbCommand (2ms) [Parameters=[], CommandType='Text', CommandTimeout='30']
2026-08-08T00:42:21.6707426+00:00 ContainerStream:       SELECT [MigrationId], [ProductVersion]
2026-08-08T00:42:21.6707471+00:00 ContainerStream:       FROM [__EFMigrationsHistory]
2026-08-08T00:42:21.6707558+00:00 ContainerStream:       ORDER BY [MigrationId];
2026-08-08T00:42:21.6732124+00:00 ContainerStream: info: Microsoft.EntityFrameworkCore.Database.Command[20101]
2026-08-08T00:42:21.6732452+00:00 ContainerStream:       Executed DbCommand (2ms) [Parameters=[], CommandType='Text', CommandTimeout='30']
2026-08-08T00:42:21.6732520+00:00 ContainerStream:       SELECT TOP(1) [b].[BankAccountNumber]
2026-08-08T00:42:21.6732558+00:00 ContainerStream:       FROM [Beneficiaries] AS [b]
2026-08-08T00:42:21.6732642+00:00 ContainerStream:       ORDER BY [b].[Id]
2026-08-08T00:42:23.8821403+00:00 ContainerStream: info: Microsoft.EntityFrameworkCore.Database.Command[20101]
2026-08-08T00:42:23.8822305+00:00 ContainerStream:       Executed DbCommand (2ms) [Parameters=[], CommandType='Text', CommandTimeout='30']
2026-08-08T00:42:23.8822425+00:00 ContainerStream:       SELECT 1
2026-08-08T00:42:23.8840270+00:00 ContainerStream: info: Microsoft.EntityFrameworkCore.Database.Command[20101]
2026-08-08T00:42:23.8840930+00:00 ContainerStream:       Executed DbCommand (2ms) [Parameters=[], CommandType='Text', CommandTimeout='30']
2026-08-08T00:42:23.8841041+00:00 ContainerStream:       SELECT OBJECT_ID(N'[__EFMigrationsHistory]');
2026-08-08T00:42:23.8886313+00:00 ContainerStream: info: Microsoft.EntityFrameworkCore.Database.Command[20101]
2026-08-08T00:42:23.8888640+00:00 ContainerStream:       Executed DbCommand (3ms) [Parameters=[], CommandType='Text', CommandTimeout='30']
2026-08-08T00:42:23.8888796+00:00 ContainerStream:       SELECT [MigrationId], [ProductVersion]
2026-08-08T00:42:23.8888840+00:00 ContainerStream:       FROM [__EFMigrationsHistory]
2026-08-08T00:42:23.8889228+00:00 ContainerStream:       ORDER BY [MigrationId];
2026-08-08T00:42:23.8914402+00:00 ContainerStream: info: Microsoft.EntityFrameworkCore.Database.Command[20101]
2026-08-08T00:42:23.8914818+00:00 ContainerStream:       Executed DbCommand (2ms) [Parameters=[], CommandType='Text', CommandTimeout='30']
2026-08-08T00:42:23.8914899+00:00 ContainerStream:       SELECT TOP(1) [b].[BankAccountNumber]
2026-08-08T00:42:23.8914946+00:00 ContainerStream:       FROM [Beneficiaries] AS [b]
2026-08-08T00:42:23.8914991+00:00 ContainerStream:       ORDER BY [b].[Id]
2026-08-08T00:42:25.5480839+00:00 ContainerStream: info: Microsoft.EntityFrameworkCore.Database.Command[20101]
2026-08-08T00:42:25.5481673+00:00 ContainerStream:       Executed DbCommand (2ms) [Parameters=[], CommandType='Text', CommandTimeout='30']
2026-08-08T00:42:25.5481761+00:00 ContainerStream:       SELECT 1
2026-08-08T00:42:25.5499949+00:00 ContainerStream: info: Microsoft.EntityFrameworkCore.Database.Command[20101]
2026-08-08T00:42:25.5512223+00:00 ContainerStream:       Executed DbCommand (2ms) [Parameters=[], CommandType='Text', CommandTimeout='30']
2026-08-08T00:42:25.5512440+00:00 ContainerStream:       SELECT OBJECT_ID(N'[__EFMigrationsHistory]');
2026-08-08T00:42:25.5534182+00:00 ContainerStream: info: Microsoft.EntityFrameworkCore.Database.Command[20101]
2026-08-08T00:42:25.5534530+00:00 ContainerStream:       Executed DbCommand (2ms) [Parameters=[], CommandType='Text', CommandTimeout='30']
2026-08-08T00:42:25.5534702+00:00 ContainerStream:       SELECT [MigrationId], [ProductVersion]
2026-08-08T00:42:25.5534747+00:00 ContainerStream:       FROM [__EFMigrationsHistory]
2026-08-08T00:42:25.5534829+00:00 ContainerStream:       ORDER BY [MigrationId];
2026-08-08T00:42:25.5556271+00:00 ContainerStream: info: Microsoft.EntityFrameworkCore.Database.Command[20101]
2026-08-08T00:42:25.5556621+00:00 ContainerStream:       Executed DbCommand (2ms) [Parameters=[], CommandType='Text', CommandTimeout='30']
2026-08-08T00:42:25.5556699+00:00 ContainerStream:       SELECT TOP(1) [b].[BankAccountNumber]
2026-08-08T00:42:25.5556748+00:00 ContainerStream:       FROM [Beneficiaries] AS [b]
2026-08-08T00:42:25.5556831+00:00 ContainerStream:       ORDER BY [b].[Id]
2026-08-08T00:42:38.8639723+00:00 ContainerStream: info: Microsoft.EntityFrameworkCore.Database.Command[20101]
2026-08-08T00:42:38.8640518+00:00 ContainerStream:       Executed DbCommand (2ms) [Parameters=[], CommandType='Text', CommandTimeout='30']
2026-08-08T00:42:38.8640620+00:00 ContainerStream:       SELECT 1
2026-08-08T00:42:38.8658932+00:00 ContainerStream: info: Microsoft.EntityFrameworkCore.Database.Command[20101]
2026-08-08T00:42:38.8659415+00:00 ContainerStream:       Executed DbCommand (2ms) [Parameters=[], CommandType='Text', CommandTimeout='30']
2026-08-08T00:42:38.8659492+00:00 ContainerStream:       SELECT OBJECT_ID(N'[__EFMigrationsHistory]');
2026-08-08T00:42:38.8691636+00:00 ContainerStream: info: Microsoft.EntityFrameworkCore.Database.Command[20101]
2026-08-08T00:42:38.8692068+00:00 ContainerStream:       Executed DbCommand (2ms) [Parameters=[], CommandType='Text', CommandTimeout='30']
2026-08-08T00:42:38.8692146+00:00 ContainerStream:       SELECT [MigrationId], [ProductVersion]
2026-08-08T00:42:38.8692190+00:00 ContainerStream:       FROM [__EFMigrationsHistory]
2026-08-08T00:42:38.8692281+00:00 ContainerStream:       ORDER BY [MigrationId];
2026-08-08T00:42:38.8712492+00:00 ContainerStream: info: Microsoft.EntityFrameworkCore.Database.Command[20101]
2026-08-08T00:42:38.8712912+00:00 ContainerStream:       Executed DbCommand (2ms) [Parameters=[], CommandType='Text', CommandTimeout='30']
2026-08-08T00:42:38.8713083+00:00 ContainerStream:       SELECT TOP(1) [b].[BankAccountNumber]
2026-08-08T00:42:38.8713126+00:00 ContainerStream:       FROM [Beneficiaries] AS [b]
2026-08-08T00:42:38.8713165+00:00 ContainerStream:       ORDER BY [b].[Id]
2026-08-08T00:42:46.3551164+00:00 ContainerStream: info: Microsoft.EntityFrameworkCore.Database.Command[20101]
2026-08-08T00:42:46.3552142+00:00 ContainerStream:       Executed DbCommand (2ms) [Parameters=[], CommandType='Text', CommandTimeout='30']
2026-08-08T00:42:46.3552254+00:00 ContainerStream:       SELECT 1
2026-08-08T00:42:46.3571219+00:00 ContainerStream: info: Microsoft.EntityFrameworkCore.Database.Command[20101]
2026-08-08T00:42:46.3571784+00:00 ContainerStream:       Executed DbCommand (2ms) [Parameters=[], CommandType='Text', CommandTimeout='30']
2026-08-08T00:42:46.3571938+00:00 ContainerStream:       SELECT OBJECT_ID(N'[__EFMigrationsHistory]');
2026-08-08T00:42:46.3603822+00:00 ContainerStream: info: Microsoft.EntityFrameworkCore.Database.Command[20101]
2026-08-08T00:42:46.3604217+00:00 ContainerStream:       Executed DbCommand (2ms) [Parameters=[], CommandType='Text', CommandTimeout='30']
2026-08-08T00:42:46.3604296+00:00 ContainerStream:       SELECT [MigrationId], [ProductVersion]
2026-08-08T00:42:46.3604380+00:00 ContainerStream:       FROM [__EFMigrationsHistory]
2026-08-08T00:42:46.3604421+00:00 ContainerStream:       ORDER BY [MigrationId];
2026-08-08T00:42:46.3627750+00:00 ContainerStream: info: Microsoft.EntityFrameworkCore.Database.Command[20101]
2026-08-08T00:42:46.3628078+00:00 ContainerStream:       Executed DbCommand (2ms) [Parameters=[], CommandType='Text', CommandTimeout='30']
2026-08-08T00:42:46.3628143+00:00 ContainerStream:       SELECT TOP(1) [b].[BankAccountNumber]
2026-08-08T00:42:46.3628228+00:00 ContainerStream:       FROM [Beneficiaries] AS [b]
2026-08-08T00:42:46.3628267+00:00 ContainerStream:       ORDER BY [b].[Id]
2026-08-08T00:42:46.5805219+00:00 ContainerStream: info: Microsoft.EntityFrameworkCore.Database.Command[20101]
2026-08-08T00:42:46.5806004+00:00 ContainerStream:       Executed DbCommand (3ms) [Parameters=[], CommandType='Text', CommandTimeout='30']
2026-08-08T00:42:46.5806221+00:00 ContainerStream:       SELECT 1
2026-08-08T00:42:46.5845868+00:00 ContainerStream: info: Microsoft.EntityFrameworkCore.Database.Command[20101]
2026-08-08T00:42:46.5846535+00:00 ContainerStream:       Executed DbCommand (2ms) [Parameters=[], CommandType='Text', CommandTimeout='30']
2026-08-08T00:42:46.5846625+00:00 ContainerStream:       SELECT OBJECT_ID(N'[__EFMigrationsHistory]');
2026-08-08T00:42:46.5904022+00:00 ContainerStream: info: Microsoft.EntityFrameworkCore.Database.Command[20101]
2026-08-08T00:42:46.5904368+00:00 ContainerStream:       Executed DbCommand (4ms) [Parameters=[], CommandType='Text', CommandTimeout='30']
2026-08-08T00:42:46.5904481+00:00 ContainerStream:       SELECT [MigrationId], [ProductVersion]
2026-08-08T00:42:46.5904529+00:00 ContainerStream:       FROM [__EFMigrationsHistory]
2026-08-08T00:42:46.5904571+00:00 ContainerStream:       ORDER BY [MigrationId];
2026-08-08T00:42:46.5915750+00:00 ContainerStream: info: Microsoft.EntityFrameworkCore.Database.Command[20101]
2026-08-08T00:42:46.5916115+00:00 ContainerStream:       Executed DbCommand (2ms) [Parameters=[], CommandType='Text', CommandTimeout='30']
2026-08-08T00:42:46.5916193+00:00 ContainerStream:       SELECT TOP(1) [b].[BankAccountNumber]
2026-08-08T00:42:46.5916237+00:00 ContainerStream:       FROM [Beneficiaries] AS [b]
2026-08-08T00:42:46.5916275+00:00 ContainerStream:       ORDER BY [b].[Id]
2026-08-08T00:42:48.2589840+00:00 ContainerStream: info: Microsoft.EntityFrameworkCore.Database.Command[20101]
2026-08-08T00:42:48.2590600+00:00 ContainerStream:       Executed DbCommand (2ms) [Parameters=[], CommandType='Text', CommandTimeout='30']
2026-08-08T00:42:48.2590705+00:00 ContainerStream:       SELECT 1
2026-08-08T00:42:48.2610279+00:00 ContainerStream: info: Microsoft.EntityFrameworkCore.Database.Command[20101]
2026-08-08T00:42:48.2610710+00:00 ContainerStream:       Executed DbCommand (2ms) [Parameters=[], CommandType='Text', CommandTimeout='30']
2026-08-08T00:42:48.2610830+00:00 ContainerStream:       SELECT OBJECT_ID(N'[__EFMigrationsHistory]');
2026-08-08T00:42:48.2647045+00:00 ContainerStream: info: Microsoft.EntityFrameworkCore.Database.Command[20101]
2026-08-08T00:42:48.2647421+00:00 ContainerStream:       Executed DbCommand (2ms) [Parameters=[], CommandType='Text', CommandTimeout='30']
2026-08-08T00:42:48.2647490+00:00 ContainerStream:       SELECT [MigrationId], [ProductVersion]
2026-08-08T00:42:48.2647578+00:00 ContainerStream:       FROM [__EFMigrationsHistory]
2026-08-08T00:42:48.2647618+00:00 ContainerStream:       ORDER BY [MigrationId];
2026-08-08T00:42:48.2665072+00:00 ContainerStream: info: Microsoft.EntityFrameworkCore.Database.Command[20101]
2026-08-08T00:42:48.2665370+00:00 ContainerStream:       Executed DbCommand (2ms) [Parameters=[], CommandType='Text', CommandTimeout='30']
2026-08-08T00:42:48.2665434+00:00 ContainerStream:       SELECT TOP(1) [b].[BankAccountNumber]
2026-08-08T00:42:48.2665523+00:00 ContainerStream:       FROM [Beneficiaries] AS [b]
2026-08-08T00:42:48.2665566+00:00 ContainerStream:       ORDER BY [b].[Id]
2026-08-08T00:42:50.6168953+00:00 ContainerStream: info: Microsoft.EntityFrameworkCore.Database.Command[20101]
2026-08-08T00:42:50.6169697+00:00 ContainerStream:       Executed DbCommand (2ms) [Parameters=[], CommandType='Text', CommandTimeout='30']
2026-08-08T00:42:50.6169800+00:00 ContainerStream:       SELECT 1
2026-08-08T00:42:50.6188247+00:00 ContainerStream: info: Microsoft.EntityFrameworkCore.Database.Command[20101]
2026-08-08T00:42:50.6188677+00:00 ContainerStream:       Executed DbCommand (2ms) [Parameters=[], CommandType='Text', CommandTimeout='30']
2026-08-08T00:42:50.6188751+00:00 ContainerStream:       SELECT OBJECT_ID(N'[__EFMigrationsHistory]');
2026-08-08T00:42:50.6235082+00:00 ContainerStream: info: Microsoft.EntityFrameworkCore.Database.Command[20101]
2026-08-08T00:42:50.6235600+00:00 ContainerStream:       Executed DbCommand (2ms) [Parameters=[], CommandType='Text', CommandTimeout='30']
2026-08-08T00:42:50.6235682+00:00 ContainerStream:       SELECT [MigrationId], [ProductVersion]
2026-08-08T00:42:50.6235721+00:00 ContainerStream:       FROM [__EFMigrationsHistory]
2026-08-08T00:42:50.6235767+00:00 ContainerStream:       ORDER BY [MigrationId];
2026-08-08T00:42:50.6249618+00:00 ContainerStream: info: Microsoft.EntityFrameworkCore.Database.Command[20101]
2026-08-08T00:42:50.6250054+00:00 ContainerStream:       Executed DbCommand (2ms) [Parameters=[], CommandType='Text', CommandTimeout='30']
2026-08-08T00:42:50.6250134+00:00 ContainerStream:       SELECT TOP(1) [b].[BankAccountNumber]
2026-08-08T00:42:50.6250177+00:00 ContainerStream:       FROM [Beneficiaries] AS [b]
2026-08-08T00:42:50.6250214+00:00 ContainerStream:       ORDER BY [b].[Id]
2026-08-08T00:42:51.2074760+00:00 ContainerStream: info: Microsoft.EntityFrameworkCore.Database.Command[20101]
2026-08-08T00:42:51.2075579+00:00 ContainerStream:       Executed DbCommand (3ms) [Parameters=[], CommandType='Text', CommandTimeout='30']
2026-08-08T00:42:51.2075702+00:00 ContainerStream:       SELECT 1
2026-08-08T00:42:51.2093870+00:00 ContainerStream: info: Microsoft.EntityFrameworkCore.Database.Command[20101]
2026-08-08T00:42:51.2094404+00:00 ContainerStream:       Executed DbCommand (2ms) [Parameters=[], CommandType='Text', CommandTimeout='30']
2026-08-08T00:42:51.2094567+00:00 ContainerStream:       SELECT OBJECT_ID(N'[__EFMigrationsHistory]');
2026-08-08T00:42:51.2130446+00:00 ContainerStream: info: Microsoft.EntityFrameworkCore.Database.Command[20101]
2026-08-08T00:42:51.2131430+00:00 ContainerStream:       Executed DbCommand (2ms) [Parameters=[], CommandType='Text', CommandTimeout='30']
2026-08-08T00:42:51.2131655+00:00 ContainerStream:       SELECT [MigrationId], [ProductVersion]
2026-08-08T00:42:51.2131893+00:00 ContainerStream:       FROM [__EFMigrationsHistory]
2026-08-08T00:42:51.2132036+00:00 ContainerStream:       ORDER BY [MigrationId];
2026-08-08T00:42:51.2156869+00:00 ContainerStream: info: Microsoft.EntityFrameworkCore.Database.Command[20101]
2026-08-08T00:42:51.2157216+00:00 ContainerStream:       Executed DbCommand (2ms) [Parameters=[], CommandType='Text', CommandTimeout='30']
2026-08-08T00:42:51.2157285+00:00 ContainerStream:       SELECT TOP(1) [b].[BankAccountNumber]
2026-08-08T00:42:51.2158714+00:00 ContainerStream:       FROM [Beneficiaries] AS [b]
2026-08-08T00:42:51.2158825+00:00 ContainerStream:       ORDER BY [b].[Id]
2026-08-08T00:42:52.0771480+00:00 ContainerStatus: State: Starting, Action: EstablishingSiteNetworks, LastError: , LastErrorTimestamp: 01/01/0001 00:00:00, LastErrorDetails: , Details: , DetailsLevel: INFO
2026-08-08T00:42:53.1512288+00:00 ContainerStream: info: Microsoft.EntityFrameworkCore.Database.Command[20101]
2026-08-08T00:42:53.1513002+00:00 ContainerStream:       Executed DbCommand (3ms) [Parameters=[], CommandType='Text', CommandTimeout='30']
2026-08-08T00:42:53.1513108+00:00 ContainerStream:       SELECT 1
2026-08-08T00:42:53.1543776+00:00 ContainerStream: info: Microsoft.EntityFrameworkCore.Database.Command[20101]
2026-08-08T00:42:53.1544118+00:00 ContainerStream:       Executed DbCommand (3ms) [Parameters=[], CommandType='Text', CommandTimeout='30']
2026-08-08T00:42:53.1544364+00:00 ContainerStream:       SELECT OBJECT_ID(N'[__EFMigrationsHistory]');
2026-08-08T00:42:53.1560008+00:00 ContainerStream: info: Microsoft.EntityFrameworkCore.Database.Command[20101]
2026-08-08T00:42:53.1560276+00:00 ContainerStream:       Executed DbCommand (4ms) [Parameters=[], CommandType='Text', CommandTimeout='30']
2026-08-08T00:42:53.1683624+00:00 ContainerStream:       SELECT [MigrationId], [ProductVersion]
2026-08-08T00:42:53.1683763+00:00 ContainerStream:       FROM [__EFMigrationsHistory]
2026-08-08T00:42:53.1703742+00:00 ContainerStream:       ORDER BY [MigrationId];
2026-08-08T00:42:53.1704001+00:00 ContainerStream: info: Microsoft.EntityFrameworkCore.Database.Command[20101]
2026-08-08T00:42:53.1704057+00:00 ContainerStream:       Executed DbCommand (3ms) [Parameters=[], CommandType='Text', CommandTimeout='30']
2026-08-08T00:42:53.1704119+00:00 ContainerStream:       SELECT TOP(1) [b].[BankAccountNumber]
2026-08-08T00:42:53.1704203+00:00 ContainerStream:       FROM [Beneficiaries] AS [b]
2026-08-08T00:42:53.1704245+00:00 ContainerStream:       ORDER BY [b].[Id]
2026-08-08T00:42:53.4235323+00:00 ContainerStatus: State: Starting, Action: StartingMsiContainer, LastError: , LastErrorTimestamp: 01/01/0001 00:00:00, LastErrorDetails: , Details: , DetailsLevel: INFO
2026-08-08T00:42:53.8392756+00:00 ContainerStream: info: Microsoft.EntityFrameworkCore.Database.Command[20101]
2026-08-08T00:42:53.8393425+00:00 ContainerStream:       Executed DbCommand (2ms) [Parameters=[], CommandType='Text', CommandTimeout='30']
2026-08-08T00:42:53.8393565+00:00 ContainerStream:       SELECT 1
2026-08-08T00:42:53.8414750+00:00 ContainerStream: info: Microsoft.EntityFrameworkCore.Database.Command[20101]
2026-08-08T00:42:53.8415102+00:00 ContainerStream:       Executed DbCommand (2ms) [Parameters=[], CommandType='Text', CommandTimeout='30']
2026-08-08T00:42:53.8415367+00:00 ContainerStream:       SELECT OBJECT_ID(N'[__EFMigrationsHistory]');
2026-08-08T00:42:53.8484595+00:00 ContainerStream: info: Microsoft.EntityFrameworkCore.Database.Command[20101]
2026-08-08T00:42:53.8484854+00:00 ContainerStream:       Executed DbCommand (2ms) [Parameters=[], CommandType='Text', CommandTimeout='30']
2026-08-08T00:42:53.8484926+00:00 ContainerStream:       SELECT [MigrationId], [ProductVersion]
2026-08-08T00:42:53.8485005+00:00 ContainerStream:       FROM [__EFMigrationsHistory]
2026-08-08T00:42:53.8485058+00:00 ContainerStream:       ORDER BY [MigrationId];
2026-08-08T00:42:53.8485107+00:00 ContainerStream: info: Microsoft.EntityFrameworkCore.Database.Command[20101]
2026-08-08T00:42:53.8485154+00:00 ContainerStream:       Executed DbCommand (2ms) [Parameters=[], CommandType='Text', CommandTimeout='30']
2026-08-08T00:42:53.8485204+00:00 ContainerStream:       SELECT TOP(1) [b].[BankAccountNumber]
2026-08-08T00:42:53.8485266+00:00 ContainerStream:       FROM [Beneficiaries] AS [b]
2026-08-08T00:42:53.8485309+00:00 ContainerStream:       ORDER BY [b].[Id]
2026-08-08T00:42:56.3542875+00:00 ContainerStatus: State: Starting, Action: StartingSiteContainers, LastError: , LastErrorTimestamp: 01/01/0001 00:00:00, LastErrorDetails: , Details: , DetailsLevel: INFO
2026-08-08T00:42:56.3550181+00:00 ContainerStatus: Container start method called.
2026-08-08T00:42:56.3551083+00:00 ContainerStatus: State: Starting, Action: PullingImage, LastError: , LastErrorTimestamp: 01/01/0001 00:00:00, LastErrorDetails: , Details: Pulling image crdesiconfwdev.azurecr.io/finance-workflow-api:589f2a788f4c05c7458a73dac315604e4d422ffe for app-desicon-fw-api-dev., DetailsLevel: INFO
2026-08-08T00:42:56.3552099+00:00 ContainerStatus: Establishing network.
2026-08-08T00:42:56.3553086+00:00 ContainerStatus: Pulling image: crdesiconfwdev.azurecr.io/finance-workflow-api:589f2a788f4c05c7458a73dac315604e4d422ffe.
2026-08-08T00:42:56.6655022+00:00 ContainerStream: info: Microsoft.EntityFrameworkCore.Database.Command[20101]
2026-08-08T00:42:56.6655742+00:00 ContainerStream:       Executed DbCommand (2ms) [Parameters=[], CommandType='Text', CommandTimeout='30']
2026-08-08T00:42:56.6655888+00:00 ContainerStream:       SELECT 1
2026-08-08T00:42:56.6676725+00:00 ContainerStream: info: Microsoft.EntityFrameworkCore.Database.Command[20101]
2026-08-08T00:42:56.6677238+00:00 ContainerStream:       Executed DbCommand (2ms) [Parameters=[], CommandType='Text', CommandTimeout='30']
2026-08-08T00:42:56.6677321+00:00 ContainerStream:       SELECT OBJECT_ID(N'[__EFMigrationsHistory]');
2026-08-08T00:42:56.6714166+00:00 ContainerStream: info: Microsoft.EntityFrameworkCore.Database.Command[20101]
2026-08-08T00:42:56.6714679+00:00 ContainerStream:       Executed DbCommand (2ms) [Parameters=[], CommandType='Text', CommandTimeout='30']
2026-08-08T00:42:56.6714762+00:00 ContainerStream:       SELECT [MigrationId], [ProductVersion]
2026-08-08T00:42:56.6714809+00:00 ContainerStream:       FROM [__EFMigrationsHistory]
2026-08-08T00:42:56.6714975+00:00 ContainerStream:       ORDER BY [MigrationId];
2026-08-08T00:42:56.6732907+00:00 ContainerStream: info: Microsoft.EntityFrameworkCore.Database.Command[20101]
2026-08-08T00:42:56.6733214+00:00 ContainerStream:       Executed DbCommand (2ms) [Parameters=[], CommandType='Text', CommandTimeout='30']
2026-08-08T00:42:56.6733275+00:00 ContainerStream:       SELECT TOP(1) [b].[BankAccountNumber]
2026-08-08T00:42:56.6733316+00:00 ContainerStream:       FROM [Beneficiaries] AS [b]
2026-08-08T00:42:56.6733359+00:00 ContainerStream:       ORDER BY [b].[Id]
2026-08-08T00:42:57.5212035+00:00 ContainerStatus: Container is starting.
2026-08-08T00:42:57.5213199+00:00 ContainerStatus: State: Starting, Action: MountingVolumes, LastError: , LastErrorTimestamp: 01/01/0001 00:00:00, LastErrorDetails: , Details: Mounting volumes for app-desicon-fw-api-dev., DetailsLevel: INFO
2026-08-08T00:42:57.5213901+00:00 ContainerStatus: Establishing user namespace if not established already.
2026-08-08T00:42:57.5214472+00:00 ContainerStatus: Establishing network if not established already.
2026-08-08T00:42:57.5215330+00:00 ContainerStatus: Mounting volumes.
2026-08-08T00:42:57.5216406+00:00 ContainerStatus: Nested mountpoint volatile/logs
2026-08-08T00:42:57.5270172+00:00 ContainerStatus: Nested mountpoint 
2026-08-08T00:42:57.5275342+00:00 ContainerStatus: Nested mountpoint 
2026-08-08T00:42:57.5414639+00:00 ContainerStatus: State: Starting, Action: CreatingContainer, LastError: , LastErrorTimestamp: 01/01/0001 00:00:00, LastErrorDetails: , Details: Finished pulling container image and mounting volumes for app-desicon-fw-api-dev. Allocatinng the rest of the container resources to finish container creation., DetailsLevel: INFO
2026-08-08T00:42:57.5421309+00:00 ContainerStatus: Creating container.
2026-08-08T00:42:57.5428624+00:00 ContainerStatus: Creating pipes for streaming container io.
2026-08-08T00:42:57.5453922+00:00 ContainerStatus: Creating stdout named pipe at /podr/container/pipe/392f3195fbfe_app-desicon-fw-api-dev/stdout_c75c90ff278340a39a9802af9548f79d.
2026-08-08T00:42:57.5458078+00:00 ContainerStatus: Successfully created stdout named pipe at: /podr/container/pipe/392f3195fbfe_app-desicon-fw-api-dev/stdout_c75c90ff278340a39a9802af9548f79d.
2026-08-08T00:42:57.5462193+00:00 ContainerStatus: Opening named pipe /podr/container/pipe/392f3195fbfe_app-desicon-fw-api-dev/stdout_c75c90ff278340a39a9802af9548f79d for reading in non-blocking mode.
2026-08-08T00:42:57.5488336+00:00 ContainerStatus: Successfully opened named pipe: /podr/container/pipe/392f3195fbfe_app-desicon-fw-api-dev/stdout_c75c90ff278340a39a9802af9548f79d.
2026-08-08T00:42:57.5493887+00:00 ContainerStatus: Successfully removed non-blocking flag from /podr/container/pipe/392f3195fbfe_app-desicon-fw-api-dev/stdout_c75c90ff278340a39a9802af9548f79d.
2026-08-08T00:42:57.5495104+00:00 ContainerStatus: Creating stderr named pipe at /podr/container/pipe/392f3195fbfe_app-desicon-fw-api-dev/stderr_05d04fd92c584bccba32ef2b7dfe7948.
2026-08-08T00:42:57.5496257+00:00 ContainerStatus: Successfully created stderr named pipe at: /podr/container/pipe/392f3195fbfe_app-desicon-fw-api-dev/stderr_05d04fd92c584bccba32ef2b7dfe7948.
2026-08-08T00:42:57.5496848+00:00 ContainerStatus: Opening named pipe /podr/container/pipe/392f3195fbfe_app-desicon-fw-api-dev/stderr_05d04fd92c584bccba32ef2b7dfe7948 for reading in non-blocking mode.
2026-08-08T00:42:57.5497598+00:00 ContainerStatus: Successfully opened named pipe: /podr/container/pipe/392f3195fbfe_app-desicon-fw-api-dev/stderr_05d04fd92c584bccba32ef2b7dfe7948.
2026-08-08T00:42:57.5498105+00:00 ContainerStatus: Successfully removed non-blocking flag from /podr/container/pipe/392f3195fbfe_app-desicon-fw-api-dev/stderr_05d04fd92c584bccba32ef2b7dfe7948.
2026-08-08T00:42:57.5498892+00:00 ContainerStatus: Overriding PORT environment variable with port exposed by container image.
2026-08-08T00:42:57.5798763+00:00 ContainerStatus: Container image exposes ports: ContainerExposedPort { Port = 8080, Protocol = TCP }. Sanitized list of ports is: 8080. Resolved main port to 8080.
2026-08-08T00:42:57.5799805+00:00 ContainerStatus: Setting value of PORT variable to 8080
2026-08-08T00:42:57.5801976+00:00 ContainerStatus: Creating container with image: crdesiconfwdev.azurecr.io/finance-workflow-api:589f2a788f4c05c7458a73dac315604e4d422ffe from registry: crdesiconfwdev.azurecr.io and fully qualified image name: crdesiconfwdev.azurecr.io/finance-workflow-api:589f2a788f4c05c7458a73dac315604e4d422ffe
2026-08-08T00:42:57.7213690+00:00 ContainerStatus: Starting container: 392f3195fbfe_app-desicon-fw-api-dev.
2026-08-08T00:42:57.7390561+00:00 ContainerStatus: Starting watchers and probes.
2026-08-08T00:42:57.7393164+00:00 ContainerStatus: Starting metrics collection.
2026-08-08T00:42:57.7394065+00:00 ContainerStatus: Container is running.
2026-08-08T00:42:57.7395098+00:00 ContainerStatus: State: Starting, Action: CreatingContainer, LastError: , LastErrorTimestamp: 01/01/0001 00:00:00, LastErrorDetails: , Details: Container app-desicon-fw-api-dev successfully created and is running., DetailsLevel: INFO
2026-08-08T00:42:57.7583870+00:00 ContainerStatus: Container start method finished after 1403 ms.
2026-08-08T00:42:57.7586844+00:00 ContainerStatus: State: Starting, Action: InitiatingSiteWarmUpProbe, LastError: , LastErrorTimestamp: 01/01/0001 00:00:00, LastErrorDetails: , Details: Container app-desicon-fw-api-dev successfully created and is running., DetailsLevel: INFO
2026-08-08T00:42:57.7587128+00:00 ContainerStatus: State: Starting, Action: WaitingForSiteWarmUpProbeSuccess, LastError: , LastErrorTimestamp: 01/01/0001 00:00:00, LastErrorDetails: , Details: Pinging warmup path to ensure container is ready to receive requests., DetailsLevel: INFO
2026-08-08T00:42:58.2876992+00:00 ContainerStream: warn: Microsoft.AspNetCore.DataProtection.Repositories.FileSystemXmlRepository[60]
2026-08-08T00:42:58.2890487+00:00 ContainerStream:       Storing keys in a directory '/home/app/ASP.NET/DataProtection-Keys' that may not be persisted outside of the container. Protected data will be unavailable when container is destroyed. For more information go to https://aka.ms/aspnet/dataprotectionwarning
2026-08-08T00:42:58.3349757+00:00 ContainerStream: warn: Microsoft.AspNetCore.DataProtection.KeyManagement.XmlKeyManager[35]
2026-08-08T00:42:58.3350677+00:00 ContainerStream:       No XML encryptor configured. Key {4ede86c1-08c2-4892-b946-7a8657615851} may be persisted to storage in unencrypted form.
2026-08-08T00:42:58.3553328+00:00 ContainerStream: warn: Microsoft.AspNetCore.Hosting.Diagnostics[15]
2026-08-08T00:42:58.3553988+00:00 ContainerStream:       Overriding HTTP_PORTS '8080' and HTTPS_PORTS ''. Binding to values defined by URLS instead 'http://+:8080'.
2026-08-08T00:42:58.5704609+00:00 ContainerStream: info: Microsoft.Hosting.Lifetime[14]
2026-08-08T00:42:58.5705497+00:00 ContainerStream:       Now listening on: http://[::]:8080
2026-08-08T00:42:58.5711354+00:00 ContainerStream: info: Microsoft.Hosting.Lifetime[0]
2026-08-08T00:42:58.5711673+00:00 ContainerStream:       Application started. Press Ctrl+C to shut down.
2026-08-08T00:42:58.5711778+00:00 ContainerStream: info: Microsoft.Hosting.Lifetime[0]
2026-08-08T00:42:58.5711832+00:00 ContainerStream:       Hosting environment: dev
2026-08-08T00:42:58.5711901+00:00 ContainerStream: info: Microsoft.Hosting.Lifetime[0]
2026-08-08T00:42:58.5711982+00:00 ContainerStream:       Content root path: /app
2026-08-08T00:42:58.8898426+00:00 ContainerStream: warn: Microsoft.AspNetCore.HttpsPolicy.HttpsRedirectionMiddleware[3]
2026-08-08T00:42:58.8899416+00:00 ContainerStream:       Failed to determine the https port for redirect.
2026-08-08T00:42:58.9312644+00:00 ContainerStatus: Site startup probe succeeded after 1.1625883 seconds.
2026-08-08T00:42:58.9642184+00:00 ContainerStream: info: Microsoft.EntityFrameworkCore.Database.Command[20101]
2026-08-08T00:42:58.9642795+00:00 ContainerStream:       Executed DbCommand (4ms) [Parameters=[], CommandType='Text', CommandTimeout='30']
2026-08-08T00:42:58.9642888+00:00 ContainerStream:       SELECT 1
2026-08-08T00:42:58.9665268+00:00 ContainerStream: info: Microsoft.EntityFrameworkCore.Database.Command[20101]
2026-08-08T00:42:58.9665560+00:00 ContainerStream:       Executed DbCommand (2ms) [Parameters=[], CommandType='Text', CommandTimeout='30']
2026-08-08T00:42:58.9665673+00:00 ContainerStream:       SELECT OBJECT_ID(N'[__EFMigrationsHistory]');
2026-08-08T00:42:58.9700864+00:00 ContainerStream: info: Microsoft.EntityFrameworkCore.Database.Command[20101]
2026-08-08T00:42:58.9701102+00:00 ContainerStream:       Executed DbCommand (2ms) [Parameters=[], CommandType='Text', CommandTimeout='30']
2026-08-08T00:42:58.9701344+00:00 ContainerStream:       SELECT [MigrationId], [ProductVersion]
2026-08-08T00:42:58.9701428+00:00 ContainerStream:       FROM [__EFMigrationsHistory]
2026-08-08T00:42:58.9701469+00:00 ContainerStream:       ORDER BY [MigrationId];
2026-08-08T00:42:58.9741579+00:00 ContainerStream: info: Microsoft.EntityFrameworkCore.Database.Command[20101]
2026-08-08T00:42:58.9741789+00:00 ContainerStream:       Executed DbCommand (2ms) [Parameters=[], CommandType='Text', CommandTimeout='30']
2026-08-08T00:42:58.9741858+00:00 ContainerStream:       SELECT TOP(1) [b].[BankAccountNumber]
2026-08-08T00:42:58.9741943+00:00 ContainerStream:       FROM [Beneficiaries] AS [b]
2026-08-08T00:42:58.9741985+00:00 ContainerStream:       ORDER BY [b].[Id]
2026-08-08T00:42:58.9897164+00:00 ContainerStatus: State: Starting, Action: WarmUpProbeSucceeded, LastError: , LastErrorTimestamp: 01/01/0001 00:00:00, LastErrorDetails: , Details: Site startup probe succeeded after 1.1625883 seconds., DetailsLevel: INFO
2026-08-08T00:42:59.1011323+00:00 ContainerStatus: State: Starting, Action: StartingAuthContainer, LastError: , LastErrorTimestamp: 01/01/0001 00:00:00, LastErrorDetails: , Details: Site startup probe succeeded after 1.1625883 seconds., DetailsLevel: INFO
2026-08-08T00:43:00.4852931+00:00 ContainerStream: info: Microsoft.EntityFrameworkCore.Database.Command[20101]
2026-08-08T00:43:00.4853646+00:00 ContainerStream:       Executed DbCommand (2ms) [Parameters=[], CommandType='Text', CommandTimeout='30']
2026-08-08T00:43:00.4853745+00:00 ContainerStream:       SELECT 1
2026-08-08T00:43:00.4895755+00:00 ContainerStream: info: Microsoft.EntityFrameworkCore.Database.Command[20101]
2026-08-08T00:43:00.4896108+00:00 ContainerStream:       Executed DbCommand (3ms) [Parameters=[], CommandType='Text', CommandTimeout='30']
2026-08-08T00:43:00.4896195+00:00 ContainerStream:       SELECT OBJECT_ID(N'[__EFMigrationsHistory]');
2026-08-08T00:43:00.4953573+00:00 ContainerStream: info: Microsoft.EntityFrameworkCore.Database.Command[20101]
2026-08-08T00:43:00.4953901+00:00 ContainerStream:       Executed DbCommand (3ms) [Parameters=[], CommandType='Text', CommandTimeout='30']
2026-08-08T00:43:00.4954472+00:00 ContainerStream:       SELECT [MigrationId], [ProductVersion]
2026-08-08T00:43:00.4954544+00:00 ContainerStream:       FROM [__EFMigrationsHistory]
2026-08-08T00:43:00.4954589+00:00 ContainerStream:       ORDER BY [MigrationId];
2026-08-08T00:43:00.4970378+00:00 ContainerStream: info: Microsoft.EntityFrameworkCore.Database.Command[20101]
2026-08-08T00:43:00.4970636+00:00 ContainerStream:       Executed DbCommand (2ms) [Parameters=[], CommandType='Text', CommandTimeout='30']
2026-08-08T00:43:00.4970701+00:00 ContainerStream:       SELECT TOP(1) [b].[BankAccountNumber]
2026-08-08T00:43:00.4970739+00:00 ContainerStream:       FROM [Beneficiaries] AS [b]
2026-08-08T00:43:00.4970781+00:00 ContainerStream:       ORDER BY [b].[Id]
2026-08-08T00:43:00.5979791+00:00 ContainerStream: info: Microsoft.EntityFrameworkCore.Database.Command[20101]
2026-08-08T00:43:00.5980760+00:00 ContainerStream:       Executed DbCommand (3ms) [Parameters=[], CommandType='Text', CommandTimeout='30']
2026-08-08T00:43:00.5980861+00:00 ContainerStream:       SELECT 1
2026-08-08T00:43:00.6034402+00:00 ContainerStream: info: Microsoft.EntityFrameworkCore.Database.Command[20101]
2026-08-08T00:43:00.6035051+00:00 ContainerStream:       Executed DbCommand (3ms) [Parameters=[], CommandType='Text', CommandTimeout='30']
2026-08-08T00:43:00.6035228+00:00 ContainerStream:       SELECT OBJECT_ID(N'[__EFMigrationsHistory]');
2026-08-08T00:43:00.6051176+00:00 ContainerStream: info: Microsoft.EntityFrameworkCore.Database.Command[20101]
2026-08-08T00:43:00.6051563+00:00 ContainerStream:       Executed DbCommand (2ms) [Parameters=[], CommandType='Text', CommandTimeout='30']
2026-08-08T00:43:00.6051758+00:00 ContainerStream:       SELECT [MigrationId], [ProductVersion]
2026-08-08T00:43:00.6051842+00:00 ContainerStream:       FROM [__EFMigrationsHistory]
2026-08-08T00:43:00.6052046+00:00 ContainerStream:       ORDER BY [MigrationId];
2026-08-08T00:43:00.6073943+00:00 ContainerStream: info: Microsoft.EntityFrameworkCore.Database.Command[20101]
2026-08-08T00:43:00.6074201+00:00 ContainerStream:       Executed DbCommand (2ms) [Parameters=[], CommandType='Text', CommandTimeout='30']
2026-08-08T00:43:00.6074322+00:00 ContainerStream:       SELECT TOP(1) [b].[BankAccountNumber]
2026-08-08T00:43:00.6074367+00:00 ContainerStream:       FROM [Beneficiaries] AS [b]
2026-08-08T00:43:00.6074611+00:00 ContainerStream:       ORDER BY [b].[Id]
2026-08-08T00:43:01.8320163+00:00 ContainerStream: info: Microsoft.EntityFrameworkCore.Database.Command[20101]
2026-08-08T00:43:01.8320996+00:00 ContainerStream:       Executed DbCommand (2ms) [Parameters=[], CommandType='Text', CommandTimeout='30']
2026-08-08T00:43:01.8321215+00:00 ContainerStream:       SELECT 1
2026-08-08T00:43:01.8389958+00:00 ContainerStream: info: Microsoft.EntityFrameworkCore.Database.Command[20101]
2026-08-08T00:43:01.8390508+00:00 ContainerStream:       Executed DbCommand (8ms) [Parameters=[], CommandType='Text', CommandTimeout='30']
2026-08-08T00:43:01.8390607+00:00 ContainerStream:       SELECT OBJECT_ID(N'[__EFMigrationsHistory]');
2026-08-08T00:43:01.8424956+00:00 ContainerStream: info: Microsoft.EntityFrameworkCore.Database.Command[20101]
2026-08-08T00:43:01.8425362+00:00 ContainerStream:       Executed DbCommand (2ms) [Parameters=[], CommandType='Text', CommandTimeout='30']
2026-08-08T00:43:01.8425450+00:00 ContainerStream:       SELECT [MigrationId], [ProductVersion]
2026-08-08T00:43:01.8425493+00:00 ContainerStream:       FROM [__EFMigrationsHistory]
2026-08-08T00:43:01.8425540+00:00 ContainerStream:       ORDER BY [MigrationId];
2026-08-08T00:43:01.8485705+00:00 ContainerStream: info: Microsoft.EntityFrameworkCore.Database.Command[20101]
2026-08-08T00:43:01.8486434+00:00 ContainerStream:       Executed DbCommand (5ms) [Parameters=[], CommandType='Text', CommandTimeout='30']
2026-08-08T00:43:01.8486514+00:00 ContainerStream:       SELECT TOP(1) [b].[BankAccountNumber]
2026-08-08T00:43:01.8486551+00:00 ContainerStream:       FROM [Beneficiaries] AS [b]
2026-08-08T00:43:01.8486585+00:00 ContainerStream:       ORDER BY [b].[Id]
2026-08-08T00:43:02.1326449+00:00 ContainerStatus: Site started.
2026-08-08T00:43:02.1344649+00:00 ContainerStatus: State: Started, Action: None, LastError: , LastErrorTimestamp: 01/01/0001 00:00:00, LastErrorDetails: , Details: Site started at 08/08/2026 00:43:02 (UTC), DetailsLevel: INFO
