2026-08-07T23:43:23.2057156Z       ORDER BY [MigrationId];
2026-08-07T23:43:23.2068408Z info: Microsoft.EntityFrameworkCore.Database.Command[20101]
2026-08-07T23:43:23.2068705Z       Executed DbCommand (1ms) [Parameters=[], CommandType='Text', CommandTimeout='30']
2026-08-07T23:43:23.2068772Z       SELECT TOP(1) [b].[BankAccountNumber]
2026-08-07T23:43:23.2068819Z       FROM [Beneficiaries] AS [b]
2026-08-07T23:43:23.2068906Z       ORDER BY [b].[Id]
2026-08-07T23:43:26.1120272Z info: Microsoft.EntityFrameworkCore.Database.Command[20101]
2026-08-07T23:43:26.1121103Z       Executed DbCommand (2ms) [Parameters=[], CommandType='Text', CommandTimeout='30']
2026-08-07T23:43:26.1121215Z       SELECT 1
2026-08-07T23:43:26.1151114Z info: Microsoft.EntityFrameworkCore.Database.Command[20101]
2026-08-07T23:43:26.1151687Z       Executed DbCommand (2ms) [Parameters=[], CommandType='Text', CommandTimeout='30']
2026-08-07T23:43:26.1151784Z       SELECT OBJECT_ID(N'[__EFMigrationsHistory]');
2026-08-07T23:43:26.1165118Z info: Microsoft.EntityFrameworkCore.Database.Command[20101]
2026-08-07T23:43:26.1165505Z       Executed DbCommand (1ms) [Parameters=[], CommandType='Text', CommandTimeout='30']
2026-08-07T23:43:26.1165744Z       SELECT [MigrationId], [ProductVersion]
2026-08-07T23:43:26.1165786Z       FROM [__EFMigrationsHistory]
2026-08-07T23:43:26.1165831Z       ORDER BY [MigrationId];
2026-08-07T23:43:26.1188775Z info: Microsoft.EntityFrameworkCore.Database.Command[20101]
2026-08-07T23:43:26.1189147Z       Executed DbCommand (1ms) [Parameters=[], CommandType='Text', CommandTimeout='30']
2026-08-07T23:43:26.1189223Z       SELECT TOP(1) [b].[BankAccountNumber]
2026-08-07T23:43:26.1189365Z       FROM [Beneficiaries] AS [b]
2026-08-07T23:43:26.1189411Z       ORDER BY [b].[Id]
2026-08-07T23:43:26.9298547Z info: Microsoft.EntityFrameworkCore.Database.Command[20101]
2026-08-07T23:43:26.9299402Z       Executed DbCommand (2ms) [Parameters=[], CommandType='Text', CommandTimeout='30']
2026-08-07T23:43:26.9299526Z       SELECT 1
2026-08-07T23:43:26.9327853Z info: Microsoft.EntityFrameworkCore.Database.Command[20101]
2026-08-07T23:43:26.9328312Z       Executed DbCommand (2ms) [Parameters=[], CommandType='Text', CommandTimeout='30']
2026-08-07T23:43:26.9328446Z       SELECT OBJECT_ID(N'[__EFMigrationsHistory]');
2026-08-07T23:43:26.9342903Z info: Microsoft.EntityFrameworkCore.Database.Command[20101]
2026-08-07T23:43:26.9343259Z       Executed DbCommand (1ms) [Parameters=[], CommandType='Text', CommandTimeout='30']
2026-08-07T23:43:26.9343329Z       SELECT [MigrationId], [ProductVersion]
2026-08-07T23:43:26.9343371Z       FROM [__EFMigrationsHistory]
2026-08-07T23:43:26.9343446Z       ORDER BY [MigrationId];
2026-08-07T23:43:26.9361536Z info: Microsoft.EntityFrameworkCore.Database.Command[20101]
2026-08-07T23:43:26.9361856Z       Executed DbCommand (2ms) [Parameters=[], CommandType='Text', CommandTimeout='30']
2026-08-07T23:43:26.9361917Z       SELECT TOP(1) [b].[BankAccountNumber]
2026-08-07T23:43:26.9361957Z       FROM [Beneficiaries] AS [b]
2026-08-07T23:43:26.9362148Z       ORDER BY [b].[Id]
2026-08-07T23:43:27.5323289Z info: Microsoft.EntityFrameworkCore.Database.Command[20101]
2026-08-07T23:43:27.5324301Z       Executed DbCommand (2ms) [Parameters=[], CommandType='Text', CommandTimeout='30']
2026-08-07T23:43:27.5324429Z       SELECT 1
2026-08-07T23:43:27.5341504Z info: Microsoft.EntityFrameworkCore.Database.Command[20101]
2026-08-07T23:43:27.5341935Z       Executed DbCommand (2ms) [Parameters=[], CommandType='Text', CommandTimeout='30']
2026-08-07T23:43:27.5342481Z       SELECT OBJECT_ID(N'[__EFMigrationsHistory]');
2026-08-07T23:43:27.5369996Z info: Microsoft.EntityFrameworkCore.Database.Command[20101]
2026-08-07T23:43:27.5370328Z       Executed DbCommand (2ms) [Parameters=[], CommandType='Text', CommandTimeout='30']
2026-08-07T23:43:27.5370391Z       SELECT [MigrationId], [ProductVersion]
2026-08-07T23:43:27.5370584Z       FROM [__EFMigrationsHistory]
2026-08-07T23:43:27.5370627Z       ORDER BY [MigrationId];
2026-08-07T23:43:27.5393862Z info: Microsoft.EntityFrameworkCore.Database.Command[20101]
2026-08-07T23:43:27.5394179Z       Executed DbCommand (2ms) [Parameters=[], CommandType='Text', CommandTimeout='30']
2026-08-07T23:43:27.5394259Z       SELECT TOP(1) [b].[BankAccountNumber]
2026-08-07T23:43:27.5397330Z       FROM [Beneficiaries] AS [b]
2026-08-07T23:43:27.5397386Z       ORDER BY [b].[Id]
2026-08-07T23:43:29.5723739Z info: Microsoft.EntityFrameworkCore.Database.Command[20101]
2026-08-07T23:43:29.5724497Z       Executed DbCommand (4ms) [Parameters=[], CommandType='Text', CommandTimeout='30']
2026-08-07T23:43:29.5724608Z       SELECT 1
2026-08-07T23:43:29.5741334Z info: Microsoft.EntityFrameworkCore.Database.Command[20101]
2026-08-07T23:43:29.5741816Z       Executed DbCommand (2ms) [Parameters=[], CommandType='Text', CommandTimeout='30']
2026-08-07T23:43:29.5741902Z       SELECT OBJECT_ID(N'[__EFMigrationsHistory]');
2026-08-07T23:43:29.5769975Z info: Microsoft.EntityFrameworkCore.Database.Command[20101]
2026-08-07T23:43:29.5770308Z       Executed DbCommand (1ms) [Parameters=[], CommandType='Text', CommandTimeout='30']
2026-08-07T23:43:29.5770429Z       SELECT [MigrationId], [ProductVersion]
2026-08-07T23:43:29.5770613Z       FROM [__EFMigrationsHistory]
2026-08-07T23:43:29.5777122Z       ORDER BY [MigrationId];
2026-08-07T23:43:29.5791367Z info: Microsoft.EntityFrameworkCore.Database.Command[20101]
2026-08-07T23:43:29.5791699Z       Executed DbCommand (2ms) [Parameters=[], CommandType='Text', CommandTimeout='30']
2026-08-07T23:43:29.5791774Z       SELECT TOP(1) [b].[BankAccountNumber]
2026-08-07T23:43:29.5791822Z       FROM [Beneficiaries] AS [b]
2026-08-07T23:43:29.5791870Z       ORDER BY [b].[Id]
2026-08-07T23:43:36.3083394Z info: Microsoft.EntityFrameworkCore.Database.Command[20101]
2026-08-07T23:43:36.3084306Z       Executed DbCommand (2ms) [Parameters=[], CommandType='Text', CommandTimeout='30']
2026-08-07T23:43:36.3084424Z       SELECT 1
2026-08-07T23:43:36.3112393Z info: Microsoft.EntityFrameworkCore.Database.Command[20101]
2026-08-07T23:43:36.3114137Z       Executed DbCommand (2ms) [Parameters=[], CommandType='Text', CommandTimeout='30']
2026-08-07T23:43:36.3114344Z       SELECT OBJECT_ID(N'[__EFMigrationsHistory]');
2026-08-07T23:43:36.3131272Z info: Microsoft.EntityFrameworkCore.Database.Command[20101]
2026-08-07T23:43:36.3131697Z       Executed DbCommand (1ms) [Parameters=[], CommandType='Text', CommandTimeout='30']
2026-08-07T23:43:36.3131801Z       SELECT [MigrationId], [ProductVersion]
2026-08-07T23:43:36.3131863Z       FROM [__EFMigrationsHistory]
2026-08-07T23:43:36.3131973Z       ORDER BY [MigrationId];
2026-08-07T23:43:36.3154271Z info: Microsoft.EntityFrameworkCore.Database.Command[20101]
2026-08-07T23:43:36.3154605Z       Executed DbCommand (1ms) [Parameters=[], CommandType='Text', CommandTimeout='30']
2026-08-07T23:43:36.3154691Z       SELECT TOP(1) [b].[BankAccountNumber]
2026-08-07T23:43:36.3154739Z       FROM [Beneficiaries] AS [b]
2026-08-07T23:43:36.3154823Z       ORDER BY [b].[Id]
2026-08-07T23:43:40.3217659Z info: Microsoft.EntityFrameworkCore.Database.Command[20101]
2026-08-07T23:43:40.3218513Z       Executed DbCommand (2ms) [Parameters=[], CommandType='Text', CommandTimeout='30']
2026-08-07T23:43:40.3218633Z       SELECT 1
2026-08-07T23:43:40.3247519Z info: Microsoft.EntityFrameworkCore.Database.Command[20101]
2026-08-07T23:43:40.3248087Z       Executed DbCommand (2ms) [Parameters=[], CommandType='Text', CommandTimeout='30']
2026-08-07T23:43:40.3248175Z       SELECT OBJECT_ID(N'[__EFMigrationsHistory]');
2026-08-07T23:43:40.3261373Z info: Microsoft.EntityFrameworkCore.Database.Command[20101]
2026-08-07T23:43:40.3261813Z       Executed DbCommand (1ms) [Parameters=[], CommandType='Text', CommandTimeout='30']
2026-08-07T23:43:40.3261981Z       SELECT [MigrationId], [ProductVersion]
2026-08-07T23:43:40.3262023Z       FROM [__EFMigrationsHistory]
2026-08-07T23:43:40.3262198Z       ORDER BY [MigrationId];
2026-08-07T23:43:40.3279965Z info: Microsoft.EntityFrameworkCore.Database.Command[20101]
2026-08-07T23:43:40.3280307Z       Executed DbCommand (1ms) [Parameters=[], CommandType='Text', CommandTimeout='30']
2026-08-07T23:43:40.3280386Z       SELECT TOP(1) [b].[BankAccountNumber]
2026-08-07T23:43:40.3280431Z       FROM [Beneficiaries] AS [b]
2026-08-07T23:43:40.3280479Z       ORDER BY [b].[Id]
2026-08-07T23:43:49.0326256Z info: Microsoft.EntityFrameworkCore.Database.Command[20101]
2026-08-07T23:43:49.0327532Z       Executed DbCommand (2ms) [Parameters=[], CommandType='Text', CommandTimeout='30']
2026-08-07T23:43:49.0327664Z       SELECT 1
2026-08-07T23:43:49.0342123Z info: Microsoft.EntityFrameworkCore.Database.Command[20101]
2026-08-07T23:43:49.0342684Z       Executed DbCommand (2ms) [Parameters=[], CommandType='Text', CommandTimeout='30']
2026-08-07T23:43:49.0342785Z       SELECT OBJECT_ID(N'[__EFMigrationsHistory]');
2026-08-07T23:43:49.0377601Z info: Microsoft.EntityFrameworkCore.Database.Command[20101]
2026-08-07T23:43:49.0377906Z       Executed DbCommand (2ms) [Parameters=[], CommandType='Text', CommandTimeout='30']
2026-08-07T23:43:49.0377979Z       SELECT [MigrationId], [ProductVersion]
2026-08-07T23:43:49.0378068Z       FROM [__EFMigrationsHistory]
2026-08-07T23:43:49.0378115Z       ORDER BY [MigrationId];
2026-08-07T23:43:49.0390657Z info: Microsoft.EntityFrameworkCore.Database.Command[20101]
2026-08-07T23:43:49.0390961Z       Executed DbCommand (1ms) [Parameters=[], CommandType='Text', CommandTimeout='30']
2026-08-07T23:43:49.0391070Z       SELECT TOP(1) [b].[BankAccountNumber]
2026-08-07T23:43:49.0391112Z       FROM [Beneficiaries] AS [b]
2026-08-07T23:43:49.0391150Z       ORDER BY [b].[Id]
2026-08-07T23:43:52.1701667Z info: Microsoft.EntityFrameworkCore.Database.Command[20101]
2026-08-07T23:43:52.1702489Z       Executed DbCommand (2ms) [Parameters=[], CommandType='Text', CommandTimeout='30']
2026-08-07T23:43:52.1702691Z       SELECT 1
2026-08-07T23:43:52.1718053Z info: Microsoft.EntityFrameworkCore.Database.Command[20101]
2026-08-07T23:43:52.1718483Z       Executed DbCommand (2ms) [Parameters=[], CommandType='Text', CommandTimeout='30']
2026-08-07T23:43:52.1721390Z       SELECT OBJECT_ID(N'[__EFMigrationsHistory]');
2026-08-07T23:43:52.1748643Z info: Microsoft.EntityFrameworkCore.Database.Command[20101]
2026-08-07T23:43:52.1748968Z       Executed DbCommand (2ms) [Parameters=[], CommandType='Text', CommandTimeout='30']
2026-08-07T23:43:52.1749041Z       SELECT [MigrationId], [ProductVersion]
2026-08-07T23:43:52.1749085Z       FROM [__EFMigrationsHistory]
2026-08-07T23:43:52.1753333Z       ORDER BY [MigrationId];
2026-08-07T23:43:52.1767491Z info: Microsoft.EntityFrameworkCore.Database.Command[20101]
2026-08-07T23:43:52.1767789Z       Executed DbCommand (1ms) [Parameters=[], CommandType='Text', CommandTimeout='30']
2026-08-07T23:43:52.1767862Z       SELECT TOP(1) [b].[BankAccountNumber]
2026-08-07T23:43:52.1767907Z       FROM [Beneficiaries] AS [b]
2026-08-07T23:43:52.1767994Z       ORDER BY [b].[Id]
2026-08-07T23:43:54.2211931Z info: Microsoft.EntityFrameworkCore.Database.Command[20101]
2026-08-07T23:43:54.2212760Z       Executed DbCommand (2ms) [Parameters=[], CommandType='Text', CommandTimeout='30']
2026-08-07T23:43:54.2212858Z       SELECT 1
2026-08-07T23:43:54.2228293Z info: Microsoft.EntityFrameworkCore.Database.Command[20101]
2026-08-07T23:43:54.2228821Z       Executed DbCommand (2ms) [Parameters=[], CommandType='Text', CommandTimeout='30']
2026-08-07T23:43:54.2228908Z       SELECT OBJECT_ID(N'[__EFMigrationsHistory]');
2026-08-07T23:43:54.2260204Z info: Microsoft.EntityFrameworkCore.Database.Command[20101]
2026-08-07T23:43:54.2260552Z       Executed DbCommand (2ms) [Parameters=[], CommandType='Text', CommandTimeout='30']
2026-08-07T23:43:54.2262326Z       SELECT [MigrationId], [ProductVersion]
2026-08-07T23:43:54.2262442Z       FROM [__EFMigrationsHistory]
2026-08-07T23:43:54.2262492Z       ORDER BY [MigrationId];
2026-08-07T23:43:54.2275897Z info: Microsoft.EntityFrameworkCore.Database.Command[20101]
2026-08-07T23:43:54.2276208Z       Executed DbCommand (1ms) [Parameters=[], CommandType='Text', CommandTimeout='30']
2026-08-07T23:43:54.2276324Z       SELECT TOP(1) [b].[BankAccountNumber]
2026-08-07T23:43:54.2276364Z       FROM [Beneficiaries] AS [b]
2026-08-07T23:43:54.2276515Z       ORDER BY [b].[Id]
2026-08-07T23:43:55.6168689Z info: Microsoft.EntityFrameworkCore.Database.Command[20101]
2026-08-07T23:43:55.6169551Z       Executed DbCommand (2ms) [Parameters=[], CommandType='Text', CommandTimeout='30']
2026-08-07T23:43:55.6169658Z       SELECT 1
2026-08-07T23:43:55.6196304Z info: Microsoft.EntityFrameworkCore.Database.Command[20101]
2026-08-07T23:43:55.6196794Z       Executed DbCommand (2ms) [Parameters=[], CommandType='Text', CommandTimeout='30']
2026-08-07T23:43:55.6196877Z       SELECT OBJECT_ID(N'[__EFMigrationsHistory]');
2026-08-07T23:43:55.6214624Z info: Microsoft.EntityFrameworkCore.Database.Command[20101]
2026-08-07T23:43:55.6214932Z       Executed DbCommand (2ms) [Parameters=[], CommandType='Text', CommandTimeout='30']
2026-08-07T23:43:55.6215000Z       SELECT [MigrationId], [ProductVersion]
2026-08-07T23:43:55.6215040Z       FROM [__EFMigrationsHistory]
2026-08-07T23:43:55.6215126Z       ORDER BY [MigrationId];
2026-08-07T23:43:55.6236984Z info: Microsoft.EntityFrameworkCore.Database.Command[20101]
2026-08-07T23:43:55.6237286Z       Executed DbCommand (2ms) [Parameters=[], CommandType='Text', CommandTimeout='30']
2026-08-07T23:43:55.6237360Z       SELECT TOP(1) [b].[BankAccountNumber]
2026-08-07T23:43:55.6237408Z       FROM [Beneficiaries] AS [b]
2026-08-07T23:43:55.6237494Z       ORDER BY [b].[Id]
2026-08-07T23:43:56.6404040Z info: Microsoft.EntityFrameworkCore.Database.Command[20101]
2026-08-07T23:43:56.6404818Z       Executed DbCommand (2ms) [Parameters=[], CommandType='Text', CommandTimeout='30']
2026-08-07T23:43:56.6404946Z       SELECT 1
2026-08-07T23:43:56.6429799Z info: Microsoft.EntityFrameworkCore.Database.Command[20101]
2026-08-07T23:43:56.6430261Z       Executed DbCommand (2ms) [Parameters=[], CommandType='Text', CommandTimeout='30']
2026-08-07T23:43:56.6430356Z       SELECT OBJECT_ID(N'[__EFMigrationsHistory]');
2026-08-07T23:43:56.6443181Z info: Microsoft.EntityFrameworkCore.Database.Command[20101]
2026-08-07T23:43:56.6443491Z       Executed DbCommand (1ms) [Parameters=[], CommandType='Text', CommandTimeout='30']
2026-08-07T23:43:56.6443605Z       SELECT [MigrationId], [ProductVersion]
2026-08-07T23:43:56.6443648Z       FROM [__EFMigrationsHistory]
2026-08-07T23:43:56.6443691Z       ORDER BY [MigrationId];
2026-08-07T23:43:56.6462084Z info: Microsoft.EntityFrameworkCore.Database.Command[20101]
2026-08-07T23:43:56.6462384Z       Executed DbCommand (1ms) [Parameters=[], CommandType='Text', CommandTimeout='30']
2026-08-07T23:43:56.6462492Z       SELECT TOP(1) [b].[BankAccountNumber]
2026-08-07T23:43:56.6462534Z       FROM [Beneficiaries] AS [b]
2026-08-07T23:43:56.6462572Z       ORDER BY [b].[Id]
2026-08-07T23:44:03.9315068Z info: Microsoft.EntityFrameworkCore.Database.Command[20101]
2026-08-07T23:44:03.9316031Z       Executed DbCommand (2ms) [Parameters=[], CommandType='Text', CommandTimeout='30']
2026-08-07T23:44:03.9316153Z       SELECT 1
2026-08-07T23:44:03.9330793Z info: Microsoft.EntityFrameworkCore.Database.Command[20101]
2026-08-07T23:44:03.9331328Z       Executed DbCommand (2ms) [Parameters=[], CommandType='Text', CommandTimeout='30']
2026-08-07T23:44:03.9331426Z       SELECT OBJECT_ID(N'[__EFMigrationsHistory]');
2026-08-07T23:44:03.9367618Z info: Microsoft.EntityFrameworkCore.Database.Command[20101]
2026-08-07T23:44:03.9368041Z       Executed DbCommand (2ms) [Parameters=[], CommandType='Text', CommandTimeout='30']
2026-08-07T23:44:03.9368132Z       SELECT [MigrationId], [ProductVersion]
2026-08-07T23:44:03.9368189Z       FROM [__EFMigrationsHistory]
2026-08-07T23:44:03.9368286Z       ORDER BY [MigrationId];
2026-08-07T23:44:03.9386486Z info: Microsoft.EntityFrameworkCore.Database.Command[20101]
2026-08-07T23:44:03.9386819Z       Executed DbCommand (1ms) [Parameters=[], CommandType='Text', CommandTimeout='30']
2026-08-07T23:44:03.9386881Z       SELECT TOP(1) [b].[BankAccountNumber]
2026-08-07T23:44:03.9386926Z       FROM [Beneficiaries] AS [b]
2026-08-07T23:44:03.9387006Z       ORDER BY [b].[Id]
2026-08-07T23:44:05.8502112Z info: Microsoft.EntityFrameworkCore.Database.Command[20101]
2026-08-07T23:44:05.8502780Z       Executed DbCommand (3ms) [Parameters=[], CommandType='Text', CommandTimeout='30']
2026-08-07T23:44:05.8502886Z       SELECT 1
2026-08-07T23:44:05.8521144Z info: Microsoft.EntityFrameworkCore.Database.Command[20101]
2026-08-07T23:44:05.8521591Z       Executed DbCommand (2ms) [Parameters=[], CommandType='Text', CommandTimeout='30']
2026-08-07T23:44:05.8521661Z       SELECT OBJECT_ID(N'[__EFMigrationsHistory]');
2026-08-07T23:44:05.8553359Z info: Microsoft.EntityFrameworkCore.Database.Command[20101]
2026-08-07T23:44:05.8553767Z       Executed DbCommand (2ms) [Parameters=[], CommandType='Text', CommandTimeout='30']
2026-08-07T23:44:05.8554826Z       SELECT [MigrationId], [ProductVersion]
2026-08-07T23:44:05.8554955Z       FROM [__EFMigrationsHistory]
2026-08-07T23:44:05.8555001Z       ORDER BY [MigrationId];
2026-08-07T23:44:05.8573331Z info: Microsoft.EntityFrameworkCore.Database.Command[20101]
2026-08-07T23:44:05.8573531Z       Executed DbCommand (1ms) [Parameters=[], CommandType='Text', CommandTimeout='30']
2026-08-07T23:44:05.8573621Z       SELECT TOP(1) [b].[BankAccountNumber]
2026-08-07T23:44:05.8573651Z       FROM [Beneficiaries] AS [b]
2026-08-07T23:44:05.8573678Z       ORDER BY [b].[Id]
2026-08-07T23:44:08.9111785Z info: Microsoft.EntityFrameworkCore.Database.Command[20101]
2026-08-07T23:44:08.9112600Z       Executed DbCommand (2ms) [Parameters=[], CommandType='Text', CommandTimeout='30']
2026-08-07T23:44:08.9112731Z       SELECT 1
2026-08-07T23:44:08.9143362Z info: Microsoft.EntityFrameworkCore.Database.Command[20101]
2026-08-07T23:44:08.9143872Z       Executed DbCommand (2ms) [Parameters=[], CommandType='Text', CommandTimeout='30']
2026-08-07T23:44:08.9143959Z       SELECT OBJECT_ID(N'[__EFMigrationsHistory]');
2026-08-07T23:44:08.9184823Z info: Microsoft.EntityFrameworkCore.Database.Command[20101]
2026-08-07T23:44:08.9185339Z       Executed DbCommand (4ms) [Parameters=[], CommandType='Text', CommandTimeout='30']
2026-08-07T23:44:08.9185421Z       SELECT [MigrationId], [ProductVersion]
2026-08-07T23:44:08.9185463Z       FROM [__EFMigrationsHistory]
2026-08-07T23:44:08.9185568Z       ORDER BY [MigrationId];
2026-08-07T23:44:08.9232195Z info: Microsoft.EntityFrameworkCore.Database.Command[20101]
2026-08-07T23:44:08.9232607Z       Executed DbCommand (5ms) [Parameters=[], CommandType='Text', CommandTimeout='30']
2026-08-07T23:44:08.9232778Z       SELECT TOP(1) [b].[BankAccountNumber]
2026-08-07T23:44:08.9232818Z       FROM [Beneficiaries] AS [b]
2026-08-07T23:44:08.9232918Z       ORDER BY [b].[Id]
2026-08-07T23:44:10.9566881Z info: Microsoft.EntityFrameworkCore.Database.Command[20101]
2026-08-07T23:44:10.9567648Z       Executed DbCommand (2ms) [Parameters=[], CommandType='Text', CommandTimeout='30']
2026-08-07T23:44:10.9567768Z       SELECT 1
2026-08-07T23:44:10.9588167Z info: Microsoft.EntityFrameworkCore.Database.Command[20101]
2026-08-07T23:44:10.9588611Z       Executed DbCommand (2ms) [Parameters=[], CommandType='Text', CommandTimeout='30']
2026-08-07T23:44:10.9588689Z       SELECT OBJECT_ID(N'[__EFMigrationsHistory]');
2026-08-07T23:44:10.9612809Z info: Microsoft.EntityFrameworkCore.Database.Command[20101]
2026-08-07T23:44:10.9613163Z       Executed DbCommand (1ms) [Parameters=[], CommandType='Text', CommandTimeout='30']
2026-08-07T23:44:10.9613452Z       SELECT [MigrationId], [ProductVersion]
2026-08-07T23:44:10.9613511Z       FROM [__EFMigrationsHistory]
2026-08-07T23:44:10.9618610Z       ORDER BY [MigrationId];
2026-08-07T23:44:10.9632582Z info: Microsoft.EntityFrameworkCore.Database.Command[20101]
2026-08-07T23:44:10.9632920Z       Executed DbCommand (2ms) [Parameters=[], CommandType='Text', CommandTimeout='30']
2026-08-07T23:44:10.9633000Z       SELECT TOP(1) [b].[BankAccountNumber]
2026-08-07T23:44:10.9633053Z       FROM [Beneficiaries] AS [b]
2026-08-07T23:44:10.9635707Z       ORDER BY [b].[Id]
2026-08-07T23:44:12.0054852Z info: Microsoft.EntityFrameworkCore.Database.Command[20101]
2026-08-07T23:44:12.0055777Z       Executed DbCommand (2ms) [Parameters=[], CommandType='Text', CommandTimeout='30']
2026-08-07T23:44:12.0055863Z       SELECT 1
2026-08-07T23:44:12.0071948Z info: Microsoft.EntityFrameworkCore.Database.Command[20101]
2026-08-07T23:44:12.0072392Z       Executed DbCommand (2ms) [Parameters=[], CommandType='Text', CommandTimeout='30']
2026-08-07T23:44:12.0072518Z       SELECT OBJECT_ID(N'[__EFMigrationsHistory]');
2026-08-07T23:44:12.0101886Z info: Microsoft.EntityFrameworkCore.Database.Command[20101]
2026-08-07T23:44:12.0102296Z       Executed DbCommand (1ms) [Parameters=[], CommandType='Text', CommandTimeout='30']
2026-08-07T23:44:12.0102375Z       SELECT [MigrationId], [ProductVersion]
2026-08-07T23:44:12.0102417Z       FROM [__EFMigrationsHistory]
2026-08-07T23:44:12.0102501Z       ORDER BY [MigrationId];
2026-08-07T23:44:12.0118816Z info: Microsoft.EntityFrameworkCore.Database.Command[20101]
2026-08-07T23:44:12.0119104Z       Executed DbCommand (2ms) [Parameters=[], CommandType='Text', CommandTimeout='30']
2026-08-07T23:44:12.0119168Z       SELECT TOP(1) [b].[BankAccountNumber]
2026-08-07T23:44:12.0119209Z       FROM [Beneficiaries] AS [b]
2026-08-07T23:44:12.0119293Z       ORDER BY [b].[Id]
2026-08-07T23:44:13.4163133Z info: Microsoft.EntityFrameworkCore.Database.Command[20101]
2026-08-07T23:44:13.4163952Z       Executed DbCommand (3ms) [Parameters=[], CommandType='Text', CommandTimeout='30']
2026-08-07T23:44:13.4164074Z       SELECT 1
2026-08-07T23:44:13.4182668Z info: Microsoft.EntityFrameworkCore.Database.Command[20101]
2026-08-07T23:44:13.4183252Z       Executed DbCommand (2ms) [Parameters=[], CommandType='Text', CommandTimeout='30']
2026-08-07T23:44:13.4183340Z       SELECT OBJECT_ID(N'[__EFMigrationsHistory]');
2026-08-07T23:44:13.4211845Z info: Microsoft.EntityFrameworkCore.Database.Command[20101]
2026-08-07T23:44:13.4212395Z       Executed DbCommand (2ms) [Parameters=[], CommandType='Text', CommandTimeout='30']
2026-08-07T23:44:13.4212476Z       SELECT [MigrationId], [ProductVersion]
2026-08-07T23:44:13.4212517Z       FROM [__EFMigrationsHistory]
2026-08-07T23:44:13.4212559Z       ORDER BY [MigrationId];
2026-08-07T23:44:13.4225563Z info: Microsoft.EntityFrameworkCore.Database.Command[20101]
2026-08-07T23:44:13.4225948Z       Executed DbCommand (1ms) [Parameters=[], CommandType='Text', CommandTimeout='30']
2026-08-07T23:44:13.4226015Z       SELECT TOP(1) [b].[BankAccountNumber]
2026-08-07T23:44:13.4226207Z       FROM [Beneficiaries] AS [b]
2026-08-07T23:44:13.4226251Z       ORDER BY [b].[Id]
2026-08-07T23:44:14.3630347Z info: Microsoft.EntityFrameworkCore.Database.Command[20101]
2026-08-07T23:44:14.3631324Z       Executed DbCommand (2ms) [Parameters=[], CommandType='Text', CommandTimeout='30']
2026-08-07T23:44:14.3631452Z       SELECT 1
2026-08-07T23:44:14.3650825Z info: Microsoft.EntityFrameworkCore.Database.Command[20101]
2026-08-07T23:44:14.3651423Z       Executed DbCommand (2ms) [Parameters=[], CommandType='Text', CommandTimeout='30']
2026-08-07T23:44:14.3651607Z       SELECT OBJECT_ID(N'[__EFMigrationsHistory]');
2026-08-07T23:44:14.3677972Z info: Microsoft.EntityFrameworkCore.Database.Command[20101]
2026-08-07T23:44:14.3678446Z       Executed DbCommand (2ms) [Parameters=[], CommandType='Text', CommandTimeout='30']
2026-08-07T23:44:14.3678546Z       SELECT [MigrationId], [ProductVersion]
2026-08-07T23:44:14.3678656Z       FROM [__EFMigrationsHistory]
2026-08-07T23:44:14.3678718Z       ORDER BY [MigrationId];
2026-08-07T23:44:14.3692770Z info: Microsoft.EntityFrameworkCore.Database.Command[20101]
2026-08-07T23:44:14.3698589Z       Executed DbCommand (1ms) [Parameters=[], CommandType='Text', CommandTimeout='30']
2026-08-07T23:44:14.3698653Z       SELECT TOP(1) [b].[BankAccountNumber]
2026-08-07T23:44:14.3698737Z       FROM [Beneficiaries] AS [b]
2026-08-07T23:44:14.3698778Z       ORDER BY [b].[Id]
2026-08-07T23:44:20.7533119Z info: Microsoft.EntityFrameworkCore.Database.Command[20101]
2026-08-07T23:44:20.7533952Z       Executed DbCommand (2ms) [Parameters=[], CommandType='Text', CommandTimeout='30']
2026-08-07T23:44:20.7534163Z       SELECT 1
2026-08-07T23:44:20.7550715Z info: Microsoft.EntityFrameworkCore.Database.Command[20101]
2026-08-07T23:44:20.7551395Z       Executed DbCommand (2ms) [Parameters=[], CommandType='Text', CommandTimeout='30']
2026-08-07T23:44:20.7551492Z       SELECT OBJECT_ID(N'[__EFMigrationsHistory]');
2026-08-07T23:44:20.7580682Z info: Microsoft.EntityFrameworkCore.Database.Command[20101]
2026-08-07T23:44:20.7581120Z       Executed DbCommand (1ms) [Parameters=[], CommandType='Text', CommandTimeout='30']
2026-08-07T23:44:20.7581218Z       SELECT [MigrationId], [ProductVersion]
2026-08-07T23:44:20.7581271Z       FROM [__EFMigrationsHistory]
2026-08-07T23:44:20.7581325Z       ORDER BY [MigrationId];
2026-08-07T23:44:20.7593995Z info: Microsoft.EntityFrameworkCore.Database.Command[20101]
2026-08-07T23:44:20.7594352Z       Executed DbCommand (1ms) [Parameters=[], CommandType='Text', CommandTimeout='30']
2026-08-07T23:44:20.7594435Z       SELECT TOP(1) [b].[BankAccountNumber]
2026-08-07T23:44:20.7595816Z       FROM [Beneficiaries] AS [b]
2026-08-07T23:44:20.7595910Z       ORDER BY [b].[Id]
2026-08-07T23:44:22.3566403Z info: Microsoft.EntityFrameworkCore.Database.Command[20101]
2026-08-07T23:44:22.3567712Z       Executed DbCommand (2ms) [Parameters=[], CommandType='Text', CommandTimeout='30']
2026-08-07T23:44:22.3567834Z       SELECT 1
2026-08-07T23:44:22.3582914Z info: Microsoft.EntityFrameworkCore.Database.Command[20101]
2026-08-07T23:44:22.3585026Z       Executed DbCommand (2ms) [Parameters=[], CommandType='Text', CommandTimeout='30']
2026-08-07T23:44:22.3585136Z       SELECT OBJECT_ID(N'[__EFMigrationsHistory]');
2026-08-07T23:44:22.3613867Z info: Microsoft.EntityFrameworkCore.Database.Command[20101]
2026-08-07T23:44:22.3614273Z       Executed DbCommand (1ms) [Parameters=[], CommandType='Text', CommandTimeout='30']
2026-08-07T23:44:22.3614398Z       SELECT [MigrationId], [ProductVersion]
2026-08-07T23:44:22.3614427Z       FROM [__EFMigrationsHistory]
2026-08-07T23:44:22.3614454Z       ORDER BY [MigrationId];
2026-08-07T23:44:22.3629281Z info: Microsoft.EntityFrameworkCore.Database.Command[20101]
2026-08-07T23:44:22.3629622Z       Executed DbCommand (2ms) [Parameters=[], CommandType='Text', CommandTimeout='30']
2026-08-07T23:44:22.3629747Z       SELECT TOP(1) [b].[BankAccountNumber]
2026-08-07T23:44:22.3629876Z       FROM [Beneficiaries] AS [b]
2026-08-07T23:44:22.3629919Z       ORDER BY [b].[Id]
2026-08-07T23:44:23.4383062Z info: Microsoft.EntityFrameworkCore.Database.Command[20101]
2026-08-07T23:44:23.4383966Z       Executed DbCommand (2ms) [Parameters=[], CommandType='Text', CommandTimeout='30']
2026-08-07T23:44:23.4384095Z       SELECT 1
2026-08-07T23:44:23.4402700Z info: Microsoft.EntityFrameworkCore.Database.Command[20101]
2026-08-07T23:44:23.4405044Z       Executed DbCommand (2ms) [Parameters=[], CommandType='Text', CommandTimeout='30']
2026-08-07T23:44:23.4405221Z       SELECT OBJECT_ID(N'[__EFMigrationsHistory]');
2026-08-07T23:44:23.4435419Z info: Microsoft.EntityFrameworkCore.Database.Command[20101]
2026-08-07T23:44:23.4435865Z       Executed DbCommand (1ms) [Parameters=[], CommandType='Text', CommandTimeout='30']
2026-08-07T23:44:23.4435968Z       SELECT [MigrationId], [ProductVersion]
2026-08-07T23:44:23.4436031Z       FROM [__EFMigrationsHistory]
2026-08-07T23:44:23.4436136Z       ORDER BY [MigrationId];
2026-08-07T23:44:23.4448902Z info: Microsoft.EntityFrameworkCore.Database.Command[20101]
2026-08-07T23:44:23.4449207Z       Executed DbCommand (1ms) [Parameters=[], CommandType='Text', CommandTimeout='30']
2026-08-07T23:44:23.4449278Z       SELECT TOP(1) [b].[BankAccountNumber]
2026-08-07T23:44:23.4449317Z       FROM [Beneficiaries] AS [b]
2026-08-07T23:44:23.4449488Z       ORDER BY [b].[Id]
2026-08-07T23:44:25.3859054Z info: Microsoft.EntityFrameworkCore.Database.Command[20101]
2026-08-07T23:44:25.3859893Z       Executed DbCommand (2ms) [Parameters=[], CommandType='Text', CommandTimeout='30']
2026-08-07T23:44:25.3860025Z       SELECT 1
2026-08-07T23:44:25.3888330Z info: Microsoft.EntityFrameworkCore.Database.Command[20101]
2026-08-07T23:44:25.3888867Z       Executed DbCommand (2ms) [Parameters=[], CommandType='Text', CommandTimeout='30']
2026-08-07T23:44:25.3888970Z       SELECT OBJECT_ID(N'[__EFMigrationsHistory]');
2026-08-07T23:44:25.3910555Z info: Microsoft.EntityFrameworkCore.Database.Command[20101]
2026-08-07T23:44:25.3911166Z       Executed DbCommand (2ms) [Parameters=[], CommandType='Text', CommandTimeout='30']
2026-08-07T23:44:25.3911306Z       SELECT [MigrationId], [ProductVersion]
2026-08-07T23:44:25.3911362Z       FROM [__EFMigrationsHistory]
2026-08-07T23:44:25.3911410Z       ORDER BY [MigrationId];
2026-08-07T23:44:25.3926226Z info: Microsoft.EntityFrameworkCore.Database.Command[20101]
2026-08-07T23:44:25.3926570Z       Executed DbCommand (1ms) [Parameters=[], CommandType='Text', CommandTimeout='30']
2026-08-07T23:44:25.3926950Z       SELECT TOP(1) [b].[BankAccountNumber]
2026-08-07T23:44:25.3926996Z       FROM [Beneficiaries] AS [b]
2026-08-07T23:44:25.3927036Z       ORDER BY [b].[Id]
2026-08-07T23:44:33.2502265Z info: Microsoft.EntityFrameworkCore.Database.Command[20101]
2026-08-07T23:44:33.2503074Z       Executed DbCommand (2ms) [Parameters=[], CommandType='Text', CommandTimeout='30']
2026-08-07T23:44:33.2503181Z       SELECT 1
2026-08-07T23:44:33.2523581Z info: Microsoft.EntityFrameworkCore.Database.Command[20101]
2026-08-07T23:44:33.2524063Z       Executed DbCommand (2ms) [Parameters=[], CommandType='Text', CommandTimeout='30']
2026-08-07T23:44:33.2524153Z       SELECT OBJECT_ID(N'[__EFMigrationsHistory]');
2026-08-07T23:44:33.2554150Z info: Microsoft.EntityFrameworkCore.Database.Command[20101]
2026-08-07T23:44:33.2555902Z       Executed DbCommand (2ms) [Parameters=[], CommandType='Text', CommandTimeout='30']
2026-08-07T23:44:33.2556163Z       SELECT [MigrationId], [ProductVersion]
2026-08-07T23:44:33.2556214Z       FROM [__EFMigrationsHistory]
2026-08-07T23:44:33.2556291Z       ORDER BY [MigrationId];
2026-08-07T23:44:33.2567669Z info: Microsoft.EntityFrameworkCore.Database.Command[20101]
2026-08-07T23:44:33.2567958Z       Executed DbCommand (1ms) [Parameters=[], CommandType='Text', CommandTimeout='30']
2026-08-07T23:44:33.2568038Z       SELECT TOP(1) [b].[BankAccountNumber]
2026-08-07T23:44:33.2568082Z       FROM [Beneficiaries] AS [b]
2026-08-07T23:44:33.2568167Z       ORDER BY [b].[Id]
2026-08-07T23:44:33.4072833Z info: Microsoft.EntityFrameworkCore.Database.Command[20101]
2026-08-07T23:44:33.4073552Z       Executed DbCommand (2ms) [Parameters=[], CommandType='Text', CommandTimeout='30']
2026-08-07T23:44:33.4073664Z       SELECT 1
2026-08-07T23:44:33.4091296Z info: Microsoft.EntityFrameworkCore.Database.Command[20101]
2026-08-07T23:44:33.4091829Z       Executed DbCommand (2ms) [Parameters=[], CommandType='Text', CommandTimeout='30']
2026-08-07T23:44:33.4091915Z       SELECT OBJECT_ID(N'[__EFMigrationsHistory]');
2026-08-07T23:44:33.4119520Z info: Microsoft.EntityFrameworkCore.Database.Command[20101]
2026-08-07T23:44:33.4119874Z       Executed DbCommand (2ms) [Parameters=[], CommandType='Text', CommandTimeout='30']
2026-08-07T23:44:33.4119987Z       SELECT [MigrationId], [ProductVersion]
2026-08-07T23:44:33.4122880Z       FROM [__EFMigrationsHistory]
2026-08-07T23:44:33.4123131Z       ORDER BY [MigrationId];
2026-08-07T23:44:33.4143832Z info: Microsoft.EntityFrameworkCore.Database.Command[20101]
2026-08-07T23:44:33.4144164Z       Executed DbCommand (2ms) [Parameters=[], CommandType='Text', CommandTimeout='30']
2026-08-07T23:44:33.4144229Z       SELECT TOP(1) [b].[BankAccountNumber]
2026-08-07T23:44:33.4144267Z       FROM [Beneficiaries] AS [b]
2026-08-07T23:44:33.4144303Z       ORDER BY [b].[Id]
2026-08-07T23:44:39.5012932Z info: Microsoft.EntityFrameworkCore.Database.Command[20101]
2026-08-07T23:44:39.5013964Z       Executed DbCommand (2ms) [Parameters=[], CommandType='Text', CommandTimeout='30']
2026-08-07T23:44:39.5014094Z       SELECT 1
2026-08-07T23:44:39.5027164Z info: Microsoft.EntityFrameworkCore.Database.Command[20101]
2026-08-07T23:44:39.5029772Z       Executed DbCommand (2ms) [Parameters=[], CommandType='Text', CommandTimeout='30']
2026-08-07T23:44:39.5029948Z       SELECT OBJECT_ID(N'[__EFMigrationsHistory]');
2026-08-07T23:44:39.5061900Z info: Microsoft.EntityFrameworkCore.Database.Command[20101]
2026-08-07T23:44:39.5062265Z       Executed DbCommand (2ms) [Parameters=[], CommandType='Text', CommandTimeout='30']
2026-08-07T23:44:39.5062359Z       SELECT [MigrationId], [ProductVersion]
2026-08-07T23:44:39.5062421Z       FROM [__EFMigrationsHistory]
2026-08-07T23:44:39.5062523Z       ORDER BY [MigrationId];
2026-08-07T23:44:39.5078522Z info: Microsoft.EntityFrameworkCore.Database.Command[20101]
2026-08-07T23:44:39.5078831Z       Executed DbCommand (2ms) [Parameters=[], CommandType='Text', CommandTimeout='30']
2026-08-07T23:44:39.5078897Z       SELECT TOP(1) [b].[BankAccountNumber]
2026-08-07T23:44:39.5078939Z       FROM [Beneficiaries] AS [b]
2026-08-07T23:44:39.5079210Z       ORDER BY [b].[Id]
2026-08-07T23:44:42.0278060Z info: Microsoft.EntityFrameworkCore.Database.Command[20101]
2026-08-07T23:44:42.0278945Z       Executed DbCommand (2ms) [Parameters=[], CommandType='Text', CommandTimeout='30']
2026-08-07T23:44:42.0279085Z       SELECT 1
2026-08-07T23:44:42.0306907Z info: Microsoft.EntityFrameworkCore.Database.Command[20101]
2026-08-07T23:44:42.0307341Z       Executed DbCommand (2ms) [Parameters=[], CommandType='Text', CommandTimeout='30']
2026-08-07T23:44:42.0307420Z       SELECT OBJECT_ID(N'[__EFMigrationsHistory]');
2026-08-07T23:44:42.0324460Z info: Microsoft.EntityFrameworkCore.Database.Command[20101]
2026-08-07T23:44:42.0324913Z       Executed DbCommand (2ms) [Parameters=[], CommandType='Text', CommandTimeout='30']
2026-08-07T23:44:42.0325091Z       SELECT [MigrationId], [ProductVersion]
2026-08-07T23:44:42.0325139Z       FROM [__EFMigrationsHistory]
2026-08-07T23:44:42.0325178Z       ORDER BY [MigrationId];
2026-08-07T23:44:42.0338379Z info: Microsoft.EntityFrameworkCore.Database.Command[20101]
2026-08-07T23:44:42.0338734Z       Executed DbCommand (1ms) [Parameters=[], CommandType='Text', CommandTimeout='30']
2026-08-07T23:44:42.0338805Z       SELECT TOP(1) [b].[BankAccountNumber]
2026-08-07T23:44:42.0338849Z       FROM [Beneficiaries] AS [b]
2026-08-07T23:44:42.0338896Z       ORDER BY [b].[Id]
2026-08-07T23:44:44.1833940Z info: Microsoft.EntityFrameworkCore.Database.Command[20101]
2026-08-07T23:44:44.1834839Z       Executed DbCommand (2ms) [Parameters=[], CommandType='Text', CommandTimeout='30']
2026-08-07T23:44:44.1834990Z       SELECT 1
2026-08-07T23:44:44.1857532Z info: Microsoft.EntityFrameworkCore.Database.Command[20101]
2026-08-07T23:44:44.1858085Z       Executed DbCommand (2ms) [Parameters=[], CommandType='Text', CommandTimeout='30']
2026-08-07T23:44:44.1858238Z       SELECT OBJECT_ID(N'[__EFMigrationsHistory]');
2026-08-07T23:44:44.1884640Z info: Microsoft.EntityFrameworkCore.Database.Command[20101]
2026-08-07T23:44:44.1885011Z       Executed DbCommand (1ms) [Parameters=[], CommandType='Text', CommandTimeout='30']
2026-08-07T23:44:44.1885078Z       SELECT [MigrationId], [ProductVersion]
2026-08-07T23:44:44.1885166Z       FROM [__EFMigrationsHistory]
2026-08-07T23:44:44.1891223Z       ORDER BY [MigrationId];
2026-08-07T23:44:44.1903925Z info: Microsoft.EntityFrameworkCore.Database.Command[20101]
2026-08-07T23:44:44.1904246Z       Executed DbCommand (1ms) [Parameters=[], CommandType='Text', CommandTimeout='30']
2026-08-07T23:44:44.1904360Z       SELECT TOP(1) [b].[BankAccountNumber]
2026-08-07T23:44:44.1904404Z       FROM [Beneficiaries] AS [b]
2026-08-07T23:44:44.1904444Z       ORDER BY [b].[Id]
2026-08-07T23:44:51.4840126Z info: Microsoft.EntityFrameworkCore.Database.Command[20101]
2026-08-07T23:44:51.4840998Z       Executed DbCommand (2ms) [Parameters=[], CommandType='Text', CommandTimeout='30']
2026-08-07T23:44:51.4841205Z       SELECT 1
2026-08-07T23:44:51.4857852Z info: Microsoft.EntityFrameworkCore.Database.Command[20101]
2026-08-07T23:44:51.4858371Z       Executed DbCommand (2ms) [Parameters=[], CommandType='Text', CommandTimeout='30']
2026-08-07T23:44:51.4858457Z       SELECT OBJECT_ID(N'[__EFMigrationsHistory]');
2026-08-07T23:44:51.4888064Z info: Microsoft.EntityFrameworkCore.Database.Command[20101]
2026-08-07T23:44:51.4888684Z       Executed DbCommand (1ms) [Parameters=[], CommandType='Text', CommandTimeout='30']
2026-08-07T23:44:51.4888765Z       SELECT [MigrationId], [ProductVersion]
2026-08-07T23:44:51.4888813Z       FROM [__EFMigrationsHistory]
2026-08-07T23:44:51.4888856Z       ORDER BY [MigrationId];
2026-08-07T23:44:51.4904183Z info: Microsoft.EntityFrameworkCore.Database.Command[20101]
2026-08-07T23:44:51.4904530Z       Executed DbCommand (2ms) [Parameters=[], CommandType='Text', CommandTimeout='30']
2026-08-07T23:44:51.4904596Z       SELECT TOP(1) [b].[BankAccountNumber]
2026-08-07T23:44:51.4904641Z       FROM [Beneficiaries] AS [b]
2026-08-07T23:44:51.4904690Z       ORDER BY [b].[Id]
2026-08-07T23:44:52.1699846Z info: Microsoft.EntityFrameworkCore.Database.Command[20101]
2026-08-07T23:44:52.1700741Z       Executed DbCommand (2ms) [Parameters=[], CommandType='Text', CommandTimeout='30']
2026-08-07T23:44:52.1700880Z       SELECT 1
2026-08-07T23:44:52.1715801Z info: Microsoft.EntityFrameworkCore.Database.Command[20101]
2026-08-07T23:44:52.1718129Z       Executed DbCommand (2ms) [Parameters=[], CommandType='Text', CommandTimeout='30']
2026-08-07T23:44:52.1718262Z       SELECT OBJECT_ID(N'[__EFMigrationsHistory]');
2026-08-07T23:44:52.1744226Z info: Microsoft.EntityFrameworkCore.Database.Command[20101]
2026-08-07T23:44:52.1744578Z       Executed DbCommand (1ms) [Parameters=[], CommandType='Text', CommandTimeout='30']
2026-08-07T23:44:52.1748544Z       SELECT [MigrationId], [ProductVersion]
2026-08-07T23:44:52.1748711Z       FROM [__EFMigrationsHistory]
2026-08-07T23:44:52.1748913Z       ORDER BY [MigrationId];
2026-08-07T23:44:52.1764239Z info: Microsoft.EntityFrameworkCore.Database.Command[20101]
2026-08-07T23:44:52.1764576Z       Executed DbCommand (2ms) [Parameters=[], CommandType='Text', CommandTimeout='30']
2026-08-07T23:44:52.1764646Z       SELECT TOP(1) [b].[BankAccountNumber]
2026-08-07T23:44:52.1764686Z       FROM [Beneficiaries] AS [b]
2026-08-07T23:44:52.1764725Z       ORDER BY [b].[Id]
2026-08-07T23:44:55.3270016Z info: Microsoft.EntityFrameworkCore.Database.Command[20101]
2026-08-07T23:44:55.3271045Z       Executed DbCommand (2ms) [Parameters=[], CommandType='Text', CommandTimeout='30']
2026-08-07T23:44:55.3271168Z       SELECT 1
2026-08-07T23:44:55.3299115Z info: Microsoft.EntityFrameworkCore.Database.Command[20101]
2026-08-07T23:44:55.3299760Z       Executed DbCommand (2ms) [Parameters=[], CommandType='Text', CommandTimeout='30']
2026-08-07T23:44:55.3299894Z       SELECT OBJECT_ID(N'[__EFMigrationsHistory]');
2026-08-07T23:44:55.3316528Z info: Microsoft.EntityFrameworkCore.Database.Command[20101]
2026-08-07T23:44:55.3316880Z       Executed DbCommand (1ms) [Parameters=[], CommandType='Text', CommandTimeout='30']
2026-08-07T23:44:55.3316954Z       SELECT [MigrationId], [ProductVersion]
2026-08-07T23:44:55.3317041Z       FROM [__EFMigrationsHistory]
2026-08-07T23:44:55.3317088Z       ORDER BY [MigrationId];
2026-08-07T23:44:55.3329378Z info: Microsoft.EntityFrameworkCore.Database.Command[20101]
2026-08-07T23:44:55.3329707Z       Executed DbCommand (1ms) [Parameters=[], CommandType='Text', CommandTimeout='30']
2026-08-07T23:44:55.3329770Z       SELECT TOP(1) [b].[BankAccountNumber]
2026-08-07T23:44:55.3333188Z       FROM [Beneficiaries] AS [b]
2026-08-07T23:44:55.3333401Z       ORDER BY [b].[Id]
2026-08-07T23:44:55.8617007Z info: Microsoft.EntityFrameworkCore.Database.Command[20101]
2026-08-07T23:44:55.8618189Z       Executed DbCommand (4ms) [Parameters=[], CommandType='Text', CommandTimeout='30']
2026-08-07T23:44:55.8618440Z       SELECT 1
2026-08-07T23:44:55.8673288Z info: Microsoft.EntityFrameworkCore.Database.Command[20101]
2026-08-07T23:44:55.8674451Z       Executed DbCommand (5ms) [Parameters=[], CommandType='Text', CommandTimeout='30']
2026-08-07T23:44:55.8674551Z       SELECT OBJECT_ID(N'[__EFMigrationsHistory]');
2026-08-07T23:44:55.8706039Z info: Microsoft.EntityFrameworkCore.Database.Command[20101]
2026-08-07T23:44:55.8706500Z       Executed DbCommand (1ms) [Parameters=[], CommandType='Text', CommandTimeout='30']
2026-08-07T23:44:55.8706586Z       SELECT [MigrationId], [ProductVersion]
2026-08-07T23:44:55.8706633Z       FROM [__EFMigrationsHistory]
2026-08-07T23:44:55.8706681Z       ORDER BY [MigrationId];
2026-08-07T23:44:55.8720642Z info: Microsoft.EntityFrameworkCore.Database.Command[20101]
2026-08-07T23:44:55.8721011Z       Executed DbCommand (1ms) [Parameters=[], CommandType='Text', CommandTimeout='30']
2026-08-07T23:44:55.8721083Z       SELECT TOP(1) [b].[BankAccountNumber]
2026-08-07T23:44:55.8721124Z       FROM [Beneficiaries] AS [b]
2026-08-07T23:44:55.8721162Z       ORDER BY [b].[Id]
2026-08-07T23:44:57.2312516Z info: Microsoft.EntityFrameworkCore.Database.Command[20101]
2026-08-07T23:44:57.2313292Z       Executed DbCommand (2ms) [Parameters=[], CommandType='Text', CommandTimeout='30']
2026-08-07T23:44:57.2313414Z       SELECT 1
2026-08-07T23:44:57.2339814Z info: Microsoft.EntityFrameworkCore.Database.Command[20101]
2026-08-07T23:44:57.2340441Z       Executed DbCommand (2ms) [Parameters=[], CommandType='Text', CommandTimeout='30']
2026-08-07T23:44:57.2340524Z       SELECT OBJECT_ID(N'[__EFMigrationsHistory]');
2026-08-07T23:44:57.2357665Z info: Microsoft.EntityFrameworkCore.Database.Command[20101]
2026-08-07T23:44:57.2358127Z       Executed DbCommand (2ms) [Parameters=[], CommandType='Text', CommandTimeout='30']
2026-08-07T23:44:57.2358267Z       SELECT [MigrationId], [ProductVersion]
2026-08-07T23:44:57.2358316Z       FROM [__EFMigrationsHistory]
2026-08-07T23:44:57.2358363Z       ORDER BY [MigrationId];
2026-08-07T23:44:57.2373335Z info: Microsoft.EntityFrameworkCore.Database.Command[20101]
2026-08-07T23:44:57.2373713Z       Executed DbCommand (1ms) [Parameters=[], CommandType='Text', CommandTimeout='30']
2026-08-07T23:44:57.2373830Z       SELECT TOP(1) [b].[BankAccountNumber]
2026-08-07T23:44:57.2373872Z       FROM [Beneficiaries] AS [b]
2026-08-07T23:44:57.2373914Z       ORDER BY [b].[Id]
2026-08-07T23:45:01.0139153Z info: Microsoft.EntityFrameworkCore.Database.Command[20101]
2026-08-07T23:45:01.0139955Z       Executed DbCommand (2ms) [Parameters=[], CommandType='Text', CommandTimeout='30']
2026-08-07T23:45:01.0140070Z       SELECT 1
2026-08-07T23:45:01.0179130Z info: Microsoft.EntityFrameworkCore.Database.Command[20101]
2026-08-07T23:45:01.0179815Z       Executed DbCommand (3ms) [Parameters=[], CommandType='Text', CommandTimeout='30']
2026-08-07T23:45:01.0179920Z       SELECT OBJECT_ID(N'[__EFMigrationsHistory]');
2026-08-07T23:45:01.0197366Z info: Microsoft.EntityFrameworkCore.Database.Command[20101]
2026-08-07T23:45:01.0197917Z       Executed DbCommand (2ms) [Parameters=[], CommandType='Text', CommandTimeout='30']
2026-08-07T23:45:01.0198007Z       SELECT [MigrationId], [ProductVersion]
2026-08-07T23:45:01.0198049Z       FROM [__EFMigrationsHistory]
2026-08-07T23:45:01.0198149Z       ORDER BY [MigrationId];
2026-08-07T23:45:01.0211986Z info: Microsoft.EntityFrameworkCore.Database.Command[20101]
2026-08-07T23:45:01.0212379Z       Executed DbCommand (1ms) [Parameters=[], CommandType='Text', CommandTimeout='30']
2026-08-07T23:45:01.0212468Z       SELECT TOP(1) [b].[BankAccountNumber]
2026-08-07T23:45:01.0212515Z       FROM [Beneficiaries] AS [b]
2026-08-07T23:45:01.0212601Z       ORDER BY [b].[Id]
2026-08-07T23:45:01.7207125Z info: Microsoft.EntityFrameworkCore.Database.Command[20101]
2026-08-07T23:45:01.7208076Z       Executed DbCommand (2ms) [Parameters=[], CommandType='Text', CommandTimeout='30']
2026-08-07T23:45:01.7208206Z       SELECT 1
2026-08-07T23:45:01.7222011Z info: Microsoft.EntityFrameworkCore.Database.Command[20101]
2026-08-07T23:45:01.7222509Z       Executed DbCommand (2ms) [Parameters=[], CommandType='Text', CommandTimeout='30']
2026-08-07T23:45:01.7222653Z       SELECT OBJECT_ID(N'[__EFMigrationsHistory]');
2026-08-07T23:45:01.7251303Z info: Microsoft.EntityFrameworkCore.Database.Command[20101]
2026-08-07T23:45:01.7251698Z       Executed DbCommand (1ms) [Parameters=[], CommandType='Text', CommandTimeout='30']
2026-08-07T23:45:01.7251785Z       SELECT [MigrationId], [ProductVersion]
2026-08-07T23:45:01.7251883Z       FROM [__EFMigrationsHistory]
2026-08-07T23:45:01.7257517Z       ORDER BY [MigrationId];
2026-08-07T23:45:01.7268746Z info: Microsoft.EntityFrameworkCore.Database.Command[20101]
2026-08-07T23:45:01.7269056Z       Executed DbCommand (1ms) [Parameters=[], CommandType='Text', CommandTimeout='30']
2026-08-07T23:45:01.7269132Z       SELECT TOP(1) [b].[BankAccountNumber]
2026-08-07T23:45:01.7269229Z       FROM [Beneficiaries] AS [b]
2026-08-07T23:45:01.7269280Z       ORDER BY [b].[Id]
2026-08-07T23:45:03.3295524Z info: Microsoft.EntityFrameworkCore.Database.Command[20101]
2026-08-07T23:45:03.3296346Z       Executed DbCommand (2ms) [Parameters=[], CommandType='Text', CommandTimeout='30']
2026-08-07T23:45:03.3296460Z       SELECT 1
2026-08-07T23:45:03.3333810Z info: Microsoft.EntityFrameworkCore.Database.Command[20101]
2026-08-07T23:45:03.3334268Z       Executed DbCommand (2ms) [Parameters=[], CommandType='Text', CommandTimeout='30']
2026-08-07T23:45:03.3334353Z       SELECT OBJECT_ID(N'[__EFMigrationsHistory]');
2026-08-07T23:45:03.3346941Z info: Microsoft.EntityFrameworkCore.Database.Command[20101]
2026-08-07T23:45:03.3347315Z       Executed DbCommand (1ms) [Parameters=[], CommandType='Text', CommandTimeout='30']
2026-08-07T23:45:03.3347382Z       SELECT [MigrationId], [ProductVersion]
2026-08-07T23:45:03.3347419Z       FROM [__EFMigrationsHistory]
2026-08-07T23:45:03.3347459Z       ORDER BY [MigrationId];
2026-08-07T23:45:03.3369018Z info: Microsoft.EntityFrameworkCore.Database.Command[20101]
2026-08-07T23:45:03.3369370Z       Executed DbCommand (1ms) [Parameters=[], CommandType='Text', CommandTimeout='30']
2026-08-07T23:45:03.3369440Z       SELECT TOP(1) [b].[BankAccountNumber]
2026-08-07T23:45:03.3369481Z       FROM [Beneficiaries] AS [b]
2026-08-07T23:45:03.3369521Z       ORDER BY [b].[Id]
2026-08-07T23:45:05.8777480Z info: Microsoft.EntityFrameworkCore.Database.Command[20101]
2026-08-07T23:45:05.8778140Z       Executed DbCommand (2ms) [Parameters=[], CommandType='Text', CommandTimeout='30']
2026-08-07T23:45:05.8778240Z       SELECT 1
2026-08-07T23:45:05.8779740Z info: Microsoft.EntityFrameworkCore.Database.Command[20101]
2026-08-07T23:45:05.8779971Z       Executed DbCommand (2ms) [Parameters=[], CommandType='Text', CommandTimeout='30']
2026-08-07T23:45:05.8780033Z       SELECT OBJECT_ID(N'[__EFMigrationsHistory]');
2026-08-07T23:45:05.8808322Z info: Microsoft.EntityFrameworkCore.Database.Command[20101]
2026-08-07T23:45:05.8808857Z       Executed DbCommand (1ms) [Parameters=[], CommandType='Text', CommandTimeout='30']
2026-08-07T23:45:05.8808982Z       SELECT [MigrationId], [ProductVersion]
2026-08-07T23:45:05.8809023Z       FROM [__EFMigrationsHistory]
2026-08-07T23:45:05.8809060Z       ORDER BY [MigrationId];
2026-08-07T23:45:05.8853524Z info: Microsoft.EntityFrameworkCore.Database.Command[20101]
2026-08-07T23:45:05.8853937Z       Executed DbCommand (3ms) [Parameters=[], CommandType='Text', CommandTimeout='30']
2026-08-07T23:45:05.8854067Z       SELECT TOP(1) [b].[BankAccountNumber]
2026-08-07T23:45:05.8854118Z       FROM [Beneficiaries] AS [b]
2026-08-07T23:45:05.8854161Z       ORDER BY [b].[Id]
2026-08-07T23:45:06.7419369Z info: Microsoft.EntityFrameworkCore.Database.Command[20101]
2026-08-07T23:45:06.7420296Z       Executed DbCommand (2ms) [Parameters=[], CommandType='Text', CommandTimeout='30']
2026-08-07T23:45:06.7420409Z       SELECT 1
2026-08-07T23:45:06.7442711Z info: Microsoft.EntityFrameworkCore.Database.Command[20101]
2026-08-07T23:45:06.7443372Z       Executed DbCommand (2ms) [Parameters=[], CommandType='Text', CommandTimeout='30']
2026-08-07T23:45:06.7443465Z       SELECT OBJECT_ID(N'[__EFMigrationsHistory]');
2026-08-07T23:45:06.7459373Z info: Microsoft.EntityFrameworkCore.Database.Command[20101]
2026-08-07T23:45:06.7462815Z       Executed DbCommand (1ms) [Parameters=[], CommandType='Text', CommandTimeout='30']
2026-08-07T23:45:06.7462892Z       SELECT [MigrationId], [ProductVersion]
2026-08-07T23:45:06.7462923Z       FROM [__EFMigrationsHistory]
2026-08-07T23:45:06.7462982Z       ORDER BY [MigrationId];
2026-08-07T23:45:06.7479093Z info: Microsoft.EntityFrameworkCore.Database.Command[20101]
2026-08-07T23:45:06.7479417Z       Executed DbCommand (1ms) [Parameters=[], CommandType='Text', CommandTimeout='30']
2026-08-07T23:45:06.7489391Z       SELECT TOP(1) [b].[BankAccountNumber]
2026-08-07T23:45:06.7489450Z       FROM [Beneficiaries] AS [b]
2026-08-07T23:45:06.7489540Z       ORDER BY [b].[Id]
2026-08-07T23:45:09.9725549Z info: Microsoft.EntityFrameworkCore.Database.Command[20101]
2026-08-07T23:45:09.9726435Z       Executed DbCommand (2ms) [Parameters=[], CommandType='Text', CommandTimeout='30']
2026-08-07T23:45:09.9726561Z       SELECT 1
2026-08-07T23:45:09.9752549Z info: Microsoft.EntityFrameworkCore.Database.Command[20101]
2026-08-07T23:45:09.9753240Z       Executed DbCommand (2ms) [Parameters=[], CommandType='Text', CommandTimeout='30']
2026-08-07T23:45:09.9753348Z       SELECT OBJECT_ID(N'[__EFMigrationsHistory]');
2026-08-07T23:45:09.9771225Z info: Microsoft.EntityFrameworkCore.Database.Command[20101]
2026-08-07T23:45:09.9771698Z       Executed DbCommand (2ms) [Parameters=[], CommandType='Text', CommandTimeout='30']
2026-08-07T23:45:09.9771828Z       SELECT [MigrationId], [ProductVersion]
2026-08-07T23:45:09.9771876Z       FROM [__EFMigrationsHistory]
2026-08-07T23:45:09.9771921Z       ORDER BY [MigrationId];
2026-08-07T23:45:09.9785483Z info: Microsoft.EntityFrameworkCore.Database.Command[20101]
2026-08-07T23:45:09.9785748Z       Executed DbCommand (1ms) [Parameters=[], CommandType='Text', CommandTimeout='30']
2026-08-07T23:45:09.9785872Z       SELECT TOP(1) [b].[BankAccountNumber]
2026-08-07T23:45:09.9785922Z       FROM [Beneficiaries] AS [b]
2026-08-07T23:45:09.9785969Z       ORDER BY [b].[Id]
2026-08-07T23:45:15.9129977Z info: Microsoft.EntityFrameworkCore.Database.Command[20101]
2026-08-07T23:45:15.9130849Z       Executed DbCommand (2ms) [Parameters=[], CommandType='Text', CommandTimeout='30']
2026-08-07T23:45:15.9130977Z       SELECT 1
2026-08-07T23:45:15.9145771Z info: Microsoft.EntityFrameworkCore.Database.Command[20101]
2026-08-07T23:45:15.9146234Z       Executed DbCommand (2ms) [Parameters=[], CommandType='Text', CommandTimeout='30']
2026-08-07T23:45:15.9146317Z       SELECT OBJECT_ID(N'[__EFMigrationsHistory]');
2026-08-07T23:45:15.9178649Z info: Microsoft.EntityFrameworkCore.Database.Command[20101]
2026-08-07T23:45:15.9179085Z       Executed DbCommand (2ms) [Parameters=[], CommandType='Text', CommandTimeout='30']
2026-08-07T23:45:15.9179164Z       SELECT [MigrationId], [ProductVersion]
2026-08-07T23:45:15.9179207Z       FROM [__EFMigrationsHistory]
2026-08-07T23:45:15.9179280Z       ORDER BY [MigrationId];
2026-08-07T23:45:15.9191135Z info: Microsoft.EntityFrameworkCore.Database.Command[20101]
2026-08-07T23:45:15.9191471Z       Executed DbCommand (1ms) [Parameters=[], CommandType='Text', CommandTimeout='30']
2026-08-07T23:45:15.9191541Z       SELECT TOP(1) [b].[BankAccountNumber]
2026-08-07T23:45:15.9191579Z       FROM [Beneficiaries] AS [b]
2026-08-07T23:45:15.9191660Z       ORDER BY [b].[Id]
2026-08-07T23:45:16.1069094Z info: Microsoft.EntityFrameworkCore.Database.Command[20101]
2026-08-07T23:45:16.1070777Z       Executed DbCommand (2ms) [Parameters=[], CommandType='Text', CommandTimeout='30']
2026-08-07T23:45:16.1070914Z       SELECT 1
2026-08-07T23:45:16.1095088Z info: Microsoft.EntityFrameworkCore.Database.Command[20101]
2026-08-07T23:45:16.1095600Z       Executed DbCommand (2ms) [Parameters=[], CommandType='Text', CommandTimeout='30']
2026-08-07T23:45:16.1095681Z       SELECT OBJECT_ID(N'[__EFMigrationsHistory]');
2026-08-07T23:45:16.1108835Z info: Microsoft.EntityFrameworkCore.Database.Command[20101]
2026-08-07T23:45:16.1109157Z       Executed DbCommand (1ms) [Parameters=[], CommandType='Text', CommandTimeout='30']
2026-08-07T23:45:16.1109265Z       SELECT [MigrationId], [ProductVersion]
2026-08-07T23:45:16.1109311Z       FROM [__EFMigrationsHistory]
2026-08-07T23:45:16.1115154Z       ORDER BY [MigrationId];
2026-08-07T23:45:16.1128686Z info: Microsoft.EntityFrameworkCore.Database.Command[20101]
2026-08-07T23:45:16.1129022Z       Executed DbCommand (2ms) [Parameters=[], CommandType='Text', CommandTimeout='30']
2026-08-07T23:45:16.1129098Z       SELECT TOP(1) [b].[BankAccountNumber]
2026-08-07T23:45:16.1129140Z       FROM [Beneficiaries] AS [b]
2026-08-07T23:45:16.1129183Z       ORDER BY [b].[Id]
2026-08-07T23:45:19.5866258Z info: Microsoft.EntityFrameworkCore.Database.Command[20101]
2026-08-07T23:45:19.5866924Z       Executed DbCommand (2ms) [Parameters=[], CommandType='Text', CommandTimeout='30']
2026-08-07T23:45:19.5867042Z       SELECT 1
2026-08-07T23:45:19.5900126Z info: Microsoft.EntityFrameworkCore.Database.Command[20101]
2026-08-07T23:45:19.5900869Z       Executed DbCommand (2ms) [Parameters=[], CommandType='Text', CommandTimeout='30']
2026-08-07T23:45:19.5901036Z       SELECT OBJECT_ID(N'[__EFMigrationsHistory]');
2026-08-07T23:45:19.5916370Z info: Microsoft.EntityFrameworkCore.Database.Command[20101]
2026-08-07T23:45:19.5916745Z       Executed DbCommand (2ms) [Parameters=[], CommandType='Text', CommandTimeout='30']
2026-08-07T23:45:19.5916844Z       SELECT [MigrationId], [ProductVersion]
2026-08-07T23:45:19.5916906Z       FROM [__EFMigrationsHistory]
2026-08-07T23:45:19.5917527Z       ORDER BY [MigrationId];
2026-08-07T23:45:19.5938164Z info: Microsoft.EntityFrameworkCore.Database.Command[20101]
2026-08-07T23:45:19.5938616Z       Executed DbCommand (2ms) [Parameters=[], CommandType='Text', CommandTimeout='30']
2026-08-07T23:45:19.5938711Z       SELECT TOP(1) [b].[BankAccountNumber]
2026-08-07T23:45:19.5938824Z       FROM [Beneficiaries] AS [b]
2026-08-07T23:45:19.5938887Z       ORDER BY [b].[Id]
2026-08-07T23:45:24.0536520Z info: Microsoft.EntityFrameworkCore.Database.Command[20101]
2026-08-07T23:45:24.0537387Z       Executed DbCommand (2ms) [Parameters=[], CommandType='Text', CommandTimeout='30']
2026-08-07T23:45:24.0537485Z       SELECT 1
2026-08-07T23:45:24.0552489Z info: Microsoft.EntityFrameworkCore.Database.Command[20101]
2026-08-07T23:45:24.0564894Z       Executed DbCommand (2ms) [Parameters=[], CommandType='Text', CommandTimeout='30']
2026-08-07T23:45:24.0565098Z       SELECT OBJECT_ID(N'[__EFMigrationsHistory]');
2026-08-07T23:45:24.0578910Z info: Microsoft.EntityFrameworkCore.Database.Command[20101]
2026-08-07T23:45:24.0579502Z       Executed DbCommand (1ms) [Parameters=[], CommandType='Text', CommandTimeout='30']
2026-08-07T23:45:24.0579577Z       SELECT [MigrationId], [ProductVersion]
2026-08-07T23:45:24.0579617Z       FROM [__EFMigrationsHistory]
2026-08-07T23:45:24.0579657Z       ORDER BY [MigrationId];
2026-08-07T23:45:24.0604540Z info: Microsoft.EntityFrameworkCore.Database.Command[20101]
2026-08-07T23:45:24.0604951Z       Executed DbCommand (1ms) [Parameters=[], CommandType='Text', CommandTimeout='30']
2026-08-07T23:45:24.0605119Z       SELECT TOP(1) [b].[BankAccountNumber]
2026-08-07T23:45:24.0605161Z       FROM [Beneficiaries] AS [b]
2026-08-07T23:45:24.0605196Z       ORDER BY [b].[Id]
2026-08-07T23:45:26.6242273Z info: Microsoft.EntityFrameworkCore.Database.Command[20101]
2026-08-07T23:45:26.6245623Z       Executed DbCommand (2ms) [Parameters=[], CommandType='Text', CommandTimeout='30']
2026-08-07T23:45:26.6245838Z       SELECT 1
2026-08-07T23:45:26.6269470Z info: Microsoft.EntityFrameworkCore.Database.Command[20101]
2026-08-07T23:45:26.6269966Z       Executed DbCommand (2ms) [Parameters=[], CommandType='Text', CommandTimeout='30']
2026-08-07T23:45:26.6270105Z       SELECT OBJECT_ID(N'[__EFMigrationsHistory]');
2026-08-07T23:45:26.6292648Z info: Microsoft.EntityFrameworkCore.Database.Command[20101]
2026-08-07T23:45:26.6293039Z       Executed DbCommand (2ms) [Parameters=[], CommandType='Text', CommandTimeout='30']
2026-08-07T23:45:26.6293114Z       SELECT [MigrationId], [ProductVersion]
2026-08-07T23:45:26.6293198Z       FROM [__EFMigrationsHistory]
2026-08-07T23:45:26.6293239Z       ORDER BY [MigrationId];
2026-08-07T23:45:26.6313126Z info: Microsoft.EntityFrameworkCore.Database.Command[20101]
2026-08-07T23:45:26.6313472Z       Executed DbCommand (2ms) [Parameters=[], CommandType='Text', CommandTimeout='30']
2026-08-07T23:45:26.6313540Z       SELECT TOP(1) [b].[BankAccountNumber]
2026-08-07T23:45:26.6313624Z       FROM [Beneficiaries] AS [b]
2026-08-07T23:45:26.6313661Z       ORDER BY [b].[Id]
2026-08-07T23:45:28.7825796Z info: Microsoft.EntityFrameworkCore.Database.Command[20101]
2026-08-07T23:45:28.7826849Z       Executed DbCommand (2ms) [Parameters=[], CommandType='Text', CommandTimeout='30']
2026-08-07T23:45:28.7826974Z       SELECT 1
2026-08-07T23:45:28.7859086Z info: Microsoft.EntityFrameworkCore.Database.Command[20101]
2026-08-07T23:45:28.7859604Z       Executed DbCommand (2ms) [Parameters=[], CommandType='Text', CommandTimeout='30']
2026-08-07T23:45:28.7859748Z       SELECT OBJECT_ID(N'[__EFMigrationsHistory]');
2026-08-07T23:45:28.7880645Z info: Microsoft.EntityFrameworkCore.Database.Command[20101]
2026-08-07T23:45:28.7881073Z       Executed DbCommand (2ms) [Parameters=[], CommandType='Text', CommandTimeout='30']
2026-08-07T23:45:28.7881169Z       SELECT [MigrationId], [ProductVersion]
2026-08-07T23:45:28.7881278Z       FROM [__EFMigrationsHistory]
2026-08-07T23:45:28.7881382Z       ORDER BY [MigrationId];
2026-08-07T23:45:28.7897193Z info: Microsoft.EntityFrameworkCore.Database.Command[20101]
2026-08-07T23:45:28.7897568Z       Executed DbCommand (1ms) [Parameters=[], CommandType='Text', CommandTimeout='30']
2026-08-07T23:45:28.7897645Z       SELECT TOP(1) [b].[BankAccountNumber]
2026-08-07T23:45:28.7897742Z       FROM [Beneficiaries] AS [b]
2026-08-07T23:45:28.7897790Z       ORDER BY [b].[Id]
2026-08-07T23:45:33.8939906Z info: Microsoft.EntityFrameworkCore.Database.Command[20101]
2026-08-07T23:45:33.8940935Z       Executed DbCommand (2ms) [Parameters=[], CommandType='Text', CommandTimeout='30']
2026-08-07T23:45:33.8941146Z       SELECT 1
2026-08-07T23:45:33.8956488Z info: Microsoft.EntityFrameworkCore.Database.Command[20101]
2026-08-07T23:45:33.8957129Z       Executed DbCommand (2ms) [Parameters=[], CommandType='Text', CommandTimeout='30']
2026-08-07T23:45:33.8957237Z       SELECT OBJECT_ID(N'[__EFMigrationsHistory]');
2026-08-07T23:45:33.8989880Z info: Microsoft.EntityFrameworkCore.Database.Command[20101]
2026-08-07T23:45:33.8990428Z       Executed DbCommand (1ms) [Parameters=[], CommandType='Text', CommandTimeout='30']
2026-08-07T23:45:33.8990511Z       SELECT [MigrationId], [ProductVersion]
2026-08-07T23:45:33.8990562Z       FROM [__EFMigrationsHistory]
2026-08-07T23:45:33.8990611Z       ORDER BY [MigrationId];
2026-08-07T23:45:33.9001913Z info: Microsoft.EntityFrameworkCore.Database.Command[20101]
2026-08-07T23:45:33.9002326Z       Executed DbCommand (1ms) [Parameters=[], CommandType='Text', CommandTimeout='30']
2026-08-07T23:45:33.9002395Z       SELECT TOP(1) [b].[BankAccountNumber]
2026-08-07T23:45:33.9002439Z       FROM [Beneficiaries] AS [b]
2026-08-07T23:45:33.9002486Z       ORDER BY [b].[Id]
2026-08-07T23:45:45.9909155Z info: Microsoft.EntityFrameworkCore.Database.Command[20101]
2026-08-07T23:45:45.9909743Z       Executed DbCommand (3ms) [Parameters=[], CommandType='Text', CommandTimeout='30']
2026-08-07T23:45:45.9909857Z       SELECT 1
2026-08-07T23:45:45.9937683Z info: Microsoft.EntityFrameworkCore.Database.Command[20101]
2026-08-07T23:45:45.9938199Z       Executed DbCommand (2ms) [Parameters=[], CommandType='Text', CommandTimeout='30']
2026-08-07T23:45:45.9938282Z       SELECT OBJECT_ID(N'[__EFMigrationsHistory]');
2026-08-07T23:45:45.9956938Z info: Microsoft.EntityFrameworkCore.Database.Command[20101]
2026-08-07T23:45:45.9957315Z       Executed DbCommand (2ms) [Parameters=[], CommandType='Text', CommandTimeout='30']
2026-08-07T23:45:45.9957440Z       SELECT [MigrationId], [ProductVersion]
2026-08-07T23:45:45.9957488Z       FROM [__EFMigrationsHistory]
2026-08-07T23:45:45.9959672Z       ORDER BY [MigrationId];
2026-08-07T23:45:45.9976257Z info: Microsoft.EntityFrameworkCore.Database.Command[20101]
2026-08-07T23:45:45.9976623Z       Executed DbCommand (2ms) [Parameters=[], CommandType='Text', CommandTimeout='30']
2026-08-07T23:45:45.9976796Z       SELECT TOP(1) [b].[BankAccountNumber]
2026-08-07T23:45:45.9976846Z       FROM [Beneficiaries] AS [b]
2026-08-07T23:45:45.9976892Z       ORDER BY [b].[Id]
2026-08-07T23:45:51.4294558Z info: Microsoft.EntityFrameworkCore.Database.Command[20101]
2026-08-07T23:45:51.4295378Z       Executed DbCommand (2ms) [Parameters=[], CommandType='Text', CommandTimeout='30']
2026-08-07T23:45:51.4295475Z       SELECT 1
2026-08-07T23:45:51.4316031Z info: Microsoft.EntityFrameworkCore.Database.Command[20101]
2026-08-07T23:45:51.4316483Z       Executed DbCommand (2ms) [Parameters=[], CommandType='Text', CommandTimeout='30']
2026-08-07T23:45:51.4316565Z       SELECT OBJECT_ID(N'[__EFMigrationsHistory]');
2026-08-07T23:45:51.4346563Z info: Microsoft.EntityFrameworkCore.Database.Command[20101]
2026-08-07T23:45:51.4346926Z       Executed DbCommand (1ms) [Parameters=[], CommandType='Text', CommandTimeout='30']
2026-08-07T23:45:51.4347002Z       SELECT [MigrationId], [ProductVersion]
2026-08-07T23:45:51.4347052Z       FROM [__EFMigrationsHistory]
2026-08-07T23:45:51.4347180Z       ORDER BY [MigrationId];
2026-08-07T23:45:51.4359400Z info: Microsoft.EntityFrameworkCore.Database.Command[20101]
2026-08-07T23:45:51.4359704Z       Executed DbCommand (1ms) [Parameters=[], CommandType='Text', CommandTimeout='30']
2026-08-07T23:45:51.4359768Z       SELECT TOP(1) [b].[BankAccountNumber]
2026-08-07T23:45:51.4359812Z       FROM [Beneficiaries] AS [b]
2026-08-07T23:45:51.4359894Z       ORDER BY [b].[Id]
2026-08-07T23:45:52.1708319Z info: Microsoft.EntityFrameworkCore.Database.Command[20101]
2026-08-07T23:45:52.1709028Z       Executed DbCommand (2ms) [Parameters=[], CommandType='Text', CommandTimeout='30']
2026-08-07T23:45:52.1709126Z       SELECT 1
2026-08-07T23:45:52.1739318Z info: Microsoft.EntityFrameworkCore.Database.Command[20101]
2026-08-07T23:45:52.1739828Z       Executed DbCommand (2ms) [Parameters=[], CommandType='Text', CommandTimeout='30']
2026-08-07T23:45:52.1739911Z       SELECT OBJECT_ID(N'[__EFMigrationsHistory]');
2026-08-07T23:45:52.1751829Z info: Microsoft.EntityFrameworkCore.Database.Command[20101]
2026-08-07T23:45:52.1752158Z       Executed DbCommand (1ms) [Parameters=[], CommandType='Text', CommandTimeout='30']
2026-08-07T23:45:52.1752269Z       SELECT [MigrationId], [ProductVersion]
2026-08-07T23:45:52.1752311Z       FROM [__EFMigrationsHistory]
2026-08-07T23:45:52.1757712Z       ORDER BY [MigrationId];
2026-08-07T23:45:52.1768717Z info: Microsoft.EntityFrameworkCore.Database.Command[20101]
2026-08-07T23:45:52.1769046Z       Executed DbCommand (1ms) [Parameters=[], CommandType='Text', CommandTimeout='30']
2026-08-07T23:45:52.1769116Z       SELECT TOP(1) [b].[BankAccountNumber]
2026-08-07T23:45:52.1769169Z       FROM [Beneficiaries] AS [b]
2026-08-07T23:45:52.1769214Z       ORDER BY [b].[Id]
2026-08-07T23:45:53.3991603Z info: Microsoft.EntityFrameworkCore.Database.Command[20101]
2026-08-07T23:45:53.3992430Z       Executed DbCommand (2ms) [Parameters=[], CommandType='Text', CommandTimeout='30']
2026-08-07T23:45:53.3992551Z       SELECT 1
2026-08-07T23:45:53.4024833Z info: Microsoft.EntityFrameworkCore.Database.Command[20101]
2026-08-07T23:45:53.4025335Z       Executed DbCommand (2ms) [Parameters=[], CommandType='Text', CommandTimeout='30']
2026-08-07T23:45:53.4025494Z       SELECT OBJECT_ID(N'[__EFMigrationsHistory]');
2026-08-07T23:45:53.4042807Z info: Microsoft.EntityFrameworkCore.Database.Command[20101]
2026-08-07T23:45:53.4043239Z       Executed DbCommand (2ms) [Parameters=[], CommandType='Text', CommandTimeout='30']
2026-08-07T23:45:53.4043504Z       SELECT [MigrationId], [ProductVersion]
2026-08-07T23:45:53.4043561Z       FROM [__EFMigrationsHistory]
2026-08-07T23:45:53.4043667Z       ORDER BY [MigrationId];
2026-08-07T23:45:53.4057919Z info: Microsoft.EntityFrameworkCore.Database.Command[20101]
2026-08-07T23:45:53.4058239Z       Executed DbCommand (1ms) [Parameters=[], CommandType='Text', CommandTimeout='30']
2026-08-07T23:45:53.4058313Z       SELECT TOP(1) [b].[BankAccountNumber]
2026-08-07T23:45:53.4058360Z       FROM [Beneficiaries] AS [b]
2026-08-07T23:45:53.4058453Z       ORDER BY [b].[Id]
2026-08-07T23:45:55.0564677Z info: Microsoft.EntityFrameworkCore.Database.Command[20101]
2026-08-07T23:45:55.0565625Z       Executed DbCommand (2ms) [Parameters=[], CommandType='Text', CommandTimeout='30']
2026-08-07T23:45:55.0565767Z       SELECT 1
2026-08-07T23:45:55.0597046Z info: Microsoft.EntityFrameworkCore.Database.Command[20101]
2026-08-07T23:45:55.0597987Z       Executed DbCommand (2ms) [Parameters=[], CommandType='Text', CommandTimeout='30']
2026-08-07T23:45:55.0598095Z       SELECT OBJECT_ID(N'[__EFMigrationsHistory]');
2026-08-07T23:45:55.0612510Z info: Microsoft.EntityFrameworkCore.Database.Command[20101]
2026-08-07T23:45:55.0613047Z       Executed DbCommand (1ms) [Parameters=[], CommandType='Text', CommandTimeout='30']
2026-08-07T23:45:55.0613133Z       SELECT [MigrationId], [ProductVersion]
2026-08-07T23:45:55.0613232Z       FROM [__EFMigrationsHistory]
2026-08-07T23:45:55.0613272Z       ORDER BY [MigrationId];
2026-08-07T23:45:55.0630569Z info: Microsoft.EntityFrameworkCore.Database.Command[20101]
2026-08-07T23:45:55.0630917Z       Executed DbCommand (1ms) [Parameters=[], CommandType='Text', CommandTimeout='30']
2026-08-07T23:45:55.0630988Z       SELECT TOP(1) [b].[BankAccountNumber]
2026-08-07T23:45:55.0631073Z       FROM [Beneficiaries] AS [b]
2026-08-07T23:45:55.0631113Z       ORDER BY [b].[Id]
2026-08-07T23:45:58.3501398Z info: Microsoft.EntityFrameworkCore.Database.Command[20101]
2026-08-07T23:45:58.3502362Z       Executed DbCommand (4ms) [Parameters=[], CommandType='Text', CommandTimeout='30']
2026-08-07T23:45:58.3502582Z       SELECT 1
2026-08-07T23:45:58.3519226Z info: Microsoft.EntityFrameworkCore.Database.Command[20101]
2026-08-07T23:45:58.3519889Z       Executed DbCommand (2ms) [Parameters=[], CommandType='Text', CommandTimeout='30']
2026-08-07T23:45:58.3519969Z       SELECT OBJECT_ID(N'[__EFMigrationsHistory]');
2026-08-07T23:45:58.3548173Z info: Microsoft.EntityFrameworkCore.Database.Command[20101]
2026-08-07T23:45:58.3548511Z       Executed DbCommand (2ms) [Parameters=[], CommandType='Text', CommandTimeout='30']
2026-08-07T23:45:58.3548580Z       SELECT [MigrationId], [ProductVersion]
2026-08-07T23:45:58.3548624Z       FROM [__EFMigrationsHistory]
2026-08-07T23:45:58.3549322Z       ORDER BY [MigrationId];
2026-08-07T23:45:58.3565260Z info: Microsoft.EntityFrameworkCore.Database.Command[20101]
2026-08-07T23:45:58.3565586Z       Executed DbCommand (1ms) [Parameters=[], CommandType='Text', CommandTimeout='30']
2026-08-07T23:45:58.3565660Z       SELECT TOP(1) [b].[BankAccountNumber]
2026-08-07T23:45:58.3565701Z       FROM [Beneficiaries] AS [b]
2026-08-07T23:45:58.3565786Z       ORDER BY [b].[Id]
2026-08-07T23:46:00.5782165Z info: Microsoft.EntityFrameworkCore.Database.Command[20101]
2026-08-07T23:46:00.5783258Z       Executed DbCommand (3ms) [Parameters=[], CommandType='Text', CommandTimeout='30']
2026-08-07T23:46:00.5783369Z       SELECT 1
2026-08-07T23:46:00.5868311Z info: Microsoft.EntityFrameworkCore.Database.Command[20101]
2026-08-07T23:46:00.5869199Z       Executed DbCommand (8ms) [Parameters=[], CommandType='Text', CommandTimeout='30']
2026-08-07T23:46:00.5869297Z       SELECT OBJECT_ID(N'[__EFMigrationsHistory]');
2026-08-07T23:46:00.5900837Z info: Microsoft.EntityFrameworkCore.Database.Command[20101]
2026-08-07T23:46:00.5901324Z       Executed DbCommand (1ms) [Parameters=[], CommandType='Text', CommandTimeout='30']
2026-08-07T23:46:00.5901462Z       SELECT [MigrationId], [ProductVersion]
2026-08-07T23:46:00.5901503Z       FROM [__EFMigrationsHistory]
2026-08-07T23:46:00.5901534Z       ORDER BY [MigrationId];
2026-08-07T23:46:00.5913977Z info: Microsoft.EntityFrameworkCore.Database.Command[20101]
2026-08-07T23:46:00.5914346Z       Executed DbCommand (1ms) [Parameters=[], CommandType='Text', CommandTimeout='30']
2026-08-07T23:46:00.5914465Z       SELECT TOP(1) [b].[BankAccountNumber]
2026-08-07T23:46:00.5914506Z       FROM [Beneficiaries] AS [b]
2026-08-07T23:46:00.5914543Z       ORDER BY [b].[Id]
2026-08-07T23:46:00.8746275Z info: Microsoft.EntityFrameworkCore.Database.Command[20101]
2026-08-07T23:46:00.8747316Z       Executed DbCommand (2ms) [Parameters=[], CommandType='Text', CommandTimeout='30']
2026-08-07T23:46:00.8747430Z       SELECT 1
2026-08-07T23:46:00.8764369Z info: Microsoft.EntityFrameworkCore.Database.Command[20101]
2026-08-07T23:46:00.8766485Z       Executed DbCommand (2ms) [Parameters=[], CommandType='Text', CommandTimeout='30']
2026-08-07T23:46:00.8766607Z       SELECT OBJECT_ID(N'[__EFMigrationsHistory]');
2026-08-07T23:46:00.8796335Z info: Microsoft.EntityFrameworkCore.Database.Command[20101]
2026-08-07T23:46:00.8796691Z       Executed DbCommand (1ms) [Parameters=[], CommandType='Text', CommandTimeout='30']
2026-08-07T23:46:00.8796824Z       SELECT [MigrationId], [ProductVersion]
2026-08-07T23:46:00.8796873Z       FROM [__EFMigrationsHistory]
2026-08-07T23:46:00.8796964Z       ORDER BY [MigrationId];
2026-08-07T23:46:00.8809676Z info: Microsoft.EntityFrameworkCore.Database.Command[20101]
2026-08-07T23:46:00.8809986Z       Executed DbCommand (1ms) [Parameters=[], CommandType='Text', CommandTimeout='30']
2026-08-07T23:46:00.8810049Z       SELECT TOP(1) [b].[BankAccountNumber]
2026-08-07T23:46:00.8810090Z       FROM [Beneficiaries] AS [b]
2026-08-07T23:46:00.8810176Z       ORDER BY [b].[Id]
2026-08-07T23:46:05.4854150Z info: Microsoft.EntityFrameworkCore.Database.Command[20101]
2026-08-07T23:46:05.4854957Z       Executed DbCommand (2ms) [Parameters=[], CommandType='Text', CommandTimeout='30']
2026-08-07T23:46:05.4855077Z       SELECT 1
2026-08-07T23:46:05.4883216Z info: Microsoft.EntityFrameworkCore.Database.Command[20101]
2026-08-07T23:46:05.4883701Z       Executed DbCommand (2ms) [Parameters=[], CommandType='Text', CommandTimeout='30']
2026-08-07T23:46:05.4883777Z       SELECT OBJECT_ID(N'[__EFMigrationsHistory]');
2026-08-07T23:46:05.4895705Z info: Microsoft.EntityFrameworkCore.Database.Command[20101]
2026-08-07T23:46:05.4896024Z       Executed DbCommand (1ms) [Parameters=[], CommandType='Text', CommandTimeout='30']
2026-08-07T23:46:05.4896137Z       SELECT [MigrationId], [ProductVersion]
2026-08-07T23:46:05.4896183Z       FROM [__EFMigrationsHistory]
2026-08-07T23:46:05.4896222Z       ORDER BY [MigrationId];
2026-08-07T23:46:05.4913743Z info: Microsoft.EntityFrameworkCore.Database.Command[20101]
2026-08-07T23:46:05.4914088Z       Executed DbCommand (1ms) [Parameters=[], CommandType='Text', CommandTimeout='30']
2026-08-07T23:46:05.4914201Z       SELECT TOP(1) [b].[BankAccountNumber]
2026-08-07T23:46:05.4914239Z       FROM [Beneficiaries] AS [b]
2026-08-07T23:46:05.4914278Z       ORDER BY [b].[Id]
2026-08-07T23:46:07.1125546Z info: Microsoft.EntityFrameworkCore.Database.Command[20101]
2026-08-07T23:46:07.1126412Z       Executed DbCommand (2ms) [Parameters=[], CommandType='Text', CommandTimeout='30']
2026-08-07T23:46:07.1126529Z       SELECT 1
2026-08-07T23:46:07.1141128Z info: Microsoft.EntityFrameworkCore.Database.Command[20101]
2026-08-07T23:46:07.1141549Z       Executed DbCommand (1ms) [Parameters=[], CommandType='Text', CommandTimeout='30']
2026-08-07T23:46:07.1141636Z       SELECT OBJECT_ID(N'[__EFMigrationsHistory]');
2026-08-07T23:46:07.1169203Z info: Microsoft.EntityFrameworkCore.Database.Command[20101]
2026-08-07T23:46:07.1169583Z       Executed DbCommand (2ms) [Parameters=[], CommandType='Text', CommandTimeout='30']
2026-08-07T23:46:07.1169657Z       SELECT [MigrationId], [ProductVersion]
2026-08-07T23:46:07.1169799Z       FROM [__EFMigrationsHistory]
2026-08-07T23:46:07.1175655Z       ORDER BY [MigrationId];
2026-08-07T23:46:07.1190378Z info: Microsoft.EntityFrameworkCore.Database.Command[20101]
2026-08-07T23:46:07.1190709Z       Executed DbCommand (1ms) [Parameters=[], CommandType='Text', CommandTimeout='30']
2026-08-07T23:46:07.1190778Z       SELECT TOP(1) [b].[BankAccountNumber]
2026-08-07T23:46:07.1190822Z       FROM [Beneficiaries] AS [b]
2026-08-07T23:46:07.1191006Z       ORDER BY [b].[Id]
2026-08-07T23:46:07.7099265Z info: Microsoft.EntityFrameworkCore.Database.Command[20101]
2026-08-07T23:46:07.7100230Z       Executed DbCommand (2ms) [Parameters=[], CommandType='Text', CommandTimeout='30']
2026-08-07T23:46:07.7100348Z       SELECT 1
2026-08-07T23:46:07.7130704Z info: Microsoft.EntityFrameworkCore.Database.Command[20101]
2026-08-07T23:46:07.7131165Z       Executed DbCommand (2ms) [Parameters=[], CommandType='Text', CommandTimeout='30']
2026-08-07T23:46:07.7131263Z       SELECT OBJECT_ID(N'[__EFMigrationsHistory]');
2026-08-07T23:46:07.7146650Z info: Microsoft.EntityFrameworkCore.Database.Command[20101]
2026-08-07T23:46:07.7146985Z       Executed DbCommand (1ms) [Parameters=[], CommandType='Text', CommandTimeout='30']
2026-08-07T23:46:07.7147096Z       SELECT [MigrationId], [ProductVersion]
2026-08-07T23:46:07.7147255Z       FROM [__EFMigrationsHistory]
2026-08-07T23:46:07.7147299Z       ORDER BY [MigrationId];
2026-08-07T23:46:07.7159940Z info: Microsoft.EntityFrameworkCore.Database.Command[20101]
2026-08-07T23:46:07.7160296Z       Executed DbCommand (1ms) [Parameters=[], CommandType='Text', CommandTimeout='30']
2026-08-07T23:46:07.7160360Z       SELECT TOP(1) [b].[BankAccountNumber]
2026-08-07T23:46:07.7160397Z       FROM [Beneficiaries] AS [b]
2026-08-07T23:46:07.7160439Z       ORDER BY [b].[Id]
2026-08-07T23:46:11.3828959Z info: Microsoft.EntityFrameworkCore.Database.Command[20101]
2026-08-07T23:46:11.3829833Z       Executed DbCommand (2ms) [Parameters=[], CommandType='Text', CommandTimeout='30']
2026-08-07T23:46:11.3829957Z       SELECT 1
2026-08-07T23:46:11.3866663Z info: Microsoft.EntityFrameworkCore.Database.Command[20101]
2026-08-07T23:46:11.3867384Z       Executed DbCommand (2ms) [Parameters=[], CommandType='Text', CommandTimeout='30']
2026-08-07T23:46:11.3867570Z       SELECT OBJECT_ID(N'[__EFMigrationsHistory]');
2026-08-07T23:46:11.3887810Z info: Microsoft.EntityFrameworkCore.Database.Command[20101]
2026-08-07T23:46:11.3888275Z       Executed DbCommand (2ms) [Parameters=[], CommandType='Text', CommandTimeout='30']
2026-08-07T23:46:11.3888369Z       SELECT [MigrationId], [ProductVersion]
2026-08-07T23:46:11.3888429Z       FROM [__EFMigrationsHistory]
2026-08-07T23:46:11.3888535Z       ORDER BY [MigrationId];
2026-08-07T23:46:11.3904723Z info: Microsoft.EntityFrameworkCore.Database.Command[20101]
2026-08-07T23:46:11.3905557Z       Executed DbCommand (2ms) [Parameters=[], CommandType='Text', CommandTimeout='30']
2026-08-07T23:46:11.3905664Z       SELECT TOP(1) [b].[BankAccountNumber]
2026-08-07T23:46:11.3905713Z       FROM [Beneficiaries] AS [b]
2026-08-07T23:46:11.3905820Z       ORDER BY [b].[Id]
2026-08-07T23:46:11.7954560Z info: Microsoft.EntityFrameworkCore.Database.Command[20101]
2026-08-07T23:46:11.7955486Z       Executed DbCommand (2ms) [Parameters=[], CommandType='Text', CommandTimeout='30']
2026-08-07T23:46:11.7955581Z       SELECT 1
2026-08-07T23:46:11.7982490Z info: Microsoft.EntityFrameworkCore.Database.Command[20101]
2026-08-07T23:46:11.7983044Z       Executed DbCommand (2ms) [Parameters=[], CommandType='Text', CommandTimeout='30']
2026-08-07T23:46:11.7983138Z       SELECT OBJECT_ID(N'[__EFMigrationsHistory]');
2026-08-07T23:46:11.8012474Z info: Microsoft.EntityFrameworkCore.Database.Command[20101]
2026-08-07T23:46:11.8012874Z       Executed DbCommand (2ms) [Parameters=[], CommandType='Text', CommandTimeout='30']
2026-08-07T23:46:11.8012948Z       SELECT [MigrationId], [ProductVersion]
2026-08-07T23:46:11.8012989Z       FROM [__EFMigrationsHistory]
2026-08-07T23:46:11.8013030Z       ORDER BY [MigrationId];
2026-08-07T23:46:11.8032068Z info: Microsoft.EntityFrameworkCore.Database.Command[20101]
2026-08-07T23:46:11.8032401Z       Executed DbCommand (1ms) [Parameters=[], CommandType='Text', CommandTimeout='30']
2026-08-07T23:46:11.8032470Z       SELECT TOP(1) [b].[BankAccountNumber]
2026-08-07T23:46:11.8032510Z       FROM [Beneficiaries] AS [b]
2026-08-07T23:46:11.8032544Z       ORDER BY [b].[Id]
2026-08-07T23:46:14.8782396Z info: Microsoft.EntityFrameworkCore.Database.Command[20101]
2026-08-07T23:46:14.8783290Z       Executed DbCommand (2ms) [Parameters=[], CommandType='Text', CommandTimeout='30']
2026-08-07T23:46:14.8783416Z       SELECT 1
2026-08-07T23:46:14.8810798Z info: Microsoft.EntityFrameworkCore.Database.Command[20101]
2026-08-07T23:46:14.8811288Z       Executed DbCommand (3ms) [Parameters=[], CommandType='Text', CommandTimeout='30']
2026-08-07T23:46:14.8811451Z       SELECT OBJECT_ID(N'[__EFMigrationsHistory]');
2026-08-07T23:46:14.8842839Z info: Microsoft.EntityFrameworkCore.Database.Command[20101]
2026-08-07T23:46:14.8843201Z       Executed DbCommand (2ms) [Parameters=[], CommandType='Text', CommandTimeout='30']
2026-08-07T23:46:14.8843279Z       SELECT [MigrationId], [ProductVersion]
2026-08-07T23:46:14.8843369Z       FROM [__EFMigrationsHistory]
2026-08-07T23:46:14.8844268Z       ORDER BY [MigrationId];
2026-08-07T23:46:14.8862329Z info: Microsoft.EntityFrameworkCore.Database.Command[20101]
2026-08-07T23:46:14.8862626Z       Executed DbCommand (1ms) [Parameters=[], CommandType='Text', CommandTimeout='30']
2026-08-07T23:46:14.8862731Z       SELECT TOP(1) [b].[BankAccountNumber]
2026-08-07T23:46:14.8862779Z       FROM [Beneficiaries] AS [b]
2026-08-07T23:46:14.8862823Z       ORDER BY [b].[Id]
2026-08-07T23:46:16.7389136Z info: Microsoft.EntityFrameworkCore.Database.Command[20101]
2026-08-07T23:46:16.7389808Z       Executed DbCommand (10ms) [Parameters=[], CommandType='Text', CommandTimeout='30']
2026-08-07T23:46:16.7389968Z       SELECT 1
2026-08-07T23:46:16.7403697Z info: Microsoft.EntityFrameworkCore.Database.Command[20101]
2026-08-07T23:46:16.7404144Z       Executed DbCommand (2ms) [Parameters=[], CommandType='Text', CommandTimeout='30']
2026-08-07T23:46:16.7404227Z       SELECT OBJECT_ID(N'[__EFMigrationsHistory]');
2026-08-07T23:46:16.7437158Z info: Microsoft.EntityFrameworkCore.Database.Command[20101]
2026-08-07T23:46:16.7437555Z       Executed DbCommand (2ms) [Parameters=[], CommandType='Text', CommandTimeout='30']
2026-08-07T23:46:16.7437643Z       SELECT [MigrationId], [ProductVersion]
2026-08-07T23:46:16.7437689Z       FROM [__EFMigrationsHistory]
2026-08-07T23:46:16.7437737Z       ORDER BY [MigrationId];
2026-08-07T23:46:16.7453026Z info: Microsoft.EntityFrameworkCore.Database.Command[20101]
2026-08-07T23:46:16.7453368Z       Executed DbCommand (1ms) [Parameters=[], CommandType='Text', CommandTimeout='30']
2026-08-07T23:46:16.7453441Z       SELECT TOP(1) [b].[BankAccountNumber]
2026-08-07T23:46:16.7453487Z       FROM [Beneficiaries] AS [b]
2026-08-07T23:46:16.7453524Z       ORDER BY [b].[Id]
2026-08-07T23:46:19.5104904Z info: Microsoft.EntityFrameworkCore.Database.Command[20101]
2026-08-07T23:46:19.5105719Z       Executed DbCommand (2ms) [Parameters=[], CommandType='Text', CommandTimeout='30']
2026-08-07T23:46:19.5105853Z       SELECT 1
2026-08-07T23:46:19.5159106Z info: Microsoft.EntityFrameworkCore.Database.Command[20101]
2026-08-07T23:46:19.5161769Z       Executed DbCommand (4ms) [Parameters=[], CommandType='Text', CommandTimeout='30']
2026-08-07T23:46:19.5161901Z       SELECT OBJECT_ID(N'[__EFMigrationsHistory]');
2026-08-07T23:46:19.5172470Z info: Microsoft.EntityFrameworkCore.Database.Command[20101]
2026-08-07T23:46:19.5172862Z       Executed DbCommand (1ms) [Parameters=[], CommandType='Text', CommandTimeout='30']
2026-08-07T23:46:19.5172987Z       SELECT [MigrationId], [ProductVersion]
2026-08-07T23:46:19.5173036Z       FROM [__EFMigrationsHistory]
2026-08-07T23:46:19.5173084Z       ORDER BY [MigrationId];
2026-08-07T23:46:19.5189361Z info: Microsoft.EntityFrameworkCore.Database.Command[20101]
2026-08-07T23:46:19.5189649Z       Executed DbCommand (1ms) [Parameters=[], CommandType='Text', CommandTimeout='30']
2026-08-07T23:46:19.5189760Z       SELECT TOP(1) [b].[BankAccountNumber]
2026-08-07T23:46:19.5189804Z       FROM [Beneficiaries] AS [b]
2026-08-07T23:46:19.5189847Z       ORDER BY [b].[Id]
2026-08-07T23:46:19.8981848Z info: Microsoft.EntityFrameworkCore.Database.Command[20101]
2026-08-07T23:46:19.8982815Z       Executed DbCommand (2ms) [Parameters=[], CommandType='Text', CommandTimeout='30']
2026-08-07T23:46:19.8982944Z       SELECT 1
2026-08-07T23:46:19.9011057Z info: Microsoft.EntityFrameworkCore.Database.Command[20101]
2026-08-07T23:46:19.9011657Z       Executed DbCommand (2ms) [Parameters=[], CommandType='Text', CommandTimeout='30']
2026-08-07T23:46:19.9011738Z       SELECT OBJECT_ID(N'[__EFMigrationsHistory]');
2026-08-07T23:46:19.9025606Z info: Microsoft.EntityFrameworkCore.Database.Command[20101]
2026-08-07T23:46:19.9025985Z       Executed DbCommand (2ms) [Parameters=[], CommandType='Text', CommandTimeout='30']
2026-08-07T23:46:19.9026056Z       SELECT [MigrationId], [ProductVersion]
2026-08-07T23:46:19.9026098Z       FROM [__EFMigrationsHistory]
2026-08-07T23:46:19.9026581Z       ORDER BY [MigrationId];
2026-08-07T23:46:19.9042820Z info: Microsoft.EntityFrameworkCore.Database.Command[20101]
2026-08-07T23:46:19.9043151Z       Executed DbCommand (1ms) [Parameters=[], CommandType='Text', CommandTimeout='30']
2026-08-07T23:46:19.9043554Z       SELECT TOP(1) [b].[BankAccountNumber]
2026-08-07T23:46:19.9043623Z       FROM [Beneficiaries] AS [b]
2026-08-07T23:46:19.9043703Z       ORDER BY [b].[Id]
2026-08-07T23:46:20.1994676Z info: Microsoft.EntityFrameworkCore.Database.Command[20101]
2026-08-07T23:46:20.1995518Z       Executed DbCommand (2ms) [Parameters=[], CommandType='Text', CommandTimeout='30']
2026-08-07T23:46:20.1995651Z       SELECT 1
2026-08-07T23:46:20.2011537Z info: Microsoft.EntityFrameworkCore.Database.Command[20101]
2026-08-07T23:46:20.2011977Z       Executed DbCommand (2ms) [Parameters=[], CommandType='Text', CommandTimeout='30']
2026-08-07T23:46:20.2012048Z       SELECT OBJECT_ID(N'[__EFMigrationsHistory]');
2026-08-07T23:46:20.2042551Z info: Microsoft.EntityFrameworkCore.Database.Command[20101]
2026-08-07T23:46:20.2042920Z       Executed DbCommand (2ms) [Parameters=[], CommandType='Text', CommandTimeout='30']
2026-08-07T23:46:20.2045340Z       SELECT [MigrationId], [ProductVersion]
2026-08-07T23:46:20.2045457Z       FROM [__EFMigrationsHistory]
2026-08-07T23:46:20.2045500Z       ORDER BY [MigrationId];
2026-08-07T23:46:20.2056601Z info: Microsoft.EntityFrameworkCore.Database.Command[20101]
2026-08-07T23:46:20.2056921Z       Executed DbCommand (1ms) [Parameters=[], CommandType='Text', CommandTimeout='30']
2026-08-07T23:46:20.2056992Z       SELECT TOP(1) [b].[BankAccountNumber]
2026-08-07T23:46:20.2057038Z       FROM [Beneficiaries] AS [b]
2026-08-07T23:46:20.2057084Z       ORDER BY [b].[Id]
2026-08-07T23:46:36.4194669Z info: Microsoft.EntityFrameworkCore.Database.Command[20101]
2026-08-07T23:46:36.4195505Z       Executed DbCommand (3ms) [Parameters=[], CommandType='Text', CommandTimeout='30']
2026-08-07T23:46:36.4195616Z       SELECT 1
2026-08-07T23:46:36.4211657Z info: Microsoft.EntityFrameworkCore.Database.Command[20101]
2026-08-07T23:46:36.4212254Z       Executed DbCommand (2ms) [Parameters=[], CommandType='Text', CommandTimeout='30']
2026-08-07T23:46:36.4212386Z       SELECT OBJECT_ID(N'[__EFMigrationsHistory]');
2026-08-07T23:46:36.4254543Z info: Microsoft.EntityFrameworkCore.Database.Command[20101]
2026-08-07T23:46:36.4255115Z       Executed DbCommand (2ms) [Parameters=[], CommandType='Text', CommandTimeout='30']
2026-08-07T23:46:36.4255210Z       SELECT [MigrationId], [ProductVersion]
2026-08-07T23:46:36.4255263Z       FROM [__EFMigrationsHistory]
2026-08-07T23:46:36.4255367Z       ORDER BY [MigrationId];
2026-08-07T23:46:36.4340761Z info: Microsoft.EntityFrameworkCore.Database.Command[20101]
2026-08-07T23:46:36.4342111Z       Executed DbCommand (8ms) [Parameters=[], CommandType='Text', CommandTimeout='30']
2026-08-07T23:46:36.4342193Z       SELECT TOP(1) [b].[BankAccountNumber]
2026-08-07T23:46:36.4342235Z       FROM [Beneficiaries] AS [b]
2026-08-07T23:46:36.4342323Z       ORDER BY [b].[Id]
2026-08-07T23:46:41.0868678Z info: Microsoft.EntityFrameworkCore.Database.Command[20101]
2026-08-07T23:46:41.0869475Z       Executed DbCommand (3ms) [Parameters=[], CommandType='Text', CommandTimeout='30']
2026-08-07T23:46:41.0869581Z       SELECT 1
2026-08-07T23:46:41.0884918Z info: Microsoft.EntityFrameworkCore.Database.Command[20101]
2026-08-07T23:46:41.0885488Z       Executed DbCommand (2ms) [Parameters=[], CommandType='Text', CommandTimeout='30']
2026-08-07T23:46:41.0885590Z       SELECT OBJECT_ID(N'[__EFMigrationsHistory]');
2026-08-07T23:46:41.0917218Z info: Microsoft.EntityFrameworkCore.Database.Command[20101]
2026-08-07T23:46:41.0917604Z       Executed DbCommand (2ms) [Parameters=[], CommandType='Text', CommandTimeout='30']
2026-08-07T23:46:41.0917669Z       SELECT [MigrationId], [ProductVersion]
2026-08-07T23:46:41.0917810Z       FROM [__EFMigrationsHistory]
2026-08-07T23:46:41.0923664Z       ORDER BY [MigrationId];
2026-08-07T23:46:41.0933796Z info: Microsoft.EntityFrameworkCore.Database.Command[20101]
2026-08-07T23:46:41.0934125Z       Executed DbCommand (1ms) [Parameters=[], CommandType='Text', CommandTimeout='30']
2026-08-07T23:46:41.0934190Z       SELECT TOP(1) [b].[BankAccountNumber]
2026-08-07T23:46:41.0934233Z       FROM [Beneficiaries] AS [b]
2026-08-07T23:46:41.0934272Z       ORDER BY [b].[Id]
2026-08-07T23:46:43.9920525Z info: Microsoft.EntityFrameworkCore.Database.Command[20101]
2026-08-07T23:46:43.9921354Z       Executed DbCommand (2ms) [Parameters=[], CommandType='Text', CommandTimeout='30']
2026-08-07T23:46:43.9921461Z       SELECT 1
2026-08-07T23:46:43.9940229Z info: Microsoft.EntityFrameworkCore.Database.Command[20101]
2026-08-07T23:46:43.9940948Z       Executed DbCommand (2ms) [Parameters=[], CommandType='Text', CommandTimeout='30']
2026-08-07T23:46:43.9941044Z       SELECT OBJECT_ID(N'[__EFMigrationsHistory]');
2026-08-07T23:46:43.9969675Z info: Microsoft.EntityFrameworkCore.Database.Command[20101]
2026-08-07T23:46:43.9970128Z       Executed DbCommand (2ms) [Parameters=[], CommandType='Text', CommandTimeout='30']
2026-08-07T23:46:43.9970203Z       SELECT [MigrationId], [ProductVersion]
2026-08-07T23:46:43.9970293Z       FROM [__EFMigrationsHistory]
2026-08-07T23:46:43.9970334Z       ORDER BY [MigrationId];
2026-08-07T23:46:43.9990795Z info: Microsoft.EntityFrameworkCore.Database.Command[20101]
2026-08-07T23:46:43.9991124Z       Executed DbCommand (2ms) [Parameters=[], CommandType='Text', CommandTimeout='30']
2026-08-07T23:46:43.9991230Z       SELECT TOP(1) [b].[BankAccountNumber]
2026-08-07T23:46:43.9991278Z       FROM [Beneficiaries] AS [b]
2026-08-07T23:46:43.9991421Z       ORDER BY [b].[Id]
2026-08-07T23:46:44.8636137Z info: Microsoft.EntityFrameworkCore.Database.Command[20101]
2026-08-07T23:46:44.8636945Z       Executed DbCommand (2ms) [Parameters=[], CommandType='Text', CommandTimeout='30']
2026-08-07T23:46:44.8637160Z       SELECT 1
2026-08-07T23:46:44.8653517Z info: Microsoft.EntityFrameworkCore.Database.Command[20101]
2026-08-07T23:46:44.8666971Z       Executed DbCommand (2ms) [Parameters=[], CommandType='Text', CommandTimeout='30']
2026-08-07T23:46:44.8667165Z       SELECT OBJECT_ID(N'[__EFMigrationsHistory]');
2026-08-07T23:46:44.8681991Z info: Microsoft.EntityFrameworkCore.Database.Command[20101]
2026-08-07T23:46:44.8682372Z       Executed DbCommand (2ms) [Parameters=[], CommandType='Text', CommandTimeout='30']
2026-08-07T23:46:44.8682543Z       SELECT [MigrationId], [ProductVersion]
2026-08-07T23:46:44.8682599Z       FROM [__EFMigrationsHistory]
2026-08-07T23:46:44.8682640Z       ORDER BY [MigrationId];
2026-08-07T23:46:44.8701467Z info: Microsoft.EntityFrameworkCore.Database.Command[20101]
2026-08-07T23:46:44.8701786Z       Executed DbCommand (1ms) [Parameters=[], CommandType='Text', CommandTimeout='30']
2026-08-07T23:46:44.8701860Z       SELECT TOP(1) [b].[BankAccountNumber]
2026-08-07T23:46:44.8701910Z       FROM [Beneficiaries] AS [b]
2026-08-07T23:46:44.8701949Z       ORDER BY [b].[Id]
2026-08-07T23:46:48.8175221Z info: Microsoft.EntityFrameworkCore.Database.Command[20101]
2026-08-07T23:46:48.8176002Z       Executed DbCommand (2ms) [Parameters=[], CommandType='Text', CommandTimeout='30']
2026-08-07T23:46:48.8176244Z       SELECT 1
2026-08-07T23:46:48.8196319Z info: Microsoft.EntityFrameworkCore.Database.Command[20101]
2026-08-07T23:46:48.8196994Z       Executed DbCommand (2ms) [Parameters=[], CommandType='Text', CommandTimeout='30']
2026-08-07T23:46:48.8197106Z       SELECT OBJECT_ID(N'[__EFMigrationsHistory]');
2026-08-07T23:46:48.8228124Z info: Microsoft.EntityFrameworkCore.Database.Command[20101]
2026-08-07T23:46:48.8228609Z       Executed DbCommand (1ms) [Parameters=[], CommandType='Text', CommandTimeout='30']
2026-08-07T23:46:48.8228762Z       SELECT [MigrationId], [ProductVersion]
2026-08-07T23:46:48.8228817Z       FROM [__EFMigrationsHistory]
2026-08-07T23:46:48.8228865Z       ORDER BY [MigrationId];
2026-08-07T23:46:48.8243937Z info: Microsoft.EntityFrameworkCore.Database.Command[20101]
2026-08-07T23:46:48.8244300Z       Executed DbCommand (1ms) [Parameters=[], CommandType='Text', CommandTimeout='30']
2026-08-07T23:46:48.8244442Z       SELECT TOP(1) [b].[BankAccountNumber]
2026-08-07T23:46:48.8244493Z       FROM [Beneficiaries] AS [b]
2026-08-07T23:46:48.8244542Z       ORDER BY [b].[Id]
2026-08-07T23:46:51.3490812Z info: Microsoft.EntityFrameworkCore.Database.Command[20101]
2026-08-07T23:46:51.3491752Z       Executed DbCommand (2ms) [Parameters=[], CommandType='Text', CommandTimeout='30']
2026-08-07T23:46:51.3491871Z       SELECT 1
2026-08-07T23:46:51.3508423Z info: Microsoft.EntityFrameworkCore.Database.Command[20101]
2026-08-07T23:46:51.3509005Z       Executed DbCommand (2ms) [Parameters=[], CommandType='Text', CommandTimeout='30']
2026-08-07T23:46:51.3509105Z       SELECT OBJECT_ID(N'[__EFMigrationsHistory]');
2026-08-07T23:46:51.3538724Z info: Microsoft.EntityFrameworkCore.Database.Command[20101]
2026-08-07T23:46:51.3539052Z       Executed DbCommand (2ms) [Parameters=[], CommandType='Text', CommandTimeout='30']
2026-08-07T23:46:51.3539120Z       SELECT [MigrationId], [ProductVersion]
2026-08-07T23:46:51.3539161Z       FROM [__EFMigrationsHistory]
2026-08-07T23:46:51.3541776Z       ORDER BY [MigrationId];
2026-08-07T23:46:51.3554780Z info: Microsoft.EntityFrameworkCore.Database.Command[20101]
2026-08-07T23:46:51.3555068Z       Executed DbCommand (1ms) [Parameters=[], CommandType='Text', CommandTimeout='30']
2026-08-07T23:46:51.3555133Z       SELECT TOP(1) [b].[BankAccountNumber]
2026-08-07T23:46:51.3555172Z       FROM [Beneficiaries] AS [b]
2026-08-07T23:46:51.3555251Z       ORDER BY [b].[Id]
2026-08-07T23:46:52.1728659Z info: Microsoft.EntityFrameworkCore.Database.Command[20101]
2026-08-07T23:46:52.1729508Z       Executed DbCommand (7ms) [Parameters=[], CommandType='Text', CommandTimeout='30']
2026-08-07T23:46:52.1729627Z       SELECT 1
2026-08-07T23:46:52.1757438Z info: Microsoft.EntityFrameworkCore.Database.Command[20101]
2026-08-07T23:46:52.1757995Z       Executed DbCommand (2ms) [Parameters=[], CommandType='Text', CommandTimeout='30']
2026-08-07T23:46:52.1758083Z       SELECT OBJECT_ID(N'[__EFMigrationsHistory]');
2026-08-07T23:46:52.1778596Z info: Microsoft.EntityFrameworkCore.Database.Command[20101]
2026-08-07T23:46:52.1779003Z       Executed DbCommand (2ms) [Parameters=[], CommandType='Text', CommandTimeout='30']
2026-08-07T23:46:52.1779215Z       SELECT [MigrationId], [ProductVersion]
2026-08-07T23:46:52.1779263Z       FROM [__EFMigrationsHistory]
2026-08-07T23:46:52.1779300Z       ORDER BY [MigrationId];
2026-08-07T23:46:52.1790903Z info: Microsoft.EntityFrameworkCore.Database.Command[20101]
2026-08-07T23:46:52.1791283Z       Executed DbCommand (1ms) [Parameters=[], CommandType='Text', CommandTimeout='30']
2026-08-07T23:46:52.1791350Z       SELECT TOP(1) [b].[BankAccountNumber]
2026-08-07T23:46:52.1791476Z       FROM [Beneficiaries] AS [b]
2026-08-07T23:46:52.1791518Z       ORDER BY [b].[Id]
2026-08-07T23:46:53.9489049Z info: Microsoft.EntityFrameworkCore.Database.Command[20101]
2026-08-07T23:46:53.9490075Z       Executed DbCommand (2ms) [Parameters=[], CommandType='Text', CommandTimeout='30']
2026-08-07T23:46:53.9490201Z       SELECT 1
2026-08-07T23:46:53.9518301Z info: Microsoft.EntityFrameworkCore.Database.Command[20101]
2026-08-07T23:46:53.9518866Z       Executed DbCommand (2ms) [Parameters=[], CommandType='Text', CommandTimeout='30']
2026-08-07T23:46:53.9519009Z       SELECT OBJECT_ID(N'[__EFMigrationsHistory]');
2026-08-07T23:46:53.9532180Z info: Microsoft.EntityFrameworkCore.Database.Command[20101]
2026-08-07T23:46:53.9532549Z       Executed DbCommand (1ms) [Parameters=[], CommandType='Text', CommandTimeout='30']
2026-08-07T23:46:53.9532720Z       SELECT [MigrationId], [ProductVersion]
2026-08-07T23:46:53.9532765Z       FROM [__EFMigrationsHistory]
2026-08-07T23:46:53.9533010Z       ORDER BY [MigrationId];
2026-08-07T23:46:53.9549133Z info: Microsoft.EntityFrameworkCore.Database.Command[20101]
2026-08-07T23:46:53.9549465Z       Executed DbCommand (1ms) [Parameters=[], CommandType='Text', CommandTimeout='30']
2026-08-07T23:46:53.9549532Z       SELECT TOP(1) [b].[BankAccountNumber]
2026-08-07T23:46:53.9549609Z       FROM [Beneficiaries] AS [b]
2026-08-07T23:46:53.9549649Z       ORDER BY [b].[Id]
2026-08-07T23:46:54.4765710Z info: Microsoft.EntityFrameworkCore.Database.Command[20101]
2026-08-07T23:46:54.4766569Z       Executed DbCommand (2ms) [Parameters=[], CommandType='Text', CommandTimeout='30']
2026-08-07T23:46:54.4766943Z       SELECT 1
2026-08-07T23:46:54.4794364Z info: Microsoft.EntityFrameworkCore.Database.Command[20101]
2026-08-07T23:46:54.4794972Z       Executed DbCommand (2ms) [Parameters=[], CommandType='Text', CommandTimeout='30']
2026-08-07T23:46:54.4795041Z       SELECT OBJECT_ID(N'[__EFMigrationsHistory]');
2026-08-07T23:46:54.4808041Z info: Microsoft.EntityFrameworkCore.Database.Command[20101]
2026-08-07T23:46:54.4808453Z       Executed DbCommand (1ms) [Parameters=[], CommandType='Text', CommandTimeout='30']
2026-08-07T23:46:54.4808532Z       SELECT [MigrationId], [ProductVersion]
2026-08-07T23:46:54.4808573Z       FROM [__EFMigrationsHistory]
2026-08-07T23:46:54.4812251Z       ORDER BY [MigrationId];
2026-08-07T23:46:54.4835563Z info: Microsoft.EntityFrameworkCore.Database.Command[20101]
2026-08-07T23:46:54.4835875Z       Executed DbCommand (1ms) [Parameters=[], CommandType='Text', CommandTimeout='30']
2026-08-07T23:46:54.4835939Z       SELECT TOP(1) [b].[BankAccountNumber]
2026-08-07T23:46:54.4835987Z       FROM [Beneficiaries] AS [b]
2026-08-07T23:46:54.4836027Z       ORDER BY [b].[Id]
2026-08-07T23:46:55.0710180Z info: Microsoft.EntityFrameworkCore.Database.Command[20101]
2026-08-07T23:46:55.0711094Z       Executed DbCommand (2ms) [Parameters=[], CommandType='Text', CommandTimeout='30']
2026-08-07T23:46:55.0711198Z       SELECT 1
2026-08-07T23:46:55.0727861Z info: Microsoft.EntityFrameworkCore.Database.Command[20101]
2026-08-07T23:46:55.0728592Z       Executed DbCommand (2ms) [Parameters=[], CommandType='Text', CommandTimeout='30']
2026-08-07T23:46:55.0728681Z       SELECT OBJECT_ID(N'[__EFMigrationsHistory]');
2026-08-07T23:46:55.0755787Z info: Microsoft.EntityFrameworkCore.Database.Command[20101]
2026-08-07T23:46:55.0756216Z       Executed DbCommand (1ms) [Parameters=[], CommandType='Text', CommandTimeout='30']
2026-08-07T23:46:55.0756295Z       SELECT [MigrationId], [ProductVersion]
2026-08-07T23:46:55.0756404Z       FROM [__EFMigrationsHistory]
2026-08-07T23:46:55.0756451Z       ORDER BY [MigrationId];
2026-08-07T23:46:55.0777831Z info: Microsoft.EntityFrameworkCore.Database.Command[20101]
2026-08-07T23:46:55.0778103Z       Executed DbCommand (2ms) [Parameters=[], CommandType='Text', CommandTimeout='30']
2026-08-07T23:46:55.0778221Z       SELECT TOP(1) [b].[BankAccountNumber]
2026-08-07T23:46:55.0778271Z       FROM [Beneficiaries] AS [b]
2026-08-07T23:46:55.0778314Z       ORDER BY [b].[Id]
2026-08-07T23:46:56.0041187Z info: Microsoft.EntityFrameworkCore.Database.Command[20101]
2026-08-07T23:46:56.0042004Z       Executed DbCommand (2ms) [Parameters=[], CommandType='Text', CommandTimeout='30']
2026-08-07T23:46:56.0042203Z       SELECT 1
2026-08-07T23:46:56.0059977Z info: Microsoft.EntityFrameworkCore.Database.Command[20101]
2026-08-07T23:46:56.0060552Z       Executed DbCommand (2ms) [Parameters=[], CommandType='Text', CommandTimeout='30']
2026-08-07T23:46:56.0060630Z       SELECT OBJECT_ID(N'[__EFMigrationsHistory]');
2026-08-07T23:46:56.0088606Z info: Microsoft.EntityFrameworkCore.Database.Command[20101]
2026-08-07T23:46:56.0088971Z       Executed DbCommand (1ms) [Parameters=[], CommandType='Text', CommandTimeout='30']
2026-08-07T23:46:56.0089138Z       SELECT [MigrationId], [ProductVersion]
2026-08-07T23:46:56.0089183Z       FROM [__EFMigrationsHistory]
2026-08-07T23:46:56.0089221Z       ORDER BY [MigrationId];
2026-08-07T23:46:56.0108168Z info: Microsoft.EntityFrameworkCore.Database.Command[20101]
2026-08-07T23:46:56.0108503Z       Executed DbCommand (1ms) [Parameters=[], CommandType='Text', CommandTimeout='30']
2026-08-07T23:46:56.0108574Z       SELECT TOP(1) [b].[BankAccountNumber]
2026-08-07T23:46:56.0108623Z       FROM [Beneficiaries] AS [b]
2026-08-07T23:46:56.0108671Z       ORDER BY [b].[Id]
2026-08-07T23:46:56.9724811Z info: Microsoft.EntityFrameworkCore.Database.Command[20101]
2026-08-07T23:46:56.9725624Z       Executed DbCommand (2ms) [Parameters=[], CommandType='Text', CommandTimeout='30']
2026-08-07T23:46:56.9725723Z       SELECT 1
2026-08-07T23:46:56.9753864Z info: Microsoft.EntityFrameworkCore.Database.Command[20101]
2026-08-07T23:46:56.9754484Z       Executed DbCommand (2ms) [Parameters=[], CommandType='Text', CommandTimeout='30']
2026-08-07T23:46:56.9754576Z       SELECT OBJECT_ID(N'[__EFMigrationsHistory]');
2026-08-07T23:46:56.9768829Z info: Microsoft.EntityFrameworkCore.Database.Command[20101]
2026-08-07T23:46:56.9769224Z       Executed DbCommand (2ms) [Parameters=[], CommandType='Text', CommandTimeout='30']
2026-08-07T23:46:56.9769349Z       SELECT [MigrationId], [ProductVersion]
2026-08-07T23:46:56.9769399Z       FROM [__EFMigrationsHistory]
2026-08-07T23:46:56.9769917Z       ORDER BY [MigrationId];
2026-08-07T23:46:56.9793134Z info: Microsoft.EntityFrameworkCore.Database.Command[20101]
2026-08-07T23:46:56.9793477Z       Executed DbCommand (2ms) [Parameters=[], CommandType='Text', CommandTimeout='30']
2026-08-07T23:46:56.9793551Z       SELECT TOP(1) [b].[BankAccountNumber]
2026-08-07T23:46:56.9793598Z       FROM [Beneficiaries] AS [b]
2026-08-07T23:46:56.9793645Z       ORDER BY [b].[Id]
2026-08-07T23:47:00.6131921Z info: Microsoft.EntityFrameworkCore.Database.Command[20101]
2026-08-07T23:47:00.6132963Z       Executed DbCommand (2ms) [Parameters=[], CommandType='Text', CommandTimeout='30']
2026-08-07T23:47:00.6133088Z       SELECT 1
2026-08-07T23:47:00.6146958Z info: Microsoft.EntityFrameworkCore.Database.Command[20101]
2026-08-07T23:47:00.6147389Z       Executed DbCommand (1ms) [Parameters=[], CommandType='Text', CommandTimeout='30']
2026-08-07T23:47:00.6152154Z       SELECT OBJECT_ID(N'[__EFMigrationsHistory]');
2026-08-07T23:47:00.6176807Z info: Microsoft.EntityFrameworkCore.Database.Command[20101]
2026-08-07T23:47:00.6177122Z       Executed DbCommand (2ms) [Parameters=[], CommandType='Text', CommandTimeout='30']
2026-08-07T23:47:00.6177184Z       SELECT [MigrationId], [ProductVersion]
2026-08-07T23:47:00.6177264Z       FROM [__EFMigrationsHistory]
2026-08-07T23:47:00.6183083Z       ORDER BY [MigrationId];
2026-08-07T23:47:00.6194103Z info: Microsoft.EntityFrameworkCore.Database.Command[20101]
2026-08-07T23:47:00.6194410Z       Executed DbCommand (1ms) [Parameters=[], CommandType='Text', CommandTimeout='30']
2026-08-07T23:47:00.6194517Z       SELECT TOP(1) [b].[BankAccountNumber]
2026-08-07T23:47:00.6194557Z       FROM [Beneficiaries] AS [b]
2026-08-07T23:47:00.6194594Z       ORDER BY [b].[Id]
2026-08-07T23:47:00.8370519Z info: Microsoft.EntityFrameworkCore.Database.Command[20101]
2026-08-07T23:47:00.8371354Z       Executed DbCommand (2ms) [Parameters=[], CommandType='Text', CommandTimeout='30']
2026-08-07T23:47:00.8371583Z       SELECT 1
2026-08-07T23:47:00.8399458Z info: Microsoft.EntityFrameworkCore.Database.Command[20101]
2026-08-07T23:47:00.8400005Z       Executed DbCommand (2ms) [Parameters=[], CommandType='Text', CommandTimeout='30']
2026-08-07T23:47:00.8400088Z       SELECT OBJECT_ID(N'[__EFMigrationsHistory]');
2026-08-07T23:47:00.8413654Z info: Microsoft.EntityFrameworkCore.Database.Command[20101]
2026-08-07T23:47:00.8414025Z       Executed DbCommand (1ms) [Parameters=[], CommandType='Text', CommandTimeout='30']
2026-08-07T23:47:00.8414097Z       SELECT [MigrationId], [ProductVersion]
2026-08-07T23:47:00.8414145Z       FROM [__EFMigrationsHistory]
2026-08-07T23:47:00.8419262Z       ORDER BY [MigrationId];
2026-08-07T23:47:00.8448776Z info: Microsoft.EntityFrameworkCore.Database.Command[20101]
2026-08-07T23:47:00.8449670Z       Executed DbCommand (2ms) [Parameters=[], CommandType='Text', CommandTimeout='30']
2026-08-07T23:47:00.8449762Z       SELECT TOP(1) [b].[BankAccountNumber]
2026-08-07T23:47:00.8449808Z       FROM [Beneficiaries] AS [b]
2026-08-07T23:47:00.8449893Z       ORDER BY [b].[Id]
2026-08-07T23:47:01.7177124Z info: Microsoft.EntityFrameworkCore.Database.Command[20101]
2026-08-07T23:47:01.7177980Z       Executed DbCommand (4ms) [Parameters=[], CommandType='Text', CommandTimeout='30']
2026-08-07T23:47:01.7178092Z       SELECT 1
2026-08-07T23:47:01.7205329Z info: Microsoft.EntityFrameworkCore.Database.Command[20101]
2026-08-07T23:47:01.7206062Z       Executed DbCommand (2ms) [Parameters=[], CommandType='Text', CommandTimeout='30']
2026-08-07T23:47:01.7206146Z       SELECT OBJECT_ID(N'[__EFMigrationsHistory]');
2026-08-07T23:47:01.7220524Z info: Microsoft.EntityFrameworkCore.Database.Command[20101]
2026-08-07T23:47:01.7220933Z       Executed DbCommand (1ms) [Parameters=[], CommandType='Text', CommandTimeout='30']
2026-08-07T23:47:01.7221067Z       SELECT [MigrationId], [ProductVersion]
2026-08-07T23:47:01.7221101Z       FROM [__EFMigrationsHistory]
2026-08-07T23:47:01.7221267Z       ORDER BY [MigrationId];
2026-08-07T23:47:01.7245282Z info: Microsoft.EntityFrameworkCore.Database.Command[20101]
2026-08-07T23:47:01.7245668Z       Executed DbCommand (2ms) [Parameters=[], CommandType='Text', CommandTimeout='30']
2026-08-07T23:47:01.7245748Z       SELECT TOP(1) [b].[BankAccountNumber]
2026-08-07T23:47:01.7245792Z       FROM [Beneficiaries] AS [b]
2026-08-07T23:47:01.7245834Z       ORDER BY [b].[Id]
2026-08-07T23:47:02.6421754Z info: Microsoft.EntityFrameworkCore.Database.Command[20101]
2026-08-07T23:47:02.6422683Z       Executed DbCommand (2ms) [Parameters=[], CommandType='Text', CommandTimeout='30']
2026-08-07T23:47:02.6422794Z       SELECT 1
2026-08-07T23:47:02.6448959Z info: Microsoft.EntityFrameworkCore.Database.Command[20101]
2026-08-07T23:47:02.6449615Z       Executed DbCommand (2ms) [Parameters=[], CommandType='Text', CommandTimeout='30']
2026-08-07T23:47:02.6449758Z       SELECT OBJECT_ID(N'[__EFMigrationsHistory]');
2026-08-07T23:47:02.6467727Z info: Microsoft.EntityFrameworkCore.Database.Command[20101]
2026-08-07T23:47:02.6468111Z       Executed DbCommand (2ms) [Parameters=[], CommandType='Text', CommandTimeout='30']
2026-08-07T23:47:02.6468188Z       SELECT [MigrationId], [ProductVersion]
2026-08-07T23:47:02.6468235Z       FROM [__EFMigrationsHistory]
2026-08-07T23:47:02.6468331Z       ORDER BY [MigrationId];
2026-08-07T23:47:02.6480011Z info: Microsoft.EntityFrameworkCore.Database.Command[20101]
2026-08-07T23:47:02.6480346Z       Executed DbCommand (1ms) [Parameters=[], CommandType='Text', CommandTimeout='30']
2026-08-07T23:47:02.6480411Z       SELECT TOP(1) [b].[BankAccountNumber]
2026-08-07T23:47:02.6480451Z       FROM [Beneficiaries] AS [b]
2026-08-07T23:47:02.6480626Z       ORDER BY [b].[Id]
2026-08-07T23:47:09.8387764Z info: Microsoft.EntityFrameworkCore.Database.Command[20101]
2026-08-07T23:47:09.8388444Z       Executed DbCommand (3ms) [Parameters=[], CommandType='Text', CommandTimeout='30']
2026-08-07T23:47:09.8388567Z       SELECT 1
2026-08-07T23:47:09.8408164Z info: Microsoft.EntityFrameworkCore.Database.Command[20101]
2026-08-07T23:47:09.8408884Z       Executed DbCommand (2ms) [Parameters=[], CommandType='Text', CommandTimeout='30']
2026-08-07T23:47:09.8408970Z       SELECT OBJECT_ID(N'[__EFMigrationsHistory]');
2026-08-07T23:47:09.8436473Z info: Microsoft.EntityFrameworkCore.Database.Command[20101]
2026-08-07T23:47:09.8436937Z       Executed DbCommand (1ms) [Parameters=[], CommandType='Text', CommandTimeout='30']
2026-08-07T23:47:09.8437178Z       SELECT [MigrationId], [ProductVersion]
2026-08-07T23:47:09.8437223Z       FROM [__EFMigrationsHistory]
2026-08-07T23:47:09.8437261Z       ORDER BY [MigrationId];
2026-08-07T23:47:09.8460549Z info: Microsoft.EntityFrameworkCore.Database.Command[20101]
2026-08-07T23:47:09.8462518Z       Executed DbCommand (1ms) [Parameters=[], CommandType='Text', CommandTimeout='30']
2026-08-07T23:47:09.8462638Z       SELECT TOP(1) [b].[BankAccountNumber]
2026-08-07T23:47:09.8462681Z       FROM [Beneficiaries] AS [b]
2026-08-07T23:47:09.8462719Z       ORDER BY [b].[Id]
2026-08-07T23:47:23.1564067Z info: Microsoft.EntityFrameworkCore.Database.Command[20101]
2026-08-07T23:47:23.1564964Z       Executed DbCommand (2ms) [Parameters=[], CommandType='Text', CommandTimeout='30']
2026-08-07T23:47:23.1565057Z       SELECT 1
2026-08-07T23:47:23.1578732Z info: Microsoft.EntityFrameworkCore.Database.Command[20101]
2026-08-07T23:47:23.1579243Z       Executed DbCommand (2ms) [Parameters=[], CommandType='Text', CommandTimeout='30']
2026-08-07T23:47:23.1579409Z       SELECT OBJECT_ID(N'[__EFMigrationsHistory]');
2026-08-07T23:47:23.1622898Z info: Microsoft.EntityFrameworkCore.Database.Command[20101]
2026-08-07T23:47:23.1623325Z       Executed DbCommand (3ms) [Parameters=[], CommandType='Text', CommandTimeout='30']
2026-08-07T23:47:23.1623414Z       SELECT [MigrationId], [ProductVersion]
2026-08-07T23:47:23.1623519Z       FROM [__EFMigrationsHistory]
2026-08-07T23:47:23.1629912Z       ORDER BY [MigrationId];
2026-08-07T23:47:23.1642611Z info: Microsoft.EntityFrameworkCore.Database.Command[20101]
2026-08-07T23:47:23.1642931Z       Executed DbCommand (1ms) [Parameters=[], CommandType='Text', CommandTimeout='30']
2026-08-07T23:47:23.1643047Z       SELECT TOP(1) [b].[BankAccountNumber]
2026-08-07T23:47:23.1643092Z       FROM [Beneficiaries] AS [b]
2026-08-07T23:47:23.1643135Z       ORDER BY [b].[Id]
2026-08-07T23:47:26.1943859Z info: Microsoft.EntityFrameworkCore.Database.Command[20101]
2026-08-07T23:47:26.1944646Z       Executed DbCommand (2ms) [Parameters=[], CommandType='Text', CommandTimeout='30']
2026-08-07T23:47:26.1944871Z       SELECT 1
2026-08-07T23:47:26.1960483Z info: Microsoft.EntityFrameworkCore.Database.Command[20101]
2026-08-07T23:47:26.1960971Z       Executed DbCommand (2ms) [Parameters=[], CommandType='Text', CommandTimeout='30']
2026-08-07T23:47:26.1961061Z       SELECT OBJECT_ID(N'[__EFMigrationsHistory]');
2026-08-07T23:47:26.1991568Z info: Microsoft.EntityFrameworkCore.Database.Command[20101]
2026-08-07T23:47:26.1991904Z       Executed DbCommand (1ms) [Parameters=[], CommandType='Text', CommandTimeout='30']
2026-08-07T23:47:26.1992089Z       SELECT [MigrationId], [ProductVersion]
2026-08-07T23:47:26.1992133Z       FROM [__EFMigrationsHistory]
2026-08-07T23:47:26.1992169Z       ORDER BY [MigrationId];
2026-08-07T23:47:26.2009761Z info: Microsoft.EntityFrameworkCore.Database.Command[20101]
2026-08-07T23:47:26.2010065Z       Executed DbCommand (1ms) [Parameters=[], CommandType='Text', CommandTimeout='30']
2026-08-07T23:47:26.2010133Z       SELECT TOP(1) [b].[BankAccountNumber]
2026-08-07T23:47:26.2010176Z       FROM [Beneficiaries] AS [b]
2026-08-07T23:47:26.2013703Z       ORDER BY [b].[Id]
2026-08-07T23:47:33.8257380Z info: Microsoft.EntityFrameworkCore.Database.Command[20101]
2026-08-07T23:47:33.8258708Z       Executed DbCommand (2ms) [Parameters=[], CommandType='Text', CommandTimeout='30']
2026-08-07T23:47:33.8258835Z       SELECT 1
2026-08-07T23:47:33.8272843Z info: Microsoft.EntityFrameworkCore.Database.Command[20101]
2026-08-07T23:47:33.8273406Z       Executed DbCommand (2ms) [Parameters=[], CommandType='Text', CommandTimeout='30']
2026-08-07T23:47:33.8273543Z       SELECT OBJECT_ID(N'[__EFMigrationsHistory]');
2026-08-07T23:47:33.8309164Z info: Microsoft.EntityFrameworkCore.Database.Command[20101]
2026-08-07T23:47:33.8309573Z       Executed DbCommand (2ms) [Parameters=[], CommandType='Text', CommandTimeout='30']
2026-08-07T23:47:33.8309651Z       SELECT [MigrationId], [ProductVersion]
2026-08-07T23:47:33.8309745Z       FROM [__EFMigrationsHistory]
2026-08-07T23:47:33.8311229Z       ORDER BY [MigrationId];
2026-08-07T23:47:33.8324506Z info: Microsoft.EntityFrameworkCore.Database.Command[20101]
2026-08-07T23:47:33.8324798Z       Executed DbCommand (2ms) [Parameters=[], CommandType='Text', CommandTimeout='30']
2026-08-07T23:47:33.8324858Z       SELECT TOP(1) [b].[BankAccountNumber]
2026-08-07T23:47:33.8324935Z       FROM [Beneficiaries] AS [b]
2026-08-07T23:47:33.8324972Z       ORDER BY [b].[Id]
2026-08-07T23:47:34.0730330Z info: Microsoft.EntityFrameworkCore.Database.Command[20101]
2026-08-07T23:47:34.0731274Z       Executed DbCommand (2ms) [Parameters=[], CommandType='Text', CommandTimeout='30']
2026-08-07T23:47:34.0731487Z       SELECT 1
2026-08-07T23:47:34.0758067Z info: Microsoft.EntityFrameworkCore.Database.Command[20101]
2026-08-07T23:47:34.0758725Z       Executed DbCommand (2ms) [Parameters=[], CommandType='Text', CommandTimeout='30']
2026-08-07T23:47:34.0758839Z       SELECT OBJECT_ID(N'[__EFMigrationsHistory]');
2026-08-07T23:47:34.0770774Z info: Microsoft.EntityFrameworkCore.Database.Command[20101]
2026-08-07T23:47:34.0771232Z       Executed DbCommand (1ms) [Parameters=[], CommandType='Text', CommandTimeout='30']
2026-08-07T23:47:34.0771332Z       SELECT [MigrationId], [ProductVersion]
2026-08-07T23:47:34.0771396Z       FROM [__EFMigrationsHistory]
2026-08-07T23:47:34.0771456Z       ORDER BY [MigrationId];
2026-08-07T23:47:34.0795353Z info: Microsoft.EntityFrameworkCore.Database.Command[20101]
2026-08-07T23:47:34.0801932Z       Executed DbCommand (2ms) [Parameters=[], CommandType='Text', CommandTimeout='30']
2026-08-07T23:47:34.0802020Z       SELECT TOP(1) [b].[BankAccountNumber]
2026-08-07T23:47:34.0802059Z       FROM [Beneficiaries] AS [b]
2026-08-07T23:47:34.0802096Z       ORDER BY [b].[Id]
2026-08-07T23:47:35.4894608Z info: Microsoft.EntityFrameworkCore.Database.Command[20101]
2026-08-07T23:47:35.4895505Z       Executed DbCommand (2ms) [Parameters=[], CommandType='Text', CommandTimeout='30']
2026-08-07T23:47:35.4895640Z       SELECT 1
2026-08-07T23:47:35.4912023Z info: Microsoft.EntityFrameworkCore.Database.Command[20101]
2026-08-07T23:47:35.4912584Z       Executed DbCommand (2ms) [Parameters=[], CommandType='Text', CommandTimeout='30']
2026-08-07T23:47:35.4912673Z       SELECT OBJECT_ID(N'[__EFMigrationsHistory]');
2026-08-07T23:47:35.4939160Z info: Microsoft.EntityFrameworkCore.Database.Command[20101]
2026-08-07T23:47:35.4939487Z       Executed DbCommand (1ms) [Parameters=[], CommandType='Text', CommandTimeout='30']
2026-08-07T23:47:35.4939610Z       SELECT [MigrationId], [ProductVersion]
2026-08-07T23:47:35.4939661Z       FROM [__EFMigrationsHistory]
2026-08-07T23:47:35.4940181Z       ORDER BY [MigrationId];
2026-08-07T23:47:35.4958565Z info: Microsoft.EntityFrameworkCore.Database.Command[20101]
2026-08-07T23:47:35.4958902Z       Executed DbCommand (1ms) [Parameters=[], CommandType='Text', CommandTimeout='30']
2026-08-07T23:47:35.4958976Z       SELECT TOP(1) [b].[BankAccountNumber]
2026-08-07T23:47:35.4959021Z       FROM [Beneficiaries] AS [b]
2026-08-07T23:47:35.4959067Z       ORDER BY [b].[Id]
2026-08-07T23:47:35.7917844Z info: Microsoft.EntityFrameworkCore.Database.Command[20101]
2026-08-07T23:47:35.7918806Z       Executed DbCommand (2ms) [Parameters=[], CommandType='Text', CommandTimeout='30']
2026-08-07T23:47:35.7918918Z       SELECT 1
2026-08-07T23:47:35.7946311Z info: Microsoft.EntityFrameworkCore.Database.Command[20101]
2026-08-07T23:47:35.7947889Z       Executed DbCommand (2ms) [Parameters=[], CommandType='Text', CommandTimeout='30']
2026-08-07T23:47:35.7948046Z       SELECT OBJECT_ID(N'[__EFMigrationsHistory]');
2026-08-07T23:47:35.7963407Z info: Microsoft.EntityFrameworkCore.Database.Command[20101]
2026-08-07T23:47:35.7963898Z       Executed DbCommand (1ms) [Parameters=[], CommandType='Text', CommandTimeout='30']
2026-08-07T23:47:35.7964032Z       SELECT [MigrationId], [ProductVersion]
2026-08-07T23:47:35.7964085Z       FROM [__EFMigrationsHistory]
2026-08-07T23:47:35.7964181Z       ORDER BY [MigrationId];
2026-08-07T23:47:35.7976477Z info: Microsoft.EntityFrameworkCore.Database.Command[20101]
2026-08-07T23:47:35.7981690Z       Executed DbCommand (1ms) [Parameters=[], CommandType='Text', CommandTimeout='30']
2026-08-07T23:47:35.7981789Z       SELECT TOP(1) [b].[BankAccountNumber]
2026-08-07T23:47:35.7981838Z       FROM [Beneficiaries] AS [b]
2026-08-07T23:47:35.7981933Z       ORDER BY [b].[Id]
2026-08-07T23:47:37.3202494Z info: Microsoft.EntityFrameworkCore.Database.Command[20101]
2026-08-07T23:47:37.3203288Z       Executed DbCommand (2ms) [Parameters=[], CommandType='Text', CommandTimeout='30']
2026-08-07T23:47:37.3203403Z       SELECT 1
2026-08-07T23:47:37.3230659Z info: Microsoft.EntityFrameworkCore.Database.Command[20101]
2026-08-07T23:47:37.3231141Z       Executed DbCommand (2ms) [Parameters=[], CommandType='Text', CommandTimeout='30']
2026-08-07T23:47:37.3231230Z       SELECT OBJECT_ID(N'[__EFMigrationsHistory]');
2026-08-07T23:47:37.3247344Z info: Microsoft.EntityFrameworkCore.Database.Command[20101]
2026-08-07T23:47:37.3247726Z       Executed DbCommand (2ms) [Parameters=[], CommandType='Text', CommandTimeout='30']
2026-08-07T23:47:37.3247884Z       SELECT [MigrationId], [ProductVersion]
2026-08-07T23:47:37.3247930Z       FROM [__EFMigrationsHistory]
2026-08-07T23:47:37.3254075Z       ORDER BY [MigrationId];
2026-08-07T23:47:37.3271141Z info: Microsoft.EntityFrameworkCore.Database.Command[20101]
2026-08-07T23:47:37.3283061Z       Executed DbCommand (2ms) [Parameters=[], CommandType='Text', CommandTimeout='30']
2026-08-07T23:47:37.3283312Z       SELECT TOP(1) [b].[BankAccountNumber]
2026-08-07T23:47:37.3283351Z       FROM [Beneficiaries] AS [b]
2026-08-07T23:47:37.3283381Z       ORDER BY [b].[Id]
2026-08-07T23:47:39.4774775Z info: Microsoft.EntityFrameworkCore.Database.Command[20101]
2026-08-07T23:47:39.4775565Z       Executed DbCommand (2ms) [Parameters=[], CommandType='Text', CommandTimeout='30']
2026-08-07T23:47:39.4775668Z       SELECT 1
2026-08-07T23:47:39.4800094Z info: Microsoft.EntityFrameworkCore.Database.Command[20101]
2026-08-07T23:47:39.4800683Z       Executed DbCommand (1ms) [Parameters=[], CommandType='Text', CommandTimeout='30']
2026-08-07T23:47:39.4800771Z       SELECT OBJECT_ID(N'[__EFMigrationsHistory]');
2026-08-07T23:47:39.4812972Z info: Microsoft.EntityFrameworkCore.Database.Command[20101]
2026-08-07T23:47:39.4813301Z       Executed DbCommand (1ms) [Parameters=[], CommandType='Text', CommandTimeout='30']
2026-08-07T23:47:39.4813369Z       SELECT [MigrationId], [ProductVersion]
2026-08-07T23:47:39.4813450Z       FROM [__EFMigrationsHistory]
2026-08-07T23:47:39.4813487Z       ORDER BY [MigrationId];
2026-08-07T23:47:39.4831860Z info: Microsoft.EntityFrameworkCore.Database.Command[20101]
2026-08-07T23:47:39.4832197Z       Executed DbCommand (1ms) [Parameters=[], CommandType='Text', CommandTimeout='30']
2026-08-07T23:47:39.4832304Z       SELECT TOP(1) [b].[BankAccountNumber]
2026-08-07T23:47:39.4832349Z       FROM [Beneficiaries] AS [b]
2026-08-07T23:47:39.4832395Z       ORDER BY [b].[Id]
2026-08-07T23:47:41.3587780Z info: Microsoft.EntityFrameworkCore.Database.Command[20101]
2026-08-07T23:47:41.3588624Z       Executed DbCommand (2ms) [Parameters=[], CommandType='Text', CommandTimeout='30']
2026-08-07T23:47:41.3588850Z       SELECT 1
2026-08-07T23:47:41.3603306Z info: Microsoft.EntityFrameworkCore.Database.Command[20101]
2026-08-07T23:47:41.3603826Z       Executed DbCommand (2ms) [Parameters=[], CommandType='Text', CommandTimeout='30']
2026-08-07T23:47:41.3603933Z       SELECT OBJECT_ID(N'[__EFMigrationsHistory]');
2026-08-07T23:47:41.3636961Z info: Microsoft.EntityFrameworkCore.Database.Command[20101]
2026-08-07T23:47:41.3637553Z       Executed DbCommand (1ms) [Parameters=[], CommandType='Text', CommandTimeout='30']
2026-08-07T23:47:41.3637639Z       SELECT [MigrationId], [ProductVersion]
2026-08-07T23:47:41.3637689Z       FROM [__EFMigrationsHistory]
2026-08-07T23:47:41.3637730Z       ORDER BY [MigrationId];
2026-08-07T23:47:41.3649791Z info: Microsoft.EntityFrameworkCore.Database.Command[20101]
2026-08-07T23:47:41.3650149Z       Executed DbCommand (1ms) [Parameters=[], CommandType='Text', CommandTimeout='30']
2026-08-07T23:47:41.3650220Z       SELECT TOP(1) [b].[BankAccountNumber]
2026-08-07T23:47:41.3650269Z       FROM [Beneficiaries] AS [b]
2026-08-07T23:47:41.3650313Z       ORDER BY [b].[Id]
2026-08-07T23:47:43.2223356Z info: Microsoft.EntityFrameworkCore.Database.Command[20101]
2026-08-07T23:47:43.2224627Z       Executed DbCommand (2ms) [Parameters=[], CommandType='Text', CommandTimeout='30']
2026-08-07T23:47:43.2224772Z       SELECT 1
2026-08-07T23:47:43.2255990Z info: Microsoft.EntityFrameworkCore.Database.Command[20101]
2026-08-07T23:47:43.2256517Z       Executed DbCommand (2ms) [Parameters=[], CommandType='Text', CommandTimeout='30']
2026-08-07T23:47:43.2256591Z       SELECT OBJECT_ID(N'[__EFMigrationsHistory]');
2026-08-07T23:47:43.2285782Z info: Microsoft.EntityFrameworkCore.Database.Command[20101]
2026-08-07T23:47:43.2286158Z       Executed DbCommand (1ms) [Parameters=[], CommandType='Text', CommandTimeout='30']
2026-08-07T23:47:43.2286278Z       SELECT [MigrationId], [ProductVersion]
2026-08-07T23:47:43.2286328Z       FROM [__EFMigrationsHistory]
2026-08-07T23:47:43.2294756Z       ORDER BY [MigrationId];
2026-08-07T23:47:43.2307617Z info: Microsoft.EntityFrameworkCore.Database.Command[20101]
2026-08-07T23:47:43.2307960Z       Executed DbCommand (1ms) [Parameters=[], CommandType='Text', CommandTimeout='30']
2026-08-07T23:47:43.2308031Z       SELECT TOP(1) [b].[BankAccountNumber]
2026-08-07T23:47:43.2308070Z       FROM [Beneficiaries] AS [b]
2026-08-07T23:47:43.2308108Z       ORDER BY [b].[Id]
2026-08-07T23:47:43.3621048Z info: Microsoft.EntityFrameworkCore.Database.Command[20101]
2026-08-07T23:47:43.3621995Z       Executed DbCommand (2ms) [Parameters=[], CommandType='Text', CommandTimeout='30']
2026-08-07T23:47:43.3622089Z       SELECT 1
2026-08-07T23:47:43.3638011Z info: Microsoft.EntityFrameworkCore.Database.Command[20101]
2026-08-07T23:47:43.3638556Z       Executed DbCommand (2ms) [Parameters=[], CommandType='Text', CommandTimeout='30']
2026-08-07T23:47:43.3638700Z       SELECT OBJECT_ID(N'[__EFMigrationsHistory]');
2026-08-07T23:47:43.3666935Z info: Microsoft.EntityFrameworkCore.Database.Command[20101]
2026-08-07T23:47:43.3667328Z       Executed DbCommand (1ms) [Parameters=[], CommandType='Text', CommandTimeout='30']
2026-08-07T23:47:43.3667567Z       SELECT [MigrationId], [ProductVersion]
2026-08-07T23:47:43.3667614Z       FROM [__EFMigrationsHistory]
2026-08-07T23:47:43.3667699Z       ORDER BY [MigrationId];
2026-08-07T23:47:43.3682548Z info: Microsoft.EntityFrameworkCore.Database.Command[20101]
2026-08-07T23:47:43.3682886Z       Executed DbCommand (1ms) [Parameters=[], CommandType='Text', CommandTimeout='30']
2026-08-07T23:47:43.3682963Z       SELECT TOP(1) [b].[BankAccountNumber]
2026-08-07T23:47:43.3683008Z       FROM [Beneficiaries] AS [b]
2026-08-07T23:47:43.3683881Z       ORDER BY [b].[Id]
2026-08-07T23:47:46.6541362Z info: Microsoft.EntityFrameworkCore.Database.Command[20101]
2026-08-07T23:47:46.6542166Z       Executed DbCommand (2ms) [Parameters=[], CommandType='Text', CommandTimeout='30']
2026-08-07T23:47:46.6542274Z       SELECT 1
2026-08-07T23:47:46.6559651Z info: Microsoft.EntityFrameworkCore.Database.Command[20101]
2026-08-07T23:47:46.6560143Z       Executed DbCommand (2ms) [Parameters=[], CommandType='Text', CommandTimeout='30']
2026-08-07T23:47:46.6560226Z       SELECT OBJECT_ID(N'[__EFMigrationsHistory]');
2026-08-07T23:47:46.6588070Z info: Microsoft.EntityFrameworkCore.Database.Command[20101]
2026-08-07T23:47:46.6588524Z       Executed DbCommand (1ms) [Parameters=[], CommandType='Text', CommandTimeout='30']
2026-08-07T23:47:46.6588606Z       SELECT [MigrationId], [ProductVersion]
2026-08-07T23:47:46.6588649Z       FROM [__EFMigrationsHistory]
2026-08-07T23:47:46.6588689Z       ORDER BY [MigrationId];
2026-08-07T23:47:46.6610238Z info: Microsoft.EntityFrameworkCore.Database.Command[20101]
2026-08-07T23:47:46.6610612Z       Executed DbCommand (2ms) [Parameters=[], CommandType='Text', CommandTimeout='30']
2026-08-07T23:47:46.6610687Z       SELECT TOP(1) [b].[BankAccountNumber]
2026-08-07T23:47:46.6610730Z       FROM [Beneficiaries] AS [b]
2026-08-07T23:47:46.6610766Z       ORDER BY [b].[Id]
2026-08-07T23:47:52.1723234Z info: Microsoft.EntityFrameworkCore.Database.Command[20101]
2026-08-07T23:47:52.1724201Z       Executed DbCommand (2ms) [Parameters=[], CommandType='Text', CommandTimeout='30']
2026-08-07T23:47:52.1724332Z       SELECT 1
2026-08-07T23:47:52.1753313Z info: Microsoft.EntityFrameworkCore.Database.Command[20101]
2026-08-07T23:47:52.1753799Z       Executed DbCommand (2ms) [Parameters=[], CommandType='Text', CommandTimeout='30']
2026-08-07T23:47:52.1753948Z       SELECT OBJECT_ID(N'[__EFMigrationsHistory]');
2026-08-07T23:47:52.1768612Z info: Microsoft.EntityFrameworkCore.Database.Command[20101]
2026-08-07T23:47:52.1769054Z       Executed DbCommand (2ms) [Parameters=[], CommandType='Text', CommandTimeout='30']
2026-08-07T23:47:52.1769262Z       SELECT [MigrationId], [ProductVersion]
2026-08-07T23:47:52.1769365Z       FROM [__EFMigrationsHistory]
2026-08-07T23:47:52.1769618Z       ORDER BY [MigrationId];
2026-08-07T23:47:52.1791710Z info: Microsoft.EntityFrameworkCore.Database.Command[20101]
2026-08-07T23:47:52.1792098Z       Executed DbCommand (1ms) [Parameters=[], CommandType='Text', CommandTimeout='30']
2026-08-07T23:47:52.1792305Z       SELECT TOP(1) [b].[BankAccountNumber]
2026-08-07T23:47:52.1792353Z       FROM [Beneficiaries] AS [b]
2026-08-07T23:47:52.1792391Z       ORDER BY [b].[Id]
2026-08-07T23:47:53.3733492Z info: Microsoft.EntityFrameworkCore.Database.Command[20101]
2026-08-07T23:47:53.3735940Z       Executed DbCommand (2ms) [Parameters=[], CommandType='Text', CommandTimeout='30']
2026-08-07T23:47:53.3736127Z       SELECT 1
2026-08-07T23:47:53.3749037Z info: Microsoft.EntityFrameworkCore.Database.Command[20101]
2026-08-07T23:47:53.3749582Z       Executed DbCommand (2ms) [Parameters=[], CommandType='Text', CommandTimeout='30']
2026-08-07T23:47:53.3749692Z       SELECT OBJECT_ID(N'[__EFMigrationsHistory]');
2026-08-07T23:47:53.3777282Z info: Microsoft.EntityFrameworkCore.Database.Command[20101]
2026-08-07T23:47:53.3777642Z       Executed DbCommand (1ms) [Parameters=[], CommandType='Text', CommandTimeout='30']
2026-08-07T23:47:53.3777724Z       SELECT [MigrationId], [ProductVersion]
2026-08-07T23:47:53.3777766Z       FROM [__EFMigrationsHistory]
2026-08-07T23:47:53.3779852Z       ORDER BY [MigrationId];
2026-08-07T23:47:53.3800608Z info: Microsoft.EntityFrameworkCore.Database.Command[20101]
2026-08-07T23:47:53.3800907Z       Executed DbCommand (1ms) [Parameters=[], CommandType='Text', CommandTimeout='30']
2026-08-07T23:47:53.3800979Z       SELECT TOP(1) [b].[BankAccountNumber]
2026-08-07T23:47:53.3801024Z       FROM [Beneficiaries] AS [b]
2026-08-07T23:47:53.3801114Z       ORDER BY [b].[Id]
2026-08-07T23:47:53.3858050Z info: Microsoft.EntityFrameworkCore.Database.Command[20101]
2026-08-07T23:47:53.3858407Z       Executed DbCommand (1ms) [Parameters=[], CommandType='Text', CommandTimeout='30']
2026-08-07T23:47:53.3858484Z       SELECT 1
2026-08-07T23:47:53.3879886Z info: Microsoft.EntityFrameworkCore.Database.Command[20101]
2026-08-07T23:47:53.3880221Z       Executed DbCommand (2ms) [Parameters=[], CommandType='Text', CommandTimeout='30']
2026-08-07T23:47:53.3880291Z       SELECT OBJECT_ID(N'[__EFMigrationsHistory]');
2026-08-07T23:47:53.3909550Z info: Microsoft.EntityFrameworkCore.Database.Command[20101]
2026-08-07T23:47:53.3909860Z       Executed DbCommand (1ms) [Parameters=[], CommandType='Text', CommandTimeout='30']
2026-08-07T23:47:53.3909977Z       SELECT [MigrationId], [ProductVersion]
2026-08-07T23:47:53.3910029Z       FROM [__EFMigrationsHistory]
2026-08-07T23:47:53.3910076Z       ORDER BY [MigrationId];
2026-08-07T23:47:53.3983159Z info: Microsoft.EntityFrameworkCore.Database.Command[20101]
2026-08-07T23:47:53.3983639Z       Executed DbCommand (7ms) [Parameters=[], CommandType='Text', CommandTimeout='30']
2026-08-07T23:47:53.3983764Z       SELECT TOP(1) [b].[BankAccountNumber]
2026-08-07T23:47:53.3983813Z       FROM [Beneficiaries] AS [b]
2026-08-07T23:47:53.3983859Z       ORDER BY [b].[Id]
2026-08-07T23:47:58.9854333Z info: Microsoft.EntityFrameworkCore.Database.Command[20101]
2026-08-07T23:47:58.9855191Z       Executed DbCommand (2ms) [Parameters=[], CommandType='Text', CommandTimeout='30']
2026-08-07T23:47:58.9855303Z       SELECT 1
2026-08-07T23:47:58.9880726Z info: Microsoft.EntityFrameworkCore.Database.Command[20101]
2026-08-07T23:47:58.9881294Z       Executed DbCommand (2ms) [Parameters=[], CommandType='Text', CommandTimeout='30']
2026-08-07T23:47:58.9881393Z       SELECT OBJECT_ID(N'[__EFMigrationsHistory]');
2026-08-07T23:47:58.9899260Z info: Microsoft.EntityFrameworkCore.Database.Command[20101]
2026-08-07T23:47:58.9899705Z       Executed DbCommand (2ms) [Parameters=[], CommandType='Text', CommandTimeout='30']
2026-08-07T23:47:58.9899777Z       SELECT [MigrationId], [ProductVersion]
2026-08-07T23:47:58.9899821Z       FROM [__EFMigrationsHistory]
2026-08-07T23:47:58.9899910Z       ORDER BY [MigrationId];
2026-08-07T23:47:58.9914627Z info: Microsoft.EntityFrameworkCore.Database.Command[20101]
2026-08-07T23:47:58.9921535Z       Executed DbCommand (1ms) [Parameters=[], CommandType='Text', CommandTimeout='30']
2026-08-07T23:47:58.9921770Z       SELECT TOP(1) [b].[BankAccountNumber]
2026-08-07T23:47:58.9921822Z       FROM [Beneficiaries] AS [b]
2026-08-07T23:47:58.9921900Z       ORDER BY [b].[Id]
2026-08-07T23:47:59.2488414Z info: Microsoft.EntityFrameworkCore.Database.Command[20101]
2026-08-07T23:47:59.2489256Z       Executed DbCommand (2ms) [Parameters=[], CommandType='Text', CommandTimeout='30']
2026-08-07T23:47:59.2489368Z       SELECT 1
2026-08-07T23:47:59.2507548Z info: Microsoft.EntityFrameworkCore.Database.Command[20101]
2026-08-07T23:47:59.2508171Z       Executed DbCommand (2ms) [Parameters=[], CommandType='Text', CommandTimeout='30']
2026-08-07T23:47:59.2508261Z       SELECT OBJECT_ID(N'[__EFMigrationsHistory]');
2026-08-07T23:47:59.2536787Z info: Microsoft.EntityFrameworkCore.Database.Command[20101]
2026-08-07T23:47:59.2537272Z       Executed DbCommand (2ms) [Parameters=[], CommandType='Text', CommandTimeout='30']
2026-08-07T23:47:59.2537410Z       SELECT [MigrationId], [ProductVersion]
2026-08-07T23:47:59.2537462Z       FROM [__EFMigrationsHistory]
2026-08-07T23:47:59.2537503Z       ORDER BY [MigrationId];
2026-08-07T23:47:59.2555830Z info: Microsoft.EntityFrameworkCore.Database.Command[20101]
2026-08-07T23:47:59.2556213Z       Executed DbCommand (1ms) [Parameters=[], CommandType='Text', CommandTimeout='30']
2026-08-07T23:47:59.2556328Z       SELECT TOP(1) [b].[BankAccountNumber]
2026-08-07T23:47:59.2556373Z       FROM [Beneficiaries] AS [b]
2026-08-07T23:47:59.2556415Z       ORDER BY [b].[Id]
2026-08-07T23:48:07.9079631Z info: Microsoft.EntityFrameworkCore.Database.Command[20101]
2026-08-07T23:48:07.9080479Z       Executed DbCommand (2ms) [Parameters=[], CommandType='Text', CommandTimeout='30']
2026-08-07T23:48:07.9080596Z       SELECT 1
2026-08-07T23:48:07.9103296Z info: Microsoft.EntityFrameworkCore.Database.Command[20101]
2026-08-07T23:48:07.9103792Z       Executed DbCommand (2ms) [Parameters=[], CommandType='Text', CommandTimeout='30']
2026-08-07T23:48:07.9103899Z       SELECT OBJECT_ID(N'[__EFMigrationsHistory]');
2026-08-07T23:48:07.9137011Z info: Microsoft.EntityFrameworkCore.Database.Command[20101]
2026-08-07T23:48:07.9137459Z       Executed DbCommand (2ms) [Parameters=[], CommandType='Text', CommandTimeout='30']
2026-08-07T23:48:07.9137559Z       SELECT [MigrationId], [ProductVersion]
2026-08-07T23:48:07.9137611Z       FROM [__EFMigrationsHistory]
2026-08-07T23:48:07.9137711Z       ORDER BY [MigrationId];
2026-08-07T23:48:07.9152159Z info: Microsoft.EntityFrameworkCore.Database.Command[20101]
2026-08-07T23:48:07.9152540Z       Executed DbCommand (2ms) [Parameters=[], CommandType='Text', CommandTimeout='30']
2026-08-07T23:48:07.9152632Z       SELECT TOP(1) [b].[BankAccountNumber]
2026-08-07T23:48:07.9152905Z       FROM [Beneficiaries] AS [b]
2026-08-07T23:48:07.9153082Z       ORDER BY [b].[Id]
2026-08-07T23:48:08.0382072Z info: Microsoft.EntityFrameworkCore.Database.Command[20101]
2026-08-07T23:48:08.0382949Z       Executed DbCommand (2ms) [Parameters=[], CommandType='Text', CommandTimeout='30']
2026-08-07T23:48:08.0383074Z       SELECT 1
2026-08-07T23:48:08.0398828Z info: Microsoft.EntityFrameworkCore.Database.Command[20101]
2026-08-07T23:48:08.0399400Z       Executed DbCommand (2ms) [Parameters=[], CommandType='Text', CommandTimeout='30']
2026-08-07T23:48:08.0399499Z       SELECT OBJECT_ID(N'[__EFMigrationsHistory]');
2026-08-07T23:48:08.0436199Z info: Microsoft.EntityFrameworkCore.Database.Command[20101]
2026-08-07T23:48:08.0436614Z       Executed DbCommand (2ms) [Parameters=[], CommandType='Text', CommandTimeout='30']
2026-08-07T23:48:08.0436756Z       SELECT [MigrationId], [ProductVersion]
2026-08-07T23:48:08.0436818Z       FROM [__EFMigrationsHistory]
2026-08-07T23:48:08.0436874Z       ORDER BY [MigrationId];
2026-08-07T23:48:08.0450706Z info: Microsoft.EntityFrameworkCore.Database.Command[20101]
2026-08-07T23:48:08.0451065Z       Executed DbCommand (1ms) [Parameters=[], CommandType='Text', CommandTimeout='30']
2026-08-07T23:48:08.0451177Z       SELECT TOP(1) [b].[BankAccountNumber]
2026-08-07T23:48:08.0451395Z       FROM [Beneficiaries] AS [b]
2026-08-07T23:48:08.0451457Z       ORDER BY [b].[Id]
2026-08-07T23:48:17.1556094Z info: Microsoft.EntityFrameworkCore.Database.Command[20101]
2026-08-07T23:48:17.1556956Z       Executed DbCommand (2ms) [Parameters=[], CommandType='Text', CommandTimeout='30']
2026-08-07T23:48:17.1557066Z       SELECT 1
2026-08-07T23:48:17.1572465Z info: Microsoft.EntityFrameworkCore.Database.Command[20101]
2026-08-07T23:48:17.1572923Z       Executed DbCommand (2ms) [Parameters=[], CommandType='Text', CommandTimeout='30']
2026-08-07T23:48:17.1573000Z       SELECT OBJECT_ID(N'[__EFMigrationsHistory]');
2026-08-07T23:48:17.1605494Z info: Microsoft.EntityFrameworkCore.Database.Command[20101]
2026-08-07T23:48:17.1605854Z       Executed DbCommand (2ms) [Parameters=[], CommandType='Text', CommandTimeout='30']
2026-08-07T23:48:17.1605929Z       SELECT [MigrationId], [ProductVersion]
2026-08-07T23:48:17.1605970Z       FROM [__EFMigrationsHistory]
2026-08-07T23:48:17.1606049Z       ORDER BY [MigrationId];
2026-08-07T23:48:17.1623147Z info: Microsoft.EntityFrameworkCore.Database.Command[20101]
2026-08-07T23:48:17.1623442Z       Executed DbCommand (2ms) [Parameters=[], CommandType='Text', CommandTimeout='30']
2026-08-07T23:48:17.1623511Z       SELECT TOP(1) [b].[BankAccountNumber]
2026-08-07T23:48:17.1623555Z       FROM [Beneficiaries] AS [b]
2026-08-07T23:48:17.1623643Z       ORDER BY [b].[Id]
2026-08-07T23:48:20.2041224Z info: Microsoft.EntityFrameworkCore.Database.Command[20101]
2026-08-07T23:48:20.2042115Z       Executed DbCommand (2ms) [Parameters=[], CommandType='Text', CommandTimeout='30']
2026-08-07T23:48:20.2042215Z       SELECT 1
2026-08-07T23:48:20.2066353Z info: Microsoft.EntityFrameworkCore.Database.Command[20101]
2026-08-07T23:48:20.2066958Z       Executed DbCommand (2ms) [Parameters=[], CommandType='Text', CommandTimeout='30']
2026-08-07T23:48:20.2067046Z       SELECT OBJECT_ID(N'[__EFMigrationsHistory]');
2026-08-07T23:48:20.2088057Z info: Microsoft.EntityFrameworkCore.Database.Command[20101]
2026-08-07T23:48:20.2088445Z       Executed DbCommand (1ms) [Parameters=[], CommandType='Text', CommandTimeout='30']
2026-08-07T23:48:20.2088569Z       SELECT [MigrationId], [ProductVersion]
2026-08-07T23:48:20.2088610Z       FROM [__EFMigrationsHistory]
2026-08-07T23:48:20.2088651Z       ORDER BY [MigrationId];
2026-08-07T23:48:20.2107182Z info: Microsoft.EntityFrameworkCore.Database.Command[20101]
2026-08-07T23:48:20.2107514Z       Executed DbCommand (2ms) [Parameters=[], CommandType='Text', CommandTimeout='30']
2026-08-07T23:48:20.2107634Z       SELECT TOP(1) [b].[BankAccountNumber]
2026-08-07T23:48:20.2107675Z       FROM [Beneficiaries] AS [b]
2026-08-07T23:48:20.2107714Z       ORDER BY [b].[Id]
2026-08-07T23:48:23.4341036Z info: Microsoft.EntityFrameworkCore.Database.Command[20101]
2026-08-07T23:48:23.4342068Z       Executed DbCommand (2ms) [Parameters=[], CommandType='Text', CommandTimeout='30']
2026-08-07T23:48:23.4342209Z       SELECT 1
2026-08-07T23:48:23.4357978Z info: Microsoft.EntityFrameworkCore.Database.Command[20101]
2026-08-07T23:48:23.4358488Z       Executed DbCommand (2ms) [Parameters=[], CommandType='Text', CommandTimeout='30']
2026-08-07T23:48:23.4358582Z       SELECT OBJECT_ID(N'[__EFMigrationsHistory]');
2026-08-07T23:48:23.4389670Z info: Microsoft.EntityFrameworkCore.Database.Command[20101]
2026-08-07T23:48:23.4390002Z       Executed DbCommand (2ms) [Parameters=[], CommandType='Text', CommandTimeout='30']
2026-08-07T23:48:23.4390066Z       SELECT [MigrationId], [ProductVersion]
2026-08-07T23:48:23.4390113Z       FROM [__EFMigrationsHistory]
2026-08-07T23:48:23.4390191Z       ORDER BY [MigrationId];
2026-08-07T23:48:23.4406390Z info: Microsoft.EntityFrameworkCore.Database.Command[20101]
2026-08-07T23:48:23.4408954Z       Executed DbCommand (1ms) [Parameters=[], CommandType='Text', CommandTimeout='30']
2026-08-07T23:48:23.4409097Z       SELECT TOP(1) [b].[BankAccountNumber]
2026-08-07T23:48:23.4409139Z       FROM [Beneficiaries] AS [b]
2026-08-07T23:48:23.4409212Z       ORDER BY [b].[Id]
2026-08-07T23:48:24.3459984Z info: Microsoft.EntityFrameworkCore.Database.Command[20101]
2026-08-07T23:48:24.3460721Z       Executed DbCommand (2ms) [Parameters=[], CommandType='Text', CommandTimeout='30']
2026-08-07T23:48:24.3460845Z       SELECT 1
2026-08-07T23:48:24.3488079Z info: Microsoft.EntityFrameworkCore.Database.Command[20101]
2026-08-07T23:48:24.3488844Z       Executed DbCommand (2ms) [Parameters=[], CommandType='Text', CommandTimeout='30']
2026-08-07T23:48:24.3488947Z       SELECT OBJECT_ID(N'[__EFMigrationsHistory]');
2026-08-07T23:48:24.3502023Z info: Microsoft.EntityFrameworkCore.Database.Command[20101]
2026-08-07T23:48:24.3502426Z       Executed DbCommand (1ms) [Parameters=[], CommandType='Text', CommandTimeout='30']
2026-08-07T23:48:24.3507076Z       SELECT [MigrationId], [ProductVersion]
2026-08-07T23:48:24.3507252Z       FROM [__EFMigrationsHistory]
2026-08-07T23:48:24.3507299Z       ORDER BY [MigrationId];
2026-08-07T23:48:24.3521558Z info: Microsoft.EntityFrameworkCore.Database.Command[20101]
2026-08-07T23:48:24.3521861Z       Executed DbCommand (2ms) [Parameters=[], CommandType='Text', CommandTimeout='30']
2026-08-07T23:48:24.3521965Z       SELECT TOP(1) [b].[BankAccountNumber]
2026-08-07T23:48:24.3522004Z       FROM [Beneficiaries] AS [b]
2026-08-07T23:48:24.3522041Z       ORDER BY [b].[Id]
2026-08-07T23:48:30.5212388Z info: Microsoft.EntityFrameworkCore.Database.Command[20101]
2026-08-07T23:48:30.5213243Z       Executed DbCommand (2ms) [Parameters=[], CommandType='Text', CommandTimeout='30']
2026-08-07T23:48:30.5213355Z       SELECT 1
2026-08-07T23:48:30.5235513Z info: Microsoft.EntityFrameworkCore.Database.Command[20101]
2026-08-07T23:48:30.5236056Z       Executed DbCommand (2ms) [Parameters=[], CommandType='Text', CommandTimeout='30']
2026-08-07T23:48:30.5236165Z       SELECT OBJECT_ID(N'[__EFMigrationsHistory]');
2026-08-07T23:48:30.5274679Z info: Microsoft.EntityFrameworkCore.Database.Command[20101]
2026-08-07T23:48:30.5276478Z       Executed DbCommand (2ms) [Parameters=[], CommandType='Text', CommandTimeout='30']
2026-08-07T23:48:30.5276611Z       SELECT [MigrationId], [ProductVersion]
2026-08-07T23:48:30.5276673Z       FROM [__EFMigrationsHistory]
2026-08-07T23:48:30.5276770Z       ORDER BY [MigrationId];
2026-08-07T23:48:30.5287379Z info: Microsoft.EntityFrameworkCore.Database.Command[20101]
2026-08-07T23:48:30.5287707Z       Executed DbCommand (1ms) [Parameters=[], CommandType='Text', CommandTimeout='30']
2026-08-07T23:48:30.5287777Z       SELECT TOP(1) [b].[BankAccountNumber]
2026-08-07T23:48:30.5287866Z       FROM [Beneficiaries] AS [b]
2026-08-07T23:48:30.5290850Z       ORDER BY [b].[Id]
2026-08-07T23:48:31.7675787Z info: Microsoft.EntityFrameworkCore.Database.Command[20101]
2026-08-07T23:48:31.7676595Z       Executed DbCommand (2ms) [Parameters=[], CommandType='Text', CommandTimeout='30']
2026-08-07T23:48:31.7676696Z       SELECT 1
2026-08-07T23:48:31.7698484Z info: Microsoft.EntityFrameworkCore.Database.Command[20101]
2026-08-07T23:48:31.7698936Z       Executed DbCommand (2ms) [Parameters=[], CommandType='Text', CommandTimeout='30']
2026-08-07T23:48:31.7699025Z       SELECT OBJECT_ID(N'[__EFMigrationsHistory]');
2026-08-07T23:48:31.7724141Z info: Microsoft.EntityFrameworkCore.Database.Command[20101]
2026-08-07T23:48:31.7724567Z       Executed DbCommand (2ms) [Parameters=[], CommandType='Text', CommandTimeout='30']
2026-08-07T23:48:31.7724697Z       SELECT [MigrationId], [ProductVersion]
2026-08-07T23:48:31.7724741Z       FROM [__EFMigrationsHistory]
2026-08-07T23:48:31.7724780Z       ORDER BY [MigrationId];
2026-08-07T23:48:31.7749187Z info: Microsoft.EntityFrameworkCore.Database.Command[20101]
2026-08-07T23:48:31.7749505Z       Executed DbCommand (2ms) [Parameters=[], CommandType='Text', CommandTimeout='30']
2026-08-07T23:48:31.7749623Z       SELECT TOP(1) [b].[BankAccountNumber]
2026-08-07T23:48:31.7749662Z       FROM [Beneficiaries] AS [b]
2026-08-07T23:48:31.7749698Z       ORDER BY [b].[Id]
2026-08-07T23:48:49.8363977Z info: Microsoft.EntityFrameworkCore.Database.Command[20101]
2026-08-07T23:48:49.8364891Z       Executed DbCommand (2ms) [Parameters=[], CommandType='Text', CommandTimeout='30']
2026-08-07T23:48:49.8364994Z       SELECT 1
2026-08-07T23:48:49.8379830Z info: Microsoft.EntityFrameworkCore.Database.Command[20101]
2026-08-07T23:48:49.8380329Z       Executed DbCommand (2ms) [Parameters=[], CommandType='Text', CommandTimeout='30']
2026-08-07T23:48:49.8380406Z       SELECT OBJECT_ID(N'[__EFMigrationsHistory]');
2026-08-07T23:48:49.8412534Z info: Microsoft.EntityFrameworkCore.Database.Command[20101]
2026-08-07T23:48:49.8412959Z       Executed DbCommand (2ms) [Parameters=[], CommandType='Text', CommandTimeout='30']
2026-08-07T23:48:49.8413038Z       SELECT [MigrationId], [ProductVersion]
2026-08-07T23:48:49.8413086Z       FROM [__EFMigrationsHistory]
2026-08-07T23:48:49.8413182Z       ORDER BY [MigrationId];
2026-08-07T23:48:49.8425058Z info: Microsoft.EntityFrameworkCore.Database.Command[20101]
2026-08-07T23:48:49.8425407Z       Executed DbCommand (1ms) [Parameters=[], CommandType='Text', CommandTimeout='30']
2026-08-07T23:48:49.8425477Z       SELECT TOP(1) [b].[BankAccountNumber]
2026-08-07T23:48:49.8425525Z       FROM [Beneficiaries] AS [b]
2026-08-07T23:48:49.8425712Z       ORDER BY [b].[Id]
2026-08-07T23:48:51.1217163Z info: Microsoft.EntityFrameworkCore.Database.Command[20101]
2026-08-07T23:48:51.1218025Z       Executed DbCommand (2ms) [Parameters=[], CommandType='Text', CommandTimeout='30']
2026-08-07T23:48:51.1218142Z       SELECT 1
2026-08-07T23:48:51.1232297Z info: Microsoft.EntityFrameworkCore.Database.Command[20101]
2026-08-07T23:48:51.1232848Z       Executed DbCommand (2ms) [Parameters=[], CommandType='Text', CommandTimeout='30']
2026-08-07T23:48:51.1232942Z       SELECT OBJECT_ID(N'[__EFMigrationsHistory]');
2026-08-07T23:48:51.1261861Z info: Microsoft.EntityFrameworkCore.Database.Command[20101]
2026-08-07T23:48:51.1262300Z       Executed DbCommand (2ms) [Parameters=[], CommandType='Text', CommandTimeout='30']
2026-08-07T23:48:51.1262435Z       SELECT [MigrationId], [ProductVersion]
2026-08-07T23:48:51.1262481Z       FROM [__EFMigrationsHistory]
2026-08-07T23:48:51.1262524Z       ORDER BY [MigrationId];
2026-08-07T23:48:51.1280148Z info: Microsoft.EntityFrameworkCore.Database.Command[20101]
2026-08-07T23:48:51.1280515Z       Executed DbCommand (1ms) [Parameters=[], CommandType='Text', CommandTimeout='30']
2026-08-07T23:48:51.1280734Z       SELECT TOP(1) [b].[BankAccountNumber]
2026-08-07T23:48:51.1280790Z       FROM [Beneficiaries] AS [b]
2026-08-07T23:48:51.1280832Z       ORDER BY [b].[Id]
2026-08-07T23:48:52.1691558Z info: Microsoft.EntityFrameworkCore.Database.Command[20101]
2026-08-07T23:48:52.1692591Z       Executed DbCommand (2ms) [Parameters=[], CommandType='Text', CommandTimeout='30']
2026-08-07T23:48:52.1692723Z       SELECT 1
2026-08-07T23:48:52.1722106Z info: Microsoft.EntityFrameworkCore.Database.Command[20101]
2026-08-07T23:48:52.1722626Z       Executed DbCommand (2ms) [Parameters=[], CommandType='Text', CommandTimeout='30']
2026-08-07T23:48:52.1722712Z       SELECT OBJECT_ID(N'[__EFMigrationsHistory]');
2026-08-07T23:48:52.1737671Z info: Microsoft.EntityFrameworkCore.Database.Command[20101]
2026-08-07T23:48:52.1742450Z       Executed DbCommand (2ms) [Parameters=[], CommandType='Text', CommandTimeout='30']
2026-08-07T23:48:52.1742665Z       SELECT [MigrationId], [ProductVersion]
2026-08-07T23:48:52.1742712Z       FROM [__EFMigrationsHistory]
2026-08-07T23:48:52.1742950Z       ORDER BY [MigrationId];
2026-08-07T23:48:52.1757269Z info: Microsoft.EntityFrameworkCore.Database.Command[20101]
2026-08-07T23:48:52.1757576Z       Executed DbCommand (1ms) [Parameters=[], CommandType='Text', CommandTimeout='30']
2026-08-07T23:48:52.1757649Z       SELECT TOP(1) [b].[BankAccountNumber]
2026-08-07T23:48:52.1757704Z       FROM [Beneficiaries] AS [b]
2026-08-07T23:48:52.1757789Z       ORDER BY [b].[Id]
2026-08-07T23:48:53.0476017Z info: Microsoft.EntityFrameworkCore.Database.Command[20101]
2026-08-07T23:48:53.0476779Z       Executed DbCommand (2ms) [Parameters=[], CommandType='Text', CommandTimeout='30']
2026-08-07T23:48:53.0476888Z       SELECT 1
2026-08-07T23:48:53.0493077Z info: Microsoft.EntityFrameworkCore.Database.Command[20101]
2026-08-07T23:48:53.0493660Z       Executed DbCommand (2ms) [Parameters=[], CommandType='Text', CommandTimeout='30']
2026-08-07T23:48:53.0493738Z       SELECT OBJECT_ID(N'[__EFMigrationsHistory]');
2026-08-07T23:48:53.0519112Z info: Microsoft.EntityFrameworkCore.Database.Command[20101]
2026-08-07T23:48:53.0519521Z       Executed DbCommand (1ms) [Parameters=[], CommandType='Text', CommandTimeout='30']
2026-08-07T23:48:53.0519646Z       SELECT [MigrationId], [ProductVersion]
2026-08-07T23:48:53.0519691Z       FROM [__EFMigrationsHistory]
2026-08-07T23:48:53.0519884Z       ORDER BY [MigrationId];
2026-08-07T23:48:53.0537125Z info: Microsoft.EntityFrameworkCore.Database.Command[20101]
2026-08-07T23:48:53.0537522Z       Executed DbCommand (1ms) [Parameters=[], CommandType='Text', CommandTimeout='30']
2026-08-07T23:48:53.0537588Z       SELECT TOP(1) [b].[BankAccountNumber]
2026-08-07T23:48:53.0537628Z       FROM [Beneficiaries] AS [b]
2026-08-07T23:48:53.0537667Z       ORDER BY [b].[Id]
2026-08-07T23:48:56.0730533Z info: Microsoft.EntityFrameworkCore.Database.Command[20101]
2026-08-07T23:48:56.0731256Z       Executed DbCommand (2ms) [Parameters=[], CommandType='Text', CommandTimeout='30']
2026-08-07T23:48:56.0731355Z       SELECT 1
2026-08-07T23:48:56.0747093Z info: Microsoft.EntityFrameworkCore.Database.Command[20101]
2026-08-07T23:48:56.0747566Z       Executed DbCommand (2ms) [Parameters=[], CommandType='Text', CommandTimeout='30']
2026-08-07T23:48:56.0747707Z       SELECT OBJECT_ID(N'[__EFMigrationsHistory]');
2026-08-07T23:48:56.0774346Z info: Microsoft.EntityFrameworkCore.Database.Command[20101]
2026-08-07T23:48:56.0774723Z       Executed DbCommand (2ms) [Parameters=[], CommandType='Text', CommandTimeout='30']
2026-08-07T23:48:56.0774800Z       SELECT [MigrationId], [ProductVersion]
2026-08-07T23:48:56.0774875Z       FROM [__EFMigrationsHistory]
2026-08-07T23:48:56.0775074Z       ORDER BY [MigrationId];
2026-08-07T23:48:56.0795497Z info: Microsoft.EntityFrameworkCore.Database.Command[20101]
2026-08-07T23:48:56.0795862Z       Executed DbCommand (1ms) [Parameters=[], CommandType='Text', CommandTimeout='30']
2026-08-07T23:48:56.0795947Z       SELECT TOP(1) [b].[BankAccountNumber]
2026-08-07T23:48:56.0796025Z       FROM [Beneficiaries] AS [b]
2026-08-07T23:48:56.0796062Z       ORDER BY [b].[Id]
2026-08-07T23:48:58.1573321Z info: Microsoft.EntityFrameworkCore.Database.Command[20101]
2026-08-07T23:48:58.1574256Z       Executed DbCommand (2ms) [Parameters=[], CommandType='Text', CommandTimeout='30']
2026-08-07T23:48:58.1574379Z       SELECT 1
2026-08-07T23:48:58.1588947Z info: Microsoft.EntityFrameworkCore.Database.Command[20101]
2026-08-07T23:48:58.1589374Z       Executed DbCommand (2ms) [Parameters=[], CommandType='Text', CommandTimeout='30']
2026-08-07T23:48:58.1589456Z       SELECT OBJECT_ID(N'[__EFMigrationsHistory]');
2026-08-07T23:48:58.1617370Z info: Microsoft.EntityFrameworkCore.Database.Command[20101]
2026-08-07T23:48:58.1617912Z       Executed DbCommand (2ms) [Parameters=[], CommandType='Text', CommandTimeout='30']
2026-08-07T23:48:58.1617994Z       SELECT [MigrationId], [ProductVersion]
2026-08-07T23:48:58.1618038Z       FROM [__EFMigrationsHistory]
2026-08-07T23:48:58.1618201Z       ORDER BY [MigrationId];
2026-08-07T23:48:58.1638163Z info: Microsoft.EntityFrameworkCore.Database.Command[20101]
2026-08-07T23:48:58.1638498Z       Executed DbCommand (1ms) [Parameters=[], CommandType='Text', CommandTimeout='30']
2026-08-07T23:48:58.1638566Z       SELECT TOP(1) [b].[BankAccountNumber]
2026-08-07T23:48:58.1638608Z       FROM [Beneficiaries] AS [b]
2026-08-07T23:48:58.1638649Z       ORDER BY [b].[Id]
2026-08-07T23:48:59.1621192Z info: Microsoft.EntityFrameworkCore.Database.Command[20101]
2026-08-07T23:48:59.1622035Z       Executed DbCommand (2ms) [Parameters=[], CommandType='Text', CommandTimeout='30']
2026-08-07T23:48:59.1622159Z       SELECT 1
2026-08-07T23:48:59.1648196Z info: Microsoft.EntityFrameworkCore.Database.Command[20101]
2026-08-07T23:48:59.1649160Z       Executed DbCommand (2ms) [Parameters=[], CommandType='Text', CommandTimeout='30']
2026-08-07T23:48:59.1649273Z       SELECT OBJECT_ID(N'[__EFMigrationsHistory]');
2026-08-07T23:48:59.1676349Z info: Microsoft.EntityFrameworkCore.Database.Command[20101]
2026-08-07T23:48:59.1676762Z       Executed DbCommand (2ms) [Parameters=[], CommandType='Text', CommandTimeout='30']
2026-08-07T23:48:59.1679045Z       SELECT [MigrationId], [ProductVersion]
2026-08-07T23:48:59.1679188Z       FROM [__EFMigrationsHistory]
2026-08-07T23:48:59.1679240Z       ORDER BY [MigrationId];
2026-08-07T23:48:59.1690169Z info: Microsoft.EntityFrameworkCore.Database.Command[20101]
2026-08-07T23:48:59.1690479Z       Executed DbCommand (1ms) [Parameters=[], CommandType='Text', CommandTimeout='30']
2026-08-07T23:48:59.1690592Z       SELECT TOP(1) [b].[BankAccountNumber]
2026-08-07T23:48:59.1690632Z       FROM [Beneficiaries] AS [b]
2026-08-07T23:48:59.1690669Z       ORDER BY [b].[Id]
2026-08-07T23:49:00.8851545Z info: Microsoft.EntityFrameworkCore.Database.Command[20101]
2026-08-07T23:49:00.8852418Z       Executed DbCommand (2ms) [Parameters=[], CommandType='Text', CommandTimeout='30']
2026-08-07T23:49:00.8852658Z       SELECT 1
2026-08-07T23:49:00.8870031Z info: Microsoft.EntityFrameworkCore.Database.Command[20101]
2026-08-07T23:49:00.8870454Z       Executed DbCommand (2ms) [Parameters=[], CommandType='Text', CommandTimeout='30']
2026-08-07T23:49:00.8870544Z       SELECT OBJECT_ID(N'[__EFMigrationsHistory]');
2026-08-07T23:49:00.8904456Z info: Microsoft.EntityFrameworkCore.Database.Command[20101]
2026-08-07T23:49:00.8904831Z       Executed DbCommand (2ms) [Parameters=[], CommandType='Text', CommandTimeout='30']
2026-08-07T23:49:00.8904905Z       SELECT [MigrationId], [ProductVersion]
2026-08-07T23:49:00.8904945Z       FROM [__EFMigrationsHistory]
2026-08-07T23:49:00.8904983Z       ORDER BY [MigrationId];
2026-08-07T23:49:00.8926279Z info: Microsoft.EntityFrameworkCore.Database.Command[20101]
2026-08-07T23:49:00.8926610Z       Executed DbCommand (1ms) [Parameters=[], CommandType='Text', CommandTimeout='30']
2026-08-07T23:49:00.8926944Z       SELECT TOP(1) [b].[BankAccountNumber]
2026-08-07T23:49:00.8926995Z       FROM [Beneficiaries] AS [b]
2026-08-07T23:49:00.8927035Z       ORDER BY [b].[Id]
2026-08-07T23:49:04.1523753Z info: Microsoft.EntityFrameworkCore.Database.Command[20101]
2026-08-07T23:49:04.1524688Z       Executed DbCommand (2ms) [Parameters=[], CommandType='Text', CommandTimeout='30']
2026-08-07T23:49:04.1524799Z       SELECT 1
2026-08-07T23:49:04.1540487Z info: Microsoft.EntityFrameworkCore.Database.Command[20101]
2026-08-07T23:49:04.1540992Z       Executed DbCommand (2ms) [Parameters=[], CommandType='Text', CommandTimeout='30']
2026-08-07T23:49:04.1541140Z       SELECT OBJECT_ID(N'[__EFMigrationsHistory]');
2026-08-07T23:49:04.1571085Z info: Microsoft.EntityFrameworkCore.Database.Command[20101]
2026-08-07T23:49:04.1571452Z       Executed DbCommand (1ms) [Parameters=[], CommandType='Text', CommandTimeout='30']
2026-08-07T23:49:04.1571527Z       SELECT [MigrationId], [ProductVersion]
2026-08-07T23:49:04.1571603Z       FROM [__EFMigrationsHistory]
2026-08-07T23:49:04.1571644Z       ORDER BY [MigrationId];
2026-08-07T23:49:04.1584798Z info: Microsoft.EntityFrameworkCore.Database.Command[20101]
2026-08-07T23:49:04.1585128Z       Executed DbCommand (1ms) [Parameters=[], CommandType='Text', CommandTimeout='30']
2026-08-07T23:49:04.1585196Z       SELECT TOP(1) [b].[BankAccountNumber]
2026-08-07T23:49:04.1585281Z       FROM [Beneficiaries] AS [b]
2026-08-07T23:49:04.1585324Z       ORDER BY [b].[Id]
2026-08-07T23:49:05.3328474Z info: Microsoft.EntityFrameworkCore.Database.Command[20101]
2026-08-07T23:49:05.3329305Z       Executed DbCommand (2ms) [Parameters=[], CommandType='Text', CommandTimeout='30']
2026-08-07T23:49:05.3329501Z       SELECT 1
2026-08-07T23:49:05.3346185Z info: Microsoft.EntityFrameworkCore.Database.Command[20101]
2026-08-07T23:49:05.3346750Z       Executed DbCommand (2ms) [Parameters=[], CommandType='Text', CommandTimeout='30']
2026-08-07T23:49:05.3347270Z       SELECT OBJECT_ID(N'[__EFMigrationsHistory]');
2026-08-07T23:49:05.3374287Z info: Microsoft.EntityFrameworkCore.Database.Command[20101]
2026-08-07T23:49:05.3374687Z       Executed DbCommand (1ms) [Parameters=[], CommandType='Text', CommandTimeout='30']
2026-08-07T23:49:05.3374763Z       SELECT [MigrationId], [ProductVersion]
2026-08-07T23:49:05.3374805Z       FROM [__EFMigrationsHistory]
2026-08-07T23:49:05.3374846Z       ORDER BY [MigrationId];
2026-08-07T23:49:05.3392763Z info: Microsoft.EntityFrameworkCore.Database.Command[20101]
2026-08-07T23:49:05.3393080Z       Executed DbCommand (2ms) [Parameters=[], CommandType='Text', CommandTimeout='30']
2026-08-07T23:49:05.3393154Z       SELECT TOP(1) [b].[BankAccountNumber]
2026-08-07T23:49:05.3393206Z       FROM [Beneficiaries] AS [b]
2026-08-07T23:49:05.3393252Z       ORDER BY [b].[Id]
2026-08-07T23:49:08.3601768Z info: Microsoft.EntityFrameworkCore.Database.Command[20101]
2026-08-07T23:49:08.3602787Z       Executed DbCommand (2ms) [Parameters=[], CommandType='Text', CommandTimeout='30']
2026-08-07T23:49:08.3602998Z       SELECT 1
2026-08-07T23:49:08.3631953Z info: Microsoft.EntityFrameworkCore.Database.Command[20101]
2026-08-07T23:49:08.3632678Z       Executed DbCommand (2ms) [Parameters=[], CommandType='Text', CommandTimeout='30']
2026-08-07T23:49:08.3632792Z       SELECT OBJECT_ID(N'[__EFMigrationsHistory]');
2026-08-07T23:49:08.3650957Z info: Microsoft.EntityFrameworkCore.Database.Command[20101]
2026-08-07T23:49:08.3651361Z       Executed DbCommand (1ms) [Parameters=[], CommandType='Text', CommandTimeout='30']
2026-08-07T23:49:08.3651501Z       SELECT [MigrationId], [ProductVersion]
2026-08-07T23:49:08.3651557Z       FROM [__EFMigrationsHistory]
2026-08-07T23:49:08.3651596Z       ORDER BY [MigrationId];
2026-08-07T23:49:08.3667397Z info: Microsoft.EntityFrameworkCore.Database.Command[20101]
2026-08-07T23:49:08.3667690Z       Executed DbCommand (1ms) [Parameters=[], CommandType='Text', CommandTimeout='30']
2026-08-07T23:49:08.3667802Z       SELECT TOP(1) [b].[BankAccountNumber]
2026-08-07T23:49:08.3667845Z       FROM [Beneficiaries] AS [b]
2026-08-07T23:49:08.3667885Z       ORDER BY [b].[Id]
2026-08-07T23:49:11.0563060Z info: Microsoft.EntityFrameworkCore.Database.Command[20101]
2026-08-07T23:49:11.0564206Z       Executed DbCommand (2ms) [Parameters=[], CommandType='Text', CommandTimeout='30']
2026-08-07T23:49:11.0564408Z       SELECT 1
2026-08-07T23:49:11.0580989Z info: Microsoft.EntityFrameworkCore.Database.Command[20101]
2026-08-07T23:49:11.0581698Z       Executed DbCommand (2ms) [Parameters=[], CommandType='Text', CommandTimeout='30']
2026-08-07T23:49:11.0581796Z       SELECT OBJECT_ID(N'[__EFMigrationsHistory]');
2026-08-07T23:49:11.0612869Z info: Microsoft.EntityFrameworkCore.Database.Command[20101]
2026-08-07T23:49:11.0613300Z       Executed DbCommand (2ms) [Parameters=[], CommandType='Text', CommandTimeout='30']
2026-08-07T23:49:11.0613398Z       SELECT [MigrationId], [ProductVersion]
2026-08-07T23:49:11.0613450Z       FROM [__EFMigrationsHistory]
2026-08-07T23:49:11.0621881Z       ORDER BY [MigrationId];
2026-08-07T23:49:11.0631290Z info: Microsoft.EntityFrameworkCore.Database.Command[20101]
2026-08-07T23:49:11.0631635Z       Executed DbCommand (1ms) [Parameters=[], CommandType='Text', CommandTimeout='30']
2026-08-07T23:49:11.0631705Z       SELECT TOP(1) [b].[BankAccountNumber]
2026-08-07T23:49:11.0631747Z       FROM [Beneficiaries] AS [b]
2026-08-07T23:49:11.0631828Z       ORDER BY [b].[Id]
2026-08-07T23:49:15.9553353Z info: Microsoft.EntityFrameworkCore.Database.Command[20101]
2026-08-07T23:49:15.9554197Z       Executed DbCommand (4ms) [Parameters=[], CommandType='Text', CommandTimeout='30']
2026-08-07T23:49:15.9554342Z       SELECT 1
2026-08-07T23:49:15.9581898Z info: Microsoft.EntityFrameworkCore.Database.Command[20101]
2026-08-07T23:49:15.9582489Z       Executed DbCommand (2ms) [Parameters=[], CommandType='Text', CommandTimeout='30']
2026-08-07T23:49:15.9582580Z       SELECT OBJECT_ID(N'[__EFMigrationsHistory]');
2026-08-07T23:49:15.9595671Z info: Microsoft.EntityFrameworkCore.Database.Command[20101]
2026-08-07T23:49:15.9596751Z       Executed DbCommand (1ms) [Parameters=[], CommandType='Text', CommandTimeout='30']
2026-08-07T23:49:15.9596922Z       SELECT [MigrationId], [ProductVersion]
2026-08-07T23:49:15.9596967Z       FROM [__EFMigrationsHistory]
2026-08-07T23:49:15.9597202Z       ORDER BY [MigrationId];
2026-08-07T23:49:15.9613759Z info: Microsoft.EntityFrameworkCore.Database.Command[20101]
2026-08-07T23:49:15.9614174Z       Executed DbCommand (1ms) [Parameters=[], CommandType='Text', CommandTimeout='30']
2026-08-07T23:49:15.9614341Z       SELECT TOP(1) [b].[BankAccountNumber]
2026-08-07T23:49:15.9614383Z       FROM [Beneficiaries] AS [b]
2026-08-07T23:49:15.9614419Z       ORDER BY [b].[Id]
2026-08-07T23:49:18.9065099Z info: Microsoft.EntityFrameworkCore.Database.Command[20101]
2026-08-07T23:49:18.9066043Z       Executed DbCommand (2ms) [Parameters=[], CommandType='Text', CommandTimeout='30']
2026-08-07T23:49:18.9066171Z       SELECT 1
2026-08-07T23:49:18.9092925Z info: Microsoft.EntityFrameworkCore.Database.Command[20101]
2026-08-07T23:49:18.9093421Z       Executed DbCommand (2ms) [Parameters=[], CommandType='Text', CommandTimeout='30']
2026-08-07T23:49:18.9093548Z       SELECT OBJECT_ID(N'[__EFMigrationsHistory]');
2026-08-07T23:49:18.9110342Z info: Microsoft.EntityFrameworkCore.Database.Command[20101]
2026-08-07T23:49:18.9110699Z       Executed DbCommand (2ms) [Parameters=[], CommandType='Text', CommandTimeout='30']
2026-08-07T23:49:18.9110776Z       SELECT [MigrationId], [ProductVersion]
2026-08-07T23:49:18.9110858Z       FROM [__EFMigrationsHistory]
2026-08-07T23:49:18.9110900Z       ORDER BY [MigrationId];
2026-08-07T23:49:18.9129977Z info: Microsoft.EntityFrameworkCore.Database.Command[20101]
2026-08-07T23:49:18.9130297Z       Executed DbCommand (1ms) [Parameters=[], CommandType='Text', CommandTimeout='30']
2026-08-07T23:49:18.9130370Z       SELECT TOP(1) [b].[BankAccountNumber]
2026-08-07T23:49:18.9130449Z       FROM [Beneficiaries] AS [b]
2026-08-07T23:49:18.9130491Z       ORDER BY [b].[Id]
2026-08-07T23:49:19.5747022Z info: Microsoft.EntityFrameworkCore.Database.Command[20101]
2026-08-07T23:49:19.5747973Z       Executed DbCommand (2ms) [Parameters=[], CommandType='Text', CommandTimeout='30']
2026-08-07T23:49:19.5748105Z       SELECT 1
2026-08-07T23:49:19.5774965Z info: Microsoft.EntityFrameworkCore.Database.Command[20101]
2026-08-07T23:49:19.5775732Z       Executed DbCommand (2ms) [Parameters=[], CommandType='Text', CommandTimeout='30']
2026-08-07T23:49:19.5775837Z       SELECT OBJECT_ID(N'[__EFMigrationsHistory]');
2026-08-07T23:49:19.5791344Z info: Microsoft.EntityFrameworkCore.Database.Command[20101]
2026-08-07T23:49:19.5791752Z       Executed DbCommand (1ms) [Parameters=[], CommandType='Text', CommandTimeout='30']
2026-08-07T23:49:19.5791841Z       SELECT [MigrationId], [ProductVersion]
2026-08-07T23:49:19.5791885Z       FROM [__EFMigrationsHistory]
2026-08-07T23:49:19.5791932Z       ORDER BY [MigrationId];
2026-08-07T23:49:19.5806553Z info: Microsoft.EntityFrameworkCore.Database.Command[20101]
2026-08-07T23:49:19.5807236Z       Executed DbCommand (1ms) [Parameters=[], CommandType='Text', CommandTimeout='30']
2026-08-07T23:49:19.5807315Z       SELECT TOP(1) [b].[BankAccountNumber]
2026-08-07T23:49:19.5807354Z       FROM [Beneficiaries] AS [b]
2026-08-07T23:49:19.5807396Z       ORDER BY [b].[Id]
2026-08-07T23:49:37.9626695Z info: Microsoft.EntityFrameworkCore.Database.Command[20101]
2026-08-07T23:49:37.9627480Z       Executed DbCommand (2ms) [Parameters=[], CommandType='Text', CommandTimeout='30']
2026-08-07T23:49:37.9627598Z       SELECT 1
2026-08-07T23:49:37.9643026Z info: Microsoft.EntityFrameworkCore.Database.Command[20101]
2026-08-07T23:49:37.9643574Z       Executed DbCommand (2ms) [Parameters=[], CommandType='Text', CommandTimeout='30']
2026-08-07T23:49:37.9643695Z       SELECT OBJECT_ID(N'[__EFMigrationsHistory]');
2026-08-07T23:49:37.9673594Z info: Microsoft.EntityFrameworkCore.Database.Command[20101]
2026-08-07T23:49:37.9674025Z       Executed DbCommand (1ms) [Parameters=[], CommandType='Text', CommandTimeout='30']
2026-08-07T23:49:37.9674103Z       SELECT [MigrationId], [ProductVersion]
2026-08-07T23:49:37.9676616Z       FROM [__EFMigrationsHistory]
2026-08-07T23:49:37.9676679Z       ORDER BY [MigrationId];
2026-08-07T23:49:37.9688644Z info: Microsoft.EntityFrameworkCore.Database.Command[20101]
2026-08-07T23:49:37.9688921Z       Executed DbCommand (1ms) [Parameters=[], CommandType='Text', CommandTimeout='30']
2026-08-07T23:49:37.9688990Z       SELECT TOP(1) [b].[BankAccountNumber]
2026-08-07T23:49:37.9689077Z       FROM [Beneficiaries] AS [b]
2026-08-07T23:49:37.9689116Z       ORDER BY [b].[Id]
2026-08-07T23:49:39.1097321Z info: Microsoft.EntityFrameworkCore.Database.Command[20101]
2026-08-07T23:49:39.1098116Z       Executed DbCommand (2ms) [Parameters=[], CommandType='Text', CommandTimeout='30']
2026-08-07T23:49:39.1098344Z       SELECT 1
2026-08-07T23:49:39.1121672Z info: Microsoft.EntityFrameworkCore.Database.Command[20101]
2026-08-07T23:49:39.1122321Z       Executed DbCommand (2ms) [Parameters=[], CommandType='Text', CommandTimeout='30']
2026-08-07T23:49:39.1122405Z       SELECT OBJECT_ID(N'[__EFMigrationsHistory]');
2026-08-07T23:49:39.1148691Z info: Microsoft.EntityFrameworkCore.Database.Command[20101]
2026-08-07T23:49:39.1149092Z       Executed DbCommand (1ms) [Parameters=[], CommandType='Text', CommandTimeout='30']
2026-08-07T23:49:39.1149749Z       SELECT [MigrationId], [ProductVersion]
2026-08-07T23:49:39.1149827Z       FROM [__EFMigrationsHistory]
2026-08-07T23:49:39.1149989Z       ORDER BY [MigrationId];
2026-08-07T23:49:39.1169386Z info: Microsoft.EntityFrameworkCore.Database.Command[20101]
2026-08-07T23:49:39.1169740Z       Executed DbCommand (1ms) [Parameters=[], CommandType='Text', CommandTimeout='30']
2026-08-07T23:49:39.1169912Z       SELECT TOP(1) [b].[BankAccountNumber]
2026-08-07T23:49:39.1169961Z       FROM [Beneficiaries] AS [b]
2026-08-07T23:49:39.1170048Z       ORDER BY [b].[Id]
2026-08-07T23:49:42.7452615Z info: Microsoft.EntityFrameworkCore.Database.Command[20101]
2026-08-07T23:49:42.7453480Z       Executed DbCommand (2ms) [Parameters=[], CommandType='Text', CommandTimeout='30']
2026-08-07T23:49:42.7453608Z       SELECT 1
2026-08-07T23:49:42.7591013Z info: Microsoft.EntityFrameworkCore.Database.Command[20101]
2026-08-07T23:49:42.7591889Z       Executed DbCommand (14ms) [Parameters=[], CommandType='Text', CommandTimeout='30']
2026-08-07T23:49:42.7591985Z       SELECT OBJECT_ID(N'[__EFMigrationsHistory]');
2026-08-07T23:49:42.7621240Z info: Microsoft.EntityFrameworkCore.Database.Command[20101]
2026-08-07T23:49:42.7621688Z       Executed DbCommand (2ms) [Parameters=[], CommandType='Text', CommandTimeout='30']
2026-08-07T23:49:42.7621828Z       SELECT [MigrationId], [ProductVersion]
2026-08-07T23:49:42.7621880Z       FROM [__EFMigrationsHistory]
2026-08-07T23:49:42.7621926Z       ORDER BY [MigrationId];
2026-08-07T23:49:42.7634027Z info: Microsoft.EntityFrameworkCore.Database.Command[20101]
2026-08-07T23:49:42.7634346Z       Executed DbCommand (1ms) [Parameters=[], CommandType='Text', CommandTimeout='30']
2026-08-07T23:49:42.7634458Z       SELECT TOP(1) [b].[BankAccountNumber]
2026-08-07T23:49:42.7634497Z       FROM [Beneficiaries] AS [b]
2026-08-07T23:49:42.7634533Z       ORDER BY [b].[Id]
2026-08-07T23:49:44.5337807Z info: Microsoft.EntityFrameworkCore.Database.Command[20101]
2026-08-07T23:49:44.5338700Z       Executed DbCommand (2ms) [Parameters=[], CommandType='Text', CommandTimeout='30']
2026-08-07T23:49:44.5338821Z       SELECT 1
2026-08-07T23:49:44.5367463Z info: Microsoft.EntityFrameworkCore.Database.Command[20101]
2026-08-07T23:49:44.5368033Z       Executed DbCommand (2ms) [Parameters=[], CommandType='Text', CommandTimeout='30']
2026-08-07T23:49:44.5368142Z       SELECT OBJECT_ID(N'[__EFMigrationsHistory]');
2026-08-07T23:49:44.5390462Z info: Microsoft.EntityFrameworkCore.Database.Command[20101]
2026-08-07T23:49:44.5390828Z       Executed DbCommand (2ms) [Parameters=[], CommandType='Text', CommandTimeout='30']
2026-08-07T23:49:44.5390916Z       SELECT [MigrationId], [ProductVersion]
2026-08-07T23:49:44.5390970Z       FROM [__EFMigrationsHistory]
2026-08-07T23:49:44.5394126Z       ORDER BY [MigrationId];
2026-08-07T23:49:44.5415225Z info: Microsoft.EntityFrameworkCore.Database.Command[20101]
2026-08-07T23:49:44.5415529Z       Executed DbCommand (1ms) [Parameters=[], CommandType='Text', CommandTimeout='30']
2026-08-07T23:49:44.5415600Z       SELECT TOP(1) [b].[BankAccountNumber]
2026-08-07T23:49:44.5415648Z       FROM [Beneficiaries] AS [b]
2026-08-07T23:49:44.5415723Z       ORDER BY [b].[Id]
2026-08-07T23:49:46.3290810Z info: Microsoft.EntityFrameworkCore.Database.Command[20101]
2026-08-07T23:49:46.3291597Z       Executed DbCommand (2ms) [Parameters=[], CommandType='Text', CommandTimeout='30']
2026-08-07T23:49:46.3291716Z       SELECT 1
2026-08-07T23:49:46.3307868Z info: Microsoft.EntityFrameworkCore.Database.Command[20101]
2026-08-07T23:49:46.3308287Z       Executed DbCommand (2ms) [Parameters=[], CommandType='Text', CommandTimeout='30']
2026-08-07T23:49:46.3308456Z       SELECT OBJECT_ID(N'[__EFMigrationsHistory]');
2026-08-07T23:49:46.3335091Z info: Microsoft.EntityFrameworkCore.Database.Command[20101]
2026-08-07T23:49:46.3335444Z       Executed DbCommand (1ms) [Parameters=[], CommandType='Text', CommandTimeout='30']
2026-08-07T23:49:46.3335557Z       SELECT [MigrationId], [ProductVersion]
2026-08-07T23:49:46.3335600Z       FROM [__EFMigrationsHistory]
2026-08-07T23:49:46.3335639Z       ORDER BY [MigrationId];
2026-08-07T23:49:46.3353965Z info: Microsoft.EntityFrameworkCore.Database.Command[20101]
2026-08-07T23:49:46.3354315Z       Executed DbCommand (1ms) [Parameters=[], CommandType='Text', CommandTimeout='30']
2026-08-07T23:49:46.3354383Z       SELECT TOP(1) [b].[BankAccountNumber]
2026-08-07T23:49:46.3354424Z       FROM [Beneficiaries] AS [b]
2026-08-07T23:49:46.3354461Z       ORDER BY [b].[Id]
2026-08-07T23:49:48.5362902Z info: Microsoft.EntityFrameworkCore.Database.Command[20101]
2026-08-07T23:49:48.5363663Z       Executed DbCommand (2ms) [Parameters=[], CommandType='Text', CommandTimeout='30']
2026-08-07T23:49:48.5363795Z       SELECT 1
2026-08-07T23:49:48.5373986Z info: Microsoft.EntityFrameworkCore.Database.Command[20101]
2026-08-07T23:49:48.5374309Z       Executed DbCommand (2ms) [Parameters=[], CommandType='Text', CommandTimeout='30']
2026-08-07T23:49:48.5374451Z       SELECT OBJECT_ID(N'[__EFMigrationsHistory]');
2026-08-07T23:49:48.5403993Z info: Microsoft.EntityFrameworkCore.Database.Command[20101]
2026-08-07T23:49:48.5404400Z       Executed DbCommand (2ms) [Parameters=[], CommandType='Text', CommandTimeout='30']
2026-08-07T23:49:48.5411257Z       SELECT [MigrationId], [ProductVersion]
2026-08-07T23:49:48.5411387Z       FROM [__EFMigrationsHistory]
2026-08-07T23:49:48.5411713Z       ORDER BY [MigrationId];
2026-08-07T23:49:48.5424656Z info: Microsoft.EntityFrameworkCore.Database.Command[20101]
2026-08-07T23:49:48.5425035Z       Executed DbCommand (1ms) [Parameters=[], CommandType='Text', CommandTimeout='30']
2026-08-07T23:49:48.5425131Z       SELECT TOP(1) [b].[BankAccountNumber]
2026-08-07T23:49:48.5425349Z       FROM [Beneficiaries] AS [b]
2026-08-07T23:49:48.5425414Z       ORDER BY [b].[Id]
2026-08-07T23:49:49.5933334Z info: Microsoft.EntityFrameworkCore.Database.Command[20101]
2026-08-07T23:49:49.5934160Z       Executed DbCommand (2ms) [Parameters=[], CommandType='Text', CommandTimeout='30']
2026-08-07T23:49:49.5934267Z       SELECT 1
2026-08-07T23:49:49.5968444Z info: Microsoft.EntityFrameworkCore.Database.Command[20101]
2026-08-07T23:49:49.5968972Z       Executed DbCommand (2ms) [Parameters=[], CommandType='Text', CommandTimeout='30']
2026-08-07T23:49:49.5969051Z       SELECT OBJECT_ID(N'[__EFMigrationsHistory]');
2026-08-07T23:49:49.5985122Z info: Microsoft.EntityFrameworkCore.Database.Command[20101]
2026-08-07T23:49:49.5985554Z       Executed DbCommand (2ms) [Parameters=[], CommandType='Text', CommandTimeout='30']
2026-08-07T23:49:49.5985719Z       SELECT [MigrationId], [ProductVersion]
2026-08-07T23:49:49.5985764Z       FROM [__EFMigrationsHistory]
2026-08-07T23:49:49.5985812Z       ORDER BY [MigrationId];
2026-08-07T23:49:49.6007467Z info: Microsoft.EntityFrameworkCore.Database.Command[20101]
2026-08-07T23:49:49.6008048Z       Executed DbCommand (2ms) [Parameters=[], CommandType='Text', CommandTimeout='30']
2026-08-07T23:49:49.6008115Z       SELECT TOP(1) [b].[BankAccountNumber]
2026-08-07T23:49:49.6008157Z       FROM [Beneficiaries] AS [b]
2026-08-07T23:49:49.6008196Z       ORDER BY [b].[Id]
2026-08-07T23:49:51.6338286Z info: Microsoft.EntityFrameworkCore.Database.Command[20101]
2026-08-07T23:49:51.6341386Z       Executed DbCommand (2ms) [Parameters=[], CommandType='Text', CommandTimeout='30']
2026-08-07T23:49:51.6341547Z       SELECT 1
2026-08-07T23:49:51.6354608Z info: Microsoft.EntityFrameworkCore.Database.Command[20101]
2026-08-07T23:49:51.6355024Z       Executed DbCommand (2ms) [Parameters=[], CommandType='Text', CommandTimeout='30']
2026-08-07T23:49:51.6355148Z       SELECT OBJECT_ID(N'[__EFMigrationsHistory]');
2026-08-07T23:49:51.6381218Z info: Microsoft.EntityFrameworkCore.Database.Command[20101]
2026-08-07T23:49:51.6381575Z       Executed DbCommand (1ms) [Parameters=[], CommandType='Text', CommandTimeout='30']
2026-08-07T23:49:51.6381644Z       SELECT [MigrationId], [ProductVersion]
2026-08-07T23:49:51.6381726Z       FROM [__EFMigrationsHistory]
2026-08-07T23:49:51.6381772Z       ORDER BY [MigrationId];
2026-08-07T23:49:51.6402218Z info: Microsoft.EntityFrameworkCore.Database.Command[20101]
2026-08-07T23:49:51.6402567Z       Executed DbCommand (1ms) [Parameters=[], CommandType='Text', CommandTimeout='30']
2026-08-07T23:49:51.6407020Z       SELECT TOP(1) [b].[BankAccountNumber]
2026-08-07T23:49:51.6407126Z       FROM [Beneficiaries] AS [b]
2026-08-07T23:49:51.6407170Z       ORDER BY [b].[Id]
2026-08-07T23:49:52.1771400Z info: Microsoft.EntityFrameworkCore.Database.Command[20101]
2026-08-07T23:49:52.1774941Z       Executed DbCommand (9ms) [Parameters=[], CommandType='Text', CommandTimeout='30']
2026-08-07T23:49:52.1775191Z       SELECT 1
2026-08-07T23:49:52.1798734Z info: Microsoft.EntityFrameworkCore.Database.Command[20101]
2026-08-07T23:49:52.1799242Z       Executed DbCommand (2ms) [Parameters=[], CommandType='Text', CommandTimeout='30']
2026-08-07T23:49:52.1800921Z       SELECT OBJECT_ID(N'[__EFMigrationsHistory]');
2026-08-07T23:49:52.1818102Z info: Microsoft.EntityFrameworkCore.Database.Command[20101]
2026-08-07T23:49:52.1818455Z       Executed DbCommand (2ms) [Parameters=[], CommandType='Text', CommandTimeout='30']
2026-08-07T23:49:52.1818528Z       SELECT [MigrationId], [ProductVersion]
2026-08-07T23:49:52.1818578Z       FROM [__EFMigrationsHistory]
2026-08-07T23:49:52.1818625Z       ORDER BY [MigrationId];
2026-08-07T23:49:52.1834678Z info: Microsoft.EntityFrameworkCore.Database.Command[20101]
2026-08-07T23:49:52.1835003Z       Executed DbCommand (1ms) [Parameters=[], CommandType='Text', CommandTimeout='30']
2026-08-07T23:49:52.1835073Z       SELECT TOP(1) [b].[BankAccountNumber]
2026-08-07T23:49:52.1835116Z       FROM [Beneficiaries] AS [b]
2026-08-07T23:49:52.1835152Z       ORDER BY [b].[Id]
2026-08-07T23:49:52.4787672Z info: Microsoft.EntityFrameworkCore.Database.Command[20101]
2026-08-07T23:49:52.4806162Z       Executed DbCommand (4ms) [Parameters=[], CommandType='Text', CommandTimeout='30']
2026-08-07T23:49:52.4806315Z       SELECT 1
2026-08-07T23:49:52.4814647Z info: Microsoft.EntityFrameworkCore.Database.Command[20101]
2026-08-07T23:49:52.4815029Z       Executed DbCommand (2ms) [Parameters=[], CommandType='Text', CommandTimeout='30']
2026-08-07T23:49:52.4815113Z       SELECT OBJECT_ID(N'[__EFMigrationsHistory]');
2026-08-07T23:49:52.4821630Z info: Microsoft.EntityFrameworkCore.Database.Command[20101]
2026-08-07T23:49:52.4821893Z       Executed DbCommand (2ms) [Parameters=[], CommandType='Text', CommandTimeout='30']
2026-08-07T23:49:52.4822017Z       SELECT [MigrationId], [ProductVersion]
2026-08-07T23:49:52.4822064Z       FROM [__EFMigrationsHistory]
2026-08-07T23:49:52.4822109Z       ORDER BY [MigrationId];
2026-08-07T23:49:52.4863312Z info: Microsoft.EntityFrameworkCore.Database.Command[20101]
2026-08-07T23:49:52.4863644Z       Executed DbCommand (3ms) [Parameters=[], CommandType='Text', CommandTimeout='30']
2026-08-07T23:49:52.4863761Z       SELECT TOP(1) [b].[BankAccountNumber]
2026-08-07T23:49:52.4863803Z       FROM [Beneficiaries] AS [b]
2026-08-07T23:49:52.4863844Z       ORDER BY [b].[Id]
2026-08-07T23:49:52.6507848Z info: Microsoft.EntityFrameworkCore.Database.Command[20101]
2026-08-07T23:49:52.6508642Z       Executed DbCommand (2ms) [Parameters=[], CommandType='Text', CommandTimeout='30']
2026-08-07T23:49:52.6508755Z       SELECT 1
2026-08-07T23:49:52.6524066Z info: Microsoft.EntityFrameworkCore.Database.Command[20101]
2026-08-07T23:49:52.6527198Z       Executed DbCommand (2ms) [Parameters=[], CommandType='Text', CommandTimeout='30']
2026-08-07T23:49:52.6527327Z       SELECT OBJECT_ID(N'[__EFMigrationsHistory]');
2026-08-07T23:49:52.6565114Z info: Microsoft.EntityFrameworkCore.Database.Command[20101]
2026-08-07T23:49:52.6565529Z       Executed DbCommand (3ms) [Parameters=[], CommandType='Text', CommandTimeout='30']
2026-08-07T23:49:52.6565671Z       SELECT [MigrationId], [ProductVersion]
2026-08-07T23:49:52.6565719Z       FROM [__EFMigrationsHistory]
2026-08-07T23:49:52.6565762Z       ORDER BY [MigrationId];
2026-08-07T23:49:52.6586363Z info: Microsoft.EntityFrameworkCore.Database.Command[20101]
2026-08-07T23:49:52.6586805Z       Executed DbCommand (1ms) [Parameters=[], CommandType='Text', CommandTimeout='30']
2026-08-07T23:49:52.6588726Z       SELECT TOP(1) [b].[BankAccountNumber]
2026-08-07T23:49:52.6588810Z       FROM [Beneficiaries] AS [b]
2026-08-07T23:49:52.6588853Z       ORDER BY [b].[Id]
2026-08-07T23:49:58.3490971Z info: Microsoft.EntityFrameworkCore.Database.Command[20101]
2026-08-07T23:49:58.3491827Z       Executed DbCommand (2ms) [Parameters=[], CommandType='Text', CommandTimeout='30']
2026-08-07T23:49:58.3491926Z       SELECT 1
2026-08-07T23:49:58.3520102Z info: Microsoft.EntityFrameworkCore.Database.Command[20101]
2026-08-07T23:49:58.3520704Z       Executed DbCommand (2ms) [Parameters=[], CommandType='Text', CommandTimeout='30']
2026-08-07T23:49:58.3520795Z       SELECT OBJECT_ID(N'[__EFMigrationsHistory]');
2026-08-07T23:49:58.3541005Z info: Microsoft.EntityFrameworkCore.Database.Command[20101]
2026-08-07T23:49:58.3541438Z       Executed DbCommand (2ms) [Parameters=[], CommandType='Text', CommandTimeout='30']
2026-08-07T23:49:58.3541515Z       SELECT [MigrationId], [ProductVersion]
2026-08-07T23:49:58.3541555Z       FROM [__EFMigrationsHistory]
2026-08-07T23:49:58.3541644Z       ORDER BY [MigrationId];
2026-08-07T23:49:58.3554462Z info: Microsoft.EntityFrameworkCore.Database.Command[20101]
2026-08-07T23:49:58.3554785Z       Executed DbCommand (1ms) [Parameters=[], CommandType='Text', CommandTimeout='30']
2026-08-07T23:49:58.3554851Z       SELECT TOP(1) [b].[BankAccountNumber]
2026-08-07T23:49:58.3554891Z       FROM [Beneficiaries] AS [b]
2026-08-07T23:49:58.3555280Z       ORDER BY [b].[Id]
2026-08-07T23:50:00.9226490Z info: Microsoft.EntityFrameworkCore.Database.Command[20101]
2026-08-07T23:50:00.9227364Z       Executed DbCommand (2ms) [Parameters=[], CommandType='Text', CommandTimeout='30']
2026-08-07T23:50:00.9227494Z       SELECT 1
2026-08-07T23:50:00.9241276Z info: Microsoft.EntityFrameworkCore.Database.Command[20101]
2026-08-07T23:50:00.9241665Z       Executed DbCommand (1ms) [Parameters=[], CommandType='Text', CommandTimeout='30']
2026-08-07T23:50:00.9241835Z       SELECT OBJECT_ID(N'[__EFMigrationsHistory]');
2026-08-07T23:50:00.9272884Z info: Microsoft.EntityFrameworkCore.Database.Command[20101]
2026-08-07T23:50:00.9273184Z       Executed DbCommand (1ms) [Parameters=[], CommandType='Text', CommandTimeout='30']
2026-08-07T23:50:00.9273296Z       SELECT [MigrationId], [ProductVersion]
2026-08-07T23:50:00.9273345Z       FROM [__EFMigrationsHistory]
2026-08-07T23:50:00.9273393Z       ORDER BY [MigrationId];
2026-08-07T23:50:00.9290956Z info: Microsoft.EntityFrameworkCore.Database.Command[20101]
2026-08-07T23:50:00.9291240Z       Executed DbCommand (1ms) [Parameters=[], CommandType='Text', CommandTimeout='30']
2026-08-07T23:50:00.9291356Z       SELECT TOP(1) [b].[BankAccountNumber]
2026-08-07T23:50:00.9291404Z       FROM [Beneficiaries] AS [b]
2026-08-07T23:50:00.9295771Z       ORDER BY [b].[Id]
2026-08-07T23:50:07.1068125Z info: Microsoft.EntityFrameworkCore.Database.Command[20101]
2026-08-07T23:50:07.1069027Z       Executed DbCommand (2ms) [Parameters=[], CommandType='Text', CommandTimeout='30']
2026-08-07T23:50:07.1069132Z       SELECT 1
2026-08-07T23:50:07.1096447Z info: Microsoft.EntityFrameworkCore.Database.Command[20101]
2026-08-07T23:50:07.1096933Z       Executed DbCommand (2ms) [Parameters=[], CommandType='Text', CommandTimeout='30']
2026-08-07T23:50:07.1097013Z       SELECT OBJECT_ID(N'[__EFMigrationsHistory]');
2026-08-07T23:50:07.1111588Z info: Microsoft.EntityFrameworkCore.Database.Command[20101]
2026-08-07T23:50:07.1112001Z       Executed DbCommand (2ms) [Parameters=[], CommandType='Text', CommandTimeout='30']
2026-08-07T23:50:07.1112068Z       SELECT [MigrationId], [ProductVersion]
2026-08-07T23:50:07.1112203Z       FROM [__EFMigrationsHistory]
2026-08-07T23:50:07.1112296Z       ORDER BY [MigrationId];
2026-08-07T23:50:07.1129133Z info: Microsoft.EntityFrameworkCore.Database.Command[20101]
2026-08-07T23:50:07.1129433Z       Executed DbCommand (1ms) [Parameters=[], CommandType='Text', CommandTimeout='30']
2026-08-07T23:50:07.1129499Z       SELECT TOP(1) [b].[BankAccountNumber]
2026-08-07T23:50:07.1129538Z       FROM [Beneficiaries] AS [b]
2026-08-07T23:50:07.1129712Z       ORDER BY [b].[Id]
2026-08-07T23:50:13.8614694Z info: Microsoft.EntityFrameworkCore.Database.Command[20101]
2026-08-07T23:50:13.8615534Z       Executed DbCommand (2ms) [Parameters=[], CommandType='Text', CommandTimeout='30']
2026-08-07T23:50:13.8615671Z       SELECT 1
2026-08-07T23:50:13.8645748Z info: Microsoft.EntityFrameworkCore.Database.Command[20101]
2026-08-07T23:50:13.8646328Z       Executed DbCommand (2ms) [Parameters=[], CommandType='Text', CommandTimeout='30']
2026-08-07T23:50:13.8646441Z       SELECT OBJECT_ID(N'[__EFMigrationsHistory]');
2026-08-07T23:50:13.8660733Z info: Microsoft.EntityFrameworkCore.Database.Command[20101]
2026-08-07T23:50:13.8661146Z       Executed DbCommand (2ms) [Parameters=[], CommandType='Text', CommandTimeout='30']
2026-08-07T23:50:13.8661273Z       SELECT [MigrationId], [ProductVersion]
2026-08-07T23:50:13.8661315Z       FROM [__EFMigrationsHistory]
2026-08-07T23:50:13.8662428Z       ORDER BY [MigrationId];
2026-08-07T23:50:13.8679067Z info: Microsoft.EntityFrameworkCore.Database.Command[20101]
2026-08-07T23:50:13.8679479Z       Executed DbCommand (1ms) [Parameters=[], CommandType='Text', CommandTimeout='30']
2026-08-07T23:50:13.8679553Z       SELECT TOP(1) [b].[BankAccountNumber]
2026-08-07T23:50:13.8679597Z       FROM [Beneficiaries] AS [b]
2026-08-07T23:50:13.8679641Z       ORDER BY [b].[Id]
2026-08-07T23:50:16.5043904Z info: Microsoft.EntityFrameworkCore.Database.Command[20101]
2026-08-07T23:50:16.5044799Z       Executed DbCommand (2ms) [Parameters=[], CommandType='Text', CommandTimeout='30']
2026-08-07T23:50:16.5044907Z       SELECT 1
2026-08-07T23:50:16.5071629Z info: Microsoft.EntityFrameworkCore.Database.Command[20101]
2026-08-07T23:50:16.5074274Z       Executed DbCommand (2ms) [Parameters=[], CommandType='Text', CommandTimeout='30']
2026-08-07T23:50:16.5074446Z       SELECT OBJECT_ID(N'[__EFMigrationsHistory]');
2026-08-07T23:50:16.5090017Z info: Microsoft.EntityFrameworkCore.Database.Command[20101]
2026-08-07T23:50:16.5090444Z       Executed DbCommand (2ms) [Parameters=[], CommandType='Text', CommandTimeout='30']
2026-08-07T23:50:16.5090519Z       SELECT [MigrationId], [ProductVersion]
2026-08-07T23:50:16.5090564Z       FROM [__EFMigrationsHistory]
2026-08-07T23:50:16.5090633Z       ORDER BY [MigrationId];
2026-08-07T23:50:16.5104306Z info: Microsoft.EntityFrameworkCore.Database.Command[20101]
2026-08-07T23:50:16.5104657Z       Executed DbCommand (1ms) [Parameters=[], CommandType='Text', CommandTimeout='30']
2026-08-07T23:50:16.5104729Z       SELECT TOP(1) [b].[BankAccountNumber]
2026-08-07T23:50:16.5104766Z       FROM [Beneficiaries] AS [b]
2026-08-07T23:50:16.5104849Z       ORDER BY [b].[Id]
2026-08-07T23:50:21.0322052Z info: Microsoft.EntityFrameworkCore.Database.Command[20101]
2026-08-07T23:50:21.0322920Z       Executed DbCommand (2ms) [Parameters=[], CommandType='Text', CommandTimeout='30']
2026-08-07T23:50:21.0323058Z       SELECT 1
2026-08-07T23:50:21.0339670Z info: Microsoft.EntityFrameworkCore.Database.Command[20101]
2026-08-07T23:50:21.0341441Z       Executed DbCommand (2ms) [Parameters=[], CommandType='Text', CommandTimeout='30']
2026-08-07T23:50:21.0341577Z       SELECT OBJECT_ID(N'[__EFMigrationsHistory]');
2026-08-07T23:50:21.0369773Z info: Microsoft.EntityFrameworkCore.Database.Command[20101]
2026-08-07T23:50:21.0370204Z       Executed DbCommand (1ms) [Parameters=[], CommandType='Text', CommandTimeout='30']
2026-08-07T23:50:21.0370283Z       SELECT [MigrationId], [ProductVersion]
2026-08-07T23:50:21.0370327Z       FROM [__EFMigrationsHistory]
2026-08-07T23:50:21.0370371Z       ORDER BY [MigrationId];
2026-08-07T23:50:21.0383034Z info: Microsoft.EntityFrameworkCore.Database.Command[20101]
2026-08-07T23:50:21.0383440Z       Executed DbCommand (1ms) [Parameters=[], CommandType='Text', CommandTimeout='30']
2026-08-07T23:50:21.0383509Z       SELECT TOP(1) [b].[BankAccountNumber]
2026-08-07T23:50:21.0383549Z       FROM [Beneficiaries] AS [b]
2026-08-07T23:50:21.0383588Z       ORDER BY [b].[Id]
2026-08-07T23:50:22.5857277Z info: Microsoft.EntityFrameworkCore.Database.Command[20101]
2026-08-07T23:50:22.5858163Z       Executed DbCommand (2ms) [Parameters=[], CommandType='Text', CommandTimeout='30']
2026-08-07T23:50:22.5858283Z       SELECT 1
2026-08-07T23:50:22.5887693Z info: Microsoft.EntityFrameworkCore.Database.Command[20101]
2026-08-07T23:50:22.5888462Z       Executed DbCommand (2ms) [Parameters=[], CommandType='Text', CommandTimeout='30']
2026-08-07T23:50:22.5888661Z       SELECT OBJECT_ID(N'[__EFMigrationsHistory]');
2026-08-07T23:50:22.5908330Z info: Microsoft.EntityFrameworkCore.Database.Command[20101]
2026-08-07T23:50:22.5908807Z       Executed DbCommand (2ms) [Parameters=[], CommandType='Text', CommandTimeout='30']
2026-08-07T23:50:22.5908895Z       SELECT [MigrationId], [ProductVersion]
2026-08-07T23:50:22.5909000Z       FROM [__EFMigrationsHistory]
2026-08-07T23:50:22.5917336Z       ORDER BY [MigrationId];
2026-08-07T23:50:22.5928717Z info: Microsoft.EntityFrameworkCore.Database.Command[20101]
2026-08-07T23:50:22.5929083Z       Executed DbCommand (1ms) [Parameters=[], CommandType='Text', CommandTimeout='30']
2026-08-07T23:50:22.5929193Z       SELECT TOP(1) [b].[BankAccountNumber]
2026-08-07T23:50:22.5929323Z       FROM [Beneficiaries] AS [b]
2026-08-07T23:50:22.5929361Z       ORDER BY [b].[Id]
2026-08-07T23:50:23.2721424Z info: Microsoft.EntityFrameworkCore.Database.Command[20101]
2026-08-07T23:50:23.2722135Z       Executed DbCommand (2ms) [Parameters=[], CommandType='Text', CommandTimeout='30']
2026-08-07T23:50:23.2722296Z       SELECT 1
2026-08-07T23:50:23.2737197Z info: Microsoft.EntityFrameworkCore.Database.Command[20101]
2026-08-07T23:50:23.2737605Z       Executed DbCommand (1ms) [Parameters=[], CommandType='Text', CommandTimeout='30']
2026-08-07T23:50:23.2737690Z       SELECT OBJECT_ID(N'[__EFMigrationsHistory]');
2026-08-07T23:50:23.2761491Z info: Microsoft.EntityFrameworkCore.Database.Command[20101]
2026-08-07T23:50:23.2761858Z       Executed DbCommand (1ms) [Parameters=[], CommandType='Text', CommandTimeout='30']
2026-08-07T23:50:23.2761942Z       SELECT [MigrationId], [ProductVersion]
2026-08-07T23:50:23.2761992Z       FROM [__EFMigrationsHistory]
2026-08-07T23:50:23.2762040Z       ORDER BY [MigrationId];
2026-08-07T23:50:23.2783823Z info: Microsoft.EntityFrameworkCore.Database.Command[20101]
2026-08-07T23:50:23.2784139Z       Executed DbCommand (1ms) [Parameters=[], CommandType='Text', CommandTimeout='30']
2026-08-07T23:50:23.2784206Z       SELECT TOP(1) [b].[BankAccountNumber]
2026-08-07T23:50:23.2784246Z       FROM [Beneficiaries] AS [b]
2026-08-07T23:50:23.2784283Z       ORDER BY [b].[Id]
2026-08-07T23:50:28.1376629Z info: Microsoft.EntityFrameworkCore.Database.Command[20101]
2026-08-07T23:50:28.1377659Z       Executed DbCommand (3ms) [Parameters=[], CommandType='Text', CommandTimeout='30']
2026-08-07T23:50:28.1377763Z       SELECT 1
2026-08-07T23:50:28.1393955Z info: Microsoft.EntityFrameworkCore.Database.Command[20101]
2026-08-07T23:50:28.1394564Z       Executed DbCommand (2ms) [Parameters=[], CommandType='Text', CommandTimeout='30']
2026-08-07T23:50:28.1394719Z       SELECT OBJECT_ID(N'[__EFMigrationsHistory]');
2026-08-07T23:50:28.1423497Z info: Microsoft.EntityFrameworkCore.Database.Command[20101]
2026-08-07T23:50:28.1423868Z       Executed DbCommand (1ms) [Parameters=[], CommandType='Text', CommandTimeout='30']
2026-08-07T23:50:28.1423952Z       SELECT [MigrationId], [ProductVersion]
2026-08-07T23:50:28.1424044Z       FROM [__EFMigrationsHistory]
2026-08-07T23:50:28.1430116Z       ORDER BY [MigrationId];
2026-08-07T23:50:28.1442766Z info: Microsoft.EntityFrameworkCore.Database.Command[20101]
2026-08-07T23:50:28.1443088Z       Executed DbCommand (1ms) [Parameters=[], CommandType='Text', CommandTimeout='30']
2026-08-07T23:50:28.1443204Z       SELECT TOP(1) [b].[BankAccountNumber]
2026-08-07T23:50:28.1443249Z       FROM [Beneficiaries] AS [b]
2026-08-07T23:50:28.1443290Z       ORDER BY [b].[Id]
2026-08-07T23:50:29.8632654Z info: Microsoft.EntityFrameworkCore.Database.Command[20101]
2026-08-07T23:50:29.8633650Z       Executed DbCommand (2ms) [Parameters=[], CommandType='Text', CommandTimeout='30']
2026-08-07T23:50:29.8633868Z       SELECT 1
2026-08-07T23:50:29.8648991Z info: Microsoft.EntityFrameworkCore.Database.Command[20101]
2026-08-07T23:50:29.8649611Z       Executed DbCommand (2ms) [Parameters=[], CommandType='Text', CommandTimeout='30']
2026-08-07T23:50:29.8649718Z       SELECT OBJECT_ID(N'[__EFMigrationsHistory]');
2026-08-07T23:50:29.8677685Z info: Microsoft.EntityFrameworkCore.Database.Command[20101]
2026-08-07T23:50:29.8678121Z       Executed DbCommand (1ms) [Parameters=[], CommandType='Text', CommandTimeout='30']
2026-08-07T23:50:29.8678213Z       SELECT [MigrationId], [ProductVersion]
2026-08-07T23:50:29.8678272Z       FROM [__EFMigrationsHistory]
2026-08-07T23:50:29.8678325Z       ORDER BY [MigrationId];
2026-08-07T23:50:29.8694697Z info: Microsoft.EntityFrameworkCore.Database.Command[20101]
2026-08-07T23:50:29.8695058Z       Executed DbCommand (1ms) [Parameters=[], CommandType='Text', CommandTimeout='30']
2026-08-07T23:50:29.8695241Z       SELECT TOP(1) [b].[BankAccountNumber]
2026-08-07T23:50:29.8695305Z       FROM [Beneficiaries] AS [b]
2026-08-07T23:50:29.8695352Z       ORDER BY [b].[Id]
2026-08-07T23:50:29.9208933Z info: Microsoft.EntityFrameworkCore.Database.Command[20101]
2026-08-07T23:50:29.9209805Z       Executed DbCommand (2ms) [Parameters=[], CommandType='Text', CommandTimeout='30']
2026-08-07T23:50:29.9209921Z       SELECT 1
2026-08-07T23:50:29.9235285Z info: Microsoft.EntityFrameworkCore.Database.Command[20101]
2026-08-07T23:50:29.9238833Z       Executed DbCommand (2ms) [Parameters=[], CommandType='Text', CommandTimeout='30']
2026-08-07T23:50:29.9241530Z       SELECT OBJECT_ID(N'[__EFMigrationsHistory]');
2026-08-07T23:50:29.9249038Z info: Microsoft.EntityFrameworkCore.Database.Command[20101]
2026-08-07T23:50:29.9249407Z       Executed DbCommand (1ms) [Parameters=[], CommandType='Text', CommandTimeout='30']
2026-08-07T23:50:29.9249636Z       SELECT [MigrationId], [ProductVersion]
2026-08-07T23:50:29.9249679Z       FROM [__EFMigrationsHistory]
2026-08-07T23:50:29.9255662Z       ORDER BY [MigrationId];
2026-08-07T23:50:29.9267973Z info: Microsoft.EntityFrameworkCore.Database.Command[20101]
2026-08-07T23:50:29.9268292Z       Executed DbCommand (2ms) [Parameters=[], CommandType='Text', CommandTimeout='30']
2026-08-07T23:50:29.9268395Z       SELECT TOP(1) [b].[BankAccountNumber]
2026-08-07T23:50:29.9268434Z       FROM [Beneficiaries] AS [b]
2026-08-07T23:50:29.9268474Z       ORDER BY [b].[Id]
2026-08-07T23:50:32.5702830Z info: Microsoft.EntityFrameworkCore.Database.Command[20101]
2026-08-07T23:50:32.5703730Z       Executed DbCommand (2ms) [Parameters=[], CommandType='Text', CommandTimeout='30']
2026-08-07T23:50:32.5703846Z       SELECT 1
2026-08-07T23:50:32.5728184Z info: Microsoft.EntityFrameworkCore.Database.Command[20101]
2026-08-07T23:50:32.5728707Z       Executed DbCommand (1ms) [Parameters=[], CommandType='Text', CommandTimeout='30']
2026-08-07T23:50:32.5728809Z       SELECT OBJECT_ID(N'[__EFMigrationsHistory]');
2026-08-07T23:50:32.5746400Z info: Microsoft.EntityFrameworkCore.Database.Command[20101]
2026-08-07T23:50:32.5746780Z       Executed DbCommand (1ms) [Parameters=[], CommandType='Text', CommandTimeout='30']
2026-08-07T23:50:32.5746870Z       SELECT [MigrationId], [ProductVersion]
2026-08-07T23:50:32.5746912Z       FROM [__EFMigrationsHistory]
2026-08-07T23:50:32.5746951Z       ORDER BY [MigrationId];
2026-08-07T23:50:32.5765510Z info: Microsoft.EntityFrameworkCore.Database.Command[20101]
2026-08-07T23:50:32.5765814Z       Executed DbCommand (1ms) [Parameters=[], CommandType='Text', CommandTimeout='30']
2026-08-07T23:50:32.5765891Z       SELECT TOP(1) [b].[BankAccountNumber]
2026-08-07T23:50:32.5765935Z       FROM [Beneficiaries] AS [b]
2026-08-07T23:50:32.5766013Z       ORDER BY [b].[Id]
2026-08-07T23:50:37.5283064Z info: Microsoft.EntityFrameworkCore.Database.Command[20101]
2026-08-07T23:50:37.5284039Z       Executed DbCommand (2ms) [Parameters=[], CommandType='Text', CommandTimeout='30']
2026-08-07T23:50:37.5284165Z       SELECT 1
2026-08-07T23:50:37.5310265Z info: Microsoft.EntityFrameworkCore.Database.Command[20101]
2026-08-07T23:50:37.5310858Z       Executed DbCommand (2ms) [Parameters=[], CommandType='Text', CommandTimeout='30']
2026-08-07T23:50:37.5310948Z       SELECT OBJECT_ID(N'[__EFMigrationsHistory]');
2026-08-07T23:50:37.5325390Z info: Microsoft.EntityFrameworkCore.Database.Command[20101]
2026-08-07T23:50:37.5325729Z       Executed DbCommand (2ms) [Parameters=[], CommandType='Text', CommandTimeout='30']
2026-08-07T23:50:37.5325857Z       SELECT [MigrationId], [ProductVersion]
2026-08-07T23:50:37.5325896Z       FROM [__EFMigrationsHistory]
2026-08-07T23:50:37.5325933Z       ORDER BY [MigrationId];
2026-08-07T23:50:37.5357156Z info: Microsoft.EntityFrameworkCore.Database.Command[20101]
2026-08-07T23:50:37.5357619Z       Executed DbCommand (3ms) [Parameters=[], CommandType='Text', CommandTimeout='30']
2026-08-07T23:50:37.5357752Z       SELECT TOP(1) [b].[BankAccountNumber]
2026-08-07T23:50:37.5357792Z       FROM [Beneficiaries] AS [b]
2026-08-07T23:50:37.5357830Z       ORDER BY [b].[Id]
2026-08-07T23:50:41.9642304Z info: Microsoft.EntityFrameworkCore.Database.Command[20101]
2026-08-07T23:50:41.9643203Z       Executed DbCommand (2ms) [Parameters=[], CommandType='Text', CommandTimeout='30']
2026-08-07T23:50:41.9643329Z       SELECT 1
2026-08-07T23:50:41.9660524Z info: Microsoft.EntityFrameworkCore.Database.Command[20101]
2026-08-07T23:50:41.9661074Z       Executed DbCommand (2ms) [Parameters=[], CommandType='Text', CommandTimeout='30']
2026-08-07T23:50:41.9661164Z       SELECT OBJECT_ID(N'[__EFMigrationsHistory]');
2026-08-07T23:50:41.9689615Z info: Microsoft.EntityFrameworkCore.Database.Command[20101]
2026-08-07T23:50:41.9690014Z       Executed DbCommand (1ms) [Parameters=[], CommandType='Text', CommandTimeout='30']
2026-08-07T23:50:41.9692609Z       SELECT [MigrationId], [ProductVersion]
2026-08-07T23:50:41.9692711Z       FROM [__EFMigrationsHistory]
2026-08-07T23:50:41.9692797Z       ORDER BY [MigrationId];
2026-08-07T23:50:41.9707754Z info: Microsoft.EntityFrameworkCore.Database.Command[20101]
2026-08-07T23:50:41.9708091Z       Executed DbCommand (1ms) [Parameters=[], CommandType='Text', CommandTimeout='30']
2026-08-07T23:50:41.9708177Z       SELECT TOP(1) [b].[BankAccountNumber]
2026-08-07T23:50:41.9708233Z       FROM [Beneficiaries] AS [b]
2026-08-07T23:50:41.9713167Z       ORDER BY [b].[Id]
2026-08-07T23:50:47.0645257Z info: Microsoft.EntityFrameworkCore.Database.Command[20101]
2026-08-07T23:50:47.0646078Z       Executed DbCommand (2ms) [Parameters=[], CommandType='Text', CommandTimeout='30']
2026-08-07T23:50:47.0646213Z       SELECT 1
2026-08-07T23:50:47.0677281Z info: Microsoft.EntityFrameworkCore.Database.Command[20101]
2026-08-07T23:50:47.0677797Z       Executed DbCommand (2ms) [Parameters=[], CommandType='Text', CommandTimeout='30']
2026-08-07T23:50:47.0677886Z       SELECT OBJECT_ID(N'[__EFMigrationsHistory]');
2026-08-07T23:50:47.0700396Z info: Microsoft.EntityFrameworkCore.Database.Command[20101]
2026-08-07T23:50:47.0700788Z       Executed DbCommand (2ms) [Parameters=[], CommandType='Text', CommandTimeout='30']
2026-08-07T23:50:47.0700916Z       SELECT [MigrationId], [ProductVersion]
2026-08-07T23:50:47.0700959Z       FROM [__EFMigrationsHistory]
2026-08-07T23:50:47.0701005Z       ORDER BY [MigrationId];
2026-08-07T23:50:47.0724131Z info: Microsoft.EntityFrameworkCore.Database.Command[20101]
2026-08-07T23:50:47.0724385Z       Executed DbCommand (2ms) [Parameters=[], CommandType='Text', CommandTimeout='30']
2026-08-07T23:50:47.0724595Z       SELECT TOP(1) [b].[BankAccountNumber]
2026-08-07T23:50:47.0724645Z       FROM [Beneficiaries] AS [b]
2026-08-07T23:50:47.0724685Z       ORDER BY [b].[Id]
2026-08-07T23:50:47.7794337Z info: Microsoft.EntityFrameworkCore.Database.Command[20101]
2026-08-07T23:50:47.7795240Z       Executed DbCommand (2ms) [Parameters=[], CommandType='Text', CommandTimeout='30']
2026-08-07T23:50:47.7795335Z       SELECT 1
2026-08-07T23:50:47.7807606Z info: Microsoft.EntityFrameworkCore.Database.Command[20101]
2026-08-07T23:50:47.7807970Z       Executed DbCommand (1ms) [Parameters=[], CommandType='Text', CommandTimeout='30']
2026-08-07T23:50:47.7808041Z       SELECT OBJECT_ID(N'[__EFMigrationsHistory]');
2026-08-07T23:50:47.7836120Z info: Microsoft.EntityFrameworkCore.Database.Command[20101]
2026-08-07T23:50:47.7836428Z       Executed DbCommand (1ms) [Parameters=[], CommandType='Text', CommandTimeout='30']
2026-08-07T23:50:47.7836496Z       SELECT [MigrationId], [ProductVersion]
2026-08-07T23:50:47.7836538Z       FROM [__EFMigrationsHistory]
2026-08-07T23:50:47.7842274Z       ORDER BY [MigrationId];
2026-08-07T23:50:47.7855249Z info: Microsoft.EntityFrameworkCore.Database.Command[20101]
2026-08-07T23:50:47.7855543Z       Executed DbCommand (1ms) [Parameters=[], CommandType='Text', CommandTimeout='30']
2026-08-07T23:50:47.7855610Z       SELECT TOP(1) [b].[BankAccountNumber]
2026-08-07T23:50:47.7855649Z       FROM [Beneficiaries] AS [b]
2026-08-07T23:50:47.7855727Z       ORDER BY [b].[Id]
2026-08-07T23:50:52.1671587Z info: Microsoft.EntityFrameworkCore.Database.Command[20101]
2026-08-07T23:50:52.1672362Z       Executed DbCommand (2ms) [Parameters=[], CommandType='Text', CommandTimeout='30']
2026-08-07T23:50:52.1672480Z       SELECT 1
2026-08-07T23:50:52.1689736Z info: Microsoft.EntityFrameworkCore.Database.Command[20101]
2026-08-07T23:50:52.1690237Z       Executed DbCommand (2ms) [Parameters=[], CommandType='Text', CommandTimeout='30']
2026-08-07T23:50:52.1690349Z       SELECT OBJECT_ID(N'[__EFMigrationsHistory]');
2026-08-07T23:50:52.1718158Z info: Microsoft.EntityFrameworkCore.Database.Command[20101]
2026-08-07T23:50:52.1718520Z       Executed DbCommand (2ms) [Parameters=[], CommandType='Text', CommandTimeout='30']
2026-08-07T23:50:52.1718640Z       SELECT [MigrationId], [ProductVersion]
2026-08-07T23:50:52.1718682Z       FROM [__EFMigrationsHistory]
2026-08-07T23:50:52.1718723Z       ORDER BY [MigrationId];
2026-08-07T23:50:52.1740054Z info: Microsoft.EntityFrameworkCore.Database.Command[20101]
2026-08-07T23:50:52.1740373Z       Executed DbCommand (1ms) [Parameters=[], CommandType='Text', CommandTimeout='30']
2026-08-07T23:50:52.1740436Z       SELECT TOP(1) [b].[BankAccountNumber]
2026-08-07T23:50:52.1740478Z       FROM [Beneficiaries] AS [b]
2026-08-07T23:50:52.1740524Z       ORDER BY [b].[Id]
2026-08-07T23:50:52.6268045Z info: Microsoft.EntityFrameworkCore.Database.Command[20101]
2026-08-07T23:50:52.6268830Z       Executed DbCommand (2ms) [Parameters=[], CommandType='Text', CommandTimeout='30']
2026-08-07T23:50:52.6268928Z       SELECT 1
2026-08-07T23:50:52.6289058Z info: Microsoft.EntityFrameworkCore.Database.Command[20101]
2026-08-07T23:50:52.6289539Z       Executed DbCommand (2ms) [Parameters=[], CommandType='Text', CommandTimeout='30']
2026-08-07T23:50:52.6289692Z       SELECT OBJECT_ID(N'[__EFMigrationsHistory]');
2026-08-07T23:50:52.6315179Z info: Microsoft.EntityFrameworkCore.Database.Command[20101]
2026-08-07T23:50:52.6315591Z       Executed DbCommand (2ms) [Parameters=[], CommandType='Text', CommandTimeout='30']
2026-08-07T23:50:52.6315673Z       SELECT [MigrationId], [ProductVersion]
2026-08-07T23:50:52.6315722Z       FROM [__EFMigrationsHistory]
2026-08-07T23:50:52.6315816Z       ORDER BY [MigrationId];
2026-08-07T23:50:52.6330145Z info: Microsoft.EntityFrameworkCore.Database.Command[20101]
2026-08-07T23:50:52.6330492Z       Executed DbCommand (2ms) [Parameters=[], CommandType='Text', CommandTimeout='30']
2026-08-07T23:50:52.6330572Z       SELECT TOP(1) [b].[BankAccountNumber]
2026-08-07T23:50:52.6330613Z       FROM [Beneficiaries] AS [b]
2026-08-07T23:50:52.6333886Z       ORDER BY [b].[Id]
2026-08-07T23:50:59.5501090Z info: Microsoft.EntityFrameworkCore.Database.Command[20101]
2026-08-07T23:50:59.5502254Z       Executed DbCommand (2ms) [Parameters=[], CommandType='Text', CommandTimeout='30']
2026-08-07T23:50:59.5502388Z       SELECT 1
2026-08-07T23:50:59.5518835Z info: Microsoft.EntityFrameworkCore.Database.Command[20101]
2026-08-07T23:50:59.5519421Z       Executed DbCommand (2ms) [Parameters=[], CommandType='Text', CommandTimeout='30']
2026-08-07T23:50:59.5519523Z       SELECT OBJECT_ID(N'[__EFMigrationsHistory]');
2026-08-07T23:50:59.5550845Z info: Microsoft.EntityFrameworkCore.Database.Command[20101]
2026-08-07T23:50:59.5551381Z       Executed DbCommand (1ms) [Parameters=[], CommandType='Text', CommandTimeout='30']
2026-08-07T23:50:59.5552733Z       SELECT [MigrationId], [ProductVersion]
2026-08-07T23:50:59.5552830Z       FROM [__EFMigrationsHistory]
2026-08-07T23:50:59.5552878Z       ORDER BY [MigrationId];
2026-08-07T23:50:59.5565392Z info: Microsoft.EntityFrameworkCore.Database.Command[20101]
2026-08-07T23:50:59.5565774Z       Executed DbCommand (1ms) [Parameters=[], CommandType='Text', CommandTimeout='30']
2026-08-07T23:50:59.5565838Z       SELECT TOP(1) [b].[BankAccountNumber]
2026-08-07T23:50:59.5565876Z       FROM [Beneficiaries] AS [b]
2026-08-07T23:50:59.5565912Z       ORDER BY [b].[Id]
2026-08-07T23:51:01.4705313Z info: Microsoft.EntityFrameworkCore.Database.Command[20101]
2026-08-07T23:51:01.4706421Z       Executed DbCommand (2ms) [Parameters=[], CommandType='Text', CommandTimeout='30']
2026-08-07T23:51:01.4706540Z       SELECT 1
2026-08-07T23:51:01.4735360Z info: Microsoft.EntityFrameworkCore.Database.Command[20101]
2026-08-07T23:51:01.4735898Z       Executed DbCommand (2ms) [Parameters=[], CommandType='Text', CommandTimeout='30']
2026-08-07T23:51:01.4736051Z       SELECT OBJECT_ID(N'[__EFMigrationsHistory]');
2026-08-07T23:51:01.4777858Z info: Microsoft.EntityFrameworkCore.Database.Command[20101]
2026-08-07T23:51:01.4778519Z       Executed DbCommand (4ms) [Parameters=[], CommandType='Text', CommandTimeout='30']
2026-08-07T23:51:01.4778615Z       SELECT [MigrationId], [ProductVersion]
2026-08-07T23:51:01.4778742Z       FROM [__EFMigrationsHistory]
2026-08-07T23:51:01.4783858Z       ORDER BY [MigrationId];
2026-08-07T23:51:01.4797860Z info: Microsoft.EntityFrameworkCore.Database.Command[20101]
2026-08-07T23:51:01.4798216Z       Executed DbCommand (2ms) [Parameters=[], CommandType='Text', CommandTimeout='30']
2026-08-07T23:51:01.4798452Z       SELECT TOP(1) [b].[BankAccountNumber]
2026-08-07T23:51:01.4798503Z       FROM [Beneficiaries] AS [b]
2026-08-07T23:51:01.4798542Z       ORDER BY [b].[Id]
2026-08-07T23:51:07.9879251Z info: Microsoft.EntityFrameworkCore.Database.Command[20101]
2026-08-07T23:51:07.9879981Z       Executed DbCommand (2ms) [Parameters=[], CommandType='Text', CommandTimeout='30']
2026-08-07T23:51:07.9880159Z       SELECT 1
2026-08-07T23:51:07.9904487Z info: Microsoft.EntityFrameworkCore.Database.Command[20101]
2026-08-07T23:51:07.9904934Z       Executed DbCommand (2ms) [Parameters=[], CommandType='Text', CommandTimeout='30']
2026-08-07T23:51:07.9905016Z       SELECT OBJECT_ID(N'[__EFMigrationsHistory]');
2026-08-07T23:51:07.9919322Z info: Microsoft.EntityFrameworkCore.Database.Command[20101]
2026-08-07T23:51:07.9919683Z       Executed DbCommand (2ms) [Parameters=[], CommandType='Text', CommandTimeout='30']
2026-08-07T23:51:07.9919752Z       SELECT [MigrationId], [ProductVersion]
2026-08-07T23:51:07.9919792Z       FROM [__EFMigrationsHistory]
2026-08-07T23:51:07.9925709Z       ORDER BY [MigrationId];
2026-08-07T23:51:07.9938712Z info: Microsoft.EntityFrameworkCore.Database.Command[20101]
2026-08-07T23:51:07.9939093Z       Executed DbCommand (2ms) [Parameters=[], CommandType='Text', CommandTimeout='30']
2026-08-07T23:51:07.9939161Z       SELECT TOP(1) [b].[BankAccountNumber]
2026-08-07T23:51:07.9939203Z       FROM [Beneficiaries] AS [b]
2026-08-07T23:51:07.9939282Z       ORDER BY [b].[Id]
2026-08-07T23:51:09.7209286Z info: Microsoft.EntityFrameworkCore.Database.Command[20101]
2026-08-07T23:51:09.7210282Z       Executed DbCommand (2ms) [Parameters=[], CommandType='Text', CommandTimeout='30']
2026-08-07T23:51:09.7210420Z       SELECT 1
2026-08-07T23:51:09.7241292Z info: Microsoft.EntityFrameworkCore.Database.Command[20101]
2026-08-07T23:51:09.7242136Z       Executed DbCommand (2ms) [Parameters=[], CommandType='Text', CommandTimeout='30']
2026-08-07T23:51:09.7242221Z       SELECT OBJECT_ID(N'[__EFMigrationsHistory]');
2026-08-07T23:51:09.7283657Z info: Microsoft.EntityFrameworkCore.Database.Command[20101]
2026-08-07T23:51:09.7284222Z       Executed DbCommand (4ms) [Parameters=[], CommandType='Text', CommandTimeout='30']
2026-08-07T23:51:09.7284373Z       SELECT [MigrationId], [ProductVersion]
2026-08-07T23:51:09.7284417Z       FROM [__EFMigrationsHistory]
2026-08-07T23:51:09.7285118Z       ORDER BY [MigrationId];
2026-08-07T23:51:09.7306641Z info: Microsoft.EntityFrameworkCore.Database.Command[20101]
2026-08-07T23:51:09.7307042Z       Executed DbCommand (2ms) [Parameters=[], CommandType='Text', CommandTimeout='30']
2026-08-07T23:51:09.7307122Z       SELECT TOP(1) [b].[BankAccountNumber]
2026-08-07T23:51:09.7307265Z       FROM [Beneficiaries] AS [b]
2026-08-07T23:51:09.7307311Z       ORDER BY [b].[Id]
2026-08-07T23:51:11.6546782Z info: Microsoft.EntityFrameworkCore.Database.Command[20101]
2026-08-07T23:51:11.6547738Z       Executed DbCommand (2ms) [Parameters=[], CommandType='Text', CommandTimeout='30']
2026-08-07T23:51:11.6547844Z       SELECT 1
2026-08-07T23:51:11.6569253Z info: Microsoft.EntityFrameworkCore.Database.Command[20101]
2026-08-07T23:51:11.6569800Z       Executed DbCommand (2ms) [Parameters=[], CommandType='Text', CommandTimeout='30']
2026-08-07T23:51:11.6569938Z       SELECT OBJECT_ID(N'[__EFMigrationsHistory]');
2026-08-07T23:51:11.6592913Z info: Microsoft.EntityFrameworkCore.Database.Command[20101]
2026-08-07T23:51:11.6593381Z       Executed DbCommand (2ms) [Parameters=[], CommandType='Text', CommandTimeout='30']
2026-08-07T23:51:11.6593466Z       SELECT [MigrationId], [ProductVersion]
2026-08-07T23:51:11.6593516Z       FROM [__EFMigrationsHistory]
2026-08-07T23:51:11.6594860Z       ORDER BY [MigrationId];
2026-08-07T23:51:11.6606258Z info: Microsoft.EntityFrameworkCore.Database.Command[20101]
2026-08-07T23:51:11.6606560Z       Executed DbCommand (1ms) [Parameters=[], CommandType='Text', CommandTimeout='30']
2026-08-07T23:51:11.6606633Z       SELECT TOP(1) [b].[BankAccountNumber]
2026-08-07T23:51:11.6611448Z       FROM [Beneficiaries] AS [b]
2026-08-07T23:51:11.6612088Z       ORDER BY [b].[Id]
2026-08-07T23:51:14.1981299Z info: Microsoft.EntityFrameworkCore.Database.Command[20101]
2026-08-07T23:51:14.1982260Z       Executed DbCommand (2ms) [Parameters=[], CommandType='Text', CommandTimeout='30']
2026-08-07T23:51:14.1982389Z       SELECT 1
2026-08-07T23:51:14.2001659Z info: Microsoft.EntityFrameworkCore.Database.Command[20101]
2026-08-07T23:51:14.2002149Z       Executed DbCommand (2ms) [Parameters=[], CommandType='Text', CommandTimeout='30']
2026-08-07T23:51:14.2002222Z       SELECT OBJECT_ID(N'[__EFMigrationsHistory]');
2026-08-07T23:51:14.2035043Z info: Microsoft.EntityFrameworkCore.Database.Command[20101]
2026-08-07T23:51:14.2036449Z       Executed DbCommand (2ms) [Parameters=[], CommandType='Text', CommandTimeout='30']
2026-08-07T23:51:14.2036567Z       SELECT [MigrationId], [ProductVersion]
2026-08-07T23:51:14.2036614Z       FROM [__EFMigrationsHistory]
2026-08-07T23:51:14.2036663Z       ORDER BY [MigrationId];
2026-08-07T23:51:14.2048545Z info: Microsoft.EntityFrameworkCore.Database.Command[20101]
2026-08-07T23:51:14.2048879Z       Executed DbCommand (1ms) [Parameters=[], CommandType='Text', CommandTimeout='30']
2026-08-07T23:51:14.2048940Z       SELECT TOP(1) [b].[BankAccountNumber]
2026-08-07T23:51:14.2048976Z       FROM [Beneficiaries] AS [b]
2026-08-07T23:51:14.2049014Z       ORDER BY [b].[Id]
2026-08-07T23:51:18.1029268Z info: Microsoft.EntityFrameworkCore.Database.Command[20101]
2026-08-07T23:51:18.1030348Z       Executed DbCommand (2ms) [Parameters=[], CommandType='Text', CommandTimeout='30']
2026-08-07T23:51:18.1030481Z       SELECT 1
2026-08-07T23:51:18.1047285Z info: Microsoft.EntityFrameworkCore.Database.Command[20101]
2026-08-07T23:51:18.1047893Z       Executed DbCommand (2ms) [Parameters=[], CommandType='Text', CommandTimeout='30']
2026-08-07T23:51:18.1048032Z       SELECT OBJECT_ID(N'[__EFMigrationsHistory]');
2026-08-07T23:51:18.1078768Z info: Microsoft.EntityFrameworkCore.Database.Command[20101]
2026-08-07T23:51:18.1079184Z       Executed DbCommand (1ms) [Parameters=[], CommandType='Text', CommandTimeout='30']
2026-08-07T23:51:18.1079250Z       SELECT [MigrationId], [ProductVersion]
2026-08-07T23:51:18.1079329Z       FROM [__EFMigrationsHistory]
2026-08-07T23:51:18.1079364Z       ORDER BY [MigrationId];
2026-08-07T23:51:18.1093593Z info: Microsoft.EntityFrameworkCore.Database.Command[20101]
2026-08-07T23:51:18.1093939Z       Executed DbCommand (1ms) [Parameters=[], CommandType='Text', CommandTimeout='30']
2026-08-07T23:51:18.1094004Z       SELECT TOP(1) [b].[BankAccountNumber]
2026-08-07T23:51:18.1094198Z       FROM [Beneficiaries] AS [b]
2026-08-07T23:51:18.1094241Z       ORDER BY [b].[Id]
2026-08-07T23:51:19.0172910Z info: Microsoft.EntityFrameworkCore.Database.Command[20101]
2026-08-07T23:51:19.0173797Z       Executed DbCommand (7ms) [Parameters=[], CommandType='Text', CommandTimeout='30']
2026-08-07T23:51:19.0173989Z       SELECT 1
2026-08-07T23:51:19.0203756Z info: Microsoft.EntityFrameworkCore.Database.Command[20101]
2026-08-07T23:51:19.0204497Z       Executed DbCommand (2ms) [Parameters=[], CommandType='Text', CommandTimeout='30']
2026-08-07T23:51:19.0204602Z       SELECT OBJECT_ID(N'[__EFMigrationsHistory]');
2026-08-07T23:51:19.0222214Z info: Microsoft.EntityFrameworkCore.Database.Command[20101]
2026-08-07T23:51:19.0224403Z       Executed DbCommand (1ms) [Parameters=[], CommandType='Text', CommandTimeout='30']
2026-08-07T23:51:19.0224519Z       SELECT [MigrationId], [ProductVersion]
2026-08-07T23:51:19.0224567Z       FROM [__EFMigrationsHistory]
2026-08-07T23:51:19.0224617Z       ORDER BY [MigrationId];
2026-08-07T23:51:19.0237050Z info: Microsoft.EntityFrameworkCore.Database.Command[20101]
2026-08-07T23:51:19.0237322Z       Executed DbCommand (1ms) [Parameters=[], CommandType='Text', CommandTimeout='30']
2026-08-07T23:51:19.0237404Z       SELECT TOP(1) [b].[BankAccountNumber]
2026-08-07T23:51:19.0237452Z       FROM [Beneficiaries] AS [b]
2026-08-07T23:51:19.0237499Z       ORDER BY [b].[Id]
2026-08-07T23:51:21.3165726Z info: Microsoft.EntityFrameworkCore.Database.Command[20101]
2026-08-07T23:51:21.3166911Z       Executed DbCommand (2ms) [Parameters=[], CommandType='Text', CommandTimeout='30']
2026-08-07T23:51:21.3167058Z       SELECT 1
2026-08-07T23:51:21.3181031Z info: Microsoft.EntityFrameworkCore.Database.Command[20101]
2026-08-07T23:51:21.3181710Z       Executed DbCommand (2ms) [Parameters=[], CommandType='Text', CommandTimeout='30']
2026-08-07T23:51:21.3181790Z       SELECT OBJECT_ID(N'[__EFMigrationsHistory]');
2026-08-07T23:51:21.3210488Z info: Microsoft.EntityFrameworkCore.Database.Command[20101]
2026-08-07T23:51:21.3210853Z       Executed DbCommand (1ms) [Parameters=[], CommandType='Text', CommandTimeout='30']
2026-08-07T23:51:21.3210969Z       SELECT [MigrationId], [ProductVersion]
2026-08-07T23:51:21.3211001Z       FROM [__EFMigrationsHistory]
2026-08-07T23:51:21.3211029Z       ORDER BY [MigrationId];
2026-08-07T23:51:21.3224868Z info: Microsoft.EntityFrameworkCore.Database.Command[20101]
2026-08-07T23:51:21.3225182Z       Executed DbCommand (1ms) [Parameters=[], CommandType='Text', CommandTimeout='30']
2026-08-07T23:51:21.3225285Z       SELECT TOP(1) [b].[BankAccountNumber]
2026-08-07T23:51:21.3225324Z       FROM [Beneficiaries] AS [b]
2026-08-07T23:51:21.3225445Z       ORDER BY [b].[Id]
2026-08-07T23:51:21.5943966Z info: Microsoft.EntityFrameworkCore.Database.Command[20101]
2026-08-07T23:51:21.5944966Z       Executed DbCommand (2ms) [Parameters=[], CommandType='Text', CommandTimeout='30']
2026-08-07T23:51:21.5945089Z       SELECT 1
2026-08-07T23:51:21.5970943Z info: Microsoft.EntityFrameworkCore.Database.Command[20101]
2026-08-07T23:51:21.5971465Z       Executed DbCommand (2ms) [Parameters=[], CommandType='Text', CommandTimeout='30']
2026-08-07T23:51:21.5972978Z       SELECT OBJECT_ID(N'[__EFMigrationsHistory]');
2026-08-07T23:51:21.5988013Z info: Microsoft.EntityFrameworkCore.Database.Command[20101]
2026-08-07T23:51:21.5988379Z       Executed DbCommand (1ms) [Parameters=[], CommandType='Text', CommandTimeout='30']
2026-08-07T23:51:21.5989836Z       SELECT [MigrationId], [ProductVersion]
2026-08-07T23:51:21.5989955Z       FROM [__EFMigrationsHistory]
2026-08-07T23:51:21.5990027Z       ORDER BY [MigrationId];
2026-08-07T23:51:21.6003234Z info: Microsoft.EntityFrameworkCore.Database.Command[20101]
2026-08-07T23:51:21.6003540Z       Executed DbCommand (2ms) [Parameters=[], CommandType='Text', CommandTimeout='30']
2026-08-07T23:51:21.6003607Z       SELECT TOP(1) [b].[BankAccountNumber]
2026-08-07T23:51:21.6003647Z       FROM [Beneficiaries] AS [b]
2026-08-07T23:51:21.6003727Z       ORDER BY [b].[Id]
2026-08-07T23:51:23.1597244Z info: Microsoft.EntityFrameworkCore.Database.Command[20101]
2026-08-07T23:51:23.1598168Z       Executed DbCommand (2ms) [Parameters=[], CommandType='Text', CommandTimeout='30']
2026-08-07T23:51:23.1598283Z       SELECT 1
2026-08-07T23:51:23.1625240Z info: Microsoft.EntityFrameworkCore.Database.Command[20101]
2026-08-07T23:51:23.1625830Z       Executed DbCommand (2ms) [Parameters=[], CommandType='Text', CommandTimeout='30']
2026-08-07T23:51:23.1628008Z       SELECT OBJECT_ID(N'[__EFMigrationsHistory]');
2026-08-07T23:51:23.1642677Z info: Microsoft.EntityFrameworkCore.Database.Command[20101]
2026-08-07T23:51:23.1643121Z       Executed DbCommand (1ms) [Parameters=[], CommandType='Text', CommandTimeout='30']
2026-08-07T23:51:23.1643262Z       SELECT [MigrationId], [ProductVersion]
2026-08-07T23:51:23.1643325Z       FROM [__EFMigrationsHistory]
2026-08-07T23:51:23.1643384Z       ORDER BY [MigrationId];
2026-08-07T23:51:23.1661108Z info: Microsoft.EntityFrameworkCore.Database.Command[20101]
2026-08-07T23:51:23.1661423Z       Executed DbCommand (1ms) [Parameters=[], CommandType='Text', CommandTimeout='30']
2026-08-07T23:51:23.1661534Z       SELECT TOP(1) [b].[BankAccountNumber]
2026-08-07T23:51:23.1666522Z       FROM [Beneficiaries] AS [b]
2026-08-07T23:51:23.1666582Z       ORDER BY [b].[Id]
2026-08-07T23:51:26.8408396Z info: Microsoft.EntityFrameworkCore.Database.Command[20101]
2026-08-07T23:51:26.8409320Z       Executed DbCommand (2ms) [Parameters=[], CommandType='Text', CommandTimeout='30']
2026-08-07T23:51:26.8409447Z       SELECT 1
2026-08-07T23:51:26.8428945Z info: Microsoft.EntityFrameworkCore.Database.Command[20101]
2026-08-07T23:51:26.8429485Z       Executed DbCommand (2ms) [Parameters=[], CommandType='Text', CommandTimeout='30']
2026-08-07T23:51:26.8429587Z       SELECT OBJECT_ID(N'[__EFMigrationsHistory]');
2026-08-07T23:51:26.8458280Z info: Microsoft.EntityFrameworkCore.Database.Command[20101]
2026-08-07T23:51:26.8458737Z       Executed DbCommand (2ms) [Parameters=[], CommandType='Text', CommandTimeout='30']
2026-08-07T23:51:26.8458843Z       SELECT [MigrationId], [ProductVersion]
2026-08-07T23:51:26.8458901Z       FROM [__EFMigrationsHistory]
2026-08-07T23:51:26.8459005Z       ORDER BY [MigrationId];
2026-08-07T23:51:26.8471430Z info: Microsoft.EntityFrameworkCore.Database.Command[20101]
2026-08-07T23:51:26.8471741Z       Executed DbCommand (1ms) [Parameters=[], CommandType='Text', CommandTimeout='30']
2026-08-07T23:51:26.8471808Z       SELECT TOP(1) [b].[BankAccountNumber]
2026-08-07T23:51:26.8471846Z       FROM [Beneficiaries] AS [b]
2026-08-07T23:51:26.8476500Z       ORDER BY [b].[Id]
2026-08-07T23:51:45.5346368Z info: Microsoft.EntityFrameworkCore.Database.Command[20101]
2026-08-07T23:51:45.5347208Z       Executed DbCommand (2ms) [Parameters=[], CommandType='Text', CommandTimeout='30']
2026-08-07T23:51:45.5347345Z       SELECT 1
2026-08-07T23:51:45.5375948Z info: Microsoft.EntityFrameworkCore.Database.Command[20101]
2026-08-07T23:51:45.5376553Z       Executed DbCommand (2ms) [Parameters=[], CommandType='Text', CommandTimeout='30']
2026-08-07T23:51:45.5376652Z       SELECT OBJECT_ID(N'[__EFMigrationsHistory]');
2026-08-07T23:51:45.5389692Z info: Microsoft.EntityFrameworkCore.Database.Command[20101]
2026-08-07T23:51:45.5390147Z       Executed DbCommand (1ms) [Parameters=[], CommandType='Text', CommandTimeout='30']
2026-08-07T23:51:45.5390302Z       SELECT [MigrationId], [ProductVersion]
2026-08-07T23:51:45.5390362Z       FROM [__EFMigrationsHistory]
2026-08-07T23:51:45.5397306Z       ORDER BY [MigrationId];
2026-08-07T23:51:45.5411011Z info: Microsoft.EntityFrameworkCore.Database.Command[20101]
2026-08-07T23:51:45.5411348Z       Executed DbCommand (1ms) [Parameters=[], CommandType='Text', CommandTimeout='30']
2026-08-07T23:51:45.5411421Z       SELECT TOP(1) [b].[BankAccountNumber]
2026-08-07T23:51:45.5411458Z       FROM [Beneficiaries] AS [b]
2026-08-07T23:51:45.5411495Z       ORDER BY [b].[Id]
2026-08-07T23:51:46.7986246Z info: Microsoft.EntityFrameworkCore.Database.Command[20101]
2026-08-07T23:51:46.7987109Z       Executed DbCommand (2ms) [Parameters=[], CommandType='Text', CommandTimeout='30']
2026-08-07T23:51:46.7987216Z       SELECT 1
2026-08-07T23:51:46.8008054Z info: Microsoft.EntityFrameworkCore.Database.Command[20101]
2026-08-07T23:51:46.8008716Z       Executed DbCommand (2ms) [Parameters=[], CommandType='Text', CommandTimeout='30']
2026-08-07T23:51:46.8008878Z       SELECT OBJECT_ID(N'[__EFMigrationsHistory]');
2026-08-07T23:51:46.8032728Z info: Microsoft.EntityFrameworkCore.Database.Command[20101]
2026-08-07T23:51:46.8033066Z       Executed DbCommand (1ms) [Parameters=[], CommandType='Text', CommandTimeout='30']
2026-08-07T23:51:46.8033133Z       SELECT [MigrationId], [ProductVersion]
2026-08-07T23:51:46.8033176Z       FROM [__EFMigrationsHistory]
2026-08-07T23:51:46.8038784Z       ORDER BY [MigrationId];
2026-08-07T23:51:46.8053304Z info: Microsoft.EntityFrameworkCore.Database.Command[20101]
2026-08-07T23:51:46.8053588Z       Executed DbCommand (1ms) [Parameters=[], CommandType='Text', CommandTimeout='30']
2026-08-07T23:51:46.8053662Z       SELECT TOP(1) [b].[BankAccountNumber]
2026-08-07T23:51:46.8053752Z       FROM [Beneficiaries] AS [b]
2026-08-07T23:51:46.8053800Z       ORDER BY [b].[Id]
2026-08-07T23:51:47.3116494Z info: Microsoft.EntityFrameworkCore.Database.Command[20101]
2026-08-07T23:51:47.3117345Z       Executed DbCommand (6ms) [Parameters=[], CommandType='Text', CommandTimeout='30']
2026-08-07T23:51:47.3117483Z       SELECT 1
2026-08-07T23:51:47.3143989Z info: Microsoft.EntityFrameworkCore.Database.Command[20101]
2026-08-07T23:51:47.3144517Z       Executed DbCommand (2ms) [Parameters=[], CommandType='Text', CommandTimeout='30']
2026-08-07T23:51:47.3144608Z       SELECT OBJECT_ID(N'[__EFMigrationsHistory]');
2026-08-07T23:51:47.3161561Z info: Microsoft.EntityFrameworkCore.Database.Command[20101]
2026-08-07T23:51:47.3161988Z       Executed DbCommand (1ms) [Parameters=[], CommandType='Text', CommandTimeout='30']
2026-08-07T23:51:47.3162065Z       SELECT [MigrationId], [ProductVersion]
2026-08-07T23:51:47.3162111Z       FROM [__EFMigrationsHistory]
2026-08-07T23:51:47.3162152Z       ORDER BY [MigrationId];
2026-08-07T23:51:47.3177408Z info: Microsoft.EntityFrameworkCore.Database.Command[20101]
2026-08-07T23:51:47.3177980Z       Executed DbCommand (1ms) [Parameters=[], CommandType='Text', CommandTimeout='30']
2026-08-07T23:51:47.3178056Z       SELECT TOP(1) [b].[BankAccountNumber]
2026-08-07T23:51:47.3178093Z       FROM [Beneficiaries] AS [b]
2026-08-07T23:51:47.3178129Z       ORDER BY [b].[Id]
2026-08-07T23:51:47.3228453Z info: Microsoft.EntityFrameworkCore.Database.Command[20101]
2026-08-07T23:51:47.3228800Z       Executed DbCommand (1ms) [Parameters=[], CommandType='Text', CommandTimeout='30']
2026-08-07T23:51:47.3228881Z       SELECT 1
2026-08-07T23:51:47.3243129Z info: Microsoft.EntityFrameworkCore.Database.Command[20101]
2026-08-07T23:51:47.3243423Z       Executed DbCommand (1ms) [Parameters=[], CommandType='Text', CommandTimeout='30']
2026-08-07T23:51:47.3243529Z       SELECT OBJECT_ID(N'[__EFMigrationsHistory]');
2026-08-07T23:51:47.3268213Z info: Microsoft.EntityFrameworkCore.Database.Command[20101]
2026-08-07T23:51:47.3268517Z       Executed DbCommand (1ms) [Parameters=[], CommandType='Text', CommandTimeout='30']
2026-08-07T23:51:47.3268583Z       SELECT [MigrationId], [ProductVersion]
2026-08-07T23:51:47.3268670Z       FROM [__EFMigrationsHistory]
2026-08-07T23:51:47.3273582Z       ORDER BY [MigrationId];
2026-08-07T23:51:47.3285425Z info: Microsoft.EntityFrameworkCore.Database.Command[20101]
2026-08-07T23:51:47.3285720Z       Executed DbCommand (1ms) [Parameters=[], CommandType='Text', CommandTimeout='30']
2026-08-07T23:51:47.3285828Z       SELECT TOP(1) [b].[BankAccountNumber]
2026-08-07T23:51:47.3285867Z       FROM [Beneficiaries] AS [b]
2026-08-07T23:51:47.3285905Z       ORDER BY [b].[Id]
2026-08-07T23:51:48.8133426Z info: Microsoft.EntityFrameworkCore.Database.Command[20101]
2026-08-07T23:51:48.8134287Z       Executed DbCommand (2ms) [Parameters=[], CommandType='Text', CommandTimeout='30']
2026-08-07T23:51:48.8134588Z       SELECT 1
2026-08-07T23:51:48.8163580Z info: Microsoft.EntityFrameworkCore.Database.Command[20101]
2026-08-07T23:51:48.8164209Z       Executed DbCommand (2ms) [Parameters=[], CommandType='Text', CommandTimeout='30']
2026-08-07T23:51:48.8164309Z       SELECT OBJECT_ID(N'[__EFMigrationsHistory]');
2026-08-07T23:51:48.8178161Z info: Microsoft.EntityFrameworkCore.Database.Command[20101]
2026-08-07T23:51:48.8178557Z       Executed DbCommand (2ms) [Parameters=[], CommandType='Text', CommandTimeout='30']
2026-08-07T23:51:48.8183767Z       SELECT [MigrationId], [ProductVersion]
2026-08-07T23:51:48.8183898Z       FROM [__EFMigrationsHistory]
2026-08-07T23:51:48.8184161Z       ORDER BY [MigrationId];
2026-08-07T23:51:48.8195689Z info: Microsoft.EntityFrameworkCore.Database.Command[20101]
2026-08-07T23:51:48.8195986Z       Executed DbCommand (1ms) [Parameters=[], CommandType='Text', CommandTimeout='30']
2026-08-07T23:51:48.8196055Z       SELECT TOP(1) [b].[BankAccountNumber]
2026-08-07T23:51:48.8196095Z       FROM [Beneficiaries] AS [b]
2026-08-07T23:51:48.8196184Z       ORDER BY [b].[Id]
2026-08-07T23:51:52.1728622Z info: Microsoft.EntityFrameworkCore.Database.Command[20101]
2026-08-07T23:51:52.1729387Z       Executed DbCommand (2ms) [Parameters=[], CommandType='Text', CommandTimeout='30']
2026-08-07T23:51:52.1729513Z       SELECT 1
2026-08-07T23:51:52.1743407Z info: Microsoft.EntityFrameworkCore.Database.Command[20101]
2026-08-07T23:51:52.1743860Z       Executed DbCommand (1ms) [Parameters=[], CommandType='Text', CommandTimeout='30']
2026-08-07T23:51:52.1743940Z       SELECT OBJECT_ID(N'[__EFMigrationsHistory]');
2026-08-07T23:51:52.1777320Z info: Microsoft.EntityFrameworkCore.Database.Command[20101]
2026-08-07T23:51:52.1777749Z       Executed DbCommand (1ms) [Parameters=[], CommandType='Text', CommandTimeout='30']
2026-08-07T23:51:52.1777863Z       SELECT [MigrationId], [ProductVersion]
2026-08-07T23:51:52.1777922Z       FROM [__EFMigrationsHistory]
2026-08-07T23:51:52.1777964Z       ORDER BY [MigrationId];
2026-08-07T23:51:52.1787440Z info: Microsoft.EntityFrameworkCore.Database.Command[20101]
2026-08-07T23:51:52.1787754Z       Executed DbCommand (1ms) [Parameters=[], CommandType='Text', CommandTimeout='30']
2026-08-07T23:51:52.1787864Z       SELECT TOP(1) [b].[BankAccountNumber]
2026-08-07T23:51:52.1787910Z       FROM [Beneficiaries] AS [b]
2026-08-07T23:51:52.1787954Z       ORDER BY [b].[Id]
2026-08-07T23:51:56.2335255Z info: Microsoft.EntityFrameworkCore.Database.Command[20101]
2026-08-07T23:51:56.2336174Z       Executed DbCommand (2ms) [Parameters=[], CommandType='Text', CommandTimeout='30']
2026-08-07T23:51:56.2336320Z       SELECT 1
2026-08-07T23:51:56.2352142Z info: Microsoft.EntityFrameworkCore.Database.Command[20101]
2026-08-07T23:51:56.2352717Z       Executed DbCommand (2ms) [Parameters=[], CommandType='Text', CommandTimeout='30']
2026-08-07T23:51:56.2352797Z       SELECT OBJECT_ID(N'[__EFMigrationsHistory]');
2026-08-07T23:51:56.2386425Z info: Microsoft.EntityFrameworkCore.Database.Command[20101]
2026-08-07T23:51:56.2386768Z       Executed DbCommand (2ms) [Parameters=[], CommandType='Text', CommandTimeout='30']
2026-08-07T23:51:56.2386847Z       SELECT [MigrationId], [ProductVersion]
2026-08-07T23:51:56.2386898Z       FROM [__EFMigrationsHistory]
2026-08-07T23:51:56.2386988Z       ORDER BY [MigrationId];
2026-08-07T23:51:56.2402045Z info: Microsoft.EntityFrameworkCore.Database.Command[20101]
2026-08-07T23:51:56.2402431Z       Executed DbCommand (1ms) [Parameters=[], CommandType='Text', CommandTimeout='30']
2026-08-07T23:51:56.2402498Z       SELECT TOP(1) [b].[BankAccountNumber]
2026-08-07T23:51:56.2402544Z       FROM [Beneficiaries] AS [b]
2026-08-07T23:51:56.2402633Z       ORDER BY [b].[Id]
2026-08-07T23:51:57.0537522Z info: Microsoft.EntityFrameworkCore.Database.Command[20101]
2026-08-07T23:51:57.0538628Z       Executed DbCommand (2ms) [Parameters=[], CommandType='Text', CommandTimeout='30']
2026-08-07T23:51:57.0538812Z       SELECT 1
2026-08-07T23:51:57.0554593Z info: Microsoft.EntityFrameworkCore.Database.Command[20101]
2026-08-07T23:51:57.0555129Z       Executed DbCommand (2ms) [Parameters=[], CommandType='Text', CommandTimeout='30']
2026-08-07T23:51:57.0555220Z       SELECT OBJECT_ID(N'[__EFMigrationsHistory]');
2026-08-07T23:51:57.0582224Z info: Microsoft.EntityFrameworkCore.Database.Command[20101]
2026-08-07T23:51:57.0582708Z       Executed DbCommand (2ms) [Parameters=[], CommandType='Text', CommandTimeout='30']
2026-08-07T23:51:57.0582851Z       SELECT [MigrationId], [ProductVersion]
2026-08-07T23:51:57.0582895Z       FROM [__EFMigrationsHistory]
2026-08-07T23:51:57.0582943Z       ORDER BY [MigrationId];
2026-08-07T23:51:57.0606098Z info: Microsoft.EntityFrameworkCore.Database.Command[20101]
2026-08-07T23:51:57.0610455Z       Executed DbCommand (1ms) [Parameters=[], CommandType='Text', CommandTimeout='30']
2026-08-07T23:51:57.0610592Z       SELECT TOP(1) [b].[BankAccountNumber]
2026-08-07T23:51:57.0610638Z       FROM [Beneficiaries] AS [b]
2026-08-07T23:51:57.0610682Z       ORDER BY [b].[Id]
2026-08-07T23:51:58.3981713Z info: Microsoft.EntityFrameworkCore.Database.Command[20101]
2026-08-07T23:51:58.3982643Z       Executed DbCommand (2ms) [Parameters=[], CommandType='Text', CommandTimeout='30']
2026-08-07T23:51:58.3982783Z       SELECT 1
2026-08-07T23:51:58.4007510Z info: Microsoft.EntityFrameworkCore.Database.Command[20101]
2026-08-07T23:51:58.4008134Z       Executed DbCommand (2ms) [Parameters=[], CommandType='Text', CommandTimeout='30']
2026-08-07T23:51:58.4008241Z       SELECT OBJECT_ID(N'[__EFMigrationsHistory]');
2026-08-07T23:51:58.4030832Z info: Microsoft.EntityFrameworkCore.Database.Command[20101]
2026-08-07T23:51:58.4031212Z       Executed DbCommand (2ms) [Parameters=[], CommandType='Text', CommandTimeout='30']
2026-08-07T23:51:58.4031293Z       SELECT [MigrationId], [ProductVersion]
2026-08-07T23:51:58.4031333Z       FROM [__EFMigrationsHistory]
2026-08-07T23:51:58.4031421Z       ORDER BY [MigrationId];
2026-08-07T23:51:58.4048327Z info: Microsoft.EntityFrameworkCore.Database.Command[20101]
2026-08-07T23:51:58.4048664Z       Executed DbCommand (1ms) [Parameters=[], CommandType='Text', CommandTimeout='30']
2026-08-07T23:51:58.4048736Z       SELECT TOP(1) [b].[BankAccountNumber]
2026-08-07T23:51:58.4048782Z       FROM [Beneficiaries] AS [b]
2026-08-07T23:51:58.4048865Z       ORDER BY [b].[Id]
2026-08-07T23:52:02.4269322Z info: Microsoft.EntityFrameworkCore.Database.Command[20101]
2026-08-07T23:52:02.4270238Z       Executed DbCommand (2ms) [Parameters=[], CommandType='Text', CommandTimeout='30']
2026-08-07T23:52:02.4270346Z       SELECT 1
2026-08-07T23:52:02.4289017Z info: Microsoft.EntityFrameworkCore.Database.Command[20101]
2026-08-07T23:52:02.4289537Z       Executed DbCommand (2ms) [Parameters=[], CommandType='Text', CommandTimeout='30']
2026-08-07T23:52:02.4289627Z       SELECT OBJECT_ID(N'[__EFMigrationsHistory]');
2026-08-07T23:52:02.4319979Z info: Microsoft.EntityFrameworkCore.Database.Command[20101]
2026-08-07T23:52:02.4320461Z       Executed DbCommand (2ms) [Parameters=[], CommandType='Text', CommandTimeout='30']
2026-08-07T23:52:02.4320584Z       SELECT [MigrationId], [ProductVersion]
2026-08-07T23:52:02.4320628Z       FROM [__EFMigrationsHistory]
2026-08-07T23:52:02.4320668Z       ORDER BY [MigrationId];
2026-08-07T23:52:02.4332065Z info: Microsoft.EntityFrameworkCore.Database.Command[20101]
2026-08-07T23:52:02.4332404Z       Executed DbCommand (1ms) [Parameters=[], CommandType='Text', CommandTimeout='30']
2026-08-07T23:52:02.4332522Z       SELECT TOP(1) [b].[BankAccountNumber]
2026-08-07T23:52:02.4332676Z       FROM [Beneficiaries] AS [b]
2026-08-07T23:52:02.4332724Z       ORDER BY [b].[Id]
2026-08-07T23:52:04.0996026Z info: Microsoft.EntityFrameworkCore.Database.Command[20101]
2026-08-07T23:52:04.0996915Z       Executed DbCommand (2ms) [Parameters=[], CommandType='Text', CommandTimeout='30']
2026-08-07T23:52:04.0997019Z       SELECT 1
2026-08-07T23:52:04.1015554Z info: Microsoft.EntityFrameworkCore.Database.Command[20101]
2026-08-07T23:52:04.1015886Z       Executed DbCommand (2ms) [Parameters=[], CommandType='Text', CommandTimeout='30']
2026-08-07T23:52:04.1016058Z       SELECT OBJECT_ID(N'[__EFMigrationsHistory]');
2026-08-07T23:52:04.1043931Z info: Microsoft.EntityFrameworkCore.Database.Command[20101]
2026-08-07T23:52:04.1044369Z       Executed DbCommand (2ms) [Parameters=[], CommandType='Text', CommandTimeout='30']
2026-08-07T23:52:04.1044444Z       SELECT [MigrationId], [ProductVersion]
2026-08-07T23:52:04.1044484Z       FROM [__EFMigrationsHistory]
2026-08-07T23:52:04.1044565Z       ORDER BY [MigrationId];
2026-08-07T23:52:04.1066033Z info: Microsoft.EntityFrameworkCore.Database.Command[20101]
2026-08-07T23:52:04.1066410Z       Executed DbCommand (1ms) [Parameters=[], CommandType='Text', CommandTimeout='30']
2026-08-07T23:52:04.1066489Z       SELECT TOP(1) [b].[BankAccountNumber]
2026-08-07T23:52:04.1066534Z       FROM [Beneficiaries] AS [b]
2026-08-07T23:52:04.1066623Z       ORDER BY [b].[Id]
2026-08-07T23:52:06.9174150Z info: Microsoft.EntityFrameworkCore.Database.Command[20101]
2026-08-07T23:52:06.9175221Z       Executed DbCommand (2ms) [Parameters=[], CommandType='Text', CommandTimeout='30']
2026-08-07T23:52:06.9175335Z       SELECT 1
2026-08-07T23:52:06.9202344Z info: Microsoft.EntityFrameworkCore.Database.Command[20101]
2026-08-07T23:52:06.9202889Z       Executed DbCommand (2ms) [Parameters=[], CommandType='Text', CommandTimeout='30']
2026-08-07T23:52:06.9203046Z       SELECT OBJECT_ID(N'[__EFMigrationsHistory]');
2026-08-07T23:52:06.9219353Z info: Microsoft.EntityFrameworkCore.Database.Command[20101]
2026-08-07T23:52:06.9219743Z       Executed DbCommand (2ms) [Parameters=[], CommandType='Text', CommandTimeout='30']
2026-08-07T23:52:06.9219813Z       SELECT [MigrationId], [ProductVersion]
2026-08-07T23:52:06.9219895Z       FROM [__EFMigrationsHistory]
2026-08-07T23:52:06.9219935Z       ORDER BY [MigrationId];
2026-08-07T23:52:06.9232234Z info: Microsoft.EntityFrameworkCore.Database.Command[20101]
2026-08-07T23:52:06.9232550Z       Executed DbCommand (1ms) [Parameters=[], CommandType='Text', CommandTimeout='30']
2026-08-07T23:52:06.9232615Z       SELECT TOP(1) [b].[BankAccountNumber]
2026-08-07T23:52:06.9232693Z       FROM [Beneficiaries] AS [b]
2026-08-07T23:52:06.9232730Z       ORDER BY [b].[Id]
2026-08-07T23:52:09.2784664Z info: Microsoft.EntityFrameworkCore.Database.Command[20101]
2026-08-07T23:52:09.2785573Z       Executed DbCommand (2ms) [Parameters=[], CommandType='Text', CommandTimeout='30']
2026-08-07T23:52:09.2785861Z       SELECT 1
2026-08-07T23:52:09.3029047Z info: Microsoft.EntityFrameworkCore.Database.Command[20101]
2026-08-07T23:52:09.3029734Z       Executed DbCommand (2ms) [Parameters=[], CommandType='Text', CommandTimeout='30']
2026-08-07T23:52:09.3029840Z       SELECT OBJECT_ID(N'[__EFMigrationsHistory]');
2026-08-07T23:52:09.3030115Z info: Microsoft.EntityFrameworkCore.Database.Command[20101]
2026-08-07T23:52:09.3030176Z       Executed DbCommand (2ms) [Parameters=[], CommandType='Text', CommandTimeout='30']
2026-08-07T23:52:09.3030225Z       SELECT [MigrationId], [ProductVersion]
2026-08-07T23:52:09.3030264Z       FROM [__EFMigrationsHistory]
2026-08-07T23:52:09.3030308Z       ORDER BY [MigrationId];
2026-08-07T23:52:09.3030377Z info: Microsoft.EntityFrameworkCore.Database.Command[20101]
2026-08-07T23:52:09.3030425Z       Executed DbCommand (1ms) [Parameters=[], CommandType='Text', CommandTimeout='30']
2026-08-07T23:52:09.3030470Z       SELECT TOP(1) [b].[BankAccountNumber]
2026-08-07T23:52:09.3030512Z       FROM [Beneficiaries] AS [b]
2026-08-07T23:52:09.3030555Z       ORDER BY [b].[Id]
2026-08-07T23:52:09.4411736Z info: Microsoft.EntityFrameworkCore.Database.Command[20101]
2026-08-07T23:52:09.4412519Z       Executed DbCommand (2ms) [Parameters=[], CommandType='Text', CommandTimeout='30']
2026-08-07T23:52:09.4412617Z       SELECT 1
2026-08-07T23:52:09.4435334Z info: Microsoft.EntityFrameworkCore.Database.Command[20101]
2026-08-07T23:52:09.4435678Z       Executed DbCommand (2ms) [Parameters=[], CommandType='Text', CommandTimeout='30']
2026-08-07T23:52:09.4435756Z       SELECT OBJECT_ID(N'[__EFMigrationsHistory]');
2026-08-07T23:52:09.4462311Z info: Microsoft.EntityFrameworkCore.Database.Command[20101]
2026-08-07T23:52:09.4462713Z       Executed DbCommand (3ms) [Parameters=[], CommandType='Text', CommandTimeout='30']
2026-08-07T23:52:09.4462795Z       SELECT [MigrationId], [ProductVersion]
2026-08-07T23:52:09.4462900Z       FROM [__EFMigrationsHistory]
2026-08-07T23:52:09.4462946Z       ORDER BY [MigrationId];
2026-08-07T23:52:09.4489187Z info: Microsoft.EntityFrameworkCore.Database.Command[20101]
2026-08-07T23:52:09.4489574Z       Executed DbCommand (1ms) [Parameters=[], CommandType='Text', CommandTimeout='30']
2026-08-07T23:52:09.4489699Z       SELECT TOP(1) [b].[BankAccountNumber]
2026-08-07T23:52:09.4489746Z       FROM [Beneficiaries] AS [b]
2026-08-07T23:52:09.4489787Z       ORDER BY [b].[Id]
2026-08-07T23:52:10.3458213Z info: Microsoft.EntityFrameworkCore.Database.Command[20101]
2026-08-07T23:52:10.3458935Z       Executed DbCommand (2ms) [Parameters=[], CommandType='Text', CommandTimeout='30']
2026-08-07T23:52:10.3459097Z       SELECT 1
2026-08-07T23:52:10.3473443Z info: Microsoft.EntityFrameworkCore.Database.Command[20101]
2026-08-07T23:52:10.3473966Z       Executed DbCommand (2ms) [Parameters=[], CommandType='Text', CommandTimeout='30']
2026-08-07T23:52:10.3474053Z       SELECT OBJECT_ID(N'[__EFMigrationsHistory]');
2026-08-07T23:52:10.3501684Z info: Microsoft.EntityFrameworkCore.Database.Command[20101]
2026-08-07T23:52:10.3502210Z       Executed DbCommand (1ms) [Parameters=[], CommandType='Text', CommandTimeout='30']
2026-08-07T23:52:10.3502290Z       SELECT [MigrationId], [ProductVersion]
2026-08-07T23:52:10.3502332Z       FROM [__EFMigrationsHistory]
2026-08-07T23:52:10.3502376Z       ORDER BY [MigrationId];
2026-08-07T23:52:10.3524803Z info: Microsoft.EntityFrameworkCore.Database.Command[20101]
2026-08-07T23:52:10.3525338Z       Executed DbCommand (1ms) [Parameters=[], CommandType='Text', CommandTimeout='30']
2026-08-07T23:52:10.3525425Z       SELECT TOP(1) [b].[BankAccountNumber]
2026-08-07T23:52:10.3525474Z       FROM [Beneficiaries] AS [b]
2026-08-07T23:52:10.3525513Z       ORDER BY [b].[Id]
2026-08-07T23:52:13.7460227Z info: Microsoft.EntityFrameworkCore.Database.Command[20101]
2026-08-07T23:52:13.7461260Z       Executed DbCommand (2ms) [Parameters=[], CommandType='Text', CommandTimeout='30']
2026-08-07T23:52:13.7461367Z       SELECT 1
2026-08-07T23:52:13.7477113Z info: Microsoft.EntityFrameworkCore.Database.Command[20101]
2026-08-07T23:52:13.7477722Z       Executed DbCommand (2ms) [Parameters=[], CommandType='Text', CommandTimeout='30']
2026-08-07T23:52:13.7477801Z       SELECT OBJECT_ID(N'[__EFMigrationsHistory]');
2026-08-07T23:52:13.7507229Z info: Microsoft.EntityFrameworkCore.Database.Command[20101]
2026-08-07T23:52:13.7507591Z       Executed DbCommand (2ms) [Parameters=[], CommandType='Text', CommandTimeout='30']
2026-08-07T23:52:13.7507728Z       SELECT [MigrationId], [ProductVersion]
2026-08-07T23:52:13.7507773Z       FROM [__EFMigrationsHistory]
2026-08-07T23:52:13.7508519Z       ORDER BY [MigrationId];
2026-08-07T23:52:13.7523289Z info: Microsoft.EntityFrameworkCore.Database.Command[20101]
2026-08-07T23:52:13.7523666Z       Executed DbCommand (1ms) [Parameters=[], CommandType='Text', CommandTimeout='30']
2026-08-07T23:52:13.7523740Z       SELECT TOP(1) [b].[BankAccountNumber]
2026-08-07T23:52:13.7525534Z       FROM [Beneficiaries] AS [b]
2026-08-07T23:52:13.7525627Z       ORDER BY [b].[Id]
2026-08-07T23:52:14.5502168Z info: Microsoft.EntityFrameworkCore.Database.Command[20101]
2026-08-07T23:52:14.5503259Z       Executed DbCommand (2ms) [Parameters=[], CommandType='Text', CommandTimeout='30']
2026-08-07T23:52:14.5503357Z       SELECT 1
2026-08-07T23:52:14.5528172Z info: Microsoft.EntityFrameworkCore.Database.Command[20101]
2026-08-07T23:52:14.5528862Z       Executed DbCommand (2ms) [Parameters=[], CommandType='Text', CommandTimeout='30']
2026-08-07T23:52:14.5529026Z       SELECT OBJECT_ID(N'[__EFMigrationsHistory]');
2026-08-07T23:52:14.5545288Z info: Microsoft.EntityFrameworkCore.Database.Command[20101]
2026-08-07T23:52:14.5547341Z       Executed DbCommand (1ms) [Parameters=[], CommandType='Text', CommandTimeout='30']
2026-08-07T23:52:14.5547432Z       SELECT [MigrationId], [ProductVersion]
2026-08-07T23:52:14.5547470Z       FROM [__EFMigrationsHistory]
2026-08-07T23:52:14.5547716Z       ORDER BY [MigrationId];
2026-08-07T23:52:14.5564007Z info: Microsoft.EntityFrameworkCore.Database.Command[20101]
2026-08-07T23:52:14.5564369Z       Executed DbCommand (1ms) [Parameters=[], CommandType='Text', CommandTimeout='30']
2026-08-07T23:52:14.5564443Z       SELECT TOP(1) [b].[BankAccountNumber]
2026-08-07T23:52:14.5571665Z       FROM [Beneficiaries] AS [b]
2026-08-07T23:52:14.5572096Z       ORDER BY [b].[Id]
2026-08-07T23:52:23.6191744Z info: Microsoft.EntityFrameworkCore.Database.Command[20101]
2026-08-07T23:52:23.6192569Z       Executed DbCommand (2ms) [Parameters=[], CommandType='Text', CommandTimeout='30']
2026-08-07T23:52:23.6192687Z       SELECT 1
2026-08-07T23:52:23.6220385Z info: Microsoft.EntityFrameworkCore.Database.Command[20101]
2026-08-07T23:52:23.6220958Z       Executed DbCommand (2ms) [Parameters=[], CommandType='Text', CommandTimeout='30']
2026-08-07T23:52:23.6221041Z       SELECT OBJECT_ID(N'[__EFMigrationsHistory]');
2026-08-07T23:52:23.6236701Z info: Microsoft.EntityFrameworkCore.Database.Command[20101]
2026-08-07T23:52:23.6237134Z       Executed DbCommand (1ms) [Parameters=[], CommandType='Text', CommandTimeout='30']
2026-08-07T23:52:23.6237208Z       SELECT [MigrationId], [ProductVersion]
2026-08-07T23:52:23.6237248Z       FROM [__EFMigrationsHistory]
2026-08-07T23:52:23.6237288Z       ORDER BY [MigrationId];
2026-08-07T23:52:23.6249081Z info: Microsoft.EntityFrameworkCore.Database.Command[20101]
2026-08-07T23:52:23.6249457Z       Executed DbCommand (1ms) [Parameters=[], CommandType='Text', CommandTimeout='30']
2026-08-07T23:52:23.6249525Z       SELECT TOP(1) [b].[BankAccountNumber]
2026-08-07T23:52:23.6249568Z       FROM [Beneficiaries] AS [b]
2026-08-07T23:52:23.6249611Z       ORDER BY [b].[Id]
2026-08-07T23:52:23.6930335Z info: Microsoft.EntityFrameworkCore.Database.Command[20101]
2026-08-07T23:52:23.6932582Z       Executed DbCommand (2ms) [Parameters=[], CommandType='Text', CommandTimeout='30']
2026-08-07T23:52:23.6932720Z       SELECT 1
2026-08-07T23:52:23.6955545Z info: Microsoft.EntityFrameworkCore.Database.Command[20101]
2026-08-07T23:52:23.6956027Z       Executed DbCommand (2ms) [Parameters=[], CommandType='Text', CommandTimeout='30']
2026-08-07T23:52:23.6956180Z       SELECT OBJECT_ID(N'[__EFMigrationsHistory]');
2026-08-07T23:52:23.6985027Z info: Microsoft.EntityFrameworkCore.Database.Command[20101]
2026-08-07T23:52:23.6985508Z       Executed DbCommand (1ms) [Parameters=[], CommandType='Text', CommandTimeout='30']
2026-08-07T23:52:23.6985608Z       SELECT [MigrationId], [ProductVersion]
2026-08-07T23:52:23.6985706Z       FROM [__EFMigrationsHistory]
2026-08-07T23:52:23.6986132Z       ORDER BY [MigrationId];
2026-08-07T23:52:23.7019769Z info: Microsoft.EntityFrameworkCore.Database.Command[20101]
2026-08-07T23:52:23.7020146Z       Executed DbCommand (1ms) [Parameters=[], CommandType='Text', CommandTimeout='30']
2026-08-07T23:52:23.7020271Z       SELECT TOP(1) [b].[BankAccountNumber]
2026-08-07T23:52:23.7020313Z       FROM [Beneficiaries] AS [b]
2026-08-07T23:52:23.7020353Z       ORDER BY [b].[Id]
2026-08-07T23:52:25.2800685Z info: Microsoft.EntityFrameworkCore.Database.Command[20101]
2026-08-07T23:52:25.2801439Z       Executed DbCommand (2ms) [Parameters=[], CommandType='Text', CommandTimeout='30']
2026-08-07T23:52:25.2801622Z       SELECT 1
2026-08-07T23:52:25.2815388Z info: Microsoft.EntityFrameworkCore.Database.Command[20101]
2026-08-07T23:52:25.2815814Z       Executed DbCommand (2ms) [Parameters=[], CommandType='Text', CommandTimeout='30']
2026-08-07T23:52:25.2815887Z       SELECT OBJECT_ID(N'[__EFMigrationsHistory]');
2026-08-07T23:52:25.2901308Z info: Microsoft.EntityFrameworkCore.Database.Command[20101]
2026-08-07T23:52:25.2902033Z       Executed DbCommand (7ms) [Parameters=[], CommandType='Text', CommandTimeout='30']
2026-08-07T23:52:25.2902131Z       SELECT [MigrationId], [ProductVersion]
2026-08-07T23:52:25.2902198Z       FROM [__EFMigrationsHistory]
2026-08-07T23:52:25.2902251Z       ORDER BY [MigrationId];
2026-08-07T23:52:25.2914149Z info: Microsoft.EntityFrameworkCore.Database.Command[20101]
2026-08-07T23:52:25.2914556Z       Executed DbCommand (1ms) [Parameters=[], CommandType='Text', CommandTimeout='30']
2026-08-07T23:52:25.2914635Z       SELECT TOP(1) [b].[BankAccountNumber]
2026-08-07T23:52:25.2914678Z       FROM [Beneficiaries] AS [b]
2026-08-07T23:52:25.2914715Z       ORDER BY [b].[Id]
2026-08-07T23:52:33.4943672Z info: Microsoft.EntityFrameworkCore.Database.Command[20101]
2026-08-07T23:52:33.4944508Z       Executed DbCommand (2ms) [Parameters=[], CommandType='Text', CommandTimeout='30']
2026-08-07T23:52:33.4944634Z       SELECT 1
2026-08-07T23:52:33.4962396Z info: Microsoft.EntityFrameworkCore.Database.Command[20101]
2026-08-07T23:52:33.4962927Z       Executed DbCommand (2ms) [Parameters=[], CommandType='Text', CommandTimeout='30']
2026-08-07T23:52:33.4963022Z       SELECT OBJECT_ID(N'[__EFMigrationsHistory]');
2026-08-07T23:52:33.4993504Z info: Microsoft.EntityFrameworkCore.Database.Command[20101]
2026-08-07T23:52:33.4993958Z       Executed DbCommand (1ms) [Parameters=[], CommandType='Text', CommandTimeout='30']
2026-08-07T23:52:33.4994106Z       SELECT [MigrationId], [ProductVersion]
2026-08-07T23:52:33.4994162Z       FROM [__EFMigrationsHistory]
2026-08-07T23:52:33.4994213Z       ORDER BY [MigrationId];
2026-08-07T23:52:33.5015578Z info: Microsoft.EntityFrameworkCore.Database.Command[20101]
2026-08-07T23:52:33.5015807Z       Executed DbCommand (1ms) [Parameters=[], CommandType='Text', CommandTimeout='30']
2026-08-07T23:52:33.5015918Z       SELECT TOP(1) [b].[BankAccountNumber]
2026-08-07T23:52:33.5015964Z       FROM [Beneficiaries] AS [b]
2026-08-07T23:52:33.5016002Z       ORDER BY [b].[Id]
2026-08-07T23:52:36.9146137Z info: Microsoft.EntityFrameworkCore.Database.Command[20101]
2026-08-07T23:52:36.9147161Z       Executed DbCommand (2ms) [Parameters=[], CommandType='Text', CommandTimeout='30']
2026-08-07T23:52:36.9147261Z       SELECT 1
2026-08-07T23:52:36.9168032Z info: Microsoft.EntityFrameworkCore.Database.Command[20101]
2026-08-07T23:52:36.9168617Z       Executed DbCommand (2ms) [Parameters=[], CommandType='Text', CommandTimeout='30']
2026-08-07T23:52:36.9168706Z       SELECT OBJECT_ID(N'[__EFMigrationsHistory]');
2026-08-07T23:52:36.9197287Z info: Microsoft.EntityFrameworkCore.Database.Command[20101]
2026-08-07T23:52:36.9197710Z       Executed DbCommand (1ms) [Parameters=[], CommandType='Text', CommandTimeout='30']
2026-08-07T23:52:36.9197790Z       SELECT [MigrationId], [ProductVersion]
2026-08-07T23:52:36.9197837Z       FROM [__EFMigrationsHistory]
2026-08-07T23:52:36.9197926Z       ORDER BY [MigrationId];
2026-08-07T23:52:36.9212067Z info: Microsoft.EntityFrameworkCore.Database.Command[20101]
2026-08-07T23:52:36.9212389Z       Executed DbCommand (2ms) [Parameters=[], CommandType='Text', CommandTimeout='30']
2026-08-07T23:52:36.9212449Z       SELECT TOP(1) [b].[BankAccountNumber]
2026-08-07T23:52:36.9212488Z       FROM [Beneficiaries] AS [b]
2026-08-07T23:52:36.9214935Z       ORDER BY [b].[Id]
2026-08-07T23:52:39.5185525Z info: Microsoft.EntityFrameworkCore.Database.Command[20101]
2026-08-07T23:52:39.5186280Z       Executed DbCommand (2ms) [Parameters=[], CommandType='Text', CommandTimeout='30']
2026-08-07T23:52:39.5186397Z       SELECT 1
2026-08-07T23:52:39.5230436Z info: Microsoft.EntityFrameworkCore.Database.Command[20101]
2026-08-07T23:52:39.5231354Z       Executed DbCommand (2ms) [Parameters=[], CommandType='Text', CommandTimeout='30']
2026-08-07T23:52:39.5231449Z       SELECT OBJECT_ID(N'[__EFMigrationsHistory]');
2026-08-07T23:52:39.5247852Z info: Microsoft.EntityFrameworkCore.Database.Command[20101]
2026-08-07T23:52:39.5248236Z       Executed DbCommand (1ms) [Parameters=[], CommandType='Text', CommandTimeout='30']
2026-08-07T23:52:39.5248362Z       SELECT [MigrationId], [ProductVersion]
2026-08-07T23:52:39.5248412Z       FROM [__EFMigrationsHistory]
2026-08-07T23:52:39.5254370Z       ORDER BY [MigrationId];
2026-08-07T23:52:39.5264994Z info: Microsoft.EntityFrameworkCore.Database.Command[20101]
2026-08-07T23:52:39.5265327Z       Executed DbCommand (2ms) [Parameters=[], CommandType='Text', CommandTimeout='30']
2026-08-07T23:52:39.5265400Z       SELECT TOP(1) [b].[BankAccountNumber]
2026-08-07T23:52:39.5265445Z       FROM [Beneficiaries] AS [b]
2026-08-07T23:52:39.5265496Z       ORDER BY [b].[Id]
2026-08-07T23:52:41.0106269Z info: Microsoft.EntityFrameworkCore.Database.Command[20101]
2026-08-07T23:52:41.0107079Z       Executed DbCommand (2ms) [Parameters=[], CommandType='Text', CommandTimeout='30']
2026-08-07T23:52:41.0107193Z       SELECT 1
2026-08-07T23:52:41.0126163Z info: Microsoft.EntityFrameworkCore.Database.Command[20101]
2026-08-07T23:52:41.0126586Z       Executed DbCommand (2ms) [Parameters=[], CommandType='Text', CommandTimeout='30']
2026-08-07T23:52:41.0126979Z       SELECT OBJECT_ID(N'[__EFMigrationsHistory]');
2026-08-07T23:52:41.0156772Z info: Microsoft.EntityFrameworkCore.Database.Command[20101]
2026-08-07T23:52:41.0157131Z       Executed DbCommand (2ms) [Parameters=[], CommandType='Text', CommandTimeout='30']
2026-08-07T23:52:41.0157207Z       SELECT [MigrationId], [ProductVersion]
2026-08-07T23:52:41.0157261Z       FROM [__EFMigrationsHistory]
2026-08-07T23:52:41.0157348Z       ORDER BY [MigrationId];
2026-08-07T23:52:41.0170187Z info: Microsoft.EntityFrameworkCore.Database.Command[20101]
2026-08-07T23:52:41.0170498Z       Executed DbCommand (1ms) [Parameters=[], CommandType='Text', CommandTimeout='30']
2026-08-07T23:52:41.0170573Z       SELECT TOP(1) [b].[BankAccountNumber]
2026-08-07T23:52:41.0170614Z       FROM [Beneficiaries] AS [b]
2026-08-07T23:52:41.0170694Z       ORDER BY [b].[Id]
2026-08-07T23:52:43.2014804Z info: Microsoft.EntityFrameworkCore.Database.Command[20101]
2026-08-07T23:52:43.2015734Z       Executed DbCommand (2ms) [Parameters=[], CommandType='Text', CommandTimeout='30']
2026-08-07T23:52:43.2015859Z       SELECT 1
2026-08-07T23:52:43.2034138Z info: Microsoft.EntityFrameworkCore.Database.Command[20101]
2026-08-07T23:52:43.2034783Z       Executed DbCommand (2ms) [Parameters=[], CommandType='Text', CommandTimeout='30']
2026-08-07T23:52:43.2034880Z       SELECT OBJECT_ID(N'[__EFMigrationsHistory]');
2026-08-07T23:52:43.2061212Z info: Microsoft.EntityFrameworkCore.Database.Command[20101]
2026-08-07T23:52:43.2061959Z       Executed DbCommand (1ms) [Parameters=[], CommandType='Text', CommandTimeout='30']
2026-08-07T23:52:43.2062053Z       SELECT [MigrationId], [ProductVersion]
2026-08-07T23:52:43.2062104Z       FROM [__EFMigrationsHistory]
2026-08-07T23:52:43.2062152Z       ORDER BY [MigrationId];
2026-08-07T23:52:43.2079770Z info: Microsoft.EntityFrameworkCore.Database.Command[20101]
2026-08-07T23:52:43.2080146Z       Executed DbCommand (1ms) [Parameters=[], CommandType='Text', CommandTimeout='30']
2026-08-07T23:52:43.2080222Z       SELECT TOP(1) [b].[BankAccountNumber]
2026-08-07T23:52:43.2080269Z       FROM [Beneficiaries] AS [b]
2026-08-07T23:52:43.2080312Z       ORDER BY [b].[Id]
2026-08-07T23:52:45.9708452Z info: Microsoft.EntityFrameworkCore.Database.Command[20101]
2026-08-07T23:52:45.9709414Z       Executed DbCommand (2ms) [Parameters=[], CommandType='Text', CommandTimeout='30']
2026-08-07T23:52:45.9709529Z       SELECT 1
2026-08-07T23:52:45.9725849Z info: Microsoft.EntityFrameworkCore.Database.Command[20101]
2026-08-07T23:52:45.9726369Z       Executed DbCommand (2ms) [Parameters=[], CommandType='Text', CommandTimeout='30']
2026-08-07T23:52:45.9726542Z       SELECT OBJECT_ID(N'[__EFMigrationsHistory]');
2026-08-07T23:52:45.9757931Z info: Microsoft.EntityFrameworkCore.Database.Command[20101]
2026-08-07T23:52:45.9758294Z       Executed DbCommand (2ms) [Parameters=[], CommandType='Text', CommandTimeout='30']
2026-08-07T23:52:45.9758371Z       SELECT [MigrationId], [ProductVersion]
2026-08-07T23:52:45.9758468Z       FROM [__EFMigrationsHistory]
2026-08-07T23:52:45.9758520Z       ORDER BY [MigrationId];
2026-08-07T23:52:45.9771350Z info: Microsoft.EntityFrameworkCore.Database.Command[20101]
2026-08-07T23:52:45.9771680Z       Executed DbCommand (1ms) [Parameters=[], CommandType='Text', CommandTimeout='30']
2026-08-07T23:52:45.9771759Z       SELECT TOP(1) [b].[BankAccountNumber]
2026-08-07T23:52:45.9771844Z       FROM [Beneficiaries] AS [b]
2026-08-07T23:52:45.9771882Z       ORDER BY [b].[Id]
2026-08-07T23:52:46.4286011Z info: Microsoft.EntityFrameworkCore.Database.Command[20101]
2026-08-07T23:52:46.4287094Z       Executed DbCommand (2ms) [Parameters=[], CommandType='Text', CommandTimeout='30']
2026-08-07T23:52:46.4287296Z       SELECT 1
2026-08-07T23:52:46.4325925Z info: Microsoft.EntityFrameworkCore.Database.Command[20101]
2026-08-07T23:52:46.4326873Z       Executed DbCommand (3ms) [Parameters=[], CommandType='Text', CommandTimeout='30']
2026-08-07T23:52:46.4326999Z       SELECT OBJECT_ID(N'[__EFMigrationsHistory]');
2026-08-07T23:52:46.4339957Z info: Microsoft.EntityFrameworkCore.Database.Command[20101]
2026-08-07T23:52:46.4342818Z       Executed DbCommand (2ms) [Parameters=[], CommandType='Text', CommandTimeout='30']
2026-08-07T23:52:46.4342998Z       SELECT [MigrationId], [ProductVersion]
2026-08-07T23:52:46.4343050Z       FROM [__EFMigrationsHistory]
2026-08-07T23:52:46.4343284Z       ORDER BY [MigrationId];
2026-08-07T23:52:46.4358074Z info: Microsoft.EntityFrameworkCore.Database.Command[20101]
2026-08-07T23:52:46.4358469Z       Executed DbCommand (1ms) [Parameters=[], CommandType='Text', CommandTimeout='30']
2026-08-07T23:52:46.4358547Z       SELECT TOP(1) [b].[BankAccountNumber]
2026-08-07T23:52:46.4360727Z       FROM [Beneficiaries] AS [b]
2026-08-07T23:52:46.4360832Z       ORDER BY [b].[Id]
2026-08-07T23:52:48.1050976Z info: Microsoft.EntityFrameworkCore.Database.Command[20101]
2026-08-07T23:52:48.1051821Z       Executed DbCommand (2ms) [Parameters=[], CommandType='Text', CommandTimeout='30']
2026-08-07T23:52:48.1051975Z       SELECT 1
2026-08-07T23:52:48.1077651Z info: Microsoft.EntityFrameworkCore.Database.Command[20101]
2026-08-07T23:52:48.1078388Z       Executed DbCommand (2ms) [Parameters=[], CommandType='Text', CommandTimeout='30']
2026-08-07T23:52:48.1078475Z       SELECT OBJECT_ID(N'[__EFMigrationsHistory]');
2026-08-07T23:52:48.1090327Z info: Microsoft.EntityFrameworkCore.Database.Command[20101]
2026-08-07T23:52:48.1090748Z       Executed DbCommand (1ms) [Parameters=[], CommandType='Text', CommandTimeout='30']
2026-08-07T23:52:48.1090886Z       SELECT [MigrationId], [ProductVersion]
2026-08-07T23:52:48.1090933Z       FROM [__EFMigrationsHistory]
2026-08-07T23:52:48.1090973Z       ORDER BY [MigrationId];
2026-08-07T23:52:48.1109212Z info: Microsoft.EntityFrameworkCore.Database.Command[20101]
2026-08-07T23:52:48.1109582Z       Executed DbCommand (1ms) [Parameters=[], CommandType='Text', CommandTimeout='30']
2026-08-07T23:52:48.1116449Z       SELECT TOP(1) [b].[BankAccountNumber]
2026-08-07T23:52:48.1116546Z       FROM [Beneficiaries] AS [b]
2026-08-07T23:52:48.1116589Z       ORDER BY [b].[Id]
2026-08-07T23:52:52.1702068Z info: Microsoft.EntityFrameworkCore.Database.Command[20101]
2026-08-07T23:52:52.1702973Z       Executed DbCommand (2ms) [Parameters=[], CommandType='Text', CommandTimeout='30']
2026-08-07T23:52:52.1703130Z       SELECT 1
2026-08-07T23:52:52.1729153Z info: Microsoft.EntityFrameworkCore.Database.Command[20101]
2026-08-07T23:52:52.1729612Z       Executed DbCommand (2ms) [Parameters=[], CommandType='Text', CommandTimeout='30']
2026-08-07T23:52:52.1729694Z       SELECT OBJECT_ID(N'[__EFMigrationsHistory]');
2026-08-07T23:52:52.1746986Z info: Microsoft.EntityFrameworkCore.Database.Command[20101]
2026-08-07T23:52:52.1747320Z       Executed DbCommand (1ms) [Parameters=[], CommandType='Text', CommandTimeout='30']
2026-08-07T23:52:52.1747432Z       SELECT [MigrationId], [ProductVersion]
2026-08-07T23:52:52.1750067Z       FROM [__EFMigrationsHistory]
2026-08-07T23:52:52.1750350Z       ORDER BY [MigrationId];
2026-08-07T23:52:52.1761847Z info: Microsoft.EntityFrameworkCore.Database.Command[20101]
2026-08-07T23:52:52.1762151Z       Executed DbCommand (1ms) [Parameters=[], CommandType='Text', CommandTimeout='30']
2026-08-07T23:52:52.1762216Z       SELECT TOP(1) [b].[BankAccountNumber]
2026-08-07T23:52:52.1762261Z       FROM [Beneficiaries] AS [b]
2026-08-07T23:52:52.1762348Z       ORDER BY [b].[Id]
2026-08-07T23:52:52.5945649Z info: Microsoft.EntityFrameworkCore.Database.Command[20101]
2026-08-07T23:52:52.5946603Z       Executed DbCommand (2ms) [Parameters=[], CommandType='Text', CommandTimeout='30']
2026-08-07T23:52:52.5946704Z       SELECT 1
2026-08-07T23:52:52.5961227Z info: Microsoft.EntityFrameworkCore.Database.Command[20101]
2026-08-07T23:52:52.5961707Z       Executed DbCommand (2ms) [Parameters=[], CommandType='Text', CommandTimeout='30']
2026-08-07T23:52:52.5961782Z       SELECT OBJECT_ID(N'[__EFMigrationsHistory]');
2026-08-07T23:52:52.5991238Z info: Microsoft.EntityFrameworkCore.Database.Command[20101]
2026-08-07T23:52:52.5991663Z       Executed DbCommand (2ms) [Parameters=[], CommandType='Text', CommandTimeout='30']
2026-08-07T23:52:52.5991793Z       SELECT [MigrationId], [ProductVersion]
2026-08-07T23:52:52.5991837Z       FROM [__EFMigrationsHistory]
2026-08-07T23:52:52.5997693Z       ORDER BY [MigrationId];
2026-08-07T23:52:52.6008829Z info: Microsoft.EntityFrameworkCore.Database.Command[20101]
2026-08-07T23:52:52.6009177Z       Executed DbCommand (1ms) [Parameters=[], CommandType='Text', CommandTimeout='30']
2026-08-07T23:52:52.6009241Z       SELECT TOP(1) [b].[BankAccountNumber]
2026-08-07T23:52:52.6009280Z       FROM [Beneficiaries] AS [b]
2026-08-07T23:52:52.6009320Z       ORDER BY [b].[Id]
2026-08-07T23:53:04.2438576Z info: Microsoft.EntityFrameworkCore.Database.Command[20101]
2026-08-07T23:53:04.2439371Z       Executed DbCommand (3ms) [Parameters=[], CommandType='Text', CommandTimeout='30']
2026-08-07T23:53:04.2443313Z       SELECT 1
2026-08-07T23:53:04.2468746Z info: Microsoft.EntityFrameworkCore.Database.Command[20101]
2026-08-07T23:53:04.2469361Z       Executed DbCommand (2ms) [Parameters=[], CommandType='Text', CommandTimeout='30']
2026-08-07T23:53:04.2469560Z       SELECT OBJECT_ID(N'[__EFMigrationsHistory]');
2026-08-07T23:53:04.2485086Z info: Microsoft.EntityFrameworkCore.Database.Command[20101]
2026-08-07T23:53:04.2485433Z       Executed DbCommand (1ms) [Parameters=[], CommandType='Text', CommandTimeout='30']
2026-08-07T23:53:04.2485509Z       SELECT [MigrationId], [ProductVersion]
2026-08-07T23:53:04.2485599Z       FROM [__EFMigrationsHistory]
2026-08-07T23:53:04.2485645Z       ORDER BY [MigrationId];
2026-08-07T23:53:04.2499550Z info: Microsoft.EntityFrameworkCore.Database.Command[20101]
2026-08-07T23:53:04.2499840Z       Executed DbCommand (2ms) [Parameters=[], CommandType='Text', CommandTimeout='30']
2026-08-07T23:53:04.2499908Z       SELECT TOP(1) [b].[BankAccountNumber]
2026-08-07T23:53:04.2499993Z       FROM [Beneficiaries] AS [b]
2026-08-07T23:53:04.2500033Z       ORDER BY [b].[Id]
2026-08-07T23:53:08.3584957Z info: Microsoft.EntityFrameworkCore.Database.Command[20101]
2026-08-07T23:53:08.3585689Z       Executed DbCommand (9ms) [Parameters=[], CommandType='Text', CommandTimeout='30']
2026-08-07T23:53:08.3585797Z       SELECT 1
2026-08-07T23:53:08.3609194Z info: Microsoft.EntityFrameworkCore.Database.Command[20101]
2026-08-07T23:53:08.3609724Z       Executed DbCommand (2ms) [Parameters=[], CommandType='Text', CommandTimeout='30']
2026-08-07T23:53:08.3609812Z       SELECT OBJECT_ID(N'[__EFMigrationsHistory]');
2026-08-07T23:53:08.3634409Z info: Microsoft.EntityFrameworkCore.Database.Command[20101]
2026-08-07T23:53:08.3634824Z       Executed DbCommand (2ms) [Parameters=[], CommandType='Text', CommandTimeout='30']
2026-08-07T23:53:08.3634891Z       SELECT [MigrationId], [ProductVersion]
2026-08-07T23:53:08.3634933Z       FROM [__EFMigrationsHistory]
2026-08-07T23:53:08.3635606Z       ORDER BY [MigrationId];
2026-08-07T23:53:08.3652887Z info: Microsoft.EntityFrameworkCore.Database.Command[20101]
2026-08-07T23:53:08.3653213Z       Executed DbCommand (1ms) [Parameters=[], CommandType='Text', CommandTimeout='30']
2026-08-07T23:53:08.3653282Z       SELECT TOP(1) [b].[BankAccountNumber]
2026-08-07T23:53:08.3653318Z       FROM [Beneficiaries] AS [b]
2026-08-07T23:53:08.3653355Z       ORDER BY [b].[Id]
2026-08-07T23:53:08.6903218Z info: Microsoft.EntityFrameworkCore.Database.Command[20101]
2026-08-07T23:53:08.6904011Z       Executed DbCommand (2ms) [Parameters=[], CommandType='Text', CommandTimeout='30']
2026-08-07T23:53:08.6904113Z       SELECT 1
2026-08-07T23:53:08.6920455Z info: Microsoft.EntityFrameworkCore.Database.Command[20101]
2026-08-07T23:53:08.6921109Z       Executed DbCommand (2ms) [Parameters=[], CommandType='Text', CommandTimeout='30']
2026-08-07T23:53:08.6921192Z       SELECT OBJECT_ID(N'[__EFMigrationsHistory]');
2026-08-07T23:53:08.6950277Z info: Microsoft.EntityFrameworkCore.Database.Command[20101]
2026-08-07T23:53:08.6950661Z       Executed DbCommand (1ms) [Parameters=[], CommandType='Text', CommandTimeout='30']
2026-08-07T23:53:08.6950733Z       SELECT [MigrationId], [ProductVersion]
2026-08-07T23:53:08.6950908Z       FROM [__EFMigrationsHistory]
2026-08-07T23:53:08.6951077Z       ORDER BY [MigrationId];
2026-08-07T23:53:08.6970373Z info: Microsoft.EntityFrameworkCore.Database.Command[20101]
2026-08-07T23:53:08.6970674Z       Executed DbCommand (1ms) [Parameters=[], CommandType='Text', CommandTimeout='30']
2026-08-07T23:53:08.6970778Z       SELECT TOP(1) [b].[BankAccountNumber]
2026-08-07T23:53:08.6970822Z       FROM [Beneficiaries] AS [b]
2026-08-07T23:53:08.6970860Z       ORDER BY [b].[Id]
2026-08-07T23:53:09.2397706Z info: Microsoft.EntityFrameworkCore.Database.Command[20101]
2026-08-07T23:53:09.2398493Z       Executed DbCommand (3ms) [Parameters=[], CommandType='Text', CommandTimeout='30']
2026-08-07T23:53:09.2398690Z       SELECT 1
2026-08-07T23:53:09.2412598Z info: Microsoft.EntityFrameworkCore.Database.Command[20101]
2026-08-07T23:53:09.2413102Z       Executed DbCommand (2ms) [Parameters=[], CommandType='Text', CommandTimeout='30']
2026-08-07T23:53:09.2413184Z       SELECT OBJECT_ID(N'[__EFMigrationsHistory]');
2026-08-07T23:53:09.2441267Z info: Microsoft.EntityFrameworkCore.Database.Command[20101]
2026-08-07T23:53:09.2441609Z       Executed DbCommand (2ms) [Parameters=[], CommandType='Text', CommandTimeout='30']
2026-08-07T23:53:09.2441677Z       SELECT [MigrationId], [ProductVersion]
2026-08-07T23:53:09.2441722Z       FROM [__EFMigrationsHistory]
2026-08-07T23:53:09.2441865Z       ORDER BY [MigrationId];
2026-08-07T23:53:09.2461574Z info: Microsoft.EntityFrameworkCore.Database.Command[20101]
2026-08-07T23:53:09.2461974Z       Executed DbCommand (1ms) [Parameters=[], CommandType='Text', CommandTimeout='30']
2026-08-07T23:53:09.2462143Z       SELECT TOP(1) [b].[BankAccountNumber]
2026-08-07T23:53:09.2462191Z       FROM [Beneficiaries] AS [b]
2026-08-07T23:53:09.2462269Z       ORDER BY [b].[Id]
2026-08-07T23:53:12.7388177Z info: Microsoft.EntityFrameworkCore.Database.Command[20101]
2026-08-07T23:53:12.7389064Z       Executed DbCommand (2ms) [Parameters=[], CommandType='Text', CommandTimeout='30']
2026-08-07T23:53:12.7389168Z       SELECT 1
2026-08-07T23:53:12.7414769Z info: Microsoft.EntityFrameworkCore.Database.Command[20101]
2026-08-07T23:53:12.7415427Z       Executed DbCommand (2ms) [Parameters=[], CommandType='Text', CommandTimeout='30']
2026-08-07T23:53:12.7415520Z       SELECT OBJECT_ID(N'[__EFMigrationsHistory]');
2026-08-07T23:53:12.7434458Z info: Microsoft.EntityFrameworkCore.Database.Command[20101]
2026-08-07T23:53:12.7434870Z       Executed DbCommand (2ms) [Parameters=[], CommandType='Text', CommandTimeout='30']
2026-08-07T23:53:12.7434970Z       SELECT [MigrationId], [ProductVersion]
2026-08-07T23:53:12.7435000Z       FROM [__EFMigrationsHistory]
2026-08-07T23:53:12.7435028Z       ORDER BY [MigrationId];
2026-08-07T23:53:12.7449479Z info: Microsoft.EntityFrameworkCore.Database.Command[20101]
2026-08-07T23:53:12.7449853Z       Executed DbCommand (2ms) [Parameters=[], CommandType='Text', CommandTimeout='30']
2026-08-07T23:53:12.7450056Z       SELECT TOP(1) [b].[BankAccountNumber]
2026-08-07T23:53:12.7450107Z       FROM [Beneficiaries] AS [b]
2026-08-07T23:53:12.7450145Z       ORDER BY [b].[Id]
2026-08-07T23:53:13.4043428Z info: Microsoft.EntityFrameworkCore.Database.Command[20101]
2026-08-07T23:53:13.4045545Z       Executed DbCommand (2ms) [Parameters=[], CommandType='Text', CommandTimeout='30']
2026-08-07T23:53:13.4045633Z       SELECT 1
2026-08-07T23:53:13.4078345Z info: Microsoft.EntityFrameworkCore.Database.Command[20101]
2026-08-07T23:53:13.4078813Z       Executed DbCommand (2ms) [Parameters=[], CommandType='Text', CommandTimeout='30']
2026-08-07T23:53:13.4078878Z       SELECT OBJECT_ID(N'[__EFMigrationsHistory]');
2026-08-07T23:53:13.4091515Z info: Microsoft.EntityFrameworkCore.Database.Command[20101]
2026-08-07T23:53:13.4091872Z       Executed DbCommand (1ms) [Parameters=[], CommandType='Text', CommandTimeout='30']
2026-08-07T23:53:13.4091947Z       SELECT [MigrationId], [ProductVersion]
2026-08-07T23:53:13.4091986Z       FROM [__EFMigrationsHistory]
2026-08-07T23:53:13.4092065Z       ORDER BY [MigrationId];
2026-08-07T23:53:13.4108067Z info: Microsoft.EntityFrameworkCore.Database.Command[20101]
2026-08-07T23:53:13.4108378Z       Executed DbCommand (1ms) [Parameters=[], CommandType='Text', CommandTimeout='30']
2026-08-07T23:53:13.4108454Z       SELECT TOP(1) [b].[BankAccountNumber]
2026-08-07T23:53:13.4108500Z       FROM [Beneficiaries] AS [b]
2026-08-07T23:53:13.4108575Z       ORDER BY [b].[Id]
2026-08-07T23:53:14.6734276Z info: Microsoft.EntityFrameworkCore.Database.Command[20101]
2026-08-07T23:53:14.6735391Z       Executed DbCommand (2ms) [Parameters=[], CommandType='Text', CommandTimeout='30']
2026-08-07T23:53:14.6735531Z       SELECT 1
2026-08-07T23:53:14.6748237Z info: Microsoft.EntityFrameworkCore.Database.Command[20101]
2026-08-07T23:53:14.6748864Z       Executed DbCommand (1ms) [Parameters=[], CommandType='Text', CommandTimeout='30']
2026-08-07T23:53:14.6748961Z       SELECT OBJECT_ID(N'[__EFMigrationsHistory]');
2026-08-07T23:53:14.6775429Z info: Microsoft.EntityFrameworkCore.Database.Command[20101]
2026-08-07T23:53:14.6775752Z       Executed DbCommand (1ms) [Parameters=[], CommandType='Text', CommandTimeout='30']
2026-08-07T23:53:14.6775862Z       SELECT [MigrationId], [ProductVersion]
2026-08-07T23:53:14.6775906Z       FROM [__EFMigrationsHistory]
2026-08-07T23:53:14.6782783Z       ORDER BY [MigrationId];
2026-08-07T23:53:14.6798104Z info: Microsoft.EntityFrameworkCore.Database.Command[20101]
2026-08-07T23:53:14.6798485Z       Executed DbCommand (1ms) [Parameters=[], CommandType='Text', CommandTimeout='30']
2026-08-07T23:53:14.6798559Z       SELECT TOP(1) [b].[BankAccountNumber]
2026-08-07T23:53:14.6798601Z       FROM [Beneficiaries] AS [b]
2026-08-07T23:53:14.6798645Z       ORDER BY [b].[Id]
2026-08-07T23:53:20.9564232Z info: Microsoft.EntityFrameworkCore.Database.Command[20101]
2026-08-07T23:53:20.9565191Z       Executed DbCommand (2ms) [Parameters=[], CommandType='Text', CommandTimeout='30']
2026-08-07T23:53:20.9565294Z       SELECT 1
2026-08-07T23:53:20.9585455Z info: Microsoft.EntityFrameworkCore.Database.Command[20101]
2026-08-07T23:53:20.9585971Z       Executed DbCommand (2ms) [Parameters=[], CommandType='Text', CommandTimeout='30']
2026-08-07T23:53:20.9586110Z       SELECT OBJECT_ID(N'[__EFMigrationsHistory]');
2026-08-07T23:53:20.9617905Z info: Microsoft.EntityFrameworkCore.Database.Command[20101]
2026-08-07T23:53:20.9618326Z       Executed DbCommand (2ms) [Parameters=[], CommandType='Text', CommandTimeout='30']
2026-08-07T23:53:20.9618400Z       SELECT [MigrationId], [ProductVersion]
2026-08-07T23:53:20.9618493Z       FROM [__EFMigrationsHistory]
2026-08-07T23:53:20.9619111Z       ORDER BY [MigrationId];
2026-08-07T23:53:20.9640174Z info: Microsoft.EntityFrameworkCore.Database.Command[20101]
2026-08-07T23:53:20.9640496Z       Executed DbCommand (2ms) [Parameters=[], CommandType='Text', CommandTimeout='30']
2026-08-07T23:53:20.9640604Z       SELECT TOP(1) [b].[BankAccountNumber]
2026-08-07T23:53:20.9640658Z       FROM [Beneficiaries] AS [b]
2026-08-07T23:53:20.9640705Z       ORDER BY [b].[Id]
2026-08-07T23:53:23.4933412Z info: Microsoft.EntityFrameworkCore.Database.Command[20101]
2026-08-07T23:53:23.4934226Z       Executed DbCommand (2ms) [Parameters=[], CommandType='Text', CommandTimeout='30']
2026-08-07T23:53:23.4934432Z       SELECT 1
2026-08-07T23:53:23.4950513Z info: Microsoft.EntityFrameworkCore.Database.Command[20101]
2026-08-07T23:53:23.4951145Z       Executed DbCommand (2ms) [Parameters=[], CommandType='Text', CommandTimeout='30']
2026-08-07T23:53:23.4951245Z       SELECT OBJECT_ID(N'[__EFMigrationsHistory]');
2026-08-07T23:53:23.4983773Z info: Microsoft.EntityFrameworkCore.Database.Command[20101]
2026-08-07T23:53:23.4984104Z       Executed DbCommand (1ms) [Parameters=[], CommandType='Text', CommandTimeout='30']
2026-08-07T23:53:23.4984177Z       SELECT [MigrationId], [ProductVersion]
2026-08-07T23:53:23.4984329Z       FROM [__EFMigrationsHistory]
2026-08-07T23:53:23.4984376Z       ORDER BY [MigrationId];
2026-08-07T23:53:23.4999324Z info: Microsoft.EntityFrameworkCore.Database.Command[20101]
2026-08-07T23:53:23.4999632Z       Executed DbCommand (1ms) [Parameters=[], CommandType='Text', CommandTimeout='30']
2026-08-07T23:53:23.4999698Z       SELECT TOP(1) [b].[BankAccountNumber]
2026-08-07T23:53:23.4999740Z       FROM [Beneficiaries] AS [b]
2026-08-07T23:53:23.4999779Z       ORDER BY [b].[Id]
2026-08-07T23:53:24.8067171Z info: Microsoft.EntityFrameworkCore.Database.Command[20101]
2026-08-07T23:53:24.8068139Z       Executed DbCommand (2ms) [Parameters=[], CommandType='Text', CommandTimeout='30']
2026-08-07T23:53:24.8068269Z       SELECT 1
2026-08-07T23:53:24.8086148Z info: Microsoft.EntityFrameworkCore.Database.Command[20101]
2026-08-07T23:53:24.8087376Z       Executed DbCommand (2ms) [Parameters=[], CommandType='Text', CommandTimeout='30']
2026-08-07T23:53:24.8087492Z       SELECT OBJECT_ID(N'[__EFMigrationsHistory]');
2026-08-07T23:53:24.8124522Z info: Microsoft.EntityFrameworkCore.Database.Command[20101]
2026-08-07T23:53:24.8124875Z       Executed DbCommand (2ms) [Parameters=[], CommandType='Text', CommandTimeout='30']
2026-08-07T23:53:24.8125008Z       SELECT [MigrationId], [ProductVersion]
2026-08-07T23:53:24.8125057Z       FROM [__EFMigrationsHistory]
2026-08-07T23:53:24.8125097Z       ORDER BY [MigrationId];
2026-08-07T23:53:24.8141128Z info: Microsoft.EntityFrameworkCore.Database.Command[20101]
2026-08-07T23:53:24.8141434Z       Executed DbCommand (2ms) [Parameters=[], CommandType='Text', CommandTimeout='30']
2026-08-07T23:53:24.8141557Z       SELECT TOP(1) [b].[BankAccountNumber]
2026-08-07T23:53:24.8141605Z       FROM [Beneficiaries] AS [b]
2026-08-07T23:53:24.8143211Z       ORDER BY [b].[Id]
2026-08-07T23:53:26.3840851Z info: Microsoft.EntityFrameworkCore.Database.Command[20101]
2026-08-07T23:53:26.3841743Z       Executed DbCommand (2ms) [Parameters=[], CommandType='Text', CommandTimeout='30']
2026-08-07T23:53:26.3841843Z       SELECT 1
2026-08-07T23:53:26.3868246Z info: Microsoft.EntityFrameworkCore.Database.Command[20101]
2026-08-07T23:53:26.3868856Z       Executed DbCommand (2ms) [Parameters=[], CommandType='Text', CommandTimeout='30']
2026-08-07T23:53:26.3868940Z       SELECT OBJECT_ID(N'[__EFMigrationsHistory]');
2026-08-07T23:53:26.3884874Z info: Microsoft.EntityFrameworkCore.Database.Command[20101]
2026-08-07T23:53:26.3885234Z       Executed DbCommand (2ms) [Parameters=[], CommandType='Text', CommandTimeout='30']
2026-08-07T23:53:26.3885318Z       SELECT [MigrationId], [ProductVersion]
2026-08-07T23:53:26.3887834Z       FROM [__EFMigrationsHistory]
2026-08-07T23:53:26.3892713Z       ORDER BY [MigrationId];
2026-08-07T23:53:26.3976957Z info: Microsoft.EntityFrameworkCore.Database.Command[20101]
2026-08-07T23:53:26.3977354Z       Executed DbCommand (8ms) [Parameters=[], CommandType='Text', CommandTimeout='30']
2026-08-07T23:53:26.3977522Z       SELECT TOP(1) [b].[BankAccountNumber]
2026-08-07T23:53:26.3977573Z       FROM [Beneficiaries] AS [b]
2026-08-07T23:53:26.3977661Z       ORDER BY [b].[Id]
2026-08-07T23:53:31.5378967Z info: Microsoft.EntityFrameworkCore.Database.Command[20101]
2026-08-07T23:53:31.5379854Z       Executed DbCommand (2ms) [Parameters=[], CommandType='Text', CommandTimeout='30']
2026-08-07T23:53:31.5379980Z       SELECT 1
2026-08-07T23:53:31.5407548Z info: Microsoft.EntityFrameworkCore.Database.Command[20101]
2026-08-07T23:53:31.5408049Z       Executed DbCommand (2ms) [Parameters=[], CommandType='Text', CommandTimeout='30']
2026-08-07T23:53:31.5408206Z       SELECT OBJECT_ID(N'[__EFMigrationsHistory]');
2026-08-07T23:53:31.5421590Z info: Microsoft.EntityFrameworkCore.Database.Command[20101]
2026-08-07T23:53:31.5421979Z       Executed DbCommand (2ms) [Parameters=[], CommandType='Text', CommandTimeout='30']
2026-08-07T23:53:31.5422193Z       SELECT [MigrationId], [ProductVersion]
2026-08-07T23:53:31.5422236Z       FROM [__EFMigrationsHistory]
2026-08-07T23:53:31.5422273Z       ORDER BY [MigrationId];
2026-08-07T23:53:31.5438941Z info: Microsoft.EntityFrameworkCore.Database.Command[20101]
2026-08-07T23:53:31.5439271Z       Executed DbCommand (1ms) [Parameters=[], CommandType='Text', CommandTimeout='30']
2026-08-07T23:53:31.5439335Z       SELECT TOP(1) [b].[BankAccountNumber]
2026-08-07T23:53:31.5439373Z       FROM [Beneficiaries] AS [b]
2026-08-07T23:53:31.5439409Z       ORDER BY [b].[Id]
2026-08-07T23:53:33.3309436Z info: Microsoft.EntityFrameworkCore.Database.Command[20101]
2026-08-07T23:53:33.3310407Z       Executed DbCommand (2ms) [Parameters=[], CommandType='Text', CommandTimeout='30']
2026-08-07T23:53:33.3310534Z       SELECT 1
2026-08-07T23:53:33.3326494Z info: Microsoft.EntityFrameworkCore.Database.Command[20101]
2026-08-07T23:53:33.3327524Z       Executed DbCommand (2ms) [Parameters=[], CommandType='Text', CommandTimeout='30']
2026-08-07T23:53:33.3327671Z       SELECT OBJECT_ID(N'[__EFMigrationsHistory]');
2026-08-07T23:53:33.3358244Z info: Microsoft.EntityFrameworkCore.Database.Command[20101]
2026-08-07T23:53:33.3358606Z       Executed DbCommand (1ms) [Parameters=[], CommandType='Text', CommandTimeout='30']
2026-08-07T23:53:33.3358681Z       SELECT [MigrationId], [ProductVersion]
2026-08-07T23:53:33.3358878Z       FROM [__EFMigrationsHistory]
2026-08-07T23:53:33.3358970Z       ORDER BY [MigrationId];
2026-08-07T23:53:33.3371848Z info: Microsoft.EntityFrameworkCore.Database.Command[20101]
2026-08-07T23:53:33.3372171Z       Executed DbCommand (1ms) [Parameters=[], CommandType='Text', CommandTimeout='30']
2026-08-07T23:53:33.3372234Z       SELECT TOP(1) [b].[BankAccountNumber]
2026-08-07T23:53:33.3372275Z       FROM [Beneficiaries] AS [b]
2026-08-07T23:53:33.3372455Z       ORDER BY [b].[Id]
2026-08-07T23:53:34.2741893Z info: Microsoft.EntityFrameworkCore.Database.Command[20101]
2026-08-07T23:53:34.2742649Z       Executed DbCommand (2ms) [Parameters=[], CommandType='Text', CommandTimeout='30']
2026-08-07T23:53:34.2742767Z       SELECT 1
2026-08-07T23:53:34.2767956Z info: Microsoft.EntityFrameworkCore.Database.Command[20101]
2026-08-07T23:53:34.2770096Z       Executed DbCommand (2ms) [Parameters=[], CommandType='Text', CommandTimeout='30']
2026-08-07T23:53:34.2770188Z       SELECT OBJECT_ID(N'[__EFMigrationsHistory]');
2026-08-07T23:53:34.2782617Z info: Microsoft.EntityFrameworkCore.Database.Command[20101]
2026-08-07T23:53:34.2783034Z       Executed DbCommand (2ms) [Parameters=[], CommandType='Text', CommandTimeout='30']
2026-08-07T23:53:34.2783153Z       SELECT [MigrationId], [ProductVersion]
2026-08-07T23:53:34.2783200Z       FROM [__EFMigrationsHistory]
2026-08-07T23:53:34.2783239Z       ORDER BY [MigrationId];
2026-08-07T23:53:34.2802706Z info: Microsoft.EntityFrameworkCore.Database.Command[20101]
2026-08-07T23:53:34.2803028Z       Executed DbCommand (2ms) [Parameters=[], CommandType='Text', CommandTimeout='30']
2026-08-07T23:53:34.2803091Z       SELECT TOP(1) [b].[BankAccountNumber]
2026-08-07T23:53:34.2803135Z       FROM [Beneficiaries] AS [b]
2026-08-07T23:53:34.2803275Z       ORDER BY [b].[Id]
2026-08-07T23:53:38.3884034Z info: Microsoft.EntityFrameworkCore.Database.Command[20101]
2026-08-07T23:53:38.3884873Z       Executed DbCommand (2ms) [Parameters=[], CommandType='Text', CommandTimeout='30']
2026-08-07T23:53:38.3884980Z       SELECT 1
2026-08-07T23:53:38.3900152Z info: Microsoft.EntityFrameworkCore.Database.Command[20101]
2026-08-07T23:53:38.3900730Z       Executed DbCommand (2ms) [Parameters=[], CommandType='Text', CommandTimeout='30']
2026-08-07T23:53:38.3900838Z       SELECT OBJECT_ID(N'[__EFMigrationsHistory]');
2026-08-07T23:53:38.3930857Z info: Microsoft.EntityFrameworkCore.Database.Command[20101]
2026-08-07T23:53:38.3931212Z       Executed DbCommand (2ms) [Parameters=[], CommandType='Text', CommandTimeout='30']
2026-08-07T23:53:38.3931278Z       SELECT [MigrationId], [ProductVersion]
2026-08-07T23:53:38.3931321Z       FROM [__EFMigrationsHistory]
2026-08-07T23:53:38.3931416Z       ORDER BY [MigrationId];
2026-08-07T23:53:38.3948435Z info: Microsoft.EntityFrameworkCore.Database.Command[20101]
2026-08-07T23:53:38.3948768Z       Executed DbCommand (2ms) [Parameters=[], CommandType='Text', CommandTimeout='30']
2026-08-07T23:53:38.3948835Z       SELECT TOP(1) [b].[BankAccountNumber]
2026-08-07T23:53:38.3948875Z       FROM [Beneficiaries] AS [b]
2026-08-07T23:53:38.3948957Z       ORDER BY [b].[Id]
2026-08-07T23:53:38.5412229Z info: Microsoft.EntityFrameworkCore.Database.Command[20101]
2026-08-07T23:53:38.5412993Z       Executed DbCommand (2ms) [Parameters=[], CommandType='Text', CommandTimeout='30']
2026-08-07T23:53:38.5413124Z       SELECT 1
2026-08-07T23:53:38.5427322Z info: Microsoft.EntityFrameworkCore.Database.Command[20101]
2026-08-07T23:53:38.5427847Z       Executed DbCommand (2ms) [Parameters=[], CommandType='Text', CommandTimeout='30']
2026-08-07T23:53:38.5427929Z       SELECT OBJECT_ID(N'[__EFMigrationsHistory]');
2026-08-07T23:53:38.5457251Z info: Microsoft.EntityFrameworkCore.Database.Command[20101]
2026-08-07T23:53:38.5457670Z       Executed DbCommand (2ms) [Parameters=[], CommandType='Text', CommandTimeout='30']
2026-08-07T23:53:38.5457735Z       SELECT [MigrationId], [ProductVersion]
2026-08-07T23:53:38.5457766Z       FROM [__EFMigrationsHistory]
2026-08-07T23:53:38.5457795Z       ORDER BY [MigrationId];
2026-08-07T23:53:38.5470077Z info: Microsoft.EntityFrameworkCore.Database.Command[20101]
2026-08-07T23:53:38.5470461Z       Executed DbCommand (1ms) [Parameters=[], CommandType='Text', CommandTimeout='30']
2026-08-07T23:53:38.5470525Z       SELECT TOP(1) [b].[BankAccountNumber]
2026-08-07T23:53:38.5470563Z       FROM [Beneficiaries] AS [b]
2026-08-07T23:53:38.5470599Z       ORDER BY [b].[Id]
2026-08-07T23:53:47.4437514Z info: Microsoft.EntityFrameworkCore.Database.Command[20101]
2026-08-07T23:53:47.4438417Z       Executed DbCommand (2ms) [Parameters=[], CommandType='Text', CommandTimeout='30']
2026-08-07T23:53:47.4438546Z       SELECT 1
2026-08-07T23:53:47.4455990Z info: Microsoft.EntityFrameworkCore.Database.Command[20101]
2026-08-07T23:53:47.4456573Z       Executed DbCommand (2ms) [Parameters=[], CommandType='Text', CommandTimeout='30']
2026-08-07T23:53:47.4456743Z       SELECT OBJECT_ID(N'[__EFMigrationsHistory]');
2026-08-07T23:53:47.4489912Z info: Microsoft.EntityFrameworkCore.Database.Command[20101]
2026-08-07T23:53:47.4492062Z       Executed DbCommand (2ms) [Parameters=[], CommandType='Text', CommandTimeout='30']
2026-08-07T23:53:47.4492205Z       SELECT [MigrationId], [ProductVersion]
2026-08-07T23:53:47.4492279Z       FROM [__EFMigrationsHistory]
2026-08-07T23:53:47.4496137Z       ORDER BY [MigrationId];
2026-08-07T23:53:47.4507400Z info: Microsoft.EntityFrameworkCore.Database.Command[20101]
2026-08-07T23:53:47.4507998Z       Executed DbCommand (2ms) [Parameters=[], CommandType='Text', CommandTimeout='30']
2026-08-07T23:53:47.4508117Z       SELECT TOP(1) [b].[BankAccountNumber]
2026-08-07T23:53:47.4508159Z       FROM [Beneficiaries] AS [b]
2026-08-07T23:53:47.4508197Z       ORDER BY [b].[Id]
2026-08-07T23:53:51.7499408Z info: Microsoft.EntityFrameworkCore.Database.Command[20101]
2026-08-07T23:53:51.7500432Z       Executed DbCommand (2ms) [Parameters=[], CommandType='Text', CommandTimeout='30']
2026-08-07T23:53:51.7500672Z       SELECT 1
2026-08-07T23:53:51.7516822Z info: Microsoft.EntityFrameworkCore.Database.Command[20101]
2026-08-07T23:53:51.7517321Z       Executed DbCommand (2ms) [Parameters=[], CommandType='Text', CommandTimeout='30']
2026-08-07T23:53:51.7517406Z       SELECT OBJECT_ID(N'[__EFMigrationsHistory]');
2026-08-07T23:53:51.7543963Z info: Microsoft.EntityFrameworkCore.Database.Command[20101]
2026-08-07T23:53:51.7544249Z       Executed DbCommand (2ms) [Parameters=[], CommandType='Text', CommandTimeout='30']
2026-08-07T23:53:51.7544319Z       SELECT [MigrationId], [ProductVersion]
2026-08-07T23:53:51.7544358Z       FROM [__EFMigrationsHistory]
2026-08-07T23:53:51.7544396Z       ORDER BY [MigrationId];
2026-08-07T23:53:51.7586088Z info: Microsoft.EntityFrameworkCore.Database.Command[20101]
2026-08-07T23:53:51.7586514Z       Executed DbCommand (4ms) [Parameters=[], CommandType='Text', CommandTimeout='30']
2026-08-07T23:53:51.7586585Z       SELECT TOP(1) [b].[BankAccountNumber]
2026-08-07T23:53:51.7586625Z       FROM [Beneficiaries] AS [b]
2026-08-07T23:53:51.7586666Z       ORDER BY [b].[Id]
2026-08-07T23:53:52.1705678Z info: Microsoft.EntityFrameworkCore.Database.Command[20101]
2026-08-07T23:53:52.1706520Z       Executed DbCommand (2ms) [Parameters=[], CommandType='Text', CommandTimeout='30']
2026-08-07T23:53:52.1706621Z       SELECT 1
2026-08-07T23:53:52.1722230Z info: Microsoft.EntityFrameworkCore.Database.Command[20101]
2026-08-07T23:53:52.1722659Z       Executed DbCommand (2ms) [Parameters=[], CommandType='Text', CommandTimeout='30']
2026-08-07T23:53:52.1722834Z       SELECT OBJECT_ID(N'[__EFMigrationsHistory]');
2026-08-07T23:53:52.1749564Z info: Microsoft.EntityFrameworkCore.Database.Command[20101]
2026-08-07T23:53:52.1750039Z       Executed DbCommand (1ms) [Parameters=[], CommandType='Text', CommandTimeout='30']
2026-08-07T23:53:52.1750166Z       SELECT [MigrationId], [ProductVersion]
2026-08-07T23:53:52.1750209Z       FROM [__EFMigrationsHistory]
2026-08-07T23:53:52.1750247Z       ORDER BY [MigrationId];
2026-08-07T23:53:52.1771874Z info: Microsoft.EntityFrameworkCore.Database.Command[20101]
2026-08-07T23:53:52.1772187Z       Executed DbCommand (1ms) [Parameters=[], CommandType='Text', CommandTimeout='30']
2026-08-07T23:53:52.1772312Z       SELECT TOP(1) [b].[BankAccountNumber]
2026-08-07T23:53:52.1772360Z       FROM [Beneficiaries] AS [b]
2026-08-07T23:53:52.1772408Z       ORDER BY [b].[Id]
2026-08-07T23:53:56.7447421Z info: Microsoft.EntityFrameworkCore.Database.Command[20101]
2026-08-07T23:53:56.7448256Z       Executed DbCommand (2ms) [Parameters=[], CommandType='Text', CommandTimeout='30']
2026-08-07T23:53:56.7448359Z       SELECT 1
2026-08-07T23:53:56.7465158Z info: Microsoft.EntityFrameworkCore.Database.Command[20101]
2026-08-07T23:53:56.7465740Z       Executed DbCommand (2ms) [Parameters=[], CommandType='Text', CommandTimeout='30']
2026-08-07T23:53:56.7465821Z       SELECT OBJECT_ID(N'[__EFMigrationsHistory]');
2026-08-07T23:53:56.7496956Z info: Microsoft.EntityFrameworkCore.Database.Command[20101]
2026-08-07T23:53:56.7497354Z       Executed DbCommand (1ms) [Parameters=[], CommandType='Text', CommandTimeout='30']
2026-08-07T23:53:56.7497434Z       SELECT [MigrationId], [ProductVersion]
2026-08-07T23:53:56.7497478Z       FROM [__EFMigrationsHistory]
2026-08-07T23:53:56.7497572Z       ORDER BY [MigrationId];
2026-08-07T23:53:56.7513107Z info: Microsoft.EntityFrameworkCore.Database.Command[20101]
2026-08-07T23:53:56.7513436Z       Executed DbCommand (1ms) [Parameters=[], CommandType='Text', CommandTimeout='30']
2026-08-07T23:53:56.7513501Z       SELECT TOP(1) [b].[BankAccountNumber]
2026-08-07T23:53:56.7513539Z       FROM [Beneficiaries] AS [b]
2026-08-07T23:53:56.7513728Z       ORDER BY [b].[Id]
2026-08-07T23:53:57.0848726Z info: Microsoft.EntityFrameworkCore.Database.Command[20101]
2026-08-07T23:53:57.0849488Z       Executed DbCommand (2ms) [Parameters=[], CommandType='Text', CommandTimeout='30']
2026-08-07T23:53:57.0849585Z       SELECT 1
2026-08-07T23:53:57.0867716Z info: Microsoft.EntityFrameworkCore.Database.Command[20101]
2026-08-07T23:53:57.0869754Z       Executed DbCommand (2ms) [Parameters=[], CommandType='Text', CommandTimeout='30']
2026-08-07T23:53:57.0869889Z       SELECT OBJECT_ID(N'[__EFMigrationsHistory]');
2026-08-07T23:53:57.0897395Z info: Microsoft.EntityFrameworkCore.Database.Command[20101]
2026-08-07T23:53:57.0897760Z       Executed DbCommand (1ms) [Parameters=[], CommandType='Text', CommandTimeout='30']
2026-08-07T23:53:57.0897870Z       SELECT [MigrationId], [ProductVersion]
2026-08-07T23:53:57.0897933Z       FROM [__EFMigrationsHistory]
2026-08-07T23:53:57.0898025Z       ORDER BY [MigrationId];
2026-08-07T23:53:57.0921074Z info: Microsoft.EntityFrameworkCore.Database.Command[20101]
2026-08-07T23:53:57.0921385Z       Executed DbCommand (2ms) [Parameters=[], CommandType='Text', CommandTimeout='30']
2026-08-07T23:53:57.0921503Z       SELECT TOP(1) [b].[BankAccountNumber]
2026-08-07T23:53:57.0921551Z       FROM [Beneficiaries] AS [b]
2026-08-07T23:53:57.0925370Z       ORDER BY [b].[Id]
2026-08-07T23:53:58.6462350Z info: Microsoft.EntityFrameworkCore.Database.Command[20101]
2026-08-07T23:53:58.6463145Z       Executed DbCommand (2ms) [Parameters=[], CommandType='Text', CommandTimeout='30']
2026-08-07T23:53:58.6463226Z       SELECT 1
2026-08-07T23:53:58.6489372Z info: Microsoft.EntityFrameworkCore.Database.Command[20101]
2026-08-07T23:53:58.6489918Z       Executed DbCommand (2ms) [Parameters=[], CommandType='Text', CommandTimeout='30']
2026-08-07T23:53:58.6490000Z       SELECT OBJECT_ID(N'[__EFMigrationsHistory]');
2026-08-07T23:53:58.6507543Z info: Microsoft.EntityFrameworkCore.Database.Command[20101]
2026-08-07T23:53:58.6507910Z       Executed DbCommand (2ms) [Parameters=[], CommandType='Text', CommandTimeout='30']
2026-08-07T23:53:58.6507985Z       SELECT [MigrationId], [ProductVersion]
2026-08-07T23:53:58.6508033Z       FROM [__EFMigrationsHistory]
2026-08-07T23:53:58.6508129Z       ORDER BY [MigrationId];
2026-08-07T23:53:58.6526261Z info: Microsoft.EntityFrameworkCore.Database.Command[20101]
2026-08-07T23:53:58.6526628Z       Executed DbCommand (2ms) [Parameters=[], CommandType='Text', CommandTimeout='30']
2026-08-07T23:53:58.6527104Z       SELECT TOP(1) [b].[BankAccountNumber]
2026-08-07T23:53:58.6527697Z       FROM [Beneficiaries] AS [b]
2026-08-07T23:53:58.6527783Z       ORDER BY [b].[Id]
2026-08-07T23:54:02.2679644Z info: Microsoft.EntityFrameworkCore.Database.Command[20101]
2026-08-07T23:54:02.2680435Z       Executed DbCommand (2ms) [Parameters=[], CommandType='Text', CommandTimeout='30']
2026-08-07T23:54:02.2680533Z       SELECT 1
2026-08-07T23:54:02.2708617Z info: Microsoft.EntityFrameworkCore.Database.Command[20101]
2026-08-07T23:54:02.2709217Z       Executed DbCommand (2ms) [Parameters=[], CommandType='Text', CommandTimeout='30']
2026-08-07T23:54:02.2709314Z       SELECT OBJECT_ID(N'[__EFMigrationsHistory]');
2026-08-07T23:54:02.2724726Z info: Microsoft.EntityFrameworkCore.Database.Command[20101]
2026-08-07T23:54:02.2725155Z       Executed DbCommand (2ms) [Parameters=[], CommandType='Text', CommandTimeout='30']
2026-08-07T23:54:02.2725271Z       SELECT [MigrationId], [ProductVersion]
2026-08-07T23:54:02.2725316Z       FROM [__EFMigrationsHistory]
2026-08-07T23:54:02.2734053Z       ORDER BY [MigrationId];
2026-08-07T23:54:02.2750735Z info: Microsoft.EntityFrameworkCore.Database.Command[20101]
2026-08-07T23:54:02.2777688Z       Executed DbCommand (2ms) [Parameters=[], CommandType='Text', CommandTimeout='30']
2026-08-07T23:54:02.2777920Z       SELECT TOP(1) [b].[BankAccountNumber]
2026-08-07T23:54:02.2777968Z       FROM [Beneficiaries] AS [b]
2026-08-07T23:54:02.2778008Z       ORDER BY [b].[Id]
2026-08-07T23:54:04.3900500Z info: Microsoft.EntityFrameworkCore.Database.Command[20101]
2026-08-07T23:54:04.3901350Z       Executed DbCommand (2ms) [Parameters=[], CommandType='Text', CommandTimeout='30']
2026-08-07T23:54:04.3901473Z       SELECT 1
2026-08-07T23:54:04.3928156Z info: Microsoft.EntityFrameworkCore.Database.Command[20101]
2026-08-07T23:54:04.3928673Z       Executed DbCommand (2ms) [Parameters=[], CommandType='Text', CommandTimeout='30']
2026-08-07T23:54:04.3928821Z       SELECT OBJECT_ID(N'[__EFMigrationsHistory]');
2026-08-07T23:54:04.3949153Z info: Microsoft.EntityFrameworkCore.Database.Command[20101]
2026-08-07T23:54:04.3949542Z       Executed DbCommand (2ms) [Parameters=[], CommandType='Text', CommandTimeout='30']
2026-08-07T23:54:04.3949625Z       SELECT [MigrationId], [ProductVersion]
2026-08-07T23:54:04.3949671Z       FROM [__EFMigrationsHistory]
2026-08-07T23:54:04.3949765Z       ORDER BY [MigrationId];
2026-08-07T23:54:04.3965643Z info: Microsoft.EntityFrameworkCore.Database.Command[20101]
2026-08-07T23:54:04.3965961Z       Executed DbCommand (1ms) [Parameters=[], CommandType='Text', CommandTimeout='30']
2026-08-07T23:54:04.3966032Z       SELECT TOP(1) [b].[BankAccountNumber]
2026-08-07T23:54:04.3966081Z       FROM [Beneficiaries] AS [b]
2026-08-07T23:54:04.3966168Z       ORDER BY [b].[Id]
2026-08-07T23:54:12.4933028Z info: Microsoft.EntityFrameworkCore.Database.Command[20101]
2026-08-07T23:54:12.4933941Z       Executed DbCommand (2ms) [Parameters=[], CommandType='Text', CommandTimeout='30']
2026-08-07T23:54:12.4934080Z       SELECT 1
2026-08-07T23:54:12.4964870Z info: Microsoft.EntityFrameworkCore.Database.Command[20101]
2026-08-07T23:54:12.4965468Z       Executed DbCommand (2ms) [Parameters=[], CommandType='Text', CommandTimeout='30']
2026-08-07T23:54:12.4965579Z       SELECT OBJECT_ID(N'[__EFMigrationsHistory]');
2026-08-07T23:54:12.4984926Z info: Microsoft.EntityFrameworkCore.Database.Command[20101]
2026-08-07T23:54:12.4985401Z       Executed DbCommand (2ms) [Parameters=[], CommandType='Text', CommandTimeout='30']
2026-08-07T23:54:12.4985499Z       SELECT [MigrationId], [ProductVersion]
2026-08-07T23:54:12.4985561Z       FROM [__EFMigrationsHistory]
2026-08-07T23:54:12.4985621Z       ORDER BY [MigrationId];
2026-08-07T23:54:12.4998361Z info: Microsoft.EntityFrameworkCore.Database.Command[20101]
2026-08-07T23:54:12.4998726Z       Executed DbCommand (1ms) [Parameters=[], CommandType='Text', CommandTimeout='30']
2026-08-07T23:54:12.4998797Z       SELECT TOP(1) [b].[BankAccountNumber]
2026-08-07T23:54:12.4998839Z       FROM [Beneficiaries] AS [b]
2026-08-07T23:54:12.4998980Z       ORDER BY [b].[Id]
2026-08-07T23:54:22.0607649Z info: Microsoft.EntityFrameworkCore.Database.Command[20101]
2026-08-07T23:54:22.0608408Z       Executed DbCommand (2ms) [Parameters=[], CommandType='Text', CommandTimeout='30']
2026-08-07T23:54:22.0608495Z       SELECT 1
2026-08-07T23:54:22.0624432Z info: Microsoft.EntityFrameworkCore.Database.Command[20101]
2026-08-07T23:54:22.0625075Z       Executed DbCommand (2ms) [Parameters=[], CommandType='Text', CommandTimeout='30']
2026-08-07T23:54:22.0625236Z       SELECT OBJECT_ID(N'[__EFMigrationsHistory]');
2026-08-07T23:54:22.0654795Z info: Microsoft.EntityFrameworkCore.Database.Command[20101]
2026-08-07T23:54:22.0655306Z       Executed DbCommand (2ms) [Parameters=[], CommandType='Text', CommandTimeout='30']
2026-08-07T23:54:22.0655384Z       SELECT [MigrationId], [ProductVersion]
2026-08-07T23:54:22.0655484Z       FROM [__EFMigrationsHistory]
2026-08-07T23:54:22.0655525Z       ORDER BY [MigrationId];
2026-08-07T23:54:22.0672149Z info: Microsoft.EntityFrameworkCore.Database.Command[20101]
2026-08-07T23:54:22.0672518Z       Executed DbCommand (1ms) [Parameters=[], CommandType='Text', CommandTimeout='30']
2026-08-07T23:54:22.0672584Z       SELECT TOP(1) [b].[BankAccountNumber]
2026-08-07T23:54:22.0672668Z       FROM [Beneficiaries] AS [b]
2026-08-07T23:54:22.0672708Z       ORDER BY [b].[Id]
2026-08-07T23:54:22.9703345Z info: Microsoft.EntityFrameworkCore.Database.Command[20101]
2026-08-07T23:54:22.9706330Z       Executed DbCommand (2ms) [Parameters=[], CommandType='Text', CommandTimeout='30']
2026-08-07T23:54:22.9706518Z       SELECT 1
2026-08-07T23:54:22.9718506Z info: Microsoft.EntityFrameworkCore.Database.Command[20101]
2026-08-07T23:54:22.9718957Z       Executed DbCommand (2ms) [Parameters=[], CommandType='Text', CommandTimeout='30']
2026-08-07T23:54:22.9719037Z       SELECT OBJECT_ID(N'[__EFMigrationsHistory]');
2026-08-07T23:54:22.9748087Z info: Microsoft.EntityFrameworkCore.Database.Command[20101]
2026-08-07T23:54:22.9748484Z       Executed DbCommand (2ms) [Parameters=[], CommandType='Text', CommandTimeout='30']
2026-08-07T23:54:22.9748573Z       SELECT [MigrationId], [ProductVersion]
2026-08-07T23:54:22.9748612Z       FROM [__EFMigrationsHistory]
2026-08-07T23:54:22.9748656Z       ORDER BY [MigrationId];
2026-08-07T23:54:22.9765540Z info: Microsoft.EntityFrameworkCore.Database.Command[20101]
2026-08-07T23:54:22.9765848Z       Executed DbCommand (1ms) [Parameters=[], CommandType='Text', CommandTimeout='30']
2026-08-07T23:54:22.9765917Z       SELECT TOP(1) [b].[BankAccountNumber]
2026-08-07T23:54:22.9765955Z       FROM [Beneficiaries] AS [b]
2026-08-07T23:54:22.9765994Z       ORDER BY [b].[Id]
2026-08-07T23:54:24.1777547Z info: Microsoft.EntityFrameworkCore.Database.Command[20101]
2026-08-07T23:54:24.1778307Z       Executed DbCommand (2ms) [Parameters=[], CommandType='Text', CommandTimeout='30']
2026-08-07T23:54:24.1778414Z       SELECT 1
2026-08-07T23:54:24.1797219Z info: Microsoft.EntityFrameworkCore.Database.Command[20101]
2026-08-07T23:54:24.1797753Z       Executed DbCommand (2ms) [Parameters=[], CommandType='Text', CommandTimeout='30']
2026-08-07T23:54:24.1797834Z       SELECT OBJECT_ID(N'[__EFMigrationsHistory]');
2026-08-07T23:54:24.1823303Z info: Microsoft.EntityFrameworkCore.Database.Command[20101]
2026-08-07T23:54:24.1823680Z       Executed DbCommand (1ms) [Parameters=[], CommandType='Text', CommandTimeout='30']
2026-08-07T23:54:24.1823798Z       SELECT [MigrationId], [ProductVersion]
2026-08-07T23:54:24.1823841Z       FROM [__EFMigrationsHistory]
2026-08-07T23:54:24.1823880Z       ORDER BY [MigrationId];
2026-08-07T23:54:24.1841355Z info: Microsoft.EntityFrameworkCore.Database.Command[20101]
2026-08-07T23:54:24.1841686Z       Executed DbCommand (1ms) [Parameters=[], CommandType='Text', CommandTimeout='30']
2026-08-07T23:54:24.1841798Z       SELECT TOP(1) [b].[BankAccountNumber]
2026-08-07T23:54:24.1841835Z       FROM [Beneficiaries] AS [b]
2026-08-07T23:54:24.1841875Z       ORDER BY [b].[Id]
2026-08-07T23:54:29.6907825Z info: Microsoft.EntityFrameworkCore.Database.Command[20101]
2026-08-07T23:54:29.6908661Z       Executed DbCommand (2ms) [Parameters=[], CommandType='Text', CommandTimeout='30']
2026-08-07T23:54:29.6908806Z       SELECT 1
2026-08-07T23:54:29.6928102Z info: Microsoft.EntityFrameworkCore.Database.Command[20101]
2026-08-07T23:54:29.6928588Z       Executed DbCommand (2ms) [Parameters=[], CommandType='Text', CommandTimeout='30']
2026-08-07T23:54:29.6928668Z       SELECT OBJECT_ID(N'[__EFMigrationsHistory]');
2026-08-07T23:54:29.6954053Z info: Microsoft.EntityFrameworkCore.Database.Command[20101]
2026-08-07T23:54:29.6954422Z       Executed DbCommand (1ms) [Parameters=[], CommandType='Text', CommandTimeout='30']
2026-08-07T23:54:29.6954499Z       SELECT [MigrationId], [ProductVersion]
2026-08-07T23:54:29.6954545Z       FROM [__EFMigrationsHistory]
2026-08-07T23:54:29.6954629Z       ORDER BY [MigrationId];
2026-08-07T23:54:29.6980642Z info: Microsoft.EntityFrameworkCore.Database.Command[20101]
2026-08-07T23:54:29.6980951Z       Executed DbCommand (2ms) [Parameters=[], CommandType='Text', CommandTimeout='30']
2026-08-07T23:54:29.6981016Z       SELECT TOP(1) [b].[BankAccountNumber]
2026-08-07T23:54:29.6981054Z       FROM [Beneficiaries] AS [b]
2026-08-07T23:54:29.6981132Z       ORDER BY [b].[Id]
2026-08-07T23:54:30.7474340Z info: Microsoft.EntityFrameworkCore.Database.Command[20101]
2026-08-07T23:54:30.7475172Z       Executed DbCommand (2ms) [Parameters=[], CommandType='Text', CommandTimeout='30']
2026-08-07T23:54:30.7475299Z       SELECT 1
2026-08-07T23:54:30.7507843Z info: Microsoft.EntityFrameworkCore.Database.Command[20101]
2026-08-07T23:54:30.7508452Z       Executed DbCommand (2ms) [Parameters=[], CommandType='Text', CommandTimeout='30']
2026-08-07T23:54:30.7508563Z       SELECT OBJECT_ID(N'[__EFMigrationsHistory]');
2026-08-07T23:54:30.7525428Z info: Microsoft.EntityFrameworkCore.Database.Command[20101]
2026-08-07T23:54:30.7525785Z       Executed DbCommand (1ms) [Parameters=[], CommandType='Text', CommandTimeout='30']
2026-08-07T23:54:30.7525910Z       SELECT [MigrationId], [ProductVersion]
2026-08-07T23:54:30.7525959Z       FROM [__EFMigrationsHistory]
2026-08-07T23:54:30.7526006Z       ORDER BY [MigrationId];
2026-08-07T23:54:30.7539509Z info: Microsoft.EntityFrameworkCore.Database.Command[20101]
2026-08-07T23:54:30.7539877Z       Executed DbCommand (1ms) [Parameters=[], CommandType='Text', CommandTimeout='30']
2026-08-07T23:54:30.7539995Z       SELECT TOP(1) [b].[BankAccountNumber]
2026-08-07T23:54:30.7540036Z       FROM [Beneficiaries] AS [b]
2026-08-07T23:54:30.7540071Z       ORDER BY [b].[Id]
2026-08-07T23:54:36.0114565Z info: Microsoft.EntityFrameworkCore.Database.Command[20101]
2026-08-07T23:54:36.0115570Z       Executed DbCommand (2ms) [Parameters=[], CommandType='Text', CommandTimeout='30']
2026-08-07T23:54:36.0115706Z       SELECT 1
2026-08-07T23:54:36.0133708Z info: Microsoft.EntityFrameworkCore.Database.Command[20101]
2026-08-07T23:54:36.0134146Z       Executed DbCommand (2ms) [Parameters=[], CommandType='Text', CommandTimeout='30']
2026-08-07T23:54:36.0134232Z       SELECT OBJECT_ID(N'[__EFMigrationsHistory]');
2026-08-07T23:54:36.0167780Z info: Microsoft.EntityFrameworkCore.Database.Command[20101]
2026-08-07T23:54:36.0168214Z       Executed DbCommand (2ms) [Parameters=[], CommandType='Text', CommandTimeout='30']
2026-08-07T23:54:36.0168300Z       SELECT [MigrationId], [ProductVersion]
2026-08-07T23:54:36.0168345Z       FROM [__EFMigrationsHistory]
2026-08-07T23:54:36.0168427Z       ORDER BY [MigrationId];
2026-08-07T23:54:36.0182175Z info: Microsoft.EntityFrameworkCore.Database.Command[20101]
2026-08-07T23:54:36.0182478Z       Executed DbCommand (2ms) [Parameters=[], CommandType='Text', CommandTimeout='30']
2026-08-07T23:54:36.0182554Z       SELECT TOP(1) [b].[BankAccountNumber]
2026-08-07T23:54:36.0182599Z       FROM [Beneficiaries] AS [b]
2026-08-07T23:54:36.0182786Z       ORDER BY [b].[Id]
2026-08-07T23:54:38.0813115Z info: Microsoft.EntityFrameworkCore.Database.Command[20101]
2026-08-07T23:54:38.0813969Z       Executed DbCommand (2ms) [Parameters=[], CommandType='Text', CommandTimeout='30']
2026-08-07T23:54:38.0814112Z       SELECT 1
2026-08-07T23:54:38.0839798Z info: Microsoft.EntityFrameworkCore.Database.Command[20101]
2026-08-07T23:54:38.0840313Z       Executed DbCommand (2ms) [Parameters=[], CommandType='Text', CommandTimeout='30']
2026-08-07T23:54:38.0840452Z       SELECT OBJECT_ID(N'[__EFMigrationsHistory]');
2026-08-07T23:54:38.0863126Z info: Microsoft.EntityFrameworkCore.Database.Command[20101]
2026-08-07T23:54:38.0863495Z       Executed DbCommand (2ms) [Parameters=[], CommandType='Text', CommandTimeout='30']
2026-08-07T23:54:38.0863622Z       SELECT [MigrationId], [ProductVersion]
2026-08-07T23:54:38.0863669Z       FROM [__EFMigrationsHistory]
2026-08-07T23:54:38.0863707Z       ORDER BY [MigrationId];
2026-08-07T23:54:38.0880494Z info: Microsoft.EntityFrameworkCore.Database.Command[20101]
2026-08-07T23:54:38.0880810Z       Executed DbCommand (1ms) [Parameters=[], CommandType='Text', CommandTimeout='30']
2026-08-07T23:54:38.0880920Z       SELECT TOP(1) [b].[BankAccountNumber]
2026-08-07T23:54:38.0880965Z       FROM [Beneficiaries] AS [b]
2026-08-07T23:54:38.0881010Z       ORDER BY [b].[Id]
2026-08-07T23:54:38.9905731Z info: Microsoft.EntityFrameworkCore.Database.Command[20101]
2026-08-07T23:54:38.9906707Z       Executed DbCommand (3ms) [Parameters=[], CommandType='Text', CommandTimeout='30']
2026-08-07T23:54:38.9906869Z       SELECT 1
2026-08-07T23:54:38.9923791Z info: Microsoft.EntityFrameworkCore.Database.Command[20101]
2026-08-07T23:54:38.9924317Z       Executed DbCommand (2ms) [Parameters=[], CommandType='Text', CommandTimeout='30']
2026-08-07T23:54:38.9924387Z       SELECT OBJECT_ID(N'[__EFMigrationsHistory]');
2026-08-07T23:54:38.9959174Z info: Microsoft.EntityFrameworkCore.Database.Command[20101]
2026-08-07T23:54:38.9959713Z       Executed DbCommand (1ms) [Parameters=[], CommandType='Text', CommandTimeout='30']
2026-08-07T23:54:38.9959806Z       SELECT [MigrationId], [ProductVersion]
2026-08-07T23:54:38.9959851Z       FROM [__EFMigrationsHistory]
2026-08-07T23:54:38.9960019Z       ORDER BY [MigrationId];
2026-08-07T23:54:38.9969414Z info: Microsoft.EntityFrameworkCore.Database.Command[20101]
2026-08-07T23:54:38.9969726Z       Executed DbCommand (1ms) [Parameters=[], CommandType='Text', CommandTimeout='30']
2026-08-07T23:54:38.9969798Z       SELECT TOP(1) [b].[BankAccountNumber]
2026-08-07T23:54:38.9969844Z       FROM [Beneficiaries] AS [b]
2026-08-07T23:54:38.9969927Z       ORDER BY [b].[Id]
2026-08-07T23:54:41.7222639Z info: Microsoft.EntityFrameworkCore.Database.Command[20101]
2026-08-07T23:54:41.7223371Z       Executed DbCommand (2ms) [Parameters=[], CommandType='Text', CommandTimeout='30']
2026-08-07T23:54:41.7223465Z       SELECT 1
2026-08-07T23:54:41.7237697Z info: Microsoft.EntityFrameworkCore.Database.Command[20101]
2026-08-07T23:54:41.7238206Z       Executed DbCommand (2ms) [Parameters=[], CommandType='Text', CommandTimeout='30']
2026-08-07T23:54:41.7238295Z       SELECT OBJECT_ID(N'[__EFMigrationsHistory]');
2026-08-07T23:54:41.7269192Z info: Microsoft.EntityFrameworkCore.Database.Command[20101]
2026-08-07T23:54:41.7269441Z       Executed DbCommand (1ms) [Parameters=[], CommandType='Text', CommandTimeout='30']
2026-08-07T23:54:41.7269547Z       SELECT [MigrationId], [ProductVersion]
2026-08-07T23:54:41.7269594Z       FROM [__EFMigrationsHistory]
2026-08-07T23:54:41.7275158Z       ORDER BY [MigrationId];
2026-08-07T23:54:41.7284939Z info: Microsoft.EntityFrameworkCore.Database.Command[20101]
2026-08-07T23:54:41.7285273Z       Executed DbCommand (1ms) [Parameters=[], CommandType='Text', CommandTimeout='30']
2026-08-07T23:54:41.7285351Z       SELECT TOP(1) [b].[BankAccountNumber]
2026-08-07T23:54:41.7285395Z       FROM [Beneficiaries] AS [b]
2026-08-07T23:54:41.7285438Z       ORDER BY [b].[Id]
2026-08-07T23:54:44.5712277Z info: Microsoft.EntityFrameworkCore.Database.Command[20101]
2026-08-07T23:54:44.5713238Z       Executed DbCommand (2ms) [Parameters=[], CommandType='Text', CommandTimeout='30']
2026-08-07T23:54:44.5713354Z       SELECT 1
2026-08-07T23:54:44.5746680Z info: Microsoft.EntityFrameworkCore.Database.Command[20101]
2026-08-07T23:54:44.5747253Z       Executed DbCommand (2ms) [Parameters=[], CommandType='Text', CommandTimeout='30']
2026-08-07T23:54:44.5747462Z       SELECT OBJECT_ID(N'[__EFMigrationsHistory]');
2026-08-07T23:54:44.5759796Z info: Microsoft.EntityFrameworkCore.Database.Command[20101]
2026-08-07T23:54:44.5760177Z       Executed DbCommand (2ms) [Parameters=[], CommandType='Text', CommandTimeout='30']
2026-08-07T23:54:44.5760250Z       SELECT [MigrationId], [ProductVersion]
2026-08-07T23:54:44.5760294Z       FROM [__EFMigrationsHistory]
2026-08-07T23:54:44.5760380Z       ORDER BY [MigrationId];
2026-08-07T23:54:44.5785986Z info: Microsoft.EntityFrameworkCore.Database.Command[20101]
2026-08-07T23:54:44.5786329Z       Executed DbCommand (2ms) [Parameters=[], CommandType='Text', CommandTimeout='30']
2026-08-07T23:54:44.5786411Z       SELECT TOP(1) [b].[BankAccountNumber]
2026-08-07T23:54:44.5786461Z       FROM [Beneficiaries] AS [b]
2026-08-07T23:54:44.5786555Z       ORDER BY [b].[Id]
2026-08-07T23:54:45.9066479Z info: Microsoft.EntityFrameworkCore.Database.Command[20101]
2026-08-07T23:54:45.9067311Z       Executed DbCommand (2ms) [Parameters=[], CommandType='Text', CommandTimeout='30']
2026-08-07T23:54:45.9067523Z       SELECT 1
2026-08-07T23:54:45.9087211Z info: Microsoft.EntityFrameworkCore.Database.Command[20101]
2026-08-07T23:54:45.9087801Z       Executed DbCommand (2ms) [Parameters=[], CommandType='Text', CommandTimeout='30']
2026-08-07T23:54:45.9087926Z       SELECT OBJECT_ID(N'[__EFMigrationsHistory]');
2026-08-07T23:54:45.9116730Z info: Microsoft.EntityFrameworkCore.Database.Command[20101]
2026-08-07T23:54:45.9117160Z       Executed DbCommand (1ms) [Parameters=[], CommandType='Text', CommandTimeout='30']
2026-08-07T23:54:45.9117333Z       SELECT [MigrationId], [ProductVersion]
2026-08-07T23:54:45.9117382Z       FROM [__EFMigrationsHistory]
2026-08-07T23:54:45.9117421Z       ORDER BY [MigrationId];
2026-08-07T23:54:45.9130696Z info: Microsoft.EntityFrameworkCore.Database.Command[20101]
2026-08-07T23:54:45.9131088Z       Executed DbCommand (1ms) [Parameters=[], CommandType='Text', CommandTimeout='30']
2026-08-07T23:54:45.9131154Z       SELECT TOP(1) [b].[BankAccountNumber]
2026-08-07T23:54:45.9131373Z       FROM [Beneficiaries] AS [b]
2026-08-07T23:54:45.9131414Z       ORDER BY [b].[Id]
2026-08-07T23:54:52.1668798Z info: Microsoft.EntityFrameworkCore.Database.Command[20101]
2026-08-07T23:54:52.1669611Z       Executed DbCommand (2ms) [Parameters=[], CommandType='Text', CommandTimeout='30']
2026-08-07T23:54:52.1669748Z       SELECT 1
2026-08-07T23:54:52.1687914Z info: Microsoft.EntityFrameworkCore.Database.Command[20101]
2026-08-07T23:54:52.1688445Z       Executed DbCommand (2ms) [Parameters=[], CommandType='Text', CommandTimeout='30']
2026-08-07T23:54:52.1688634Z       SELECT OBJECT_ID(N'[__EFMigrationsHistory]');
2026-08-07T23:54:52.1724092Z info: Microsoft.EntityFrameworkCore.Database.Command[20101]
2026-08-07T23:54:52.1724515Z       Executed DbCommand (2ms) [Parameters=[], CommandType='Text', CommandTimeout='30']
2026-08-07T23:54:52.1724608Z       SELECT [MigrationId], [ProductVersion]
2026-08-07T23:54:52.1724700Z       FROM [__EFMigrationsHistory]
2026-08-07T23:54:52.1724746Z       ORDER BY [MigrationId];
2026-08-07T23:54:52.1736844Z info: Microsoft.EntityFrameworkCore.Database.Command[20101]
2026-08-07T23:54:52.1737176Z       Executed DbCommand (1ms) [Parameters=[], CommandType='Text', CommandTimeout='30']
2026-08-07T23:54:52.1737242Z       SELECT TOP(1) [b].[BankAccountNumber]
2026-08-07T23:54:52.1737329Z       FROM [Beneficiaries] AS [b]
2026-08-07T23:54:52.1737366Z       ORDER BY [b].[Id]
2026-08-07T23:54:53.3568238Z info: Microsoft.EntityFrameworkCore.Database.Command[20101]
2026-08-07T23:54:53.3569042Z       Executed DbCommand (2ms) [Parameters=[], CommandType='Text', CommandTimeout='30']
2026-08-07T23:54:53.3569230Z       SELECT 1
2026-08-07T23:54:53.3585725Z info: Microsoft.EntityFrameworkCore.Database.Command[20101]
2026-08-07T23:54:53.3586241Z       Executed DbCommand (2ms) [Parameters=[], CommandType='Text', CommandTimeout='30']
2026-08-07T23:54:53.3586328Z       SELECT OBJECT_ID(N'[__EFMigrationsHistory]');
2026-08-07T23:54:53.3609731Z info: Microsoft.EntityFrameworkCore.Database.Command[20101]
2026-08-07T23:54:53.3610116Z       Executed DbCommand (1ms) [Parameters=[], CommandType='Text', CommandTimeout='30']
2026-08-07T23:54:53.3610191Z       SELECT [MigrationId], [ProductVersion]
2026-08-07T23:54:53.3610234Z       FROM [__EFMigrationsHistory]
2026-08-07T23:54:53.3618352Z       ORDER BY [MigrationId];
2026-08-07T23:54:53.3627813Z info: Microsoft.EntityFrameworkCore.Database.Command[20101]
2026-08-07T23:54:53.3628125Z       Executed DbCommand (1ms) [Parameters=[], CommandType='Text', CommandTimeout='30']
2026-08-07T23:54:53.3628195Z       SELECT TOP(1) [b].[BankAccountNumber]
2026-08-07T23:54:53.3628240Z       FROM [Beneficiaries] AS [b]
2026-08-07T23:54:53.3628278Z       ORDER BY [b].[Id]
2026-08-07T23:54:55.4274912Z info: Microsoft.EntityFrameworkCore.Database.Command[20101]
2026-08-07T23:54:55.4275854Z       Executed DbCommand (3ms) [Parameters=[], CommandType='Text', CommandTimeout='30']
2026-08-07T23:54:55.4275981Z       SELECT 1
2026-08-07T23:54:55.4369268Z info: Microsoft.EntityFrameworkCore.Database.Command[20101]
2026-08-07T23:54:55.4370149Z       Executed DbCommand (8ms) [Parameters=[], CommandType='Text', CommandTimeout='30']
2026-08-07T23:54:55.4370272Z       SELECT OBJECT_ID(N'[__EFMigrationsHistory]');
2026-08-07T23:54:55.4382802Z info: Microsoft.EntityFrameworkCore.Database.Command[20101]
2026-08-07T23:54:55.4383352Z       Executed DbCommand (1ms) [Parameters=[], CommandType='Text', CommandTimeout='30']
2026-08-07T23:54:55.4383497Z       SELECT [MigrationId], [ProductVersion]
2026-08-07T23:54:55.4383541Z       FROM [__EFMigrationsHistory]
2026-08-07T23:54:55.4383579Z       ORDER BY [MigrationId];
2026-08-07T23:54:55.4400129Z info: Microsoft.EntityFrameworkCore.Database.Command[20101]
2026-08-07T23:54:55.4400510Z       Executed DbCommand (1ms) [Parameters=[], CommandType='Text', CommandTimeout='30']
2026-08-07T23:54:55.4400623Z       SELECT TOP(1) [b].[BankAccountNumber]
2026-08-07T23:54:55.4400663Z       FROM [Beneficiaries] AS [b]
2026-08-07T23:54:55.4400699Z       ORDER BY [b].[Id]
2026-08-07T23:54:55.7641995Z info: Microsoft.EntityFrameworkCore.Database.Command[20101]
2026-08-07T23:54:55.7642802Z       Executed DbCommand (2ms) [Parameters=[], CommandType='Text', CommandTimeout='30']
2026-08-07T23:54:55.7642907Z       SELECT 1
2026-08-07T23:54:55.7656818Z info: Microsoft.EntityFrameworkCore.Database.Command[20101]
2026-08-07T23:54:55.7657326Z       Executed DbCommand (2ms) [Parameters=[], CommandType='Text', CommandTimeout='30']
2026-08-07T23:54:55.7657406Z       SELECT OBJECT_ID(N'[__EFMigrationsHistory]');
2026-08-07T23:54:55.7684623Z info: Microsoft.EntityFrameworkCore.Database.Command[20101]
2026-08-07T23:54:55.7684984Z       Executed DbCommand (1ms) [Parameters=[], CommandType='Text', CommandTimeout='30']
2026-08-07T23:54:55.7685066Z       SELECT [MigrationId], [ProductVersion]
2026-08-07T23:54:55.7685215Z       FROM [__EFMigrationsHistory]
2026-08-07T23:54:55.7685414Z       ORDER BY [MigrationId];
2026-08-07T23:54:55.7713743Z info: Microsoft.EntityFrameworkCore.Database.Command[20101]
2026-08-07T23:54:55.7714193Z       Executed DbCommand (2ms) [Parameters=[], CommandType='Text', CommandTimeout='30']
2026-08-07T23:54:55.7714269Z       SELECT TOP(1) [b].[BankAccountNumber]
2026-08-07T23:54:55.7714311Z       FROM [Beneficiaries] AS [b]
2026-08-07T23:54:55.7714396Z       ORDER BY [b].[Id]
2026-08-07T23:54:59.5919392Z info: Microsoft.EntityFrameworkCore.Database.Command[20101]
2026-08-07T23:54:59.5920291Z       Executed DbCommand (2ms) [Parameters=[], CommandType='Text', CommandTimeout='30']
2026-08-07T23:54:59.5920434Z       SELECT 1
2026-08-07T23:54:59.5956310Z info: Microsoft.EntityFrameworkCore.Database.Command[20101]
2026-08-07T23:54:59.5956794Z       Executed DbCommand (2ms) [Parameters=[], CommandType='Text', CommandTimeout='30']
2026-08-07T23:54:59.5956876Z       SELECT OBJECT_ID(N'[__EFMigrationsHistory]');
2026-08-07T23:54:59.5966932Z info: Microsoft.EntityFrameworkCore.Database.Command[20101]
2026-08-07T23:54:59.5967300Z       Executed DbCommand (2ms) [Parameters=[], CommandType='Text', CommandTimeout='30']
2026-08-07T23:54:59.5967413Z       SELECT [MigrationId], [ProductVersion]
2026-08-07T23:54:59.5967461Z       FROM [__EFMigrationsHistory]
2026-08-07T23:54:59.5974694Z       ORDER BY [MigrationId];
2026-08-07T23:54:59.5983909Z info: Microsoft.EntityFrameworkCore.Database.Command[20101]
2026-08-07T23:54:59.5984260Z       Executed DbCommand (1ms) [Parameters=[], CommandType='Text', CommandTimeout='30']
2026-08-07T23:54:59.5984323Z       SELECT TOP(1) [b].[BankAccountNumber]
2026-08-07T23:54:59.5984362Z       FROM [Beneficiaries] AS [b]
2026-08-07T23:54:59.5998793Z       ORDER BY [b].[Id]
2026-08-07T23:55:01.4236441Z info: Microsoft.EntityFrameworkCore.Database.Command[20101]
2026-08-07T23:55:01.4237377Z       Executed DbCommand (2ms) [Parameters=[], CommandType='Text', CommandTimeout='30']
2026-08-07T23:55:01.4237499Z       SELECT 1
2026-08-07T23:55:01.4254931Z info: Microsoft.EntityFrameworkCore.Database.Command[20101]
2026-08-07T23:55:01.4255531Z       Executed DbCommand (2ms) [Parameters=[], CommandType='Text', CommandTimeout='30']
2026-08-07T23:55:01.4255664Z       SELECT OBJECT_ID(N'[__EFMigrationsHistory]');
2026-08-07T23:55:01.4280938Z info: Microsoft.EntityFrameworkCore.Database.Command[20101]
2026-08-07T23:55:01.4281319Z       Executed DbCommand (2ms) [Parameters=[], CommandType='Text', CommandTimeout='30']
2026-08-07T23:55:01.4281392Z       SELECT [MigrationId], [ProductVersion]
2026-08-07T23:55:01.4281630Z       FROM [__EFMigrationsHistory]
2026-08-07T23:55:01.4287103Z       ORDER BY [MigrationId];
2026-08-07T23:55:01.4300232Z info: Microsoft.EntityFrameworkCore.Database.Command[20101]
2026-08-07T23:55:01.4300544Z       Executed DbCommand (2ms) [Parameters=[], CommandType='Text', CommandTimeout='30']
2026-08-07T23:55:01.4300617Z       SELECT TOP(1) [b].[BankAccountNumber]
2026-08-07T23:55:01.4300700Z       FROM [Beneficiaries] AS [b]
2026-08-07T23:55:01.4300740Z       ORDER BY [b].[Id]
2026-08-07T23:55:03.0723090Z info: Microsoft.EntityFrameworkCore.Database.Command[20101]
2026-08-07T23:55:03.0723890Z       Executed DbCommand (2ms) [Parameters=[], CommandType='Text', CommandTimeout='30']
2026-08-07T23:55:03.0724007Z       SELECT 1
2026-08-07T23:55:03.0753391Z info: Microsoft.EntityFrameworkCore.Database.Command[20101]
2026-08-07T23:55:03.0753904Z       Executed DbCommand (2ms) [Parameters=[], CommandType='Text', CommandTimeout='30']
2026-08-07T23:55:03.0753990Z       SELECT OBJECT_ID(N'[__EFMigrationsHistory]');
2026-08-07T23:55:03.0767429Z info: Microsoft.EntityFrameworkCore.Database.Command[20101]
2026-08-07T23:55:03.0767866Z       Executed DbCommand (1ms) [Parameters=[], CommandType='Text', CommandTimeout='30']
2026-08-07T23:55:03.0767936Z       SELECT [MigrationId], [ProductVersion]
2026-08-07T23:55:03.0767976Z       FROM [__EFMigrationsHistory]
2026-08-07T23:55:03.0768015Z       ORDER BY [MigrationId];
2026-08-07T23:55:03.0784912Z info: Microsoft.EntityFrameworkCore.Database.Command[20101]
2026-08-07T23:55:03.0785266Z       Executed DbCommand (1ms) [Parameters=[], CommandType='Text', CommandTimeout='30']
2026-08-07T23:55:03.0785342Z       SELECT TOP(1) [b].[BankAccountNumber]
2026-08-07T23:55:03.0785386Z       FROM [Beneficiaries] AS [b]
2026-08-07T23:55:03.0785431Z       ORDER BY [b].[Id]
2026-08-07T23:55:19.9498733Z info: Microsoft.EntityFrameworkCore.Database.Command[20101]
2026-08-07T23:55:19.9499528Z       Executed DbCommand (2ms) [Parameters=[], CommandType='Text', CommandTimeout='30']
2026-08-07T23:55:19.9499631Z       SELECT 1
2026-08-07T23:55:19.9517366Z info: Microsoft.EntityFrameworkCore.Database.Command[20101]
2026-08-07T23:55:19.9517999Z       Executed DbCommand (2ms) [Parameters=[], CommandType='Text', CommandTimeout='30']
2026-08-07T23:55:19.9518163Z       SELECT OBJECT_ID(N'[__EFMigrationsHistory]');
2026-08-07T23:55:19.9548128Z info: Microsoft.EntityFrameworkCore.Database.Command[20101]
2026-08-07T23:55:19.9548573Z       Executed DbCommand (2ms) [Parameters=[], CommandType='Text', CommandTimeout='30']
2026-08-07T23:55:19.9548656Z       SELECT [MigrationId], [ProductVersion]
2026-08-07T23:55:19.9548750Z       FROM [__EFMigrationsHistory]
2026-08-07T23:55:19.9548791Z       ORDER BY [MigrationId];
2026-08-07T23:55:19.9566173Z info: Microsoft.EntityFrameworkCore.Database.Command[20101]
2026-08-07T23:55:19.9566521Z       Executed DbCommand (1ms) [Parameters=[], CommandType='Text', CommandTimeout='30']
2026-08-07T23:55:19.9566593Z       SELECT TOP(1) [b].[BankAccountNumber]
2026-08-07T23:55:19.9566981Z       FROM [Beneficiaries] AS [b]
2026-08-07T23:55:19.9567030Z       ORDER BY [b].[Id]
2026-08-07T23:55:24.1790169Z info: Microsoft.EntityFrameworkCore.Database.Command[20101]
2026-08-07T23:55:24.1791077Z       Executed DbCommand (2ms) [Parameters=[], CommandType='Text', CommandTimeout='30']
2026-08-07T23:55:24.1791325Z       SELECT 1
2026-08-07T23:55:24.1824891Z info: Microsoft.EntityFrameworkCore.Database.Command[20101]
2026-08-07T23:55:24.1825774Z       Executed DbCommand (2ms) [Parameters=[], CommandType='Text', CommandTimeout='30']
2026-08-07T23:55:24.1825891Z       SELECT OBJECT_ID(N'[__EFMigrationsHistory]');
2026-08-07T23:55:24.1840649Z info: Microsoft.EntityFrameworkCore.Database.Command[20101]
2026-08-07T23:55:24.1841363Z       Executed DbCommand (1ms) [Parameters=[], CommandType='Text', CommandTimeout='30']
2026-08-07T23:55:24.1841471Z       SELECT [MigrationId], [ProductVersion]
2026-08-07T23:55:24.1841521Z       FROM [__EFMigrationsHistory]
2026-08-07T23:55:24.1841574Z       ORDER BY [MigrationId];
2026-08-07T23:55:24.1861700Z info: Microsoft.EntityFrameworkCore.Database.Command[20101]
2026-08-07T23:55:24.1862116Z       Executed DbCommand (1ms) [Parameters=[], CommandType='Text', CommandTimeout='30']
2026-08-07T23:55:24.1862205Z       SELECT TOP(1) [b].[BankAccountNumber]
2026-08-07T23:55:24.1862253Z       FROM [Beneficiaries] AS [b]
2026-08-07T23:55:24.1862302Z       ORDER BY [b].[Id]
2026-08-07T23:55:25.0797533Z info: Microsoft.EntityFrameworkCore.Database.Command[20101]
2026-08-07T23:55:25.0798458Z       Executed DbCommand (2ms) [Parameters=[], CommandType='Text', CommandTimeout='30']
2026-08-07T23:55:25.0798598Z       SELECT 1
2026-08-07T23:55:25.0825905Z info: Microsoft.EntityFrameworkCore.Database.Command[20101]
2026-08-07T23:55:25.0826694Z       Executed DbCommand (2ms) [Parameters=[], CommandType='Text', CommandTimeout='30']
2026-08-07T23:55:25.0826790Z       SELECT OBJECT_ID(N'[__EFMigrationsHistory]');
2026-08-07T23:55:25.0839637Z info: Microsoft.EntityFrameworkCore.Database.Command[20101]
2026-08-07T23:55:25.0840099Z       Executed DbCommand (1ms) [Parameters=[], CommandType='Text', CommandTimeout='30']
2026-08-07T23:55:25.0840238Z       SELECT [MigrationId], [ProductVersion]
2026-08-07T23:55:25.0840286Z       FROM [__EFMigrationsHistory]
2026-08-07T23:55:25.0844956Z       ORDER BY [MigrationId];
2026-08-07T23:55:25.0858254Z info: Microsoft.EntityFrameworkCore.Database.Command[20101]
2026-08-07T23:55:25.0858655Z       Executed DbCommand (1ms) [Parameters=[], CommandType='Text', CommandTimeout='30']
2026-08-07T23:55:25.0862419Z       SELECT TOP(1) [b].[BankAccountNumber]
2026-08-07T23:55:25.0862575Z       FROM [Beneficiaries] AS [b]
2026-08-07T23:55:25.0862627Z       ORDER BY [b].[Id]
2026-08-07T23:55:25.7764875Z info: Microsoft.EntityFrameworkCore.Database.Command[20101]
2026-08-07T23:55:25.7765944Z       Executed DbCommand (2ms) [Parameters=[], CommandType='Text', CommandTimeout='30']
2026-08-07T23:55:25.7766095Z       SELECT 1
2026-08-07T23:55:25.7784725Z info: Microsoft.EntityFrameworkCore.Database.Command[20101]
2026-08-07T23:55:25.7785250Z       Executed DbCommand (2ms) [Parameters=[], CommandType='Text', CommandTimeout='30']
2026-08-07T23:55:25.7785395Z       SELECT OBJECT_ID(N'[__EFMigrationsHistory]');
2026-08-07T23:55:25.7813128Z info: Microsoft.EntityFrameworkCore.Database.Command[20101]
2026-08-07T23:55:25.7818498Z       Executed DbCommand (2ms) [Parameters=[], CommandType='Text', CommandTimeout='30']
2026-08-07T23:55:25.7818862Z       SELECT [MigrationId], [ProductVersion]
2026-08-07T23:55:25.7818931Z       FROM [__EFMigrationsHistory]
2026-08-07T23:55:25.7819308Z       ORDER BY [MigrationId];
2026-08-07T23:55:25.7833765Z info: Microsoft.EntityFrameworkCore.Database.Command[20101]
2026-08-07T23:55:25.7834066Z       Executed DbCommand (2ms) [Parameters=[], CommandType='Text', CommandTimeout='30']
2026-08-07T23:55:25.7834147Z       SELECT TOP(1) [b].[BankAccountNumber]
2026-08-07T23:55:25.7834237Z       FROM [Beneficiaries] AS [b]
2026-08-07T23:55:25.7834284Z       ORDER BY [b].[Id]
2026-08-07T23:55:26.3865393Z info: Microsoft.EntityFrameworkCore.Database.Command[20101]
2026-08-07T23:55:26.3866200Z       Executed DbCommand (2ms) [Parameters=[], CommandType='Text', CommandTimeout='30']
2026-08-07T23:55:26.3866313Z       SELECT 1
2026-08-07T23:55:26.3884201Z info: Microsoft.EntityFrameworkCore.Database.Command[20101]
2026-08-07T23:55:26.3884710Z       Executed DbCommand (2ms) [Parameters=[], CommandType='Text', CommandTimeout='30']
2026-08-07T23:55:26.3884792Z       SELECT OBJECT_ID(N'[__EFMigrationsHistory]');
2026-08-07T23:55:26.3913103Z info: Microsoft.EntityFrameworkCore.Database.Command[20101]
2026-08-07T23:55:26.3913570Z       Executed DbCommand (2ms) [Parameters=[], CommandType='Text', CommandTimeout='30']
2026-08-07T23:55:26.3913646Z       SELECT [MigrationId], [ProductVersion]
2026-08-07T23:55:26.3913687Z       FROM [__EFMigrationsHistory]
2026-08-07T23:55:26.3913736Z       ORDER BY [MigrationId];
2026-08-07T23:55:26.3936789Z info: Microsoft.EntityFrameworkCore.Database.Command[20101]
2026-08-07T23:55:26.3937195Z       Executed DbCommand (1ms) [Parameters=[], CommandType='Text', CommandTimeout='30']
2026-08-07T23:55:26.3937267Z       SELECT TOP(1) [b].[BankAccountNumber]
2026-08-07T23:55:26.3937307Z       FROM [Beneficiaries] AS [b]
2026-08-07T23:55:26.3937346Z       ORDER BY [b].[Id]
2026-08-07T23:55:26.8798468Z info: Microsoft.EntityFrameworkCore.Database.Command[20101]
2026-08-07T23:55:26.8799381Z       Executed DbCommand (2ms) [Parameters=[], CommandType='Text', CommandTimeout='30']
2026-08-07T23:55:26.8799481Z       SELECT 1
2026-08-07T23:55:26.8815604Z info: Microsoft.EntityFrameworkCore.Database.Command[20101]
2026-08-07T23:55:26.8816209Z       Executed DbCommand (2ms) [Parameters=[], CommandType='Text', CommandTimeout='30']
2026-08-07T23:55:26.8816365Z       SELECT OBJECT_ID(N'[__EFMigrationsHistory]');
2026-08-07T23:55:26.8843146Z info: Microsoft.EntityFrameworkCore.Database.Command[20101]
2026-08-07T23:55:26.8843710Z       Executed DbCommand (1ms) [Parameters=[], CommandType='Text', CommandTimeout='30']
2026-08-07T23:55:26.8843807Z       SELECT [MigrationId], [ProductVersion]
2026-08-07T23:55:26.8843915Z       FROM [__EFMigrationsHistory]
2026-08-07T23:55:26.8846052Z       ORDER BY [MigrationId];
2026-08-07T23:55:26.8864522Z info: Microsoft.EntityFrameworkCore.Database.Command[20101]
2026-08-07T23:55:26.8864899Z       Executed DbCommand (1ms) [Parameters=[], CommandType='Text', CommandTimeout='30']
2026-08-07T23:55:26.8867412Z       SELECT TOP(1) [b].[BankAccountNumber]
2026-08-07T23:55:26.8867646Z       FROM [Beneficiaries] AS [b]
2026-08-07T23:55:26.8867694Z       ORDER BY [b].[Id]
2026-08-07T23:55:27.4639450Z info: Microsoft.EntityFrameworkCore.Database.Command[20101]
2026-08-07T23:55:27.4640016Z       Executed DbCommand (3ms) [Parameters=[], CommandType='Text', CommandTimeout='30']
2026-08-07T23:55:27.4640162Z       SELECT 1
2026-08-07T23:55:27.4655282Z info: Microsoft.EntityFrameworkCore.Database.Command[20101]
2026-08-07T23:55:27.4655631Z       Executed DbCommand (2ms) [Parameters=[], CommandType='Text', CommandTimeout='30']
2026-08-07T23:55:27.4655810Z       SELECT OBJECT_ID(N'[__EFMigrationsHistory]');
2026-08-07T23:55:27.4685086Z info: Microsoft.EntityFrameworkCore.Database.Command[20101]
2026-08-07T23:55:27.4685414Z       Executed DbCommand (1ms) [Parameters=[], CommandType='Text', CommandTimeout='30']
2026-08-07T23:55:27.4685486Z       SELECT [MigrationId], [ProductVersion]
2026-08-07T23:55:27.4685706Z       FROM [__EFMigrationsHistory]
2026-08-07T23:55:27.4686352Z       ORDER BY [MigrationId];
2026-08-07T23:55:27.4861887Z info: Microsoft.EntityFrameworkCore.Database.Command[20101]
2026-08-07T23:55:27.4862697Z       Executed DbCommand (1ms) [Parameters=[], CommandType='Text', CommandTimeout='30']
2026-08-07T23:55:27.4862806Z       SELECT TOP(1) [b].[BankAccountNumber]
2026-08-07T23:55:27.4862855Z       FROM [Beneficiaries] AS [b]
2026-08-07T23:55:27.4862897Z       ORDER BY [b].[Id]
2026-08-07T23:55:28.4969252Z info: Microsoft.EntityFrameworkCore.Database.Command[20101]
2026-08-07T23:55:28.4970426Z       Executed DbCommand (2ms) [Parameters=[], CommandType='Text', CommandTimeout='30']
2026-08-07T23:55:28.4970550Z       SELECT 1
2026-08-07T23:55:28.4997476Z info: Microsoft.EntityFrameworkCore.Database.Command[20101]
2026-08-07T23:55:28.5007344Z       Executed DbCommand (2ms) [Parameters=[], CommandType='Text', CommandTimeout='30']
2026-08-07T23:55:28.5007640Z       SELECT OBJECT_ID(N'[__EFMigrationsHistory]');
2026-08-07T23:55:28.5028314Z info: Microsoft.EntityFrameworkCore.Database.Command[20101]
2026-08-07T23:55:28.5028639Z       Executed DbCommand (1ms) [Parameters=[], CommandType='Text', CommandTimeout='30']
2026-08-07T23:55:28.5028710Z       SELECT [MigrationId], [ProductVersion]
2026-08-07T23:55:28.5036246Z       FROM [__EFMigrationsHistory]
2026-08-07T23:55:28.5036599Z       ORDER BY [MigrationId];
2026-08-07T23:55:28.5068804Z info: Microsoft.EntityFrameworkCore.Database.Command[20101]
2026-08-07T23:55:28.5069127Z       Executed DbCommand (1ms) [Parameters=[], CommandType='Text', CommandTimeout='30']
2026-08-07T23:55:28.5069252Z       SELECT TOP(1) [b].[BankAccountNumber]
2026-08-07T23:55:28.5069302Z       FROM [Beneficiaries] AS [b]
2026-08-07T23:55:28.5069352Z       ORDER BY [b].[Id]
2026-08-07T23:55:33.3998932Z info: Microsoft.EntityFrameworkCore.Database.Command[20101]
2026-08-07T23:55:33.3999829Z       Executed DbCommand (5ms) [Parameters=[], CommandType='Text', CommandTimeout='30']
2026-08-07T23:55:33.4000122Z       SELECT 1
2026-08-07T23:55:33.4085613Z info: Microsoft.EntityFrameworkCore.Database.Command[20101]
2026-08-07T23:55:33.4086394Z       Executed DbCommand (9ms) [Parameters=[], CommandType='Text', CommandTimeout='30']
2026-08-07T23:55:33.4086497Z       SELECT OBJECT_ID(N'[__EFMigrationsHistory]');
2026-08-07T23:55:33.4122425Z info: Microsoft.EntityFrameworkCore.Database.Command[20101]
2026-08-07T23:55:33.4123131Z       Executed DbCommand (2ms) [Parameters=[], CommandType='Text', CommandTimeout='30']
2026-08-07T23:55:33.4123215Z       SELECT [MigrationId], [ProductVersion]
2026-08-07T23:55:33.4123261Z       FROM [__EFMigrationsHistory]
2026-08-07T23:55:33.4123308Z       ORDER BY [MigrationId];
2026-08-07T23:55:33.4135759Z info: Microsoft.EntityFrameworkCore.Database.Command[20101]
2026-08-07T23:55:33.4136318Z       Executed DbCommand (1ms) [Parameters=[], CommandType='Text', CommandTimeout='30']
2026-08-07T23:55:33.4136408Z       SELECT TOP(1) [b].[BankAccountNumber]
2026-08-07T23:55:33.4136446Z       FROM [Beneficiaries] AS [b]
2026-08-07T23:55:33.4136482Z       ORDER BY [b].[Id]
2026-08-07T23:55:33.6723163Z info: Microsoft.EntityFrameworkCore.Database.Command[20101]
2026-08-07T23:55:33.6724067Z       Executed DbCommand (2ms) [Parameters=[], CommandType='Text', CommandTimeout='30']
2026-08-07T23:55:33.6724179Z       SELECT 1
2026-08-07T23:55:33.6741414Z info: Microsoft.EntityFrameworkCore.Database.Command[20101]
2026-08-07T23:55:33.6745379Z       Executed DbCommand (2ms) [Parameters=[], CommandType='Text', CommandTimeout='30']
2026-08-07T23:55:33.6745493Z       SELECT OBJECT_ID(N'[__EFMigrationsHistory]');
2026-08-07T23:55:33.6775892Z info: Microsoft.EntityFrameworkCore.Database.Command[20101]
2026-08-07T23:55:33.6776422Z       Executed DbCommand (2ms) [Parameters=[], CommandType='Text', CommandTimeout='30']
2026-08-07T23:55:33.6776551Z       SELECT [MigrationId], [ProductVersion]
2026-08-07T23:55:33.6776596Z       FROM [__EFMigrationsHistory]
2026-08-07T23:55:33.6776639Z       ORDER BY [MigrationId];
2026-08-07T23:55:33.6790518Z info: Microsoft.EntityFrameworkCore.Database.Command[20101]
2026-08-07T23:55:33.6790893Z       Executed DbCommand (1ms) [Parameters=[], CommandType='Text', CommandTimeout='30']
2026-08-07T23:55:33.6791119Z       SELECT TOP(1) [b].[BankAccountNumber]
2026-08-07T23:55:33.6791160Z       FROM [Beneficiaries] AS [b]
2026-08-07T23:55:33.6791197Z       ORDER BY [b].[Id]
2026-08-07T23:55:34.3358480Z info: Microsoft.EntityFrameworkCore.Database.Command[20101]
2026-08-07T23:55:34.3361863Z       Executed DbCommand (2ms) [Parameters=[], CommandType='Text', CommandTimeout='30']
2026-08-07T23:55:34.3362037Z       SELECT 1
2026-08-07T23:55:34.3376884Z info: Microsoft.EntityFrameworkCore.Database.Command[20101]
2026-08-07T23:55:34.3377403Z       Executed DbCommand (2ms) [Parameters=[], CommandType='Text', CommandTimeout='30']
2026-08-07T23:55:34.3377481Z       SELECT OBJECT_ID(N'[__EFMigrationsHistory]');
2026-08-07T23:55:34.3405450Z info: Microsoft.EntityFrameworkCore.Database.Command[20101]
2026-08-07T23:55:34.3405863Z       Executed DbCommand (1ms) [Parameters=[], CommandType='Text', CommandTimeout='30']
2026-08-07T23:55:34.3405995Z       SELECT [MigrationId], [ProductVersion]
2026-08-07T23:55:34.3406044Z       FROM [__EFMigrationsHistory]
2026-08-07T23:55:34.3406195Z       ORDER BY [MigrationId];
2026-08-07T23:55:34.3418818Z info: Microsoft.EntityFrameworkCore.Database.Command[20101]
2026-08-07T23:55:34.3419169Z       Executed DbCommand (1ms) [Parameters=[], CommandType='Text', CommandTimeout='30']
2026-08-07T23:55:34.3419245Z       SELECT TOP(1) [b].[BankAccountNumber]
2026-08-07T23:55:34.3419288Z       FROM [Beneficiaries] AS [b]
2026-08-07T23:55:34.3419378Z       ORDER BY [b].[Id]
2026-08-07T23:55:39.6375707Z info: Microsoft.EntityFrameworkCore.Database.Command[20101]
2026-08-07T23:55:39.6376604Z       Executed DbCommand (2ms) [Parameters=[], CommandType='Text', CommandTimeout='30']
2026-08-07T23:55:39.6376710Z       SELECT 1
2026-08-07T23:55:39.6396592Z info: Microsoft.EntityFrameworkCore.Database.Command[20101]
2026-08-07T23:55:39.6397107Z       Executed DbCommand (2ms) [Parameters=[], CommandType='Text', CommandTimeout='30']
2026-08-07T23:55:39.6397179Z       SELECT OBJECT_ID(N'[__EFMigrationsHistory]');
2026-08-07T23:55:39.6431894Z info: Microsoft.EntityFrameworkCore.Database.Command[20101]
2026-08-07T23:55:39.6432370Z       Executed DbCommand (2ms) [Parameters=[], CommandType='Text', CommandTimeout='30']
2026-08-07T23:55:39.6432518Z       SELECT [MigrationId], [ProductVersion]
2026-08-07T23:55:39.6432559Z       FROM [__EFMigrationsHistory]
2026-08-07T23:55:39.6433334Z       ORDER BY [MigrationId];
2026-08-07T23:55:39.6453441Z info: Microsoft.EntityFrameworkCore.Database.Command[20101]
2026-08-07T23:55:39.6453871Z       Executed DbCommand (2ms) [Parameters=[], CommandType='Text', CommandTimeout='30']
2026-08-07T23:55:39.6460303Z       SELECT TOP(1) [b].[BankAccountNumber]
2026-08-07T23:55:39.6460419Z       FROM [Beneficiaries] AS [b]
2026-08-07T23:55:39.6460462Z       ORDER BY [b].[Id]
2026-08-07T23:55:43.6218064Z info: Microsoft.EntityFrameworkCore.Database.Command[20101]
2026-08-07T23:55:43.6218962Z       Executed DbCommand (2ms) [Parameters=[], CommandType='Text', CommandTimeout='30']
2026-08-07T23:55:43.6219065Z       SELECT 1
2026-08-07T23:55:43.6234510Z info: Microsoft.EntityFrameworkCore.Database.Command[20101]
2026-08-07T23:55:43.6235096Z       Executed DbCommand (2ms) [Parameters=[], CommandType='Text', CommandTimeout='30']
2026-08-07T23:55:43.6235252Z       SELECT OBJECT_ID(N'[__EFMigrationsHistory]');
2026-08-07T23:55:43.6267546Z info: Microsoft.EntityFrameworkCore.Database.Command[20101]
2026-08-07T23:55:43.6268032Z       Executed DbCommand (2ms) [Parameters=[], CommandType='Text', CommandTimeout='30']
2026-08-07T23:55:43.6268116Z       SELECT [MigrationId], [ProductVersion]
2026-08-07T23:55:43.6268158Z       FROM [__EFMigrationsHistory]
2026-08-07T23:55:43.6273792Z       ORDER BY [MigrationId];
2026-08-07T23:55:43.6286635Z info: Microsoft.EntityFrameworkCore.Database.Command[20101]
2026-08-07T23:55:43.6287217Z       Executed DbCommand (1ms) [Parameters=[], CommandType='Text', CommandTimeout='30']
2026-08-07T23:55:43.6287297Z       SELECT TOP(1) [b].[BankAccountNumber]
2026-08-07T23:55:43.6287385Z       FROM [Beneficiaries] AS [b]
2026-08-07T23:55:43.6287431Z       ORDER BY [b].[Id]
2026-08-07T23:55:45.8834903Z info: Microsoft.EntityFrameworkCore.Database.Command[20101]
2026-08-07T23:55:45.8835775Z       Executed DbCommand (2ms) [Parameters=[], CommandType='Text', CommandTimeout='30']
2026-08-07T23:55:45.8835905Z       SELECT 1
2026-08-07T23:55:45.8856124Z info: Microsoft.EntityFrameworkCore.Database.Command[20101]
2026-08-07T23:55:45.8857339Z       Executed DbCommand (2ms) [Parameters=[], CommandType='Text', CommandTimeout='30']
2026-08-07T23:55:45.8857466Z       SELECT OBJECT_ID(N'[__EFMigrationsHistory]');
2026-08-07T23:55:45.8883992Z info: Microsoft.EntityFrameworkCore.Database.Command[20101]
2026-08-07T23:55:45.8884546Z       Executed DbCommand (1ms) [Parameters=[], CommandType='Text', CommandTimeout='30']
2026-08-07T23:55:45.8884632Z       SELECT [MigrationId], [ProductVersion]
2026-08-07T23:55:45.8884676Z       FROM [__EFMigrationsHistory]
2026-08-07T23:55:45.8884711Z       ORDER BY [MigrationId];
2026-08-07T23:55:45.8914067Z info: Microsoft.EntityFrameworkCore.Database.Command[20101]
2026-08-07T23:55:45.8914486Z       Executed DbCommand (3ms) [Parameters=[], CommandType='Text', CommandTimeout='30']
2026-08-07T23:55:45.8916382Z       SELECT TOP(1) [b].[BankAccountNumber]
2026-08-07T23:55:45.8917543Z       FROM [Beneficiaries] AS [b]
2026-08-07T23:55:45.8917604Z       ORDER BY [b].[Id]
2026-08-07T23:55:49.1623072Z info: Microsoft.EntityFrameworkCore.Database.Command[20101]
2026-08-07T23:55:49.1624052Z       Executed DbCommand (2ms) [Parameters=[], CommandType='Text', CommandTimeout='30']
2026-08-07T23:55:49.1624194Z       SELECT 1
2026-08-07T23:55:49.1647697Z info: Microsoft.EntityFrameworkCore.Database.Command[20101]
2026-08-07T23:55:49.1648111Z       Executed DbCommand (2ms) [Parameters=[], CommandType='Text', CommandTimeout='30']
2026-08-07T23:55:49.1648252Z       SELECT OBJECT_ID(N'[__EFMigrationsHistory]');
2026-08-07T23:55:49.1674681Z info: Microsoft.EntityFrameworkCore.Database.Command[20101]
2026-08-07T23:55:49.1674993Z       Executed DbCommand (1ms) [Parameters=[], CommandType='Text', CommandTimeout='30']
2026-08-07T23:55:49.1675064Z       SELECT [MigrationId], [ProductVersion]
2026-08-07T23:55:49.1675156Z       FROM [__EFMigrationsHistory]
2026-08-07T23:55:49.1675643Z       ORDER BY [MigrationId];
2026-08-07T23:55:49.1694356Z info: Microsoft.EntityFrameworkCore.Database.Command[20101]
2026-08-07T23:55:49.1694655Z       Executed DbCommand (1ms) [Parameters=[], CommandType='Text', CommandTimeout='30']
2026-08-07T23:55:49.1694762Z       SELECT TOP(1) [b].[BankAccountNumber]
2026-08-07T23:55:49.1694807Z       FROM [Beneficiaries] AS [b]
2026-08-07T23:55:49.1694851Z       ORDER BY [b].[Id]
2026-08-07T23:55:52.1743916Z info: Microsoft.EntityFrameworkCore.Database.Command[20101]
2026-08-07T23:55:52.1744647Z       Executed DbCommand (6ms) [Parameters=[], CommandType='Text', CommandTimeout='30']
2026-08-07T23:55:52.1744821Z       SELECT 1
2026-08-07T23:55:52.1773740Z info: Microsoft.EntityFrameworkCore.Database.Command[20101]
2026-08-07T23:55:52.1774173Z       Executed DbCommand (2ms) [Parameters=[], CommandType='Text', CommandTimeout='30']
2026-08-07T23:55:52.1774259Z       SELECT OBJECT_ID(N'[__EFMigrationsHistory]');
2026-08-07T23:55:52.1787619Z info: Microsoft.EntityFrameworkCore.Database.Command[20101]
2026-08-07T23:55:52.1787940Z       Executed DbCommand (1ms) [Parameters=[], CommandType='Text', CommandTimeout='30']
2026-08-07T23:55:52.1788041Z       SELECT [MigrationId], [ProductVersion]
2026-08-07T23:55:52.1788087Z       FROM [__EFMigrationsHistory]
2026-08-07T23:55:52.1788128Z       ORDER BY [MigrationId];
2026-08-07T23:55:52.1805653Z info: Microsoft.EntityFrameworkCore.Database.Command[20101]
2026-08-07T23:55:52.1805950Z       Executed DbCommand (1ms) [Parameters=[], CommandType='Text', CommandTimeout='30']
2026-08-07T23:55:52.1806010Z       SELECT TOP(1) [b].[BankAccountNumber]
2026-08-07T23:55:52.1806052Z       FROM [Beneficiaries] AS [b]
2026-08-07T23:55:52.1806094Z       ORDER BY [b].[Id]
2026-08-07T23:55:59.6340378Z info: Microsoft.EntityFrameworkCore.Database.Command[20101]
2026-08-07T23:55:59.6341126Z       Executed DbCommand (2ms) [Parameters=[], CommandType='Text', CommandTimeout='30']
2026-08-07T23:55:59.6341222Z       SELECT 1
2026-08-07T23:55:59.6366440Z info: Microsoft.EntityFrameworkCore.Database.Command[20101]
2026-08-07T23:55:59.6367308Z       Executed DbCommand (2ms) [Parameters=[], CommandType='Text', CommandTimeout='30']
2026-08-07T23:55:59.6367399Z       SELECT OBJECT_ID(N'[__EFMigrationsHistory]');
2026-08-07T23:55:59.6394651Z info: Microsoft.EntityFrameworkCore.Database.Command[20101]
2026-08-07T23:55:59.6395045Z       Executed DbCommand (1ms) [Parameters=[], CommandType='Text', CommandTimeout='30']
2026-08-07T23:55:59.6395267Z       SELECT [MigrationId], [ProductVersion]
2026-08-07T23:55:59.6395330Z       FROM [__EFMigrationsHistory]
2026-08-07T23:55:59.6401483Z       ORDER BY [MigrationId];
2026-08-07T23:55:59.6423154Z info: Microsoft.EntityFrameworkCore.Database.Command[20101]
2026-08-07T23:55:59.6423457Z       Executed DbCommand (1ms) [Parameters=[], CommandType='Text', CommandTimeout='30']
2026-08-07T23:55:59.6423573Z       SELECT TOP(1) [b].[BankAccountNumber]
2026-08-07T23:55:59.6423613Z       FROM [Beneficiaries] AS [b]
2026-08-07T23:55:59.6433464Z       ORDER BY [b].[Id]
2026-08-07T23:56:01.6642597Z info: Microsoft.EntityFrameworkCore.Database.Command[20101]
2026-08-07T23:56:01.6643424Z       Executed DbCommand (2ms) [Parameters=[], CommandType='Text', CommandTimeout='30']
2026-08-07T23:56:01.6643646Z       SELECT 1
2026-08-07T23:56:01.6663570Z info: Microsoft.EntityFrameworkCore.Database.Command[20101]
2026-08-07T23:56:01.6664096Z       Executed DbCommand (2ms) [Parameters=[], CommandType='Text', CommandTimeout='30']
2026-08-07T23:56:01.6664197Z       SELECT OBJECT_ID(N'[__EFMigrationsHistory]');
2026-08-07T23:56:01.6696406Z info: Microsoft.EntityFrameworkCore.Database.Command[20101]
2026-08-07T23:56:01.6696860Z       Executed DbCommand (1ms) [Parameters=[], CommandType='Text', CommandTimeout='30']
2026-08-07T23:56:01.6696963Z       SELECT [MigrationId], [ProductVersion]
2026-08-07T23:56:01.6697020Z       FROM [__EFMigrationsHistory]
2026-08-07T23:56:01.6697080Z       ORDER BY [MigrationId];
2026-08-07T23:56:01.6716124Z info: Microsoft.EntityFrameworkCore.Database.Command[20101]
2026-08-07T23:56:01.6722949Z       Executed DbCommand (2ms) [Parameters=[], CommandType='Text', CommandTimeout='30']
2026-08-07T23:56:01.6723108Z       SELECT TOP(1) [b].[BankAccountNumber]
2026-08-07T23:56:01.6723146Z       FROM [Beneficiaries] AS [b]
2026-08-07T23:56:01.6723216Z       ORDER BY [b].[Id]
2026-08-07T23:56:01.7643112Z info: Microsoft.EntityFrameworkCore.Database.Command[20101]
2026-08-07T23:56:01.7643969Z       Executed DbCommand (2ms) [Parameters=[], CommandType='Text', CommandTimeout='30']
2026-08-07T23:56:01.7644087Z       SELECT 1
2026-08-07T23:56:01.7674277Z info: Microsoft.EntityFrameworkCore.Database.Command[20101]
2026-08-07T23:56:01.7677192Z       Executed DbCommand (2ms) [Parameters=[], CommandType='Text', CommandTimeout='30']
2026-08-07T23:56:01.7677350Z       SELECT OBJECT_ID(N'[__EFMigrationsHistory]');
2026-08-07T23:56:01.7687037Z info: Microsoft.EntityFrameworkCore.Database.Command[20101]
2026-08-07T23:56:01.7690199Z       Executed DbCommand (1ms) [Parameters=[], CommandType='Text', CommandTimeout='30']
2026-08-07T23:56:01.7690408Z       SELECT [MigrationId], [ProductVersion]
2026-08-07T23:56:01.7690464Z       FROM [__EFMigrationsHistory]
2026-08-07T23:56:01.7690656Z       ORDER BY [MigrationId];
2026-08-07T23:56:01.7709466Z info: Microsoft.EntityFrameworkCore.Database.Command[20101]
2026-08-07T23:56:01.7709780Z       Executed DbCommand (1ms) [Parameters=[], CommandType='Text', CommandTimeout='30']
2026-08-07T23:56:01.7709850Z       SELECT TOP(1) [b].[BankAccountNumber]
2026-08-07T23:56:01.7709897Z       FROM [Beneficiaries] AS [b]
2026-08-07T23:56:01.7709942Z       ORDER BY [b].[Id]
2026-08-07T23:56:03.0477949Z info: Microsoft.EntityFrameworkCore.Database.Command[20101]
2026-08-07T23:56:03.0478761Z       Executed DbCommand (2ms) [Parameters=[], CommandType='Text', CommandTimeout='30']
2026-08-07T23:56:03.0478876Z       SELECT 1
2026-08-07T23:56:03.0497192Z info: Microsoft.EntityFrameworkCore.Database.Command[20101]
2026-08-07T23:56:03.0497636Z       Executed DbCommand (2ms) [Parameters=[], CommandType='Text', CommandTimeout='30']
2026-08-07T23:56:03.0497773Z       SELECT OBJECT_ID(N'[__EFMigrationsHistory]');
2026-08-07T23:56:03.0525097Z info: Microsoft.EntityFrameworkCore.Database.Command[20101]
2026-08-07T23:56:03.0525433Z       Executed DbCommand (2ms) [Parameters=[], CommandType='Text', CommandTimeout='30']
2026-08-07T23:56:03.0525509Z       SELECT [MigrationId], [ProductVersion]
2026-08-07T23:56:03.0525565Z       FROM [__EFMigrationsHistory]
2026-08-07T23:56:03.0529373Z       ORDER BY [MigrationId];
2026-08-07T23:56:03.0549515Z info: Microsoft.EntityFrameworkCore.Database.Command[20101]
2026-08-07T23:56:03.0549851Z       Executed DbCommand (1ms) [Parameters=[], CommandType='Text', CommandTimeout='30']
2026-08-07T23:56:03.0549921Z       SELECT TOP(1) [b].[BankAccountNumber]
2026-08-07T23:56:03.0550109Z       FROM [Beneficiaries] AS [b]
2026-08-07T23:56:03.0550165Z       ORDER BY [b].[Id]
2026-08-07T23:56:05.4030701Z info: Microsoft.EntityFrameworkCore.Database.Command[20101]
2026-08-07T23:56:05.4031427Z       Executed DbCommand (2ms) [Parameters=[], CommandType='Text', CommandTimeout='30']
2026-08-07T23:56:05.4031535Z       SELECT 1
2026-08-07T23:56:05.4060098Z info: Microsoft.EntityFrameworkCore.Database.Command[20101]
2026-08-07T23:56:05.4061683Z       Executed DbCommand (2ms) [Parameters=[], CommandType='Text', CommandTimeout='30']
2026-08-07T23:56:05.4061812Z       SELECT OBJECT_ID(N'[__EFMigrationsHistory]');
2026-08-07T23:56:05.4084871Z info: Microsoft.EntityFrameworkCore.Database.Command[20101]
2026-08-07T23:56:05.4085325Z       Executed DbCommand (2ms) [Parameters=[], CommandType='Text', CommandTimeout='30']
2026-08-07T23:56:05.4085415Z       SELECT [MigrationId], [ProductVersion]
2026-08-07T23:56:05.4085506Z       FROM [__EFMigrationsHistory]
2026-08-07T23:56:05.4085549Z       ORDER BY [MigrationId];
2026-08-07T23:56:05.4102523Z info: Microsoft.EntityFrameworkCore.Database.Command[20101]
2026-08-07T23:56:05.4102885Z       Executed DbCommand (2ms) [Parameters=[], CommandType='Text', CommandTimeout='30']
2026-08-07T23:56:05.4102952Z       SELECT TOP(1) [b].[BankAccountNumber]
2026-08-07T23:56:05.4102991Z       FROM [Beneficiaries] AS [b]
2026-08-07T23:56:05.4103029Z       ORDER BY [b].[Id]
2026-08-07T23:56:08.5552174Z info: Microsoft.EntityFrameworkCore.Database.Command[20101]
2026-08-07T23:56:08.5552919Z       Executed DbCommand (2ms) [Parameters=[], CommandType='Text', CommandTimeout='30']
2026-08-07T23:56:08.5553087Z       SELECT 1
2026-08-07T23:56:08.5569776Z info: Microsoft.EntityFrameworkCore.Database.Command[20101]
2026-08-07T23:56:08.5570333Z       Executed DbCommand (2ms) [Parameters=[], CommandType='Text', CommandTimeout='30']
2026-08-07T23:56:08.5570489Z       SELECT OBJECT_ID(N'[__EFMigrationsHistory]');
2026-08-07T23:56:08.5598902Z info: Microsoft.EntityFrameworkCore.Database.Command[20101]
2026-08-07T23:56:08.5599293Z       Executed DbCommand (2ms) [Parameters=[], CommandType='Text', CommandTimeout='30']
2026-08-07T23:56:08.5599367Z       SELECT [MigrationId], [ProductVersion]
2026-08-07T23:56:08.5599457Z       FROM [__EFMigrationsHistory]
2026-08-07T23:56:08.5599996Z       ORDER BY [MigrationId];
2026-08-07T23:56:08.5617807Z info: Microsoft.EntityFrameworkCore.Database.Command[20101]
2026-08-07T23:56:08.5618157Z       Executed DbCommand (2ms) [Parameters=[], CommandType='Text', CommandTimeout='30']
2026-08-07T23:56:08.5618267Z       SELECT TOP(1) [b].[BankAccountNumber]
2026-08-07T23:56:08.5618312Z       FROM [Beneficiaries] AS [b]
2026-08-07T23:56:08.5618350Z       ORDER BY [b].[Id]
2026-08-07T23:56:12.3479688Z info: Microsoft.EntityFrameworkCore.Database.Command[20101]
2026-08-07T23:56:12.3480666Z       Executed DbCommand (2ms) [Parameters=[], CommandType='Text', CommandTimeout='30']
2026-08-07T23:56:12.3480964Z       SELECT 1
2026-08-07T23:56:12.3498421Z info: Microsoft.EntityFrameworkCore.Database.Command[20101]
2026-08-07T23:56:12.3500631Z       Executed DbCommand (2ms) [Parameters=[], CommandType='Text', CommandTimeout='30']
2026-08-07T23:56:12.3500757Z       SELECT OBJECT_ID(N'[__EFMigrationsHistory]');
2026-08-07T23:56:12.3534002Z info: Microsoft.EntityFrameworkCore.Database.Command[20101]
2026-08-07T23:56:12.3535505Z       Executed DbCommand (2ms) [Parameters=[], CommandType='Text', CommandTimeout='30']
2026-08-07T23:56:12.3535763Z       SELECT [MigrationId], [ProductVersion]
2026-08-07T23:56:12.3535814Z       FROM [__EFMigrationsHistory]
2026-08-07T23:56:12.3535863Z       ORDER BY [MigrationId];
2026-08-07T23:56:12.3549604Z info: Microsoft.EntityFrameworkCore.Database.Command[20101]
2026-08-07T23:56:12.3549952Z       Executed DbCommand (2ms) [Parameters=[], CommandType='Text', CommandTimeout='30']
2026-08-07T23:56:12.3550019Z       SELECT TOP(1) [b].[BankAccountNumber]
2026-08-07T23:56:12.3550058Z       FROM [Beneficiaries] AS [b]
2026-08-07T23:56:12.3550099Z       ORDER BY [b].[Id]
2026-08-07T23:56:15.6741641Z info: Microsoft.EntityFrameworkCore.Database.Command[20101]
2026-08-07T23:56:15.6742434Z       Executed DbCommand (2ms) [Parameters=[], CommandType='Text', CommandTimeout='30']
2026-08-07T23:56:15.6742543Z       SELECT 1
2026-08-07T23:56:15.6759059Z info: Microsoft.EntityFrameworkCore.Database.Command[20101]
2026-08-07T23:56:15.6759655Z       Executed DbCommand (2ms) [Parameters=[], CommandType='Text', CommandTimeout='30']
2026-08-07T23:56:15.6759745Z       SELECT OBJECT_ID(N'[__EFMigrationsHistory]');
2026-08-07T23:56:15.6791544Z info: Microsoft.EntityFrameworkCore.Database.Command[20101]
2026-08-07T23:56:15.6792005Z       Executed DbCommand (2ms) [Parameters=[], CommandType='Text', CommandTimeout='30']
2026-08-07T23:56:15.6792140Z       SELECT [MigrationId], [ProductVersion]
2026-08-07T23:56:15.6792184Z       FROM [__EFMigrationsHistory]
2026-08-07T23:56:15.6792223Z       ORDER BY [MigrationId];
2026-08-07T23:56:15.6810678Z info: Microsoft.EntityFrameworkCore.Database.Command[20101]
2026-08-07T23:56:15.6811036Z       Executed DbCommand (1ms) [Parameters=[], CommandType='Text', CommandTimeout='30']
2026-08-07T23:56:15.6811149Z       SELECT TOP(1) [b].[BankAccountNumber]
2026-08-07T23:56:15.6811191Z       FROM [Beneficiaries] AS [b]
2026-08-07T23:56:15.6811228Z       ORDER BY [b].[Id]
2026-08-07T23:56:19.3881515Z info: Microsoft.EntityFrameworkCore.Database.Command[20101]
2026-08-07T23:56:19.3882501Z       Executed DbCommand (2ms) [Parameters=[], CommandType='Text', CommandTimeout='30']
2026-08-07T23:56:19.3882660Z       SELECT 1
2026-08-07T23:56:19.3909149Z info: Microsoft.EntityFrameworkCore.Database.Command[20101]
2026-08-07T23:56:19.3909745Z       Executed DbCommand (2ms) [Parameters=[], CommandType='Text', CommandTimeout='30']
2026-08-07T23:56:19.3909836Z       SELECT OBJECT_ID(N'[__EFMigrationsHistory]');
2026-08-07T23:56:19.3925554Z info: Microsoft.EntityFrameworkCore.Database.Command[20101]
2026-08-07T23:56:19.3927673Z       Executed DbCommand (2ms) [Parameters=[], CommandType='Text', CommandTimeout='30']
2026-08-07T23:56:19.3927884Z       SELECT [MigrationId], [ProductVersion]
2026-08-07T23:56:19.3927933Z       FROM [__EFMigrationsHistory]
2026-08-07T23:56:19.3931765Z       ORDER BY [MigrationId];
2026-08-07T23:56:19.3942369Z info: Microsoft.EntityFrameworkCore.Database.Command[20101]
2026-08-07T23:56:19.3942688Z       Executed DbCommand (1ms) [Parameters=[], CommandType='Text', CommandTimeout='30']
2026-08-07T23:56:19.3942754Z       SELECT TOP(1) [b].[BankAccountNumber]
2026-08-07T23:56:19.3942794Z       FROM [Beneficiaries] AS [b]
2026-08-07T23:56:19.3954189Z       ORDER BY [b].[Id]
2026-08-07T23:56:19.5027745Z info: Microsoft.EntityFrameworkCore.Database.Command[20101]
2026-08-07T23:56:19.5028654Z       Executed DbCommand (2ms) [Parameters=[], CommandType='Text', CommandTimeout='30']
2026-08-07T23:56:19.5028764Z       SELECT 1
2026-08-07T23:56:19.5044764Z info: Microsoft.EntityFrameworkCore.Database.Command[20101]
2026-08-07T23:56:19.5045323Z       Executed DbCommand (2ms) [Parameters=[], CommandType='Text', CommandTimeout='30']
2026-08-07T23:56:19.5045410Z       SELECT OBJECT_ID(N'[__EFMigrationsHistory]');
2026-08-07T23:56:19.5077748Z info: Microsoft.EntityFrameworkCore.Database.Command[20101]
2026-08-07T23:56:19.5078264Z       Executed DbCommand (1ms) [Parameters=[], CommandType='Text', CommandTimeout='30']
2026-08-07T23:56:19.5078386Z       SELECT [MigrationId], [ProductVersion]
2026-08-07T23:56:19.5078428Z       FROM [__EFMigrationsHistory]
2026-08-07T23:56:19.5078467Z       ORDER BY [MigrationId];
2026-08-07T23:56:19.5091167Z info: Microsoft.EntityFrameworkCore.Database.Command[20101]
2026-08-07T23:56:19.5091555Z       Executed DbCommand (1ms) [Parameters=[], CommandType='Text', CommandTimeout='30']
2026-08-07T23:56:19.5091637Z       SELECT TOP(1) [b].[BankAccountNumber]
2026-08-07T23:56:19.5091681Z       FROM [Beneficiaries] AS [b]
2026-08-07T23:56:19.5091733Z       ORDER BY [b].[Id]
2026-08-07T23:56:24.5378162Z info: Microsoft.EntityFrameworkCore.Database.Command[20101]
2026-08-07T23:56:24.5379266Z       Executed DbCommand (2ms) [Parameters=[], CommandType='Text', CommandTimeout='30']
2026-08-07T23:56:24.5379394Z       SELECT 1
2026-08-07T23:56:24.5395007Z info: Microsoft.EntityFrameworkCore.Database.Command[20101]
2026-08-07T23:56:24.5395564Z       Executed DbCommand (2ms) [Parameters=[], CommandType='Text', CommandTimeout='30']
2026-08-07T23:56:24.5395717Z       SELECT OBJECT_ID(N'[__EFMigrationsHistory]');
2026-08-07T23:56:24.5428528Z info: Microsoft.EntityFrameworkCore.Database.Command[20101]
2026-08-07T23:56:24.5428900Z       Executed DbCommand (1ms) [Parameters=[], CommandType='Text', CommandTimeout='30']
2026-08-07T23:56:24.5428968Z       SELECT [MigrationId], [ProductVersion]
2026-08-07T23:56:24.5429011Z       FROM [__EFMigrationsHistory]
2026-08-07T23:56:24.5429092Z       ORDER BY [MigrationId];
2026-08-07T23:56:24.5442947Z info: Microsoft.EntityFrameworkCore.Database.Command[20101]
2026-08-07T23:56:24.5443260Z       Executed DbCommand (2ms) [Parameters=[], CommandType='Text', CommandTimeout='30']
2026-08-07T23:56:24.5443323Z       SELECT TOP(1) [b].[BankAccountNumber]
2026-08-07T23:56:24.5443361Z       FROM [Beneficiaries] AS [b]
2026-08-07T23:56:24.5443440Z       ORDER BY [b].[Id]
2026-08-07T23:56:29.3285752Z info: Microsoft.EntityFrameworkCore.Database.Command[20101]
2026-08-07T23:56:29.3287089Z       Executed DbCommand (2ms) [Parameters=[], CommandType='Text', CommandTimeout='30']
2026-08-07T23:56:29.3287205Z       SELECT 1
2026-08-07T23:56:29.3313768Z info: Microsoft.EntityFrameworkCore.Database.Command[20101]
2026-08-07T23:56:29.3314422Z       Executed DbCommand (2ms) [Parameters=[], CommandType='Text', CommandTimeout='30']
2026-08-07T23:56:29.3314564Z       SELECT OBJECT_ID(N'[__EFMigrationsHistory]');
2026-08-07T23:56:29.3330674Z info: Microsoft.EntityFrameworkCore.Database.Command[20101]
2026-08-07T23:56:29.3331041Z       Executed DbCommand (1ms) [Parameters=[], CommandType='Text', CommandTimeout='30']
2026-08-07T23:56:29.3331119Z       SELECT [MigrationId], [ProductVersion]
2026-08-07T23:56:29.3331205Z       FROM [__EFMigrationsHistory]
2026-08-07T23:56:29.3331250Z       ORDER BY [MigrationId];
2026-08-07T23:56:29.3407288Z info: Microsoft.EntityFrameworkCore.Database.Command[20101]
2026-08-07T23:56:29.3407950Z       Executed DbCommand (8ms) [Parameters=[], CommandType='Text', CommandTimeout='30']
2026-08-07T23:56:29.3408049Z       SELECT TOP(1) [b].[BankAccountNumber]
2026-08-07T23:56:29.3408164Z       FROM [Beneficiaries] AS [b]
2026-08-07T23:56:29.3408202Z       ORDER BY [b].[Id]
2026-08-07T23:56:33.6761895Z info: Microsoft.EntityFrameworkCore.Database.Command[20101]
2026-08-07T23:56:33.6762700Z       Executed DbCommand (2ms) [Parameters=[], CommandType='Text', CommandTimeout='30']
2026-08-07T23:56:33.6762864Z       SELECT 1
2026-08-07T23:56:33.6776915Z info: Microsoft.EntityFrameworkCore.Database.Command[20101]
2026-08-07T23:56:33.6779915Z       Executed DbCommand (1ms) [Parameters=[], CommandType='Text', CommandTimeout='30']
2026-08-07T23:56:33.6780099Z       SELECT OBJECT_ID(N'[__EFMigrationsHistory]');
2026-08-07T23:56:33.6806254Z info: Microsoft.EntityFrameworkCore.Database.Command[20101]
2026-08-07T23:56:33.6806561Z       Executed DbCommand (2ms) [Parameters=[], CommandType='Text', CommandTimeout='30']
2026-08-07T23:56:33.6806635Z       SELECT [MigrationId], [ProductVersion]
2026-08-07T23:56:33.6811768Z       FROM [__EFMigrationsHistory]
2026-08-07T23:56:33.6812007Z       ORDER BY [MigrationId];
2026-08-07T23:56:33.6825543Z info: Microsoft.EntityFrameworkCore.Database.Command[20101]
2026-08-07T23:56:33.6825820Z       Executed DbCommand (1ms) [Parameters=[], CommandType='Text', CommandTimeout='30']
2026-08-07T23:56:33.6825891Z       SELECT TOP(1) [b].[BankAccountNumber]
2026-08-07T23:56:33.6825941Z       FROM [Beneficiaries] AS [b]
2026-08-07T23:56:33.6826022Z       ORDER BY [b].[Id]
2026-08-07T23:56:35.8267484Z info: Microsoft.EntityFrameworkCore.Database.Command[20101]
2026-08-07T23:56:35.8268433Z       Executed DbCommand (2ms) [Parameters=[], CommandType='Text', CommandTimeout='30']
2026-08-07T23:56:35.8268579Z       SELECT 1
2026-08-07T23:56:35.8288107Z info: Microsoft.EntityFrameworkCore.Database.Command[20101]
2026-08-07T23:56:35.8288699Z       Executed DbCommand (2ms) [Parameters=[], CommandType='Text', CommandTimeout='30']
2026-08-07T23:56:35.8288782Z       SELECT OBJECT_ID(N'[__EFMigrationsHistory]');
2026-08-07T23:56:35.8315965Z info: Microsoft.EntityFrameworkCore.Database.Command[20101]
2026-08-07T23:56:35.8316297Z       Executed DbCommand (2ms) [Parameters=[], CommandType='Text', CommandTimeout='30']
2026-08-07T23:56:35.8316420Z       SELECT [MigrationId], [ProductVersion]
2026-08-07T23:56:35.8316469Z       FROM [__EFMigrationsHistory]
2026-08-07T23:56:35.8316512Z       ORDER BY [MigrationId];
2026-08-07T23:56:35.8328975Z info: Microsoft.EntityFrameworkCore.Database.Command[20101]
2026-08-07T23:56:35.8329272Z       Executed DbCommand (1ms) [Parameters=[], CommandType='Text', CommandTimeout='30']
2026-08-07T23:56:35.8329394Z       SELECT TOP(1) [b].[BankAccountNumber]
2026-08-07T23:56:35.8329441Z       FROM [Beneficiaries] AS [b]
2026-08-07T23:56:35.8329483Z       ORDER BY [b].[Id]
2026-08-07T23:56:35.8858791Z info: Microsoft.EntityFrameworkCore.Database.Command[20101]
2026-08-07T23:56:35.8859607Z       Executed DbCommand (2ms) [Parameters=[], CommandType='Text', CommandTimeout='30']
2026-08-07T23:56:35.8859728Z       SELECT 1
2026-08-07T23:56:35.8876783Z info: Microsoft.EntityFrameworkCore.Database.Command[20101]
2026-08-07T23:56:35.8880631Z       Executed DbCommand (2ms) [Parameters=[], CommandType='Text', CommandTimeout='30']
2026-08-07T23:56:35.8880844Z       SELECT OBJECT_ID(N'[__EFMigrationsHistory]');
2026-08-07T23:56:35.8908363Z info: Microsoft.EntityFrameworkCore.Database.Command[20101]
2026-08-07T23:56:35.8909962Z       Executed DbCommand (1ms) [Parameters=[], CommandType='Text', CommandTimeout='30']
2026-08-07T23:56:35.8910119Z       SELECT [MigrationId], [ProductVersion]
2026-08-07T23:56:35.8910173Z       FROM [__EFMigrationsHistory]
2026-08-07T23:56:35.8910251Z       ORDER BY [MigrationId];
2026-08-07T23:56:35.8921606Z info: Microsoft.EntityFrameworkCore.Database.Command[20101]
2026-08-07T23:56:35.8921906Z       Executed DbCommand (1ms) [Parameters=[], CommandType='Text', CommandTimeout='30']
2026-08-07T23:56:35.8921970Z       SELECT TOP(1) [b].[BankAccountNumber]
2026-08-07T23:56:35.8922008Z       FROM [Beneficiaries] AS [b]
2026-08-07T23:56:35.8922087Z       ORDER BY [b].[Id]
2026-08-07T23:56:44.8175819Z info: Microsoft.EntityFrameworkCore.Database.Command[20101]
2026-08-07T23:56:44.8176688Z       Executed DbCommand (2ms) [Parameters=[], CommandType='Text', CommandTimeout='30']
2026-08-07T23:56:44.8176801Z       SELECT 1
2026-08-07T23:56:44.8204945Z info: Microsoft.EntityFrameworkCore.Database.Command[20101]
2026-08-07T23:56:44.8205636Z       Executed DbCommand (2ms) [Parameters=[], CommandType='Text', CommandTimeout='30']
2026-08-07T23:56:44.8205727Z       SELECT OBJECT_ID(N'[__EFMigrationsHistory]');
2026-08-07T23:56:44.8222424Z info: Microsoft.EntityFrameworkCore.Database.Command[20101]
2026-08-07T23:56:44.8222891Z       Executed DbCommand (1ms) [Parameters=[], CommandType='Text', CommandTimeout='30']
2026-08-07T23:56:44.8223028Z       SELECT [MigrationId], [ProductVersion]
2026-08-07T23:56:44.8223077Z       FROM [__EFMigrationsHistory]
2026-08-07T23:56:44.8223122Z       ORDER BY [MigrationId];
2026-08-07T23:56:44.8237900Z info: Microsoft.EntityFrameworkCore.Database.Command[20101]
2026-08-07T23:56:44.8238277Z       Executed DbCommand (1ms) [Parameters=[], CommandType='Text', CommandTimeout='30']
2026-08-07T23:56:44.8238397Z       SELECT TOP(1) [b].[BankAccountNumber]
2026-08-07T23:56:44.8238443Z       FROM [Beneficiaries] AS [b]
2026-08-07T23:56:44.8238481Z       ORDER BY [b].[Id]
2026-08-07T23:56:45.9678740Z info: Microsoft.EntityFrameworkCore.Database.Command[20101]
2026-08-07T23:56:45.9679579Z       Executed DbCommand (2ms) [Parameters=[], CommandType='Text', CommandTimeout='30']
2026-08-07T23:56:45.9679701Z       SELECT 1
2026-08-07T23:56:45.9700684Z info: Microsoft.EntityFrameworkCore.Database.Command[20101]
2026-08-07T23:56:45.9701084Z       Executed DbCommand (2ms) [Parameters=[], CommandType='Text', CommandTimeout='30']
2026-08-07T23:56:45.9701159Z       SELECT OBJECT_ID(N'[__EFMigrationsHistory]');
2026-08-07T23:56:45.9730783Z info: Microsoft.EntityFrameworkCore.Database.Command[20101]
2026-08-07T23:56:45.9731121Z       Executed DbCommand (2ms) [Parameters=[], CommandType='Text', CommandTimeout='30']
2026-08-07T23:56:45.9731199Z       SELECT [MigrationId], [ProductVersion]
2026-08-07T23:56:45.9731249Z       FROM [__EFMigrationsHistory]
2026-08-07T23:56:45.9731752Z       ORDER BY [MigrationId];
2026-08-07T23:56:45.9753700Z info: Microsoft.EntityFrameworkCore.Database.Command[20101]
2026-08-07T23:56:45.9754020Z       Executed DbCommand (2ms) [Parameters=[], CommandType='Text', CommandTimeout='30']
2026-08-07T23:56:45.9754103Z       SELECT TOP(1) [b].[BankAccountNumber]
2026-08-07T23:56:45.9754150Z       FROM [Beneficiaries] AS [b]
2026-08-07T23:56:45.9754234Z       ORDER BY [b].[Id]
2026-08-07T23:56:49.5041666Z info: Microsoft.EntityFrameworkCore.Database.Command[20101]
2026-08-07T23:56:49.5042533Z       Executed DbCommand (2ms) [Parameters=[], CommandType='Text', CommandTimeout='30']
2026-08-07T23:56:49.5042655Z       SELECT 1
2026-08-07T23:56:49.5059391Z info: Microsoft.EntityFrameworkCore.Database.Command[20101]
2026-08-07T23:56:49.5059896Z       Executed DbCommand (2ms) [Parameters=[], CommandType='Text', CommandTimeout='30']
2026-08-07T23:56:49.5059991Z       SELECT OBJECT_ID(N'[__EFMigrationsHistory]');
2026-08-07T23:56:49.5093003Z info: Microsoft.EntityFrameworkCore.Database.Command[20101]
2026-08-07T23:56:49.5093511Z       Executed DbCommand (2ms) [Parameters=[], CommandType='Text', CommandTimeout='30']
2026-08-07T23:56:49.5093640Z       SELECT [MigrationId], [ProductVersion]
2026-08-07T23:56:49.5093681Z       FROM [__EFMigrationsHistory]
2026-08-07T23:56:49.5093723Z       ORDER BY [MigrationId];
2026-08-07T23:56:49.5105257Z info: Microsoft.EntityFrameworkCore.Database.Command[20101]
2026-08-07T23:56:49.5105655Z       Executed DbCommand (1ms) [Parameters=[], CommandType='Text', CommandTimeout='30']
2026-08-07T23:56:49.5105734Z       SELECT TOP(1) [b].[BankAccountNumber]
2026-08-07T23:56:49.5105775Z       FROM [Beneficiaries] AS [b]
2026-08-07T23:56:49.5105818Z       ORDER BY [b].[Id]
2026-08-07T23:56:50.3705474Z info: Microsoft.EntityFrameworkCore.Database.Command[20101]
2026-08-07T23:56:50.3706400Z       Executed DbCommand (2ms) [Parameters=[], CommandType='Text', CommandTimeout='30']
2026-08-07T23:56:50.3706517Z       SELECT 1
2026-08-07T23:56:50.3722005Z info: Microsoft.EntityFrameworkCore.Database.Command[20101]
2026-08-07T23:56:50.3722500Z       Executed DbCommand (2ms) [Parameters=[], CommandType='Text', CommandTimeout='30']
2026-08-07T23:56:50.3722652Z       SELECT OBJECT_ID(N'[__EFMigrationsHistory]');
2026-08-07T23:56:50.3757500Z info: Microsoft.EntityFrameworkCore.Database.Command[20101]
2026-08-07T23:56:50.3758156Z       Executed DbCommand (2ms) [Parameters=[], CommandType='Text', CommandTimeout='30']
2026-08-07T23:56:50.3758259Z       SELECT [MigrationId], [ProductVersion]
2026-08-07T23:56:50.3758318Z       FROM [__EFMigrationsHistory]
2026-08-07T23:56:50.3758611Z       ORDER BY [MigrationId];
2026-08-07T23:56:50.3778143Z info: Microsoft.EntityFrameworkCore.Database.Command[20101]
2026-08-07T23:56:50.3778530Z       Executed DbCommand (2ms) [Parameters=[], CommandType='Text', CommandTimeout='30']
2026-08-07T23:56:50.3789801Z       SELECT TOP(1) [b].[BankAccountNumber]
2026-08-07T23:56:50.3790097Z       FROM [Beneficiaries] AS [b]
2026-08-07T23:56:50.3790141Z       ORDER BY [b].[Id]
2026-08-07T23:56:52.1694652Z info: Microsoft.EntityFrameworkCore.Database.Command[20101]
2026-08-07T23:56:52.1695404Z       Executed DbCommand (2ms) [Parameters=[], CommandType='Text', CommandTimeout='30']
2026-08-07T23:56:52.1695508Z       SELECT 1
2026-08-07T23:56:52.1728768Z info: Microsoft.EntityFrameworkCore.Database.Command[20101]
2026-08-07T23:56:52.1729482Z       Executed DbCommand (2ms) [Parameters=[], CommandType='Text', CommandTimeout='30']
2026-08-07T23:56:52.1729597Z       SELECT OBJECT_ID(N'[__EFMigrationsHistory]');
2026-08-07T23:56:52.1748487Z info: Microsoft.EntityFrameworkCore.Database.Command[20101]
2026-08-07T23:56:52.1749120Z       Executed DbCommand (2ms) [Parameters=[], CommandType='Text', CommandTimeout='30']
2026-08-07T23:56:52.1749211Z       SELECT [MigrationId], [ProductVersion]
2026-08-07T23:56:52.1749317Z       FROM [__EFMigrationsHistory]
2026-08-07T23:56:52.1749365Z       ORDER BY [MigrationId];
2026-08-07T23:56:52.1765845Z info: Microsoft.EntityFrameworkCore.Database.Command[20101]
2026-08-07T23:56:52.1767858Z       Executed DbCommand (1ms) [Parameters=[], CommandType='Text', CommandTimeout='30']
2026-08-07T23:56:52.1767968Z       SELECT TOP(1) [b].[BankAccountNumber]
2026-08-07T23:56:52.1768006Z       FROM [Beneficiaries] AS [b]
2026-08-07T23:56:52.1768044Z       ORDER BY [b].[Id]
2026-08-07T23:56:54.9078829Z info: Microsoft.EntityFrameworkCore.Database.Command[20101]
2026-08-07T23:56:54.9079678Z       Executed DbCommand (2ms) [Parameters=[], CommandType='Text', CommandTimeout='30']
2026-08-07T23:56:54.9079826Z       SELECT 1
2026-08-07T23:56:54.9106347Z info: Microsoft.EntityFrameworkCore.Database.Command[20101]
2026-08-07T23:56:54.9106921Z       Executed DbCommand (2ms) [Parameters=[], CommandType='Text', CommandTimeout='30']
2026-08-07T23:56:54.9107072Z       SELECT OBJECT_ID(N'[__EFMigrationsHistory]');
2026-08-07T23:56:54.9122347Z info: Microsoft.EntityFrameworkCore.Database.Command[20101]
2026-08-07T23:56:54.9122727Z       Executed DbCommand (2ms) [Parameters=[], CommandType='Text', CommandTimeout='30']
2026-08-07T23:56:54.9122800Z       SELECT [MigrationId], [ProductVersion]
2026-08-07T23:56:54.9122891Z       FROM [__EFMigrationsHistory]
2026-08-07T23:56:54.9122931Z       ORDER BY [MigrationId];
2026-08-07T23:56:54.9140009Z info: Microsoft.EntityFrameworkCore.Database.Command[20101]
2026-08-07T23:56:54.9140305Z       Executed DbCommand (1ms) [Parameters=[], CommandType='Text', CommandTimeout='30']
2026-08-07T23:56:54.9140377Z       SELECT TOP(1) [b].[BankAccountNumber]
2026-08-07T23:56:54.9140463Z       FROM [Beneficiaries] AS [b]
2026-08-07T23:56:54.9140509Z       ORDER BY [b].[Id]
2026-08-07T23:56:58.1448128Z info: Microsoft.EntityFrameworkCore.Database.Command[20101]
2026-08-07T23:56:58.1448980Z       Executed DbCommand (2ms) [Parameters=[], CommandType='Text', CommandTimeout='30']
2026-08-07T23:56:58.1449126Z       SELECT 1
2026-08-07T23:56:58.1463400Z info: Microsoft.EntityFrameworkCore.Database.Command[20101]
2026-08-07T23:56:58.1463948Z       Executed DbCommand (2ms) [Parameters=[], CommandType='Text', CommandTimeout='30']
2026-08-07T23:56:58.1464032Z       SELECT OBJECT_ID(N'[__EFMigrationsHistory]');
2026-08-07T23:56:58.1495680Z info: Microsoft.EntityFrameworkCore.Database.Command[20101]
2026-08-07T23:56:58.1496060Z       Executed DbCommand (2ms) [Parameters=[], CommandType='Text', CommandTimeout='30']
2026-08-07T23:56:58.1496131Z       SELECT [MigrationId], [ProductVersion]
2026-08-07T23:56:58.1496272Z       FROM [__EFMigrationsHistory]
2026-08-07T23:56:58.1496312Z       ORDER BY [MigrationId];
2026-08-07T23:56:58.1508334Z info: Microsoft.EntityFrameworkCore.Database.Command[20101]
2026-08-07T23:56:58.1508640Z       Executed DbCommand (1ms) [Parameters=[], CommandType='Text', CommandTimeout='30']
2026-08-07T23:56:58.1508704Z       SELECT TOP(1) [b].[BankAccountNumber]
2026-08-07T23:56:58.1508743Z       FROM [Beneficiaries] AS [b]
2026-08-07T23:56:58.1508784Z       ORDER BY [b].[Id]
2026-08-07T23:56:59.1076340Z info: Microsoft.EntityFrameworkCore.Database.Command[20101]
2026-08-07T23:56:59.1077128Z       Executed DbCommand (9ms) [Parameters=[], CommandType='Text', CommandTimeout='30']
2026-08-07T23:56:59.1077233Z       SELECT 1
2026-08-07T23:56:59.1092434Z info: Microsoft.EntityFrameworkCore.Database.Command[20101]
2026-08-07T23:56:59.1097191Z       Executed DbCommand (2ms) [Parameters=[], CommandType='Text', CommandTimeout='30']
2026-08-07T23:56:59.1097327Z       SELECT OBJECT_ID(N'[__EFMigrationsHistory]');
2026-08-07T23:56:59.1123111Z info: Microsoft.EntityFrameworkCore.Database.Command[20101]
2026-08-07T23:56:59.1123530Z       Executed DbCommand (1ms) [Parameters=[], CommandType='Text', CommandTimeout='30']
2026-08-07T23:56:59.1123651Z       SELECT [MigrationId], [ProductVersion]
2026-08-07T23:56:59.1123694Z       FROM [__EFMigrationsHistory]
2026-08-07T23:56:59.1123734Z       ORDER BY [MigrationId];
2026-08-07T23:56:59.1137956Z info: Microsoft.EntityFrameworkCore.Database.Command[20101]
2026-08-07T23:56:59.1138317Z       Executed DbCommand (1ms) [Parameters=[], CommandType='Text', CommandTimeout='30']
2026-08-07T23:56:59.1138439Z       SELECT TOP(1) [b].[BankAccountNumber]
2026-08-07T23:56:59.1138476Z       FROM [Beneficiaries] AS [b]
2026-08-07T23:56:59.1138515Z       ORDER BY [b].[Id]
2026-08-07T23:56:59.6542584Z info: Microsoft.EntityFrameworkCore.Database.Command[20101]
2026-08-07T23:56:59.6543591Z       Executed DbCommand (2ms) [Parameters=[], CommandType='Text', CommandTimeout='30']
2026-08-07T23:56:59.6543713Z       SELECT 1
2026-08-07T23:56:59.6569550Z info: Microsoft.EntityFrameworkCore.Database.Command[20101]
2026-08-07T23:56:59.6576053Z       Executed DbCommand (2ms) [Parameters=[], CommandType='Text', CommandTimeout='30']
2026-08-07T23:56:59.6576185Z       SELECT OBJECT_ID(N'[__EFMigrationsHistory]');
2026-08-07T23:56:59.6593523Z info: Microsoft.EntityFrameworkCore.Database.Command[20101]
2026-08-07T23:56:59.6593932Z       Executed DbCommand (1ms) [Parameters=[], CommandType='Text', CommandTimeout='30']
2026-08-07T23:56:59.6594028Z       SELECT [MigrationId], [ProductVersion]
2026-08-07T23:56:59.6594088Z       FROM [__EFMigrationsHistory]
2026-08-07T23:56:59.6594197Z       ORDER BY [MigrationId];
2026-08-07T23:56:59.6606574Z info: Microsoft.EntityFrameworkCore.Database.Command[20101]
2026-08-07T23:56:59.6607396Z       Executed DbCommand (1ms) [Parameters=[], CommandType='Text', CommandTimeout='30']
2026-08-07T23:56:59.6607468Z       SELECT TOP(1) [b].[BankAccountNumber]
2026-08-07T23:56:59.6607506Z       FROM [Beneficiaries] AS [b]
2026-08-07T23:56:59.6607588Z       ORDER BY [b].[Id]
2026-08-07T23:57:00.7113691Z info: Microsoft.EntityFrameworkCore.Database.Command[20101]
2026-08-07T23:57:00.7114587Z       Executed DbCommand (2ms) [Parameters=[], CommandType='Text', CommandTimeout='30']
2026-08-07T23:57:00.7114732Z       SELECT 1
2026-08-07T23:57:00.7160624Z info: Microsoft.EntityFrameworkCore.Database.Command[20101]
2026-08-07T23:57:00.7161202Z       Executed DbCommand (5ms) [Parameters=[], CommandType='Text', CommandTimeout='30']
2026-08-07T23:57:00.7161302Z       SELECT OBJECT_ID(N'[__EFMigrationsHistory]');
2026-08-07T23:57:00.7197254Z info: Microsoft.EntityFrameworkCore.Database.Command[20101]
2026-08-07T23:57:00.7197830Z       Executed DbCommand (2ms) [Parameters=[], CommandType='Text', CommandTimeout='30']
2026-08-07T23:57:00.7197986Z       SELECT [MigrationId], [ProductVersion]
2026-08-07T23:57:00.7198034Z       FROM [__EFMigrationsHistory]
2026-08-07T23:57:00.7198078Z       ORDER BY [MigrationId];
2026-08-07T23:57:00.7210508Z info: Microsoft.EntityFrameworkCore.Database.Command[20101]
2026-08-07T23:57:00.7210832Z       Executed DbCommand (1ms) [Parameters=[], CommandType='Text', CommandTimeout='30']
2026-08-07T23:57:00.7210938Z       SELECT TOP(1) [b].[BankAccountNumber]
2026-08-07T23:57:00.7210979Z       FROM [Beneficiaries] AS [b]
2026-08-07T23:57:00.7211016Z       ORDER BY [b].[Id]
2026-08-07T23:57:08.6123771Z info: Microsoft.EntityFrameworkCore.Database.Command[20101]
2026-08-07T23:57:08.6124851Z       Executed DbCommand (2ms) [Parameters=[], CommandType='Text', CommandTimeout='30']
2026-08-07T23:57:08.6124948Z       SELECT 1
2026-08-07T23:57:08.6151914Z info: Microsoft.EntityFrameworkCore.Database.Command[20101]
2026-08-07T23:57:08.6152529Z       Executed DbCommand (2ms) [Parameters=[], CommandType='Text', CommandTimeout='30']
2026-08-07T23:57:08.6152682Z       SELECT OBJECT_ID(N'[__EFMigrationsHistory]');
2026-08-07T23:57:08.6176389Z info: Microsoft.EntityFrameworkCore.Database.Command[20101]
2026-08-07T23:57:08.6176879Z       Executed DbCommand (2ms) [Parameters=[], CommandType='Text', CommandTimeout='30']
2026-08-07T23:57:08.6176966Z       SELECT [MigrationId], [ProductVersion]
2026-08-07T23:57:08.6177064Z       FROM [__EFMigrationsHistory]
2026-08-07T23:57:08.6177109Z       ORDER BY [MigrationId];
2026-08-07T23:57:08.6201199Z info: Microsoft.EntityFrameworkCore.Database.Command[20101]
2026-08-07T23:57:08.6201711Z       Executed DbCommand (1ms) [Parameters=[], CommandType='Text', CommandTimeout='30']
2026-08-07T23:57:08.6201802Z       SELECT TOP(1) [b].[BankAccountNumber]
2026-08-07T23:57:08.6201898Z       FROM [Beneficiaries] AS [b]
2026-08-07T23:57:08.6201944Z       ORDER BY [b].[Id]
2026-08-07T23:57:09.7349947Z info: Microsoft.EntityFrameworkCore.Database.Command[20101]
2026-08-07T23:57:09.7350895Z       Executed DbCommand (2ms) [Parameters=[], CommandType='Text', CommandTimeout='30']
2026-08-07T23:57:09.7351079Z       SELECT 1
2026-08-07T23:57:09.7372152Z info: Microsoft.EntityFrameworkCore.Database.Command[20101]
2026-08-07T23:57:09.7390736Z       Executed DbCommand (2ms) [Parameters=[], CommandType='Text', CommandTimeout='30']
2026-08-07T23:57:09.7390992Z       SELECT OBJECT_ID(N'[__EFMigrationsHistory]');
2026-08-07T23:57:09.7404666Z info: Microsoft.EntityFrameworkCore.Database.Command[20101]
2026-08-07T23:57:09.7404985Z       Executed DbCommand (2ms) [Parameters=[], CommandType='Text', CommandTimeout='30']
2026-08-07T23:57:09.7405058Z       SELECT [MigrationId], [ProductVersion]
2026-08-07T23:57:09.7405105Z       FROM [__EFMigrationsHistory]
2026-08-07T23:57:09.7415028Z       ORDER BY [MigrationId];
2026-08-07T23:57:09.7428710Z info: Microsoft.EntityFrameworkCore.Database.Command[20101]
2026-08-07T23:57:09.7428931Z       Executed DbCommand (1ms) [Parameters=[], CommandType='Text', CommandTimeout='30']
2026-08-07T23:57:09.7429005Z       SELECT TOP(1) [b].[BankAccountNumber]
2026-08-07T23:57:09.7429051Z       FROM [Beneficiaries] AS [b]
2026-08-07T23:57:09.7429095Z       ORDER BY [b].[Id]
2026-08-07T23:57:12.5499454Z info: Microsoft.EntityFrameworkCore.Database.Command[20101]
2026-08-07T23:57:12.5500314Z       Executed DbCommand (4ms) [Parameters=[], CommandType='Text', CommandTimeout='30']
2026-08-07T23:57:12.5500458Z       SELECT 1
2026-08-07T23:57:12.5517462Z info: Microsoft.EntityFrameworkCore.Database.Command[20101]
2026-08-07T23:57:12.5518105Z       Executed DbCommand (2ms) [Parameters=[], CommandType='Text', CommandTimeout='30']
2026-08-07T23:57:12.5518203Z       SELECT OBJECT_ID(N'[__EFMigrationsHistory]');
2026-08-07T23:57:12.5562431Z info: Microsoft.EntityFrameworkCore.Database.Command[20101]
2026-08-07T23:57:12.5562805Z       Executed DbCommand (3ms) [Parameters=[], CommandType='Text', CommandTimeout='30']
2026-08-07T23:57:12.5562936Z       SELECT [MigrationId], [ProductVersion]
2026-08-07T23:57:12.5562985Z       FROM [__EFMigrationsHistory]
2026-08-07T23:57:12.5563027Z       ORDER BY [MigrationId];
2026-08-07T23:57:12.5585309Z info: Microsoft.EntityFrameworkCore.Database.Command[20101]
2026-08-07T23:57:12.5585682Z       Executed DbCommand (1ms) [Parameters=[], CommandType='Text', CommandTimeout='30']
2026-08-07T23:57:12.5585905Z       SELECT TOP(1) [b].[BankAccountNumber]
2026-08-07T23:57:12.5585947Z       FROM [Beneficiaries] AS [b]
2026-08-07T23:57:12.5585982Z       ORDER BY [b].[Id]
2026-08-07T23:57:13.9479203Z info: Microsoft.EntityFrameworkCore.Database.Command[20101]
2026-08-07T23:57:13.9480076Z       Executed DbCommand (2ms) [Parameters=[], CommandType='Text', CommandTimeout='30']
2026-08-07T23:57:13.9480192Z       SELECT 1
2026-08-07T23:57:13.9498422Z info: Microsoft.EntityFrameworkCore.Database.Command[20101]
2026-08-07T23:57:13.9498902Z       Executed DbCommand (2ms) [Parameters=[], CommandType='Text', CommandTimeout='30']
2026-08-07T23:57:13.9512186Z       SELECT OBJECT_ID(N'[__EFMigrationsHistory]');
2026-08-07T23:57:13.9529242Z info: Microsoft.EntityFrameworkCore.Database.Command[20101]
2026-08-07T23:57:13.9529543Z       Executed DbCommand (2ms) [Parameters=[], CommandType='Text', CommandTimeout='30']
2026-08-07T23:57:13.9529607Z       SELECT [MigrationId], [ProductVersion]
2026-08-07T23:57:13.9529649Z       FROM [__EFMigrationsHistory]
2026-08-07T23:57:13.9535654Z       ORDER BY [MigrationId];
2026-08-07T23:57:13.9547077Z info: Microsoft.EntityFrameworkCore.Database.Command[20101]
2026-08-07T23:57:13.9547372Z       Executed DbCommand (1ms) [Parameters=[], CommandType='Text', CommandTimeout='30']
2026-08-07T23:57:13.9547443Z       SELECT TOP(1) [b].[BankAccountNumber]
2026-08-07T23:57:13.9547494Z       FROM [Beneficiaries] AS [b]
2026-08-07T23:57:13.9547578Z       ORDER BY [b].[Id]
2026-08-07T23:57:15.1971798Z info: Microsoft.EntityFrameworkCore.Database.Command[20101]
2026-08-07T23:57:15.1972548Z       Executed DbCommand (2ms) [Parameters=[], CommandType='Text', CommandTimeout='30']
2026-08-07T23:57:15.1972666Z       SELECT 1
2026-08-07T23:57:15.1990314Z info: Microsoft.EntityFrameworkCore.Database.Command[20101]
2026-08-07T23:57:15.1990842Z       Executed DbCommand (2ms) [Parameters=[], CommandType='Text', CommandTimeout='30']
2026-08-07T23:57:15.1990934Z       SELECT OBJECT_ID(N'[__EFMigrationsHistory]');
2026-08-07T23:57:15.2015902Z info: Microsoft.EntityFrameworkCore.Database.Command[20101]
2026-08-07T23:57:15.2016339Z       Executed DbCommand (1ms) [Parameters=[], CommandType='Text', CommandTimeout='30']
2026-08-07T23:57:15.2017059Z       SELECT [MigrationId], [ProductVersion]
2026-08-07T23:57:15.2017115Z       FROM [__EFMigrationsHistory]
2026-08-07T23:57:15.2017294Z       ORDER BY [MigrationId];
2026-08-07T23:57:15.2041949Z info: Microsoft.EntityFrameworkCore.Database.Command[20101]
2026-08-07T23:57:15.2042313Z       Executed DbCommand (1ms) [Parameters=[], CommandType='Text', CommandTimeout='30']
2026-08-07T23:57:15.2046195Z       SELECT TOP(1) [b].[BankAccountNumber]
2026-08-07T23:57:15.2046328Z       FROM [Beneficiaries] AS [b]
2026-08-07T23:57:15.2046374Z       ORDER BY [b].[Id]
2026-08-07T23:57:18.7405902Z info: Microsoft.EntityFrameworkCore.Database.Command[20101]
2026-08-07T23:57:18.7407054Z       Executed DbCommand (2ms) [Parameters=[], CommandType='Text', CommandTimeout='30']
2026-08-07T23:57:18.7407179Z       SELECT 1
2026-08-07T23:57:18.7425854Z info: Microsoft.EntityFrameworkCore.Database.Command[20101]
2026-08-07T23:57:18.7426350Z       Executed DbCommand (2ms) [Parameters=[], CommandType='Text', CommandTimeout='30']
2026-08-07T23:57:18.7426486Z       SELECT OBJECT_ID(N'[__EFMigrationsHistory]');
2026-08-07T23:57:18.7459901Z info: Microsoft.EntityFrameworkCore.Database.Command[20101]
2026-08-07T23:57:18.7460260Z       Executed DbCommand (2ms) [Parameters=[], CommandType='Text', CommandTimeout='30']
2026-08-07T23:57:18.7460341Z       SELECT [MigrationId], [ProductVersion]
2026-08-07T23:57:18.7460434Z       FROM [__EFMigrationsHistory]
2026-08-07T23:57:18.7460485Z       ORDER BY [MigrationId];
2026-08-07T23:57:18.7473158Z info: Microsoft.EntityFrameworkCore.Database.Command[20101]
2026-08-07T23:57:18.7473481Z       Executed DbCommand (1ms) [Parameters=[], CommandType='Text', CommandTimeout='30']
2026-08-07T23:57:18.7473550Z       SELECT TOP(1) [b].[BankAccountNumber]
2026-08-07T23:57:18.7473638Z       FROM [Beneficiaries] AS [b]
2026-08-07T23:57:18.7473681Z       ORDER BY [b].[Id]
2026-08-07T23:57:19.7409656Z info: Microsoft.EntityFrameworkCore.Database.Command[20101]
2026-08-07T23:57:19.7410643Z       Executed DbCommand (2ms) [Parameters=[], CommandType='Text', CommandTimeout='30']
2026-08-07T23:57:19.7410770Z       SELECT 1
2026-08-07T23:57:19.7425837Z info: Microsoft.EntityFrameworkCore.Database.Command[20101]
2026-08-07T23:57:19.7426420Z       Executed DbCommand (2ms) [Parameters=[], CommandType='Text', CommandTimeout='30']
2026-08-07T23:57:19.7426517Z       SELECT OBJECT_ID(N'[__EFMigrationsHistory]');
2026-08-07T23:57:19.7457061Z info: Microsoft.EntityFrameworkCore.Database.Command[20101]
2026-08-07T23:57:19.7457528Z       Executed DbCommand (1ms) [Parameters=[], CommandType='Text', CommandTimeout='30']
2026-08-07T23:57:19.7457622Z       SELECT [MigrationId], [ProductVersion]
2026-08-07T23:57:19.7457685Z       FROM [__EFMigrationsHistory]
2026-08-07T23:57:19.7457747Z       ORDER BY [MigrationId];
2026-08-07T23:57:19.7469291Z info: Microsoft.EntityFrameworkCore.Database.Command[20101]
2026-08-07T23:57:19.7469612Z       Executed DbCommand (1ms) [Parameters=[], CommandType='Text', CommandTimeout='30']
2026-08-07T23:57:19.7469681Z       SELECT TOP(1) [b].[BankAccountNumber]
2026-08-07T23:57:19.7469727Z       FROM [Beneficiaries] AS [b]
2026-08-07T23:57:19.7469773Z       ORDER BY [b].[Id]
2026-08-07T23:57:22.4244918Z info: Microsoft.EntityFrameworkCore.Database.Command[20101]
2026-08-07T23:57:22.4245728Z       Executed DbCommand (2ms) [Parameters=[], CommandType='Text', CommandTimeout='30']
2026-08-07T23:57:22.4245854Z       SELECT 1
2026-08-07T23:57:22.4275392Z info: Microsoft.EntityFrameworkCore.Database.Command[20101]
2026-08-07T23:57:22.4275871Z       Executed DbCommand (2ms) [Parameters=[], CommandType='Text', CommandTimeout='30']
2026-08-07T23:57:22.4276003Z       SELECT OBJECT_ID(N'[__EFMigrationsHistory]');
2026-08-07T23:57:22.4301295Z info: Microsoft.EntityFrameworkCore.Database.Command[20101]
2026-08-07T23:57:22.4301706Z       Executed DbCommand (1ms) [Parameters=[], CommandType='Text', CommandTimeout='30']
2026-08-07T23:57:22.4301783Z       SELECT [MigrationId], [ProductVersion]
2026-08-07T23:57:22.4301866Z       FROM [__EFMigrationsHistory]
2026-08-07T23:57:22.4301905Z       ORDER BY [MigrationId];
2026-08-07T23:57:22.4318826Z info: Microsoft.EntityFrameworkCore.Database.Command[20101]
2026-08-07T23:57:22.4319140Z       Executed DbCommand (1ms) [Parameters=[], CommandType='Text', CommandTimeout='30']
2026-08-07T23:57:22.4319206Z       SELECT TOP(1) [b].[BankAccountNumber]
2026-08-07T23:57:22.4319434Z       FROM [Beneficiaries] AS [b]
2026-08-07T23:57:22.4319475Z       ORDER BY [b].[Id]
2026-08-07T23:57:34.8620995Z info: Microsoft.EntityFrameworkCore.Database.Command[20101]
2026-08-07T23:57:34.8621839Z       Executed DbCommand (3ms) [Parameters=[], CommandType='Text', CommandTimeout='30']
2026-08-07T23:57:34.8622069Z       SELECT 1
2026-08-07T23:57:34.8640238Z info: Microsoft.EntityFrameworkCore.Database.Command[20101]
2026-08-07T23:57:34.8640820Z       Executed DbCommand (2ms) [Parameters=[], CommandType='Text', CommandTimeout='30']
2026-08-07T23:57:34.8640915Z       SELECT OBJECT_ID(N'[__EFMigrationsHistory]');
2026-08-07T23:57:34.8670582Z info: Microsoft.EntityFrameworkCore.Database.Command[20101]
2026-08-07T23:57:34.8671107Z       Executed DbCommand (1ms) [Parameters=[], CommandType='Text', CommandTimeout='30']
2026-08-07T23:57:34.8671219Z       SELECT [MigrationId], [ProductVersion]
2026-08-07T23:57:34.8671284Z       FROM [__EFMigrationsHistory]
2026-08-07T23:57:34.8676944Z       ORDER BY [MigrationId];
2026-08-07T23:57:34.8688195Z info: Microsoft.EntityFrameworkCore.Database.Command[20101]
2026-08-07T23:57:34.8688504Z       Executed DbCommand (1ms) [Parameters=[], CommandType='Text', CommandTimeout='30']
2026-08-07T23:57:34.8688569Z       SELECT TOP(1) [b].[BankAccountNumber]
2026-08-07T23:57:34.8688613Z       FROM [Beneficiaries] AS [b]
2026-08-07T23:57:34.8688694Z       ORDER BY [b].[Id]
2026-08-07T23:57:37.7036911Z info: Microsoft.EntityFrameworkCore.Database.Command[20101]
2026-08-07T23:57:37.7037712Z       Executed DbCommand (2ms) [Parameters=[], CommandType='Text', CommandTimeout='30']
2026-08-07T23:57:37.7037822Z       SELECT 1
2026-08-07T23:57:37.7063317Z info: Microsoft.EntityFrameworkCore.Database.Command[20101]
2026-08-07T23:57:37.7064207Z       Executed DbCommand (1ms) [Parameters=[], CommandType='Text', CommandTimeout='30']
2026-08-07T23:57:37.7064296Z       SELECT OBJECT_ID(N'[__EFMigrationsHistory]');
2026-08-07T23:57:37.7077385Z info: Microsoft.EntityFrameworkCore.Database.Command[20101]
2026-08-07T23:57:37.7077760Z       Executed DbCommand (1ms) [Parameters=[], CommandType='Text', CommandTimeout='30']
2026-08-07T23:57:37.7077875Z       SELECT [MigrationId], [ProductVersion]
2026-08-07T23:57:37.7077920Z       FROM [__EFMigrationsHistory]
2026-08-07T23:57:37.7077957Z       ORDER BY [MigrationId];
2026-08-07T23:57:37.7095875Z info: Microsoft.EntityFrameworkCore.Database.Command[20101]
2026-08-07T23:57:37.7096197Z       Executed DbCommand (1ms) [Parameters=[], CommandType='Text', CommandTimeout='30']
2026-08-07T23:57:37.7096309Z       SELECT TOP(1) [b].[BankAccountNumber]
2026-08-07T23:57:37.7096465Z       FROM [Beneficiaries] AS [b]
2026-08-07T23:57:37.7096518Z       ORDER BY [b].[Id]
2026-08-07T23:57:42.3130243Z info: Microsoft.EntityFrameworkCore.Database.Command[20101]
2026-08-07T23:57:42.3131328Z       Executed DbCommand (2ms) [Parameters=[], CommandType='Text', CommandTimeout='30']
2026-08-07T23:57:42.3131461Z       SELECT 1
2026-08-07T23:57:42.3158432Z info: Microsoft.EntityFrameworkCore.Database.Command[20101]
2026-08-07T23:57:42.3159068Z       Executed DbCommand (2ms) [Parameters=[], CommandType='Text', CommandTimeout='30']
2026-08-07T23:57:42.3159168Z       SELECT OBJECT_ID(N'[__EFMigrationsHistory]');
2026-08-07T23:57:42.3174630Z info: Microsoft.EntityFrameworkCore.Database.Command[20101]
2026-08-07T23:57:42.3175035Z       Executed DbCommand (2ms) [Parameters=[], CommandType='Text', CommandTimeout='30']
2026-08-07T23:57:42.3175124Z       SELECT [MigrationId], [ProductVersion]
2026-08-07T23:57:42.3175173Z       FROM [__EFMigrationsHistory]
2026-08-07T23:57:42.3175268Z       ORDER BY [MigrationId];
2026-08-07T23:57:42.3191528Z info: Microsoft.EntityFrameworkCore.Database.Command[20101]
2026-08-07T23:57:42.3191817Z       Executed DbCommand (1ms) [Parameters=[], CommandType='Text', CommandTimeout='30']
2026-08-07T23:57:42.3191878Z       SELECT TOP(1) [b].[BankAccountNumber]
2026-08-07T23:57:42.3191915Z       FROM [Beneficiaries] AS [b]
2026-08-07T23:57:42.3191991Z       ORDER BY [b].[Id]
2026-08-07T23:57:42.4020887Z info: Microsoft.EntityFrameworkCore.Database.Command[20101]
2026-08-07T23:57:42.4021794Z       Executed DbCommand (2ms) [Parameters=[], CommandType='Text', CommandTimeout='30']
2026-08-07T23:57:42.4021896Z       SELECT 1
2026-08-07T23:57:42.4036232Z info: Microsoft.EntityFrameworkCore.Database.Command[20101]
2026-08-07T23:57:42.4036787Z       Executed DbCommand (1ms) [Parameters=[], CommandType='Text', CommandTimeout='30']
2026-08-07T23:57:42.4036871Z       SELECT OBJECT_ID(N'[__EFMigrationsHistory]');
2026-08-07T23:57:42.4060840Z info: Microsoft.EntityFrameworkCore.Database.Command[20101]
2026-08-07T23:57:42.4061218Z       Executed DbCommand (1ms) [Parameters=[], CommandType='Text', CommandTimeout='30']
2026-08-07T23:57:42.4061348Z       SELECT [MigrationId], [ProductVersion]
2026-08-07T23:57:42.4061393Z       FROM [__EFMigrationsHistory]
2026-08-07T23:57:42.4064941Z       ORDER BY [MigrationId];
2026-08-07T23:57:42.4078566Z info: Microsoft.EntityFrameworkCore.Database.Command[20101]
2026-08-07T23:57:42.4078940Z       Executed DbCommand (1ms) [Parameters=[], CommandType='Text', CommandTimeout='30']
2026-08-07T23:57:42.4085334Z       SELECT TOP(1) [b].[BankAccountNumber]
2026-08-07T23:57:42.4085393Z       FROM [Beneficiaries] AS [b]
2026-08-07T23:57:42.4085435Z       ORDER BY [b].[Id]
2026-08-07T23:57:44.2980308Z info: Microsoft.EntityFrameworkCore.Database.Command[20101]
2026-08-07T23:57:44.2981196Z       Executed DbCommand (2ms) [Parameters=[], CommandType='Text', CommandTimeout='30']
2026-08-07T23:57:44.2981328Z       SELECT 1
2026-08-07T23:57:44.3007442Z info: Microsoft.EntityFrameworkCore.Database.Command[20101]
2026-08-07T23:57:44.3008009Z       Executed DbCommand (2ms) [Parameters=[], CommandType='Text', CommandTimeout='30']
2026-08-07T23:57:44.3008137Z       SELECT OBJECT_ID(N'[__EFMigrationsHistory]');
2026-08-07T23:57:44.3028383Z info: Microsoft.EntityFrameworkCore.Database.Command[20101]
2026-08-07T23:57:44.3028737Z       Executed DbCommand (2ms) [Parameters=[], CommandType='Text', CommandTimeout='30']
2026-08-07T23:57:44.3028807Z       SELECT [MigrationId], [ProductVersion]
2026-08-07T23:57:44.3028846Z       FROM [__EFMigrationsHistory]
2026-08-07T23:57:44.3028937Z       ORDER BY [MigrationId];
2026-08-07T23:57:44.3052475Z info: Microsoft.EntityFrameworkCore.Database.Command[20101]
2026-08-07T23:57:44.3052810Z       Executed DbCommand (2ms) [Parameters=[], CommandType='Text', CommandTimeout='30']
2026-08-07T23:57:44.3052877Z       SELECT TOP(1) [b].[BankAccountNumber]
2026-08-07T23:57:44.3052920Z       FROM [Beneficiaries] AS [b]
2026-08-07T23:57:44.3053020Z       ORDER BY [b].[Id]
2026-08-07T23:57:47.5157132Z info: Microsoft.EntityFrameworkCore.Database.Command[20101]
2026-08-07T23:57:47.5157945Z       Executed DbCommand (2ms) [Parameters=[], CommandType='Text', CommandTimeout='30']
2026-08-07T23:57:47.5158088Z       SELECT 1
2026-08-07T23:57:47.5186982Z info: Microsoft.EntityFrameworkCore.Database.Command[20101]
2026-08-07T23:57:47.5187584Z       Executed DbCommand (2ms) [Parameters=[], CommandType='Text', CommandTimeout='30']
2026-08-07T23:57:47.5187694Z       SELECT OBJECT_ID(N'[__EFMigrationsHistory]');
2026-08-07T23:57:47.5202797Z info: Microsoft.EntityFrameworkCore.Database.Command[20101]
2026-08-07T23:57:47.5203207Z       Executed DbCommand (2ms) [Parameters=[], CommandType='Text', CommandTimeout='30']
2026-08-07T23:57:47.5203280Z       SELECT [MigrationId], [ProductVersion]
2026-08-07T23:57:47.5203329Z       FROM [__EFMigrationsHistory]
2026-08-07T23:57:47.5203371Z       ORDER BY [MigrationId];
2026-08-07T23:57:47.5222353Z info: Microsoft.EntityFrameworkCore.Database.Command[20101]
2026-08-07T23:57:47.5222714Z       Executed DbCommand (2ms) [Parameters=[], CommandType='Text', CommandTimeout='30']
2026-08-07T23:57:47.5222780Z       SELECT TOP(1) [b].[BankAccountNumber]
2026-08-07T23:57:47.5222818Z       FROM [Beneficiaries] AS [b]
2026-08-07T23:57:47.5222954Z       ORDER BY [b].[Id]
2026-08-07T23:57:48.9603673Z info: Microsoft.EntityFrameworkCore.Database.Command[20101]
2026-08-07T23:57:48.9604950Z       Executed DbCommand (2ms) [Parameters=[], CommandType='Text', CommandTimeout='30']
2026-08-07T23:57:48.9605198Z       SELECT 1
2026-08-07T23:57:48.9631095Z info: Microsoft.EntityFrameworkCore.Database.Command[20101]
2026-08-07T23:57:48.9631755Z       Executed DbCommand (2ms) [Parameters=[], CommandType='Text', CommandTimeout='30']
2026-08-07T23:57:48.9631903Z       SELECT OBJECT_ID(N'[__EFMigrationsHistory]');
2026-08-07T23:57:48.9666229Z info: Microsoft.EntityFrameworkCore.Database.Command[20101]
2026-08-07T23:57:48.9666557Z       Executed DbCommand (2ms) [Parameters=[], CommandType='Text', CommandTimeout='30']
2026-08-07T23:57:48.9666631Z       SELECT [MigrationId], [ProductVersion]
2026-08-07T23:57:48.9667775Z       FROM [__EFMigrationsHistory]
2026-08-07T23:57:48.9673045Z       ORDER BY [MigrationId];
2026-08-07T23:57:48.9690497Z info: Microsoft.EntityFrameworkCore.Database.Command[20101]
2026-08-07T23:57:48.9690809Z       Executed DbCommand (1ms) [Parameters=[], CommandType='Text', CommandTimeout='30']
2026-08-07T23:57:48.9690920Z       SELECT TOP(1) [b].[BankAccountNumber]
2026-08-07T23:57:48.9690961Z       FROM [Beneficiaries] AS [b]
2026-08-07T23:57:48.9694012Z       ORDER BY [b].[Id]
2026-08-07T23:57:50.6395856Z info: Microsoft.EntityFrameworkCore.Database.Command[20101]
2026-08-07T23:57:50.6396597Z       Executed DbCommand (2ms) [Parameters=[], CommandType='Text', CommandTimeout='30']
2026-08-07T23:57:50.6396789Z       SELECT 1
2026-08-07T23:57:50.6411136Z info: Microsoft.EntityFrameworkCore.Database.Command[20101]
2026-08-07T23:57:50.6411656Z       Executed DbCommand (1ms) [Parameters=[], CommandType='Text', CommandTimeout='30']
2026-08-07T23:57:50.6411748Z       SELECT OBJECT_ID(N'[__EFMigrationsHistory]');
2026-08-07T23:57:50.6439782Z info: Microsoft.EntityFrameworkCore.Database.Command[20101]
2026-08-07T23:57:50.6440142Z       Executed DbCommand (2ms) [Parameters=[], CommandType='Text', CommandTimeout='30']
2026-08-07T23:57:50.6440214Z       SELECT [MigrationId], [ProductVersion]
2026-08-07T23:57:50.6440256Z       FROM [__EFMigrationsHistory]
2026-08-07T23:57:50.6444648Z       ORDER BY [MigrationId];
2026-08-07T23:57:50.6461207Z info: Microsoft.EntityFrameworkCore.Database.Command[20101]
2026-08-07T23:57:50.6461519Z       Executed DbCommand (2ms) [Parameters=[], CommandType='Text', CommandTimeout='30']
2026-08-07T23:57:50.6461600Z       SELECT TOP(1) [b].[BankAccountNumber]
2026-08-07T23:57:50.6461650Z       FROM [Beneficiaries] AS [b]
2026-08-07T23:57:50.6461786Z       ORDER BY [b].[Id]
2026-08-07T23:57:52.1720811Z info: Microsoft.EntityFrameworkCore.Database.Command[20101]
2026-08-07T23:57:52.1721498Z       Executed DbCommand (4ms) [Parameters=[], CommandType='Text', CommandTimeout='30']
2026-08-07T23:57:52.1721595Z       SELECT 1
2026-08-07T23:57:52.1748138Z info: Microsoft.EntityFrameworkCore.Database.Command[20101]
2026-08-07T23:57:52.1748753Z       Executed DbCommand (2ms) [Parameters=[], CommandType='Text', CommandTimeout='30']
2026-08-07T23:57:52.1748835Z       SELECT OBJECT_ID(N'[__EFMigrationsHistory]');
2026-08-07T23:57:52.1766173Z info: Microsoft.EntityFrameworkCore.Database.Command[20101]
2026-08-07T23:57:52.1766914Z       Executed DbCommand (2ms) [Parameters=[], CommandType='Text', CommandTimeout='30']
2026-08-07T23:57:52.1767061Z       SELECT [MigrationId], [ProductVersion]
2026-08-07T23:57:52.1767109Z       FROM [__EFMigrationsHistory]
2026-08-07T23:57:52.1767156Z       ORDER BY [MigrationId];
2026-08-07T23:57:52.1778852Z info: Microsoft.EntityFrameworkCore.Database.Command[20101]
2026-08-07T23:57:52.1779161Z       Executed DbCommand (1ms) [Parameters=[], CommandType='Text', CommandTimeout='30']
2026-08-07T23:57:52.1779290Z       SELECT TOP(1) [b].[BankAccountNumber]
2026-08-07T23:57:52.1779328Z       FROM [Beneficiaries] AS [b]
2026-08-07T23:57:52.1779365Z       ORDER BY [b].[Id]
2026-08-07T23:57:56.5214539Z info: Microsoft.EntityFrameworkCore.Database.Command[20101]
2026-08-07T23:57:56.5217035Z       Executed DbCommand (2ms) [Parameters=[], CommandType='Text', CommandTimeout='30']
2026-08-07T23:57:56.5217354Z       SELECT 1
2026-08-07T23:57:56.5232756Z info: Microsoft.EntityFrameworkCore.Database.Command[20101]
2026-08-07T23:57:56.5233291Z       Executed DbCommand (2ms) [Parameters=[], CommandType='Text', CommandTimeout='30']
2026-08-07T23:57:56.5233394Z       SELECT OBJECT_ID(N'[__EFMigrationsHistory]');
2026-08-07T23:57:56.5266399Z info: Microsoft.EntityFrameworkCore.Database.Command[20101]
2026-08-07T23:57:56.5266945Z       Executed DbCommand (2ms) [Parameters=[], CommandType='Text', CommandTimeout='30']
2026-08-07T23:57:56.5267047Z       SELECT [MigrationId], [ProductVersion]
2026-08-07T23:57:56.5267104Z       FROM [__EFMigrationsHistory]
2026-08-07T23:57:56.5267208Z       ORDER BY [MigrationId];
2026-08-07T23:57:56.5280174Z info: Microsoft.EntityFrameworkCore.Database.Command[20101]
2026-08-07T23:57:56.5280505Z       Executed DbCommand (1ms) [Parameters=[], CommandType='Text', CommandTimeout='30']
2026-08-07T23:57:56.5280578Z       SELECT TOP(1) [b].[BankAccountNumber]
2026-08-07T23:57:56.5280623Z       FROM [Beneficiaries] AS [b]
2026-08-07T23:57:56.5280712Z       ORDER BY [b].[Id]
2026-08-07T23:58:00.2667440Z info: Microsoft.EntityFrameworkCore.Database.Command[20101]
2026-08-07T23:58:00.2669636Z       Executed DbCommand (2ms) [Parameters=[], CommandType='Text', CommandTimeout='30']
2026-08-07T23:58:00.2669807Z       SELECT 1
2026-08-07T23:58:00.2694756Z info: Microsoft.EntityFrameworkCore.Database.Command[20101]
2026-08-07T23:58:00.2695515Z       Executed DbCommand (2ms) [Parameters=[], CommandType='Text', CommandTimeout='30']
2026-08-07T23:58:00.2695607Z       SELECT OBJECT_ID(N'[__EFMigrationsHistory]');
2026-08-07T23:58:00.2709058Z info: Microsoft.EntityFrameworkCore.Database.Command[20101]
2026-08-07T23:58:00.2709409Z       Executed DbCommand (1ms) [Parameters=[], CommandType='Text', CommandTimeout='30']
2026-08-07T23:58:00.2709529Z       SELECT [MigrationId], [ProductVersion]
2026-08-07T23:58:00.2709576Z       FROM [__EFMigrationsHistory]
2026-08-07T23:58:00.2710132Z       ORDER BY [MigrationId];
2026-08-07T23:58:00.2729967Z info: Microsoft.EntityFrameworkCore.Database.Command[20101]
2026-08-07T23:58:00.2730432Z       Executed DbCommand (1ms) [Parameters=[], CommandType='Text', CommandTimeout='30']
2026-08-07T23:58:00.2730517Z       SELECT TOP(1) [b].[BankAccountNumber]
2026-08-07T23:58:00.2730566Z       FROM [Beneficiaries] AS [b]
2026-08-07T23:58:00.2730613Z       ORDER BY [b].[Id]
2026-08-07T23:58:01.8881494Z info: Microsoft.EntityFrameworkCore.Database.Command[20101]
2026-08-07T23:58:01.8882439Z       Executed DbCommand (2ms) [Parameters=[], CommandType='Text', CommandTimeout='30']
2026-08-07T23:58:01.8882553Z       SELECT 1
2026-08-07T23:58:01.8946271Z info: Microsoft.EntityFrameworkCore.Database.Command[20101]
2026-08-07T23:58:01.8948888Z       Executed DbCommand (5ms) [Parameters=[], CommandType='Text', CommandTimeout='30']
2026-08-07T23:58:01.8949048Z       SELECT OBJECT_ID(N'[__EFMigrationsHistory]');
2026-08-07T23:58:01.8968699Z info: Microsoft.EntityFrameworkCore.Database.Command[20101]
2026-08-07T23:58:01.8968985Z       Executed DbCommand (2ms) [Parameters=[], CommandType='Text', CommandTimeout='30']
2026-08-07T23:58:01.8969059Z       SELECT [MigrationId], [ProductVersion]
2026-08-07T23:58:01.8969196Z       FROM [__EFMigrationsHistory]
2026-08-07T23:58:01.8969276Z       ORDER BY [MigrationId];
2026-08-07T23:58:01.9000293Z info: Microsoft.EntityFrameworkCore.Database.Command[20101]
2026-08-07T23:58:01.9000696Z       Executed DbCommand (3ms) [Parameters=[], CommandType='Text', CommandTimeout='30']
2026-08-07T23:58:01.9000764Z       SELECT TOP(1) [b].[BankAccountNumber]
2026-08-07T23:58:01.9006150Z       FROM [Beneficiaries] AS [b]
2026-08-07T23:58:01.9006254Z       ORDER BY [b].[Id]
2026-08-07T23:58:05.1273562Z info: Microsoft.EntityFrameworkCore.Database.Command[20101]
2026-08-07T23:58:05.1274291Z       Executed DbCommand (2ms) [Parameters=[], CommandType='Text', CommandTimeout='30']
2026-08-07T23:58:05.1274394Z       SELECT 1
2026-08-07T23:58:05.1295908Z info: Microsoft.EntityFrameworkCore.Database.Command[20101]
2026-08-07T23:58:05.1296852Z       Executed DbCommand (2ms) [Parameters=[], CommandType='Text', CommandTimeout='30']
2026-08-07T23:58:05.1297082Z       SELECT OBJECT_ID(N'[__EFMigrationsHistory]');
2026-08-07T23:58:05.1330042Z info: Microsoft.EntityFrameworkCore.Database.Command[20101]
2026-08-07T23:58:05.1330403Z       Executed DbCommand (2ms) [Parameters=[], CommandType='Text', CommandTimeout='30']
2026-08-07T23:58:05.1330474Z       SELECT [MigrationId], [ProductVersion]
2026-08-07T23:58:05.1330519Z       FROM [__EFMigrationsHistory]
2026-08-07T23:58:05.1333610Z       ORDER BY [MigrationId];
2026-08-07T23:58:05.1351861Z info: Microsoft.EntityFrameworkCore.Database.Command[20101]
2026-08-07T23:58:05.1352169Z       Executed DbCommand (2ms) [Parameters=[], CommandType='Text', CommandTimeout='30']
2026-08-07T23:58:05.1352241Z       SELECT TOP(1) [b].[BankAccountNumber]
2026-08-07T23:58:05.1352287Z       FROM [Beneficiaries] AS [b]
2026-08-07T23:58:05.1361633Z       ORDER BY [b].[Id]
2026-08-07T23:58:07.1162774Z info: Microsoft.EntityFrameworkCore.Database.Command[20101]
2026-08-07T23:58:07.1163597Z       Executed DbCommand (2ms) [Parameters=[], CommandType='Text', CommandTimeout='30']
2026-08-07T23:58:07.1163711Z       SELECT 1
2026-08-07T23:58:07.1183647Z info: Microsoft.EntityFrameworkCore.Database.Command[20101]
2026-08-07T23:58:07.1184181Z       Executed DbCommand (2ms) [Parameters=[], CommandType='Text', CommandTimeout='30']
2026-08-07T23:58:07.1184257Z       SELECT OBJECT_ID(N'[__EFMigrationsHistory]');
2026-08-07T23:58:07.1212454Z info: Microsoft.EntityFrameworkCore.Database.Command[20101]
2026-08-07T23:58:07.1212764Z       Executed DbCommand (1ms) [Parameters=[], CommandType='Text', CommandTimeout='30']
2026-08-07T23:58:07.1212833Z       SELECT [MigrationId], [ProductVersion]
2026-08-07T23:58:07.1212930Z       FROM [__EFMigrationsHistory]
2026-08-07T23:58:07.1213661Z       ORDER BY [MigrationId];
2026-08-07T23:58:07.1228512Z info: Microsoft.EntityFrameworkCore.Database.Command[20101]
2026-08-07T23:58:07.1228811Z       Executed DbCommand (1ms) [Parameters=[], CommandType='Text', CommandTimeout='30']
2026-08-07T23:58:07.1228917Z       SELECT TOP(1) [b].[BankAccountNumber]
2026-08-07T23:58:07.1228957Z       FROM [Beneficiaries] AS [b]
2026-08-07T23:58:07.1228999Z       ORDER BY [b].[Id]
2026-08-07T23:58:08.8998927Z info: Microsoft.EntityFrameworkCore.Database.Command[20101]
2026-08-07T23:58:08.8999684Z       Executed DbCommand (2ms) [Parameters=[], CommandType='Text', CommandTimeout='30']
2026-08-07T23:58:08.9000027Z       SELECT 1
2026-08-07T23:58:08.9015946Z info: Microsoft.EntityFrameworkCore.Database.Command[20101]
2026-08-07T23:58:08.9016421Z       Executed DbCommand (2ms) [Parameters=[], CommandType='Text', CommandTimeout='30']
2026-08-07T23:58:08.9016500Z       SELECT OBJECT_ID(N'[__EFMigrationsHistory]');
2026-08-07T23:58:08.9045451Z info: Microsoft.EntityFrameworkCore.Database.Command[20101]
2026-08-07T23:58:08.9045851Z       Executed DbCommand (1ms) [Parameters=[], CommandType='Text', CommandTimeout='30']
2026-08-07T23:58:08.9045930Z       SELECT [MigrationId], [ProductVersion]
2026-08-07T23:58:08.9045971Z       FROM [__EFMigrationsHistory]
2026-08-07T23:58:08.9046350Z       ORDER BY [MigrationId];
2026-08-07T23:58:08.9073911Z info: Microsoft.EntityFrameworkCore.Database.Command[20101]
2026-08-07T23:58:08.9074249Z       Executed DbCommand (1ms) [Parameters=[], CommandType='Text', CommandTimeout='30']
2026-08-07T23:58:08.9074332Z       SELECT TOP(1) [b].[BankAccountNumber]
2026-08-07T23:58:08.9074369Z       FROM [Beneficiaries] AS [b]
2026-08-07T23:58:08.9074546Z       ORDER BY [b].[Id]
2026-08-07T23:58:09.9492362Z info: Microsoft.EntityFrameworkCore.Database.Command[20101]
2026-08-07T23:58:09.9493183Z       Executed DbCommand (3ms) [Parameters=[], CommandType='Text', CommandTimeout='30']
2026-08-07T23:58:09.9493310Z       SELECT 1
2026-08-07T23:58:09.9524464Z info: Microsoft.EntityFrameworkCore.Database.Command[20101]
2026-08-07T23:58:09.9525138Z       Executed DbCommand (2ms) [Parameters=[], CommandType='Text', CommandTimeout='30']
2026-08-07T23:58:09.9525231Z       SELECT OBJECT_ID(N'[__EFMigrationsHistory]');
2026-08-07T23:58:09.9543177Z info: Microsoft.EntityFrameworkCore.Database.Command[20101]
2026-08-07T23:58:09.9543630Z       Executed DbCommand (2ms) [Parameters=[], CommandType='Text', CommandTimeout='30']
2026-08-07T23:58:09.9543880Z       SELECT [MigrationId], [ProductVersion]
2026-08-07T23:58:09.9543932Z       FROM [__EFMigrationsHistory]
2026-08-07T23:58:09.9543979Z       ORDER BY [MigrationId];
2026-08-07T23:58:09.9555897Z info: Microsoft.EntityFrameworkCore.Database.Command[20101]
2026-08-07T23:58:09.9556524Z       Executed DbCommand (1ms) [Parameters=[], CommandType='Text', CommandTimeout='30']
2026-08-07T23:58:09.9556621Z       SELECT TOP(1) [b].[BankAccountNumber]
2026-08-07T23:58:09.9556659Z       FROM [Beneficiaries] AS [b]
2026-08-07T23:58:09.9556697Z       ORDER BY [b].[Id]
2026-08-07T23:58:10.6645750Z info: Microsoft.EntityFrameworkCore.Database.Command[20101]
2026-08-07T23:58:10.6647302Z       Executed DbCommand (2ms) [Parameters=[], CommandType='Text', CommandTimeout='30']
2026-08-07T23:58:10.6647431Z       SELECT 1
2026-08-07T23:58:10.6663977Z info: Microsoft.EntityFrameworkCore.Database.Command[20101]
2026-08-07T23:58:10.6664458Z       Executed DbCommand (2ms) [Parameters=[], CommandType='Text', CommandTimeout='30']
2026-08-07T23:58:10.6664740Z       SELECT OBJECT_ID(N'[__EFMigrationsHistory]');
2026-08-07T23:58:10.6694419Z info: Microsoft.EntityFrameworkCore.Database.Command[20101]
2026-08-07T23:58:10.6694765Z       Executed DbCommand (1ms) [Parameters=[], CommandType='Text', CommandTimeout='30']
2026-08-07T23:58:10.6694845Z       SELECT [MigrationId], [ProductVersion]
2026-08-07T23:58:10.6694887Z       FROM [__EFMigrationsHistory]
2026-08-07T23:58:10.6695098Z       ORDER BY [MigrationId];
2026-08-07T23:58:10.6713179Z info: Microsoft.EntityFrameworkCore.Database.Command[20101]
2026-08-07T23:58:10.6713482Z       Executed DbCommand (1ms) [Parameters=[], CommandType='Text', CommandTimeout='30']
2026-08-07T23:58:10.6713553Z       SELECT TOP(1) [b].[BankAccountNumber]
2026-08-07T23:58:10.6713597Z       FROM [Beneficiaries] AS [b]
2026-08-07T23:58:10.6720898Z       ORDER BY [b].[Id]
2026-08-07T23:58:20.8326023Z info: Microsoft.EntityFrameworkCore.Database.Command[20101]
2026-08-07T23:58:20.8327199Z       Executed DbCommand (2ms) [Parameters=[], CommandType='Text', CommandTimeout='30']
2026-08-07T23:58:20.8327353Z       SELECT 1
2026-08-07T23:58:20.8343019Z info: Microsoft.EntityFrameworkCore.Database.Command[20101]
2026-08-07T23:58:20.8358347Z       Executed DbCommand (2ms) [Parameters=[], CommandType='Text', CommandTimeout='30']
2026-08-07T23:58:20.8358517Z       SELECT OBJECT_ID(N'[__EFMigrationsHistory]');
2026-08-07T23:58:20.8371016Z info: Microsoft.EntityFrameworkCore.Database.Command[20101]
2026-08-07T23:58:20.8371539Z       Executed DbCommand (1ms) [Parameters=[], CommandType='Text', CommandTimeout='30']
2026-08-07T23:58:20.8371622Z       SELECT [MigrationId], [ProductVersion]
2026-08-07T23:58:20.8371664Z       FROM [__EFMigrationsHistory]
2026-08-07T23:58:20.8378031Z       ORDER BY [MigrationId];
2026-08-07T23:58:20.8389660Z info: Microsoft.EntityFrameworkCore.Database.Command[20101]
2026-08-07T23:58:20.8389973Z       Executed DbCommand (2ms) [Parameters=[], CommandType='Text', CommandTimeout='30']
2026-08-07T23:58:20.8390036Z       SELECT TOP(1) [b].[BankAccountNumber]
2026-08-07T23:58:20.8390084Z       FROM [Beneficiaries] AS [b]
2026-08-07T23:58:20.8390121Z       ORDER BY [b].[Id]
2026-08-07T23:58:23.8022701Z info: Microsoft.EntityFrameworkCore.Database.Command[20101]
2026-08-07T23:58:23.8023633Z       Executed DbCommand (2ms) [Parameters=[], CommandType='Text', CommandTimeout='30']
2026-08-07T23:58:23.8023753Z       SELECT 1
2026-08-07T23:58:23.8040010Z info: Microsoft.EntityFrameworkCore.Database.Command[20101]
2026-08-07T23:58:23.8040697Z       Executed DbCommand (2ms) [Parameters=[], CommandType='Text', CommandTimeout='30']
2026-08-07T23:58:23.8040813Z       SELECT OBJECT_ID(N'[__EFMigrationsHistory]');
2026-08-07T23:58:23.8111260Z info: Microsoft.EntityFrameworkCore.Database.Command[20101]
2026-08-07T23:58:23.8111863Z       Executed DbCommand (5ms) [Parameters=[], CommandType='Text', CommandTimeout='30']
2026-08-07T23:58:23.8111959Z       SELECT [MigrationId], [ProductVersion]
2026-08-07T23:58:23.8112211Z       FROM [__EFMigrationsHistory]
2026-08-07T23:58:23.8112794Z       ORDER BY [MigrationId];
2026-08-07T23:58:23.8129922Z info: Microsoft.EntityFrameworkCore.Database.Command[20101]
2026-08-07T23:58:23.8130301Z       Executed DbCommand (1ms) [Parameters=[], CommandType='Text', CommandTimeout='30']
2026-08-07T23:58:23.8130969Z       SELECT TOP(1) [b].[BankAccountNumber]
2026-08-07T23:58:23.8131022Z       FROM [Beneficiaries] AS [b]
2026-08-07T23:58:23.8131060Z       ORDER BY [b].[Id]
2026-08-07T23:58:25.2383955Z info: Microsoft.EntityFrameworkCore.Database.Command[20101]
2026-08-07T23:58:25.2384731Z       Executed DbCommand (2ms) [Parameters=[], CommandType='Text', CommandTimeout='30']
2026-08-07T23:58:25.2385416Z       SELECT 1
2026-08-07T23:58:25.2401685Z info: Microsoft.EntityFrameworkCore.Database.Command[20101]
2026-08-07T23:58:25.2402090Z       Executed DbCommand (2ms) [Parameters=[], CommandType='Text', CommandTimeout='30']
2026-08-07T23:58:25.2402168Z       SELECT OBJECT_ID(N'[__EFMigrationsHistory]');
2026-08-07T23:58:25.2438426Z info: Microsoft.EntityFrameworkCore.Database.Command[20101]
2026-08-07T23:58:25.2438919Z       Executed DbCommand (2ms) [Parameters=[], CommandType='Text', CommandTimeout='30']
2026-08-07T23:58:25.2441005Z       SELECT [MigrationId], [ProductVersion]
2026-08-07T23:58:25.2441063Z       FROM [__EFMigrationsHistory]
2026-08-07T23:58:25.2441096Z       ORDER BY [MigrationId];
2026-08-07T23:58:25.2451145Z info: Microsoft.EntityFrameworkCore.Database.Command[20101]
2026-08-07T23:58:25.2451434Z       Executed DbCommand (1ms) [Parameters=[], CommandType='Text', CommandTimeout='30']
2026-08-07T23:58:25.2451507Z       SELECT TOP(1) [b].[BankAccountNumber]
2026-08-07T23:58:25.2451555Z       FROM [Beneficiaries] AS [b]
2026-08-07T23:58:25.2451764Z       ORDER BY [b].[Id]
2026-08-07T23:58:32.7868687Z info: Microsoft.EntityFrameworkCore.Database.Command[20101]
2026-08-07T23:58:32.7869642Z       Executed DbCommand (3ms) [Parameters=[], CommandType='Text', CommandTimeout='30']
2026-08-07T23:58:32.7869750Z       SELECT 1
2026-08-07T23:58:32.7897289Z info: Microsoft.EntityFrameworkCore.Database.Command[20101]
2026-08-07T23:58:32.7898104Z       Executed DbCommand (2ms) [Parameters=[], CommandType='Text', CommandTimeout='30']
2026-08-07T23:58:32.7898255Z       SELECT OBJECT_ID(N'[__EFMigrationsHistory]');
2026-08-07T23:58:32.7913269Z info: Microsoft.EntityFrameworkCore.Database.Command[20101]
2026-08-07T23:58:32.7913607Z       Executed DbCommand (2ms) [Parameters=[], CommandType='Text', CommandTimeout='30']
2026-08-07T23:58:32.7913675Z       SELECT [MigrationId], [ProductVersion]
2026-08-07T23:58:32.7913864Z       FROM [__EFMigrationsHistory]
2026-08-07T23:58:32.7915023Z       ORDER BY [MigrationId];
2026-08-07T23:58:32.7932177Z info: Microsoft.EntityFrameworkCore.Database.Command[20101]
2026-08-07T23:58:32.7932466Z       Executed DbCommand (2ms) [Parameters=[], CommandType='Text', CommandTimeout='30']
2026-08-07T23:58:32.7932573Z       SELECT TOP(1) [b].[BankAccountNumber]
2026-08-07T23:58:32.7932622Z       FROM [Beneficiaries] AS [b]
2026-08-07T23:58:32.7932669Z       ORDER BY [b].[Id]
2026-08-07T23:58:33.7634077Z info: Microsoft.EntityFrameworkCore.Database.Command[20101]
2026-08-07T23:58:33.7635205Z       Executed DbCommand (2ms) [Parameters=[], CommandType='Text', CommandTimeout='30']
2026-08-07T23:58:33.7635424Z       SELECT 1
2026-08-07T23:58:33.7652490Z info: Microsoft.EntityFrameworkCore.Database.Command[20101]
2026-08-07T23:58:33.7654824Z       Executed DbCommand (2ms) [Parameters=[], CommandType='Text', CommandTimeout='30']
2026-08-07T23:58:33.7654957Z       SELECT OBJECT_ID(N'[__EFMigrationsHistory]');
2026-08-07T23:58:33.7680755Z info: Microsoft.EntityFrameworkCore.Database.Command[20101]
2026-08-07T23:58:33.7681071Z       Executed DbCommand (1ms) [Parameters=[], CommandType='Text', CommandTimeout='30']
2026-08-07T23:58:33.7681136Z       SELECT [MigrationId], [ProductVersion]
2026-08-07T23:58:33.7681180Z       FROM [__EFMigrationsHistory]
2026-08-07T23:58:33.7687236Z       ORDER BY [MigrationId];
2026-08-07T23:58:33.7698580Z info: Microsoft.EntityFrameworkCore.Database.Command[20101]
2026-08-07T23:58:33.7698914Z       Executed DbCommand (1ms) [Parameters=[], CommandType='Text', CommandTimeout='30']
2026-08-07T23:58:33.7698987Z       SELECT TOP(1) [b].[BankAccountNumber]
2026-08-07T23:58:33.7699036Z       FROM [Beneficiaries] AS [b]
2026-08-07T23:58:33.7699082Z       ORDER BY [b].[Id]
2026-08-07T23:58:36.4322846Z info: Microsoft.EntityFrameworkCore.Database.Command[20101]
2026-08-07T23:58:36.4323823Z       Executed DbCommand (2ms) [Parameters=[], CommandType='Text', CommandTimeout='30']
2026-08-07T23:58:36.4323936Z       SELECT 1
2026-08-07T23:58:36.4350571Z info: Microsoft.EntityFrameworkCore.Database.Command[20101]
2026-08-07T23:58:36.4351017Z       Executed DbCommand (2ms) [Parameters=[], CommandType='Text', CommandTimeout='30']
2026-08-07T23:58:36.4351158Z       SELECT OBJECT_ID(N'[__EFMigrationsHistory]');
2026-08-07T23:58:36.4366100Z info: Microsoft.EntityFrameworkCore.Database.Command[20101]
2026-08-07T23:58:36.4366448Z       Executed DbCommand (2ms) [Parameters=[], CommandType='Text', CommandTimeout='30']
2026-08-07T23:58:36.4366521Z       SELECT [MigrationId], [ProductVersion]
2026-08-07T23:58:36.4366610Z       FROM [__EFMigrationsHistory]
2026-08-07T23:58:36.4366887Z       ORDER BY [MigrationId];
2026-08-07T23:58:36.4389016Z info: Microsoft.EntityFrameworkCore.Database.Command[20101]
2026-08-07T23:58:36.4389315Z       Executed DbCommand (1ms) [Parameters=[], CommandType='Text', CommandTimeout='30']
2026-08-07T23:58:36.4389390Z       SELECT TOP(1) [b].[BankAccountNumber]
2026-08-07T23:58:36.4389474Z       FROM [Beneficiaries] AS [b]
2026-08-07T23:58:36.4389522Z       ORDER BY [b].[Id]
2026-08-07T23:58:37.1736737Z info: Microsoft.EntityFrameworkCore.Database.Command[20101]
2026-08-07T23:58:37.1737677Z       Executed DbCommand (2ms) [Parameters=[], CommandType='Text', CommandTimeout='30']
2026-08-07T23:58:37.1737804Z       SELECT 1
2026-08-07T23:58:37.1752394Z info: Microsoft.EntityFrameworkCore.Database.Command[20101]
2026-08-07T23:58:37.1752856Z       Executed DbCommand (2ms) [Parameters=[], CommandType='Text', CommandTimeout='30']
2026-08-07T23:58:37.1752962Z       SELECT OBJECT_ID(N'[__EFMigrationsHistory]');
2026-08-07T23:58:37.1782813Z info: Microsoft.EntityFrameworkCore.Database.Command[20101]
2026-08-07T23:58:37.1783191Z       Executed DbCommand (1ms) [Parameters=[], CommandType='Text', CommandTimeout='30']
2026-08-07T23:58:37.1783263Z       SELECT [MigrationId], [ProductVersion]
2026-08-07T23:58:37.1783312Z       FROM [__EFMigrationsHistory]
2026-08-07T23:58:37.1783357Z       ORDER BY [MigrationId];
2026-08-07T23:58:37.1796133Z info: Microsoft.EntityFrameworkCore.Database.Command[20101]
2026-08-07T23:58:37.1796515Z       Executed DbCommand (1ms) [Parameters=[], CommandType='Text', CommandTimeout='30']
2026-08-07T23:58:37.1796585Z       SELECT TOP(1) [b].[BankAccountNumber]
2026-08-07T23:58:37.1796728Z       FROM [Beneficiaries] AS [b]
2026-08-07T23:58:37.1796781Z       ORDER BY [b].[Id]
2026-08-07T23:58:38.7446412Z info: Microsoft.EntityFrameworkCore.Database.Command[20101]
2026-08-07T23:58:38.7447580Z       Executed DbCommand (2ms) [Parameters=[], CommandType='Text', CommandTimeout='30']
2026-08-07T23:58:38.7447714Z       SELECT 1
2026-08-07T23:58:38.7476525Z info: Microsoft.EntityFrameworkCore.Database.Command[20101]
2026-08-07T23:58:38.7477062Z       Executed DbCommand (2ms) [Parameters=[], CommandType='Text', CommandTimeout='30']
2026-08-07T23:58:38.7477235Z       SELECT OBJECT_ID(N'[__EFMigrationsHistory]');
2026-08-07T23:58:38.7489864Z info: Microsoft.EntityFrameworkCore.Database.Command[20101]
2026-08-07T23:58:38.7490415Z       Executed DbCommand (1ms) [Parameters=[], CommandType='Text', CommandTimeout='30']
2026-08-07T23:58:38.7490504Z       SELECT [MigrationId], [ProductVersion]
2026-08-07T23:58:38.7490613Z       FROM [__EFMigrationsHistory]
2026-08-07T23:58:38.7496525Z       ORDER BY [MigrationId];
2026-08-07T23:58:38.7509874Z info: Microsoft.EntityFrameworkCore.Database.Command[20101]
2026-08-07T23:58:38.7510197Z       Executed DbCommand (1ms) [Parameters=[], CommandType='Text', CommandTimeout='30']
2026-08-07T23:58:38.7510373Z       SELECT TOP(1) [b].[BankAccountNumber]
2026-08-07T23:58:38.7510414Z       FROM [Beneficiaries] AS [b]
2026-08-07T23:58:38.7510453Z       ORDER BY [b].[Id]
2026-08-07T23:58:42.5625237Z info: Microsoft.EntityFrameworkCore.Database.Command[20101]
2026-08-07T23:58:42.5626114Z       Executed DbCommand (2ms) [Parameters=[], CommandType='Text', CommandTimeout='30']
2026-08-07T23:58:42.5626326Z       SELECT 1
2026-08-07T23:58:42.5641018Z info: Microsoft.EntityFrameworkCore.Database.Command[20101]
2026-08-07T23:58:42.5641561Z       Executed DbCommand (2ms) [Parameters=[], CommandType='Text', CommandTimeout='30']
2026-08-07T23:58:42.5641665Z       SELECT OBJECT_ID(N'[__EFMigrationsHistory]');
2026-08-07T23:58:42.5672726Z info: Microsoft.EntityFrameworkCore.Database.Command[20101]
2026-08-07T23:58:42.5673137Z       Executed DbCommand (1ms) [Parameters=[], CommandType='Text', CommandTimeout='30']
2026-08-07T23:58:42.5673235Z       SELECT [MigrationId], [ProductVersion]
2026-08-07T23:58:42.5673300Z       FROM [__EFMigrationsHistory]
2026-08-07T23:58:42.5673360Z       ORDER BY [MigrationId];
2026-08-07T23:58:42.5686914Z info: Microsoft.EntityFrameworkCore.Database.Command[20101]
2026-08-07T23:58:42.5687256Z       Executed DbCommand (1ms) [Parameters=[], CommandType='Text', CommandTimeout='30']
2026-08-07T23:58:42.5687328Z       SELECT TOP(1) [b].[BankAccountNumber]
2026-08-07T23:58:42.5687370Z       FROM [Beneficiaries] AS [b]
2026-08-07T23:58:42.5687415Z       ORDER BY [b].[Id]
2026-08-07T23:58:44.6954256Z info: Microsoft.EntityFrameworkCore.Database.Command[20101]
2026-08-07T23:58:44.6954863Z       Executed DbCommand (2ms) [Parameters=[], CommandType='Text', CommandTimeout='30']
2026-08-07T23:58:44.6954973Z       SELECT 1
2026-08-07T23:58:44.6969530Z info: Microsoft.EntityFrameworkCore.Database.Command[20101]
2026-08-07T23:58:44.6970071Z       Executed DbCommand (2ms) [Parameters=[], CommandType='Text', CommandTimeout='30']
2026-08-07T23:58:44.6970175Z       SELECT OBJECT_ID(N'[__EFMigrationsHistory]');
2026-08-07T23:58:44.7005454Z info: Microsoft.EntityFrameworkCore.Database.Command[20101]
2026-08-07T23:58:44.7005853Z       Executed DbCommand (2ms) [Parameters=[], CommandType='Text', CommandTimeout='30']
2026-08-07T23:58:44.7005983Z       SELECT [MigrationId], [ProductVersion]
2026-08-07T23:58:44.7006033Z       FROM [__EFMigrationsHistory]
2026-08-07T23:58:44.7006935Z       ORDER BY [MigrationId];
2026-08-07T23:58:44.7132436Z info: Microsoft.EntityFrameworkCore.Database.Command[20101]
2026-08-07T23:58:44.7133150Z       Executed DbCommand (12ms) [Parameters=[], CommandType='Text', CommandTimeout='30']
2026-08-07T23:58:44.7133231Z       SELECT TOP(1) [b].[BankAccountNumber]
2026-08-07T23:58:44.7133276Z       FROM [Beneficiaries] AS [b]
2026-08-07T23:58:44.7133316Z       ORDER BY [b].[Id]
2026-08-07T23:58:52.1680789Z info: Microsoft.EntityFrameworkCore.Database.Command[20101]
2026-08-07T23:58:52.1681791Z       Executed DbCommand (2ms) [Parameters=[], CommandType='Text', CommandTimeout='30']
2026-08-07T23:58:52.1681912Z       SELECT 1
2026-08-07T23:58:52.1698164Z info: Microsoft.EntityFrameworkCore.Database.Command[20101]
2026-08-07T23:58:52.1698742Z       Executed DbCommand (2ms) [Parameters=[], CommandType='Text', CommandTimeout='30']
2026-08-07T23:58:52.1698922Z       SELECT OBJECT_ID(N'[__EFMigrationsHistory]');
2026-08-07T23:58:52.1730795Z info: Microsoft.EntityFrameworkCore.Database.Command[20101]
2026-08-07T23:58:52.1731179Z       Executed DbCommand (1ms) [Parameters=[], CommandType='Text', CommandTimeout='30']
2026-08-07T23:58:52.1731260Z       SELECT [MigrationId], [ProductVersion]
2026-08-07T23:58:52.1731305Z       FROM [__EFMigrationsHistory]
2026-08-07T23:58:52.1731400Z       ORDER BY [MigrationId];
2026-08-07T23:58:52.1757472Z info: Microsoft.EntityFrameworkCore.Database.Command[20101]
2026-08-07T23:58:52.1757864Z       Executed DbCommand (2ms) [Parameters=[], CommandType='Text', CommandTimeout='30']
2026-08-07T23:58:52.1757934Z       SELECT TOP(1) [b].[BankAccountNumber]
2026-08-07T23:58:52.1763282Z       FROM [Beneficiaries] AS [b]
2026-08-07T23:58:52.1763451Z       ORDER BY [b].[Id]
2026-08-07T23:58:52.1790758Z info: Microsoft.EntityFrameworkCore.Database.Command[20101]
2026-08-07T23:58:52.1791042Z       Executed DbCommand (1ms) [Parameters=[], CommandType='Text', CommandTimeout='30']
2026-08-07T23:58:52.1791119Z       SELECT 1
2026-08-07T23:58:52.1839326Z info: Microsoft.EntityFrameworkCore.Database.Command[20101]
2026-08-07T23:58:52.1839861Z       Executed DbCommand (3ms) [Parameters=[], CommandType='Text', CommandTimeout='30']
2026-08-07T23:58:52.1839954Z       SELECT OBJECT_ID(N'[__EFMigrationsHistory]');
2026-08-07T23:58:52.1855598Z info: Microsoft.EntityFrameworkCore.Database.Command[20101]
2026-08-07T23:58:52.1856090Z       Executed DbCommand (1ms) [Parameters=[], CommandType='Text', CommandTimeout='30']
2026-08-07T23:58:52.1856163Z       SELECT [MigrationId], [ProductVersion]
2026-08-07T23:58:52.1856210Z       FROM [__EFMigrationsHistory]
2026-08-07T23:58:52.1856247Z       ORDER BY [MigrationId];
2026-08-07T23:58:52.1872512Z info: Microsoft.EntityFrameworkCore.Database.Command[20101]
2026-08-07T23:58:52.1872927Z       Executed DbCommand (1ms) [Parameters=[], CommandType='Text', CommandTimeout='30']
2026-08-07T23:58:52.1873001Z       SELECT TOP(1) [b].[BankAccountNumber]
2026-08-07T23:58:52.1873038Z       FROM [Beneficiaries] AS [b]
2026-08-07T23:58:52.1873075Z       ORDER BY [b].[Id]
2026-08-07T23:58:55.4079984Z info: Microsoft.EntityFrameworkCore.Database.Command[20101]
2026-08-07T23:58:55.4080822Z       Executed DbCommand (2ms) [Parameters=[], CommandType='Text', CommandTimeout='30']
2026-08-07T23:58:55.4080941Z       SELECT 1
2026-08-07T23:58:55.4097716Z info: Microsoft.EntityFrameworkCore.Database.Command[20101]
2026-08-07T23:58:55.4098287Z       Executed DbCommand (2ms) [Parameters=[], CommandType='Text', CommandTimeout='30']
2026-08-07T23:58:55.4098389Z       SELECT OBJECT_ID(N'[__EFMigrationsHistory]');
2026-08-07T23:58:55.4130383Z info: Microsoft.EntityFrameworkCore.Database.Command[20101]
2026-08-07T23:58:55.4132174Z       Executed DbCommand (1ms) [Parameters=[], CommandType='Text', CommandTimeout='30']
2026-08-07T23:58:55.4132305Z       SELECT [MigrationId], [ProductVersion]
2026-08-07T23:58:55.4132354Z       FROM [__EFMigrationsHistory]
2026-08-07T23:58:55.4132396Z       ORDER BY [MigrationId];
2026-08-07T23:58:55.4145115Z info: Microsoft.EntityFrameworkCore.Database.Command[20101]
2026-08-07T23:58:55.4145457Z       Executed DbCommand (1ms) [Parameters=[], CommandType='Text', CommandTimeout='30']
2026-08-07T23:58:55.4145519Z       SELECT TOP(1) [b].[BankAccountNumber]
2026-08-07T23:58:55.4145556Z       FROM [Beneficiaries] AS [b]
2026-08-07T23:58:55.4145592Z       ORDER BY [b].[Id]
2026-08-07T23:58:55.7962499Z info: Microsoft.EntityFrameworkCore.Database.Command[20101]
2026-08-07T23:58:55.7963325Z       Executed DbCommand (2ms) [Parameters=[], CommandType='Text', CommandTimeout='30']
2026-08-07T23:58:55.7963527Z       SELECT 1
2026-08-07T23:58:55.7979337Z info: Microsoft.EntityFrameworkCore.Database.Command[20101]
2026-08-07T23:58:55.7979755Z       Executed DbCommand (2ms) [Parameters=[], CommandType='Text', CommandTimeout='30']
2026-08-07T23:58:55.7979903Z       SELECT OBJECT_ID(N'[__EFMigrationsHistory]');
2026-08-07T23:58:55.8008461Z info: Microsoft.EntityFrameworkCore.Database.Command[20101]
2026-08-07T23:58:55.8009048Z       Executed DbCommand (1ms) [Parameters=[], CommandType='Text', CommandTimeout='30']
2026-08-07T23:58:55.8009149Z       SELECT [MigrationId], [ProductVersion]
2026-08-07T23:58:55.8009262Z       FROM [__EFMigrationsHistory]
2026-08-07T23:58:55.8009316Z       ORDER BY [MigrationId];
2026-08-07T23:58:55.8025435Z info: Microsoft.EntityFrameworkCore.Database.Command[20101]
2026-08-07T23:58:55.8025822Z       Executed DbCommand (1ms) [Parameters=[], CommandType='Text', CommandTimeout='30']
2026-08-07T23:58:55.8025917Z       SELECT TOP(1) [b].[BankAccountNumber]
2026-08-07T23:58:55.8026023Z       FROM [Beneficiaries] AS [b]
2026-08-07T23:58:55.8026085Z       ORDER BY [b].[Id]
2026-08-07T23:59:02.6664118Z info: Microsoft.EntityFrameworkCore.Database.Command[20101]
2026-08-07T23:59:02.6665153Z       Executed DbCommand (2ms) [Parameters=[], CommandType='Text', CommandTimeout='30']
2026-08-07T23:59:02.6665321Z       SELECT 1
2026-08-07T23:59:02.6680378Z info: Microsoft.EntityFrameworkCore.Database.Command[20101]
2026-08-07T23:59:02.6680898Z       Executed DbCommand (2ms) [Parameters=[], CommandType='Text', CommandTimeout='30']
2026-08-07T23:59:02.6680992Z       SELECT OBJECT_ID(N'[__EFMigrationsHistory]');
2026-08-07T23:59:02.6712206Z info: Microsoft.EntityFrameworkCore.Database.Command[20101]
2026-08-07T23:59:02.6712578Z       Executed DbCommand (1ms) [Parameters=[], CommandType='Text', CommandTimeout='30']
2026-08-07T23:59:02.6712666Z       SELECT [MigrationId], [ProductVersion]
2026-08-07T23:59:02.6712715Z       FROM [__EFMigrationsHistory]
2026-08-07T23:59:02.6712757Z       ORDER BY [MigrationId];
2026-08-07T23:59:02.6724529Z info: Microsoft.EntityFrameworkCore.Database.Command[20101]
2026-08-07T23:59:02.6724855Z       Executed DbCommand (1ms) [Parameters=[], CommandType='Text', CommandTimeout='30']
2026-08-07T23:59:02.6724918Z       SELECT TOP(1) [b].[BankAccountNumber]
2026-08-07T23:59:02.6724956Z       FROM [Beneficiaries] AS [b]
2026-08-07T23:59:02.6724994Z       ORDER BY [b].[Id]
2026-08-07T23:59:08.6483091Z info: Microsoft.EntityFrameworkCore.Database.Command[20101]
2026-08-07T23:59:08.6483931Z       Executed DbCommand (2ms) [Parameters=[], CommandType='Text', CommandTimeout='30']
2026-08-07T23:59:08.6484031Z       SELECT 1
2026-08-07T23:59:08.6509429Z info: Microsoft.EntityFrameworkCore.Database.Command[20101]
2026-08-07T23:59:08.6510106Z       Executed DbCommand (2ms) [Parameters=[], CommandType='Text', CommandTimeout='30']
2026-08-07T23:59:08.6510197Z       SELECT OBJECT_ID(N'[__EFMigrationsHistory]');
2026-08-07T23:59:08.6523662Z info: Microsoft.EntityFrameworkCore.Database.Command[20101]
2026-08-07T23:59:08.6524102Z       Executed DbCommand (1ms) [Parameters=[], CommandType='Text', CommandTimeout='30']
2026-08-07T23:59:08.6524229Z       SELECT [MigrationId], [ProductVersion]
2026-08-07T23:59:08.6524277Z       FROM [__EFMigrationsHistory]
2026-08-07T23:59:08.6525942Z       ORDER BY [MigrationId];
2026-08-07T23:59:08.6559386Z info: Microsoft.EntityFrameworkCore.Database.Command[20101]
2026-08-07T23:59:08.6559898Z       Executed DbCommand (2ms) [Parameters=[], CommandType='Text', CommandTimeout='30']
2026-08-07T23:59:08.6559978Z       SELECT TOP(1) [b].[BankAccountNumber]
2026-08-07T23:59:08.6560021Z       FROM [Beneficiaries] AS [b]
2026-08-07T23:59:08.6560060Z       ORDER BY [b].[Id]
2026-08-07T23:59:10.0909305Z info: Microsoft.EntityFrameworkCore.Database.Command[20101]
2026-08-07T23:59:10.0910155Z       Executed DbCommand (2ms) [Parameters=[], CommandType='Text', CommandTimeout='30']
2026-08-07T23:59:10.0910267Z       SELECT 1
2026-08-07T23:59:10.0924202Z info: Microsoft.EntityFrameworkCore.Database.Command[20101]
2026-08-07T23:59:10.0924732Z       Executed DbCommand (2ms) [Parameters=[], CommandType='Text', CommandTimeout='30']
2026-08-07T23:59:10.0924871Z       SELECT OBJECT_ID(N'[__EFMigrationsHistory]');
2026-08-07T23:59:10.0953387Z info: Microsoft.EntityFrameworkCore.Database.Command[20101]
2026-08-07T23:59:10.0953782Z       Executed DbCommand (2ms) [Parameters=[], CommandType='Text', CommandTimeout='30']
2026-08-07T23:59:10.0953858Z       SELECT [MigrationId], [ProductVersion]
2026-08-07T23:59:10.0953901Z       FROM [__EFMigrationsHistory]
2026-08-07T23:59:10.0957656Z       ORDER BY [MigrationId];
2026-08-07T23:59:10.0977752Z info: Microsoft.EntityFrameworkCore.Database.Command[20101]
2026-08-07T23:59:10.0978092Z       Executed DbCommand (1ms) [Parameters=[], CommandType='Text', CommandTimeout='30']
2026-08-07T23:59:10.0978171Z       SELECT TOP(1) [b].[BankAccountNumber]
2026-08-07T23:59:10.0978262Z       FROM [Beneficiaries] AS [b]
2026-08-07T23:59:10.0978300Z       ORDER BY [b].[Id]
2026-08-07T23:59:10.1851447Z info: Microsoft.EntityFrameworkCore.Database.Command[20101]
2026-08-07T23:59:10.1852240Z       Executed DbCommand (2ms) [Parameters=[], CommandType='Text', CommandTimeout='30']
2026-08-07T23:59:10.1852357Z       SELECT 1
2026-08-07T23:59:10.1881189Z info: Microsoft.EntityFrameworkCore.Database.Command[20101]
2026-08-07T23:59:10.1881752Z       Executed DbCommand (2ms) [Parameters=[], CommandType='Text', CommandTimeout='30']
2026-08-07T23:59:10.1881843Z       SELECT OBJECT_ID(N'[__EFMigrationsHistory]');
2026-08-07T23:59:10.1894557Z info: Microsoft.EntityFrameworkCore.Database.Command[20101]
2026-08-07T23:59:10.1894934Z       Executed DbCommand (2ms) [Parameters=[], CommandType='Text', CommandTimeout='30']
2026-08-07T23:59:10.1895002Z       SELECT [MigrationId], [ProductVersion]
2026-08-07T23:59:10.1895042Z       FROM [__EFMigrationsHistory]
2026-08-07T23:59:10.1895078Z       ORDER BY [MigrationId];
2026-08-07T23:59:10.1917165Z info: Microsoft.EntityFrameworkCore.Database.Command[20101]
2026-08-07T23:59:10.1917446Z       Executed DbCommand (1ms) [Parameters=[], CommandType='Text', CommandTimeout='30']
2026-08-07T23:59:10.1917507Z       SELECT TOP(1) [b].[BankAccountNumber]
2026-08-07T23:59:10.1917549Z       FROM [Beneficiaries] AS [b]
2026-08-07T23:59:10.1917594Z       ORDER BY [b].[Id]
2026-08-07T23:59:13.9558988Z info: Microsoft.EntityFrameworkCore.Database.Command[20101]
2026-08-07T23:59:13.9559851Z       Executed DbCommand (2ms) [Parameters=[], CommandType='Text', CommandTimeout='30']
2026-08-07T23:59:13.9559954Z       SELECT 1
2026-08-07T23:59:13.9574884Z info: Microsoft.EntityFrameworkCore.Database.Command[20101]
2026-08-07T23:59:13.9575391Z       Executed DbCommand (2ms) [Parameters=[], CommandType='Text', CommandTimeout='30']
2026-08-07T23:59:13.9575530Z       SELECT OBJECT_ID(N'[__EFMigrationsHistory]');
2026-08-07T23:59:13.9606219Z info: Microsoft.EntityFrameworkCore.Database.Command[20101]
2026-08-07T23:59:13.9606625Z       Executed DbCommand (2ms) [Parameters=[], CommandType='Text', CommandTimeout='30']
2026-08-07T23:59:13.9607031Z       SELECT [MigrationId], [ProductVersion]
2026-08-07T23:59:13.9607129Z       FROM [__EFMigrationsHistory]
2026-08-07T23:59:13.9607177Z       ORDER BY [MigrationId];
2026-08-07T23:59:13.9619465Z info: Microsoft.EntityFrameworkCore.Database.Command[20101]
2026-08-07T23:59:13.9619794Z       Executed DbCommand (1ms) [Parameters=[], CommandType='Text', CommandTimeout='30']
2026-08-07T23:59:13.9619873Z       SELECT TOP(1) [b].[BankAccountNumber]
2026-08-07T23:59:13.9622338Z       FROM [Beneficiaries] AS [b]
2026-08-07T23:59:13.9622455Z       ORDER BY [b].[Id]
2026-08-07T23:59:16.7630350Z info: Microsoft.EntityFrameworkCore.Database.Command[20101]
2026-08-07T23:59:16.7631222Z       Executed DbCommand (2ms) [Parameters=[], CommandType='Text', CommandTimeout='30']
2026-08-07T23:59:16.7631444Z       SELECT 1
2026-08-07T23:59:16.7647254Z info: Microsoft.EntityFrameworkCore.Database.Command[20101]
2026-08-07T23:59:16.7647788Z       Executed DbCommand (2ms) [Parameters=[], CommandType='Text', CommandTimeout='30']
2026-08-07T23:59:16.7647864Z       SELECT OBJECT_ID(N'[__EFMigrationsHistory]');
2026-08-07T23:59:16.7678441Z info: Microsoft.EntityFrameworkCore.Database.Command[20101]
2026-08-07T23:59:16.7678818Z       Executed DbCommand (2ms) [Parameters=[], CommandType='Text', CommandTimeout='30']
2026-08-07T23:59:16.7678892Z       SELECT [MigrationId], [ProductVersion]
2026-08-07T23:59:16.7681280Z       FROM [__EFMigrationsHistory]
2026-08-07T23:59:16.7684121Z       ORDER BY [MigrationId];
2026-08-07T23:59:16.7698848Z info: Microsoft.EntityFrameworkCore.Database.Command[20101]
2026-08-07T23:59:16.7699152Z       Executed DbCommand (1ms) [Parameters=[], CommandType='Text', CommandTimeout='30']
2026-08-07T23:59:16.7699225Z       SELECT TOP(1) [b].[BankAccountNumber]
2026-08-07T23:59:16.7699269Z       FROM [Beneficiaries] AS [b]
2026-08-07T23:59:16.7699356Z       ORDER BY [b].[Id]
2026-08-07T23:59:23.0346535Z info: Microsoft.EntityFrameworkCore.Database.Command[20101]
2026-08-07T23:59:23.0347401Z       Executed DbCommand (2ms) [Parameters=[], CommandType='Text', CommandTimeout='30']
2026-08-07T23:59:23.0347518Z       SELECT 1
2026-08-07T23:59:23.0365780Z info: Microsoft.EntityFrameworkCore.Database.Command[20101]
2026-08-07T23:59:23.0366502Z       Executed DbCommand (2ms) [Parameters=[], CommandType='Text', CommandTimeout='30']
2026-08-07T23:59:23.0366609Z       SELECT OBJECT_ID(N'[__EFMigrationsHistory]');
2026-08-07T23:59:23.0400278Z info: Microsoft.EntityFrameworkCore.Database.Command[20101]
2026-08-07T23:59:23.0400683Z       Executed DbCommand (2ms) [Parameters=[], CommandType='Text', CommandTimeout='30']
2026-08-07T23:59:23.0400833Z       SELECT [MigrationId], [ProductVersion]
2026-08-07T23:59:23.0400898Z       FROM [__EFMigrationsHistory]
2026-08-07T23:59:23.0400960Z       ORDER BY [MigrationId];
2026-08-07T23:59:23.0413093Z info: Microsoft.EntityFrameworkCore.Database.Command[20101]
2026-08-07T23:59:23.0413411Z       Executed DbCommand (1ms) [Parameters=[], CommandType='Text', CommandTimeout='30']
2026-08-07T23:59:23.0413518Z       SELECT TOP(1) [b].[BankAccountNumber]
2026-08-07T23:59:23.0413567Z       FROM [Beneficiaries] AS [b]
2026-08-07T23:59:23.0413700Z       ORDER BY [b].[Id]
2026-08-07T23:59:32.7118451Z info: Microsoft.EntityFrameworkCore.Database.Command[20101]
2026-08-07T23:59:32.7119228Z       Executed DbCommand (2ms) [Parameters=[], CommandType='Text', CommandTimeout='30']
2026-08-07T23:59:32.7119327Z       SELECT 1
2026-08-07T23:59:32.7135697Z info: Microsoft.EntityFrameworkCore.Database.Command[20101]
2026-08-07T23:59:32.7139542Z       Executed DbCommand (2ms) [Parameters=[], CommandType='Text', CommandTimeout='30']
2026-08-07T23:59:32.7139639Z       SELECT OBJECT_ID(N'[__EFMigrationsHistory]');
2026-08-07T23:59:32.7168156Z info: Microsoft.EntityFrameworkCore.Database.Command[20101]
2026-08-07T23:59:32.7168489Z       Executed DbCommand (2ms) [Parameters=[], CommandType='Text', CommandTimeout='30']
2026-08-07T23:59:32.7168559Z       SELECT [MigrationId], [ProductVersion]
2026-08-07T23:59:32.7168603Z       FROM [__EFMigrationsHistory]
2026-08-07T23:59:32.7171431Z       ORDER BY [MigrationId];
2026-08-07T23:59:32.7191199Z info: Microsoft.EntityFrameworkCore.Database.Command[20101]
2026-08-07T23:59:32.7191510Z       Executed DbCommand (1ms) [Parameters=[], CommandType='Text', CommandTimeout='30']
2026-08-07T23:59:32.7191572Z       SELECT TOP(1) [b].[BankAccountNumber]
2026-08-07T23:59:32.7191610Z       FROM [Beneficiaries] AS [b]
2026-08-07T23:59:32.7191692Z       ORDER BY [b].[Id]
2026-08-07T23:59:34.5234524Z info: Microsoft.EntityFrameworkCore.Database.Command[20101]
2026-08-07T23:59:34.5235451Z       Executed DbCommand (2ms) [Parameters=[], CommandType='Text', CommandTimeout='30']
2026-08-07T23:59:34.5235642Z       SELECT 1
2026-08-07T23:59:34.5252725Z info: Microsoft.EntityFrameworkCore.Database.Command[20101]
2026-08-07T23:59:34.5253196Z       Executed DbCommand (2ms) [Parameters=[], CommandType='Text', CommandTimeout='30']
2026-08-07T23:59:34.5253278Z       SELECT OBJECT_ID(N'[__EFMigrationsHistory]');
2026-08-07T23:59:34.5282925Z info: Microsoft.EntityFrameworkCore.Database.Command[20101]
2026-08-07T23:59:34.5283341Z       Executed DbCommand (1ms) [Parameters=[], CommandType='Text', CommandTimeout='30']
2026-08-07T23:59:34.5283467Z       SELECT [MigrationId], [ProductVersion]
2026-08-07T23:59:34.5283511Z       FROM [__EFMigrationsHistory]
2026-08-07T23:59:34.5283549Z       ORDER BY [MigrationId];
2026-08-07T23:59:34.5298227Z info: Microsoft.EntityFrameworkCore.Database.Command[20101]
2026-08-07T23:59:34.5298554Z       Executed DbCommand (1ms) [Parameters=[], CommandType='Text', CommandTimeout='30']
2026-08-07T23:59:34.5298672Z       SELECT TOP(1) [b].[BankAccountNumber]
2026-08-07T23:59:34.5298718Z       FROM [Beneficiaries] AS [b]
2026-08-07T23:59:34.5298753Z       ORDER BY [b].[Id]
2026-08-07T23:59:35.4119495Z info: Microsoft.EntityFrameworkCore.Database.Command[20101]
2026-08-07T23:59:35.4120341Z       Executed DbCommand (2ms) [Parameters=[], CommandType='Text', CommandTimeout='30']
2026-08-07T23:59:35.4120461Z       SELECT 1
2026-08-07T23:59:35.4136475Z info: Microsoft.EntityFrameworkCore.Database.Command[20101]
2026-08-07T23:59:35.4137075Z       Executed DbCommand (2ms) [Parameters=[], CommandType='Text', CommandTimeout='30']
2026-08-07T23:59:35.4137176Z       SELECT OBJECT_ID(N'[__EFMigrationsHistory]');
2026-08-07T23:59:35.4165519Z info: Microsoft.EntityFrameworkCore.Database.Command[20101]
2026-08-07T23:59:35.4165884Z       Executed DbCommand (1ms) [Parameters=[], CommandType='Text', CommandTimeout='30']
2026-08-07T23:59:35.4165981Z       SELECT [MigrationId], [ProductVersion]
2026-08-07T23:59:35.4166150Z       FROM [__EFMigrationsHistory]
2026-08-07T23:59:35.4173494Z       ORDER BY [MigrationId];
2026-08-07T23:59:35.4185610Z info: Microsoft.EntityFrameworkCore.Database.Command[20101]
2026-08-07T23:59:35.4185907Z       Executed DbCommand (1ms) [Parameters=[], CommandType='Text', CommandTimeout='30']
2026-08-07T23:59:35.4185970Z       SELECT TOP(1) [b].[BankAccountNumber]
2026-08-07T23:59:35.4186007Z       FROM [Beneficiaries] AS [b]
2026-08-07T23:59:35.4186091Z       ORDER BY [b].[Id]
2026-08-07T23:59:38.2955177Z info: Microsoft.EntityFrameworkCore.Database.Command[20101]
2026-08-07T23:59:38.2956261Z       Executed DbCommand (2ms) [Parameters=[], CommandType='Text', CommandTimeout='30']
2026-08-07T23:59:38.2956403Z       SELECT 1
2026-08-07T23:59:38.2979064Z info: Microsoft.EntityFrameworkCore.Database.Command[20101]
2026-08-07T23:59:38.2980735Z       Executed DbCommand (2ms) [Parameters=[], CommandType='Text', CommandTimeout='30']
2026-08-07T23:59:38.2980849Z       SELECT OBJECT_ID(N'[__EFMigrationsHistory]');
2026-08-07T23:59:38.3012420Z info: Microsoft.EntityFrameworkCore.Database.Command[20101]
2026-08-07T23:59:38.3012774Z       Executed DbCommand (2ms) [Parameters=[], CommandType='Text', CommandTimeout='30']
2026-08-07T23:59:38.3012988Z       SELECT [MigrationId], [ProductVersion]
2026-08-07T23:59:38.3013040Z       FROM [__EFMigrationsHistory]
2026-08-07T23:59:38.3013088Z       ORDER BY [MigrationId];
2026-08-07T23:59:38.3084476Z info: Microsoft.EntityFrameworkCore.Database.Command[20101]
2026-08-07T23:59:38.3084902Z       Executed DbCommand (6ms) [Parameters=[], CommandType='Text', CommandTimeout='30']
2026-08-07T23:59:38.3086592Z       SELECT TOP(1) [b].[BankAccountNumber]
2026-08-07T23:59:38.3086886Z       FROM [Beneficiaries] AS [b]
2026-08-07T23:59:38.3086945Z       ORDER BY [b].[Id]
2026-08-07T23:59:39.7988620Z info: Microsoft.EntityFrameworkCore.Database.Command[20101]
2026-08-07T23:59:39.7989805Z       Executed DbCommand (2ms) [Parameters=[], CommandType='Text', CommandTimeout='30']
2026-08-07T23:59:39.7989925Z       SELECT 1
2026-08-07T23:59:39.8015338Z info: Microsoft.EntityFrameworkCore.Database.Command[20101]
2026-08-07T23:59:39.8015848Z       Executed DbCommand (2ms) [Parameters=[], CommandType='Text', CommandTimeout='30']
2026-08-07T23:59:39.8016020Z       SELECT OBJECT_ID(N'[__EFMigrationsHistory]');
2026-08-07T23:59:39.8045987Z info: Microsoft.EntityFrameworkCore.Database.Command[20101]
2026-08-07T23:59:39.8046370Z       Executed DbCommand (1ms) [Parameters=[], CommandType='Text', CommandTimeout='30']
2026-08-07T23:59:39.8046444Z       SELECT [MigrationId], [ProductVersion]
2026-08-07T23:59:39.8046490Z       FROM [__EFMigrationsHistory]
2026-08-07T23:59:39.8050423Z       ORDER BY [MigrationId];
2026-08-07T23:59:39.8060893Z info: Microsoft.EntityFrameworkCore.Database.Command[20101]
2026-08-07T23:59:39.8061210Z       Executed DbCommand (1ms) [Parameters=[], CommandType='Text', CommandTimeout='30']
2026-08-07T23:59:39.8061276Z       SELECT TOP(1) [b].[BankAccountNumber]
2026-08-07T23:59:39.8061358Z       FROM [Beneficiaries] AS [b]
2026-08-07T23:59:39.8061404Z       ORDER BY [b].[Id]
2026-08-07T23:59:42.5334361Z info: Microsoft.EntityFrameworkCore.Database.Command[20101]
2026-08-07T23:59:42.5335310Z       Executed DbCommand (2ms) [Parameters=[], CommandType='Text', CommandTimeout='30']
2026-08-07T23:59:42.5335433Z       SELECT 1
2026-08-07T23:59:42.5363059Z info: Microsoft.EntityFrameworkCore.Database.Command[20101]
2026-08-07T23:59:42.5363637Z       Executed DbCommand (2ms) [Parameters=[], CommandType='Text', CommandTimeout='30']
2026-08-07T23:59:42.5363724Z       SELECT OBJECT_ID(N'[__EFMigrationsHistory]');
2026-08-07T23:59:42.5377537Z info: Microsoft.EntityFrameworkCore.Database.Command[20101]
2026-08-07T23:59:42.5377979Z       Executed DbCommand (2ms) [Parameters=[], CommandType='Text', CommandTimeout='30']
2026-08-07T23:59:42.5378047Z       SELECT [MigrationId], [ProductVersion]
2026-08-07T23:59:42.5378085Z       FROM [__EFMigrationsHistory]
2026-08-07T23:59:42.5378522Z       ORDER BY [MigrationId];
2026-08-07T23:59:42.5394114Z info: Microsoft.EntityFrameworkCore.Database.Command[20101]
2026-08-07T23:59:42.5394445Z       Executed DbCommand (1ms) [Parameters=[], CommandType='Text', CommandTimeout='30']
2026-08-07T23:59:42.5394506Z       SELECT TOP(1) [b].[BankAccountNumber]
2026-08-07T23:59:42.5394553Z       FROM [Beneficiaries] AS [b]
2026-08-07T23:59:42.5394592Z       ORDER BY [b].[Id]
2026-08-07T23:59:43.8210516Z info: Microsoft.EntityFrameworkCore.Database.Command[20101]
2026-08-07T23:59:43.8211520Z       Executed DbCommand (2ms) [Parameters=[], CommandType='Text', CommandTimeout='30']
2026-08-07T23:59:43.8211646Z       SELECT 1
2026-08-07T23:59:43.8229506Z info: Microsoft.EntityFrameworkCore.Database.Command[20101]
2026-08-07T23:59:43.8230136Z       Executed DbCommand (2ms) [Parameters=[], CommandType='Text', CommandTimeout='30']
2026-08-07T23:59:43.8230239Z       SELECT OBJECT_ID(N'[__EFMigrationsHistory]');
2026-08-07T23:59:43.8254179Z info: Microsoft.EntityFrameworkCore.Database.Command[20101]
2026-08-07T23:59:43.8254504Z       Executed DbCommand (2ms) [Parameters=[], CommandType='Text', CommandTimeout='30']
2026-08-07T23:59:43.8254573Z       SELECT [MigrationId], [ProductVersion]
2026-08-07T23:59:43.8254667Z       FROM [__EFMigrationsHistory]
2026-08-07T23:59:43.8260426Z       ORDER BY [MigrationId];
2026-08-07T23:59:43.8272501Z info: Microsoft.EntityFrameworkCore.Database.Command[20101]
2026-08-07T23:59:43.8272800Z       Executed DbCommand (1ms) [Parameters=[], CommandType='Text', CommandTimeout='30']
2026-08-07T23:59:43.8272905Z       SELECT TOP(1) [b].[BankAccountNumber]
2026-08-07T23:59:43.8272950Z       FROM [Beneficiaries] AS [b]
2026-08-07T23:59:43.8272993Z       ORDER BY [b].[Id]
2026-08-07T23:59:47.4630156Z info: Microsoft.EntityFrameworkCore.Database.Command[20101]
2026-08-07T23:59:47.4631075Z       Executed DbCommand (2ms) [Parameters=[], CommandType='Text', CommandTimeout='30']
2026-08-07T23:59:47.4631315Z       SELECT 1
2026-08-07T23:59:47.4647109Z info: Microsoft.EntityFrameworkCore.Database.Command[20101]
2026-08-07T23:59:47.4647617Z       Executed DbCommand (2ms) [Parameters=[], CommandType='Text', CommandTimeout='30']
2026-08-07T23:59:47.4647709Z       SELECT OBJECT_ID(N'[__EFMigrationsHistory]');
2026-08-07T23:59:47.4678832Z info: Microsoft.EntityFrameworkCore.Database.Command[20101]
2026-08-07T23:59:47.4679356Z       Executed DbCommand (1ms) [Parameters=[], CommandType='Text', CommandTimeout='30']
2026-08-07T23:59:47.4679440Z       SELECT [MigrationId], [ProductVersion]
2026-08-07T23:59:47.4679487Z       FROM [__EFMigrationsHistory]
2026-08-07T23:59:47.4679528Z       ORDER BY [MigrationId];
2026-08-07T23:59:47.4691745Z info: Microsoft.EntityFrameworkCore.Database.Command[20101]
2026-08-07T23:59:47.4692041Z       Executed DbCommand (1ms) [Parameters=[], CommandType='Text', CommandTimeout='30']
2026-08-07T23:59:47.4692106Z       SELECT TOP(1) [b].[BankAccountNumber]
2026-08-07T23:59:47.4692144Z       FROM [Beneficiaries] AS [b]
2026-08-07T23:59:47.4692232Z       ORDER BY [b].[Id]
2026-08-07T23:59:52.1724829Z info: Microsoft.EntityFrameworkCore.Database.Command[20101]
2026-08-07T23:59:52.1725706Z       Executed DbCommand (2ms) [Parameters=[], CommandType='Text', CommandTimeout='30']
2026-08-07T23:59:52.1725810Z       SELECT 1
2026-08-07T23:59:52.1740447Z info: Microsoft.EntityFrameworkCore.Database.Command[20101]
2026-08-07T23:59:52.1740879Z       Executed DbCommand (1ms) [Parameters=[], CommandType='Text', CommandTimeout='30']
2026-08-07T23:59:52.1740954Z       SELECT OBJECT_ID(N'[__EFMigrationsHistory]');
2026-08-07T23:59:52.1791984Z info: Microsoft.EntityFrameworkCore.Database.Command[20101]
2026-08-07T23:59:52.1792510Z       Executed DbCommand (3ms) [Parameters=[], CommandType='Text', CommandTimeout='30']
2026-08-07T23:59:52.1792642Z       SELECT [MigrationId], [ProductVersion]
2026-08-07T23:59:52.1792682Z       FROM [__EFMigrationsHistory]
2026-08-07T23:59:52.1792719Z       ORDER BY [MigrationId];
2026-08-07T23:59:52.1809594Z info: Microsoft.EntityFrameworkCore.Database.Command[20101]
2026-08-07T23:59:52.1810027Z       Executed DbCommand (2ms) [Parameters=[], CommandType='Text', CommandTimeout='30']
2026-08-07T23:59:52.1810141Z       SELECT TOP(1) [b].[BankAccountNumber]
2026-08-07T23:59:52.1810181Z       FROM [Beneficiaries] AS [b]
2026-08-07T23:59:52.1810218Z       ORDER BY [b].[Id]
2026-08-07T23:59:53.6525319Z info: Microsoft.EntityFrameworkCore.Database.Command[20101]
2026-08-07T23:59:53.6526130Z       Executed DbCommand (2ms) [Parameters=[], CommandType='Text', CommandTimeout='30']
2026-08-07T23:59:53.6526223Z       SELECT 1
2026-08-07T23:59:53.6551515Z info: Microsoft.EntityFrameworkCore.Database.Command[20101]
2026-08-07T23:59:53.6552193Z       Executed DbCommand (2ms) [Parameters=[], CommandType='Text', CommandTimeout='30']
2026-08-07T23:59:53.6552282Z       SELECT OBJECT_ID(N'[__EFMigrationsHistory]');
2026-08-07T23:59:53.6564956Z info: Microsoft.EntityFrameworkCore.Database.Command[20101]
2026-08-07T23:59:53.6565358Z       Executed DbCommand (1ms) [Parameters=[], CommandType='Text', CommandTimeout='30']
2026-08-07T23:59:53.6565434Z       SELECT [MigrationId], [ProductVersion]
2026-08-07T23:59:53.6565480Z       FROM [__EFMigrationsHistory]
2026-08-07T23:59:53.6565705Z       ORDER BY [MigrationId];
2026-08-07T23:59:53.6585361Z info: Microsoft.EntityFrameworkCore.Database.Command[20101]
2026-08-07T23:59:53.6585703Z       Executed DbCommand (2ms) [Parameters=[], CommandType='Text', CommandTimeout='30']
2026-08-07T23:59:53.6585782Z       SELECT TOP(1) [b].[BankAccountNumber]
2026-08-07T23:59:53.6585831Z       FROM [Beneficiaries] AS [b]
2026-08-07T23:59:53.6585925Z       ORDER BY [b].[Id]
2026-08-07T23:59:56.1862902Z info: Microsoft.EntityFrameworkCore.Database.Command[20101]
2026-08-07T23:59:56.1863893Z       Executed DbCommand (2ms) [Parameters=[], CommandType='Text', CommandTimeout='30']
2026-08-07T23:59:56.1864016Z       SELECT 1
2026-08-07T23:59:56.1894085Z info: Microsoft.EntityFrameworkCore.Database.Command[20101]
2026-08-07T23:59:56.1894711Z       Executed DbCommand (2ms) [Parameters=[], CommandType='Text', CommandTimeout='30']
2026-08-07T23:59:56.1894820Z       SELECT OBJECT_ID(N'[__EFMigrationsHistory]');
2026-08-07T23:59:56.1908168Z info: Microsoft.EntityFrameworkCore.Database.Command[20101]
2026-08-07T23:59:56.1908579Z       Executed DbCommand (1ms) [Parameters=[], CommandType='Text', CommandTimeout='30']
2026-08-07T23:59:56.1908692Z       SELECT [MigrationId], [ProductVersion]
2026-08-07T23:59:56.1908738Z       FROM [__EFMigrationsHistory]
2026-08-07T23:59:56.1909172Z       ORDER BY [MigrationId];
2026-08-07T23:59:56.1924382Z info: Microsoft.EntityFrameworkCore.Database.Command[20101]
2026-08-07T23:59:56.1924783Z       Executed DbCommand (1ms) [Parameters=[], CommandType='Text', CommandTimeout='30']
2026-08-07T23:59:56.1924854Z       SELECT TOP(1) [b].[BankAccountNumber]
2026-08-07T23:59:56.1924896Z       FROM [Beneficiaries] AS [b]
2026-08-07T23:59:56.1924936Z       ORDER BY [b].[Id]
2026-08-07T23:59:56.5430356Z info: Microsoft.EntityFrameworkCore.Database.Command[20101]
2026-08-07T23:59:56.5431225Z       Executed DbCommand (2ms) [Parameters=[], CommandType='Text', CommandTimeout='30']
2026-08-07T23:59:56.5431339Z       SELECT 1
2026-08-07T23:59:56.5459597Z info: Microsoft.EntityFrameworkCore.Database.Command[20101]
2026-08-07T23:59:56.5460203Z       Executed DbCommand (2ms) [Parameters=[], CommandType='Text', CommandTimeout='30']
2026-08-07T23:59:56.5460365Z       SELECT OBJECT_ID(N'[__EFMigrationsHistory]');
2026-08-07T23:59:56.5475657Z info: Microsoft.EntityFrameworkCore.Database.Command[20101]
2026-08-07T23:59:56.5476075Z       Executed DbCommand (1ms) [Parameters=[], CommandType='Text', CommandTimeout='30']
2026-08-07T23:59:56.5476160Z       SELECT [MigrationId], [ProductVersion]
2026-08-07T23:59:56.5476280Z       FROM [__EFMigrationsHistory]
2026-08-07T23:59:56.5476340Z       ORDER BY [MigrationId];
2026-08-07T23:59:56.5492705Z info: Microsoft.EntityFrameworkCore.Database.Command[20101]
2026-08-07T23:59:56.5493017Z       Executed DbCommand (1ms) [Parameters=[], CommandType='Text', CommandTimeout='30']
2026-08-07T23:59:56.5493079Z       SELECT TOP(1) [b].[BankAccountNumber]
2026-08-07T23:59:56.5493264Z       FROM [Beneficiaries] AS [b]
2026-08-07T23:59:56.5493311Z       ORDER BY [b].[Id]
2026-08-07T23:59:57.4825720Z info: Microsoft.EntityFrameworkCore.Database.Command[20101]
2026-08-07T23:59:57.4826572Z       Executed DbCommand (2ms) [Parameters=[], CommandType='Text', CommandTimeout='30']
2026-08-07T23:59:57.4826692Z       SELECT 1
2026-08-07T23:59:57.4855650Z info: Microsoft.EntityFrameworkCore.Database.Command[20101]
2026-08-07T23:59:57.4856233Z       Executed DbCommand (2ms) [Parameters=[], CommandType='Text', CommandTimeout='30']
2026-08-07T23:59:57.4856344Z       SELECT OBJECT_ID(N'[__EFMigrationsHistory]');
2026-08-07T23:59:57.4874477Z info: Microsoft.EntityFrameworkCore.Database.Command[20101]
2026-08-07T23:59:57.4875001Z       Executed DbCommand (2ms) [Parameters=[], CommandType='Text', CommandTimeout='30']
2026-08-07T23:59:57.4875098Z       SELECT [MigrationId], [ProductVersion]
2026-08-07T23:59:57.4875150Z       FROM [__EFMigrationsHistory]
2026-08-07T23:59:57.4875208Z       ORDER BY [MigrationId];
2026-08-07T23:59:57.4891994Z info: Microsoft.EntityFrameworkCore.Database.Command[20101]
2026-08-07T23:59:57.4892365Z       Executed DbCommand (2ms) [Parameters=[], CommandType='Text', CommandTimeout='30']
2026-08-07T23:59:57.4892441Z       SELECT TOP(1) [b].[BankAccountNumber]
2026-08-07T23:59:57.4892483Z       FROM [Beneficiaries] AS [b]
2026-08-07T23:59:57.4892531Z       ORDER BY [b].[Id]
