2026-08-07T23:29:23.5158790Z       SELECT 1
2026-08-07T23:29:23.5192703Z info: Microsoft.EntityFrameworkCore.Database.Command[20101]
2026-08-07T23:29:23.5193300Z       Executed DbCommand (2ms) [Parameters=[], CommandType='Text', CommandTimeout='30']
2026-08-07T23:29:23.5193388Z       SELECT OBJECT_ID(N'[__EFMigrationsHistory]');
2026-08-07T23:29:23.5207153Z info: Microsoft.EntityFrameworkCore.Database.Command[20101]
2026-08-07T23:29:23.5207555Z       Executed DbCommand (1ms) [Parameters=[], CommandType='Text', CommandTimeout='30']
2026-08-07T23:29:23.5207631Z       SELECT [MigrationId], [ProductVersion]
2026-08-07T23:29:23.5207678Z       FROM [__EFMigrationsHistory]
2026-08-07T23:29:23.5207722Z       ORDER BY [MigrationId];
2026-08-07T23:29:23.5224281Z info: Microsoft.EntityFrameworkCore.Database.Command[20101]
2026-08-07T23:29:23.5224610Z       Executed DbCommand (1ms) [Parameters=[], CommandType='Text', CommandTimeout='30']
2026-08-07T23:29:23.5224678Z       SELECT TOP(1) [b].[BankAccountNumber]
2026-08-07T23:29:23.5224716Z       FROM [Beneficiaries] AS [b]
2026-08-07T23:29:23.5224754Z       ORDER BY [b].[Id]
2026-08-07T23:29:24.4572824Z info: Microsoft.EntityFrameworkCore.Database.Command[20101]
2026-08-07T23:29:24.4573610Z       Executed DbCommand (2ms) [Parameters=[], CommandType='Text', CommandTimeout='30']
2026-08-07T23:29:24.4573724Z       SELECT 1
2026-08-07T23:29:24.4589802Z info: Microsoft.EntityFrameworkCore.Database.Command[20101]
2026-08-07T23:29:24.4590310Z       Executed DbCommand (2ms) [Parameters=[], CommandType='Text', CommandTimeout='30']
2026-08-07T23:29:24.4590400Z       SELECT OBJECT_ID(N'[__EFMigrationsHistory]');
2026-08-07T23:29:24.4617681Z info: Microsoft.EntityFrameworkCore.Database.Command[20101]
2026-08-07T23:29:24.4618068Z       Executed DbCommand (1ms) [Parameters=[], CommandType='Text', CommandTimeout='30']
2026-08-07T23:29:24.4618182Z       SELECT [MigrationId], [ProductVersion]
2026-08-07T23:29:24.4618227Z       FROM [__EFMigrationsHistory]
2026-08-07T23:29:24.4623963Z       ORDER BY [MigrationId];
2026-08-07T23:29:24.4635654Z info: Microsoft.EntityFrameworkCore.Database.Command[20101]
2026-08-07T23:29:24.4635997Z       Executed DbCommand (1ms) [Parameters=[], CommandType='Text', CommandTimeout='30']
2026-08-07T23:29:24.4636075Z       SELECT TOP(1) [b].[BankAccountNumber]
2026-08-07T23:29:24.4636118Z       FROM [Beneficiaries] AS [b]
2026-08-07T23:29:24.4636155Z       ORDER BY [b].[Id]
2026-08-07T23:29:25.6183349Z info: Microsoft.EntityFrameworkCore.Database.Command[20101]
2026-08-07T23:29:25.6184103Z       Executed DbCommand (2ms) [Parameters=[], CommandType='Text', CommandTimeout='30']
2026-08-07T23:29:25.6184218Z       SELECT 1
2026-08-07T23:29:25.6208934Z info: Microsoft.EntityFrameworkCore.Database.Command[20101]
2026-08-07T23:29:25.6209349Z       Executed DbCommand (2ms) [Parameters=[], CommandType='Text', CommandTimeout='30']
2026-08-07T23:29:25.6209474Z       SELECT OBJECT_ID(N'[__EFMigrationsHistory]');
2026-08-07T23:29:25.6225378Z info: Microsoft.EntityFrameworkCore.Database.Command[20101]
2026-08-07T23:29:25.6225702Z       Executed DbCommand (1ms) [Parameters=[], CommandType='Text', CommandTimeout='30']
2026-08-07T23:29:25.6225776Z       SELECT [MigrationId], [ProductVersion]
2026-08-07T23:29:25.6225820Z       FROM [__EFMigrationsHistory]
2026-08-07T23:29:25.6225901Z       ORDER BY [MigrationId];
2026-08-07T23:29:25.6242340Z info: Microsoft.EntityFrameworkCore.Database.Command[20101]
2026-08-07T23:29:25.6242632Z       Executed DbCommand (1ms) [Parameters=[], CommandType='Text', CommandTimeout='30']
2026-08-07T23:29:25.6242705Z       SELECT TOP(1) [b].[BankAccountNumber]
2026-08-07T23:29:25.6242752Z       FROM [Beneficiaries] AS [b]
2026-08-07T23:29:25.6242840Z       ORDER BY [b].[Id]
2026-08-07T23:29:30.4365015Z info: Microsoft.EntityFrameworkCore.Database.Command[20101]
2026-08-07T23:29:30.4365787Z       Executed DbCommand (2ms) [Parameters=[], CommandType='Text', CommandTimeout='30']
2026-08-07T23:29:30.4365911Z       SELECT 1
2026-08-07T23:29:30.4409742Z info: Microsoft.EntityFrameworkCore.Database.Command[20101]
2026-08-07T23:29:30.4410329Z       Executed DbCommand (2ms) [Parameters=[], CommandType='Text', CommandTimeout='30']
2026-08-07T23:29:30.4410416Z       SELECT OBJECT_ID(N'[__EFMigrationsHistory]');
2026-08-07T23:29:30.4438795Z info: Microsoft.EntityFrameworkCore.Database.Command[20101]
2026-08-07T23:29:30.4439217Z       Executed DbCommand (1ms) [Parameters=[], CommandType='Text', CommandTimeout='30']
2026-08-07T23:29:30.4439297Z       SELECT [MigrationId], [ProductVersion]
2026-08-07T23:29:30.4439347Z       FROM [__EFMigrationsHistory]
2026-08-07T23:29:30.4439393Z       ORDER BY [MigrationId];
2026-08-07T23:29:30.4451505Z info: Microsoft.EntityFrameworkCore.Database.Command[20101]
2026-08-07T23:29:30.4451857Z       Executed DbCommand (1ms) [Parameters=[], CommandType='Text', CommandTimeout='30']
2026-08-07T23:29:30.4451923Z       SELECT TOP(1) [b].[BankAccountNumber]
2026-08-07T23:29:30.4451962Z       FROM [Beneficiaries] AS [b]
2026-08-07T23:29:30.4451998Z       ORDER BY [b].[Id]
2026-08-07T23:29:33.2134893Z info: Microsoft.EntityFrameworkCore.Database.Command[20101]
2026-08-07T23:29:33.2135815Z       Executed DbCommand (2ms) [Parameters=[], CommandType='Text', CommandTimeout='30']
2026-08-07T23:29:33.2135927Z       SELECT 1
2026-08-07T23:29:33.2156958Z info: Microsoft.EntityFrameworkCore.Database.Command[20101]
2026-08-07T23:29:33.2157382Z       Executed DbCommand (2ms) [Parameters=[], CommandType='Text', CommandTimeout='30']
2026-08-07T23:29:33.2157518Z       SELECT OBJECT_ID(N'[__EFMigrationsHistory]');
2026-08-07T23:29:33.2187222Z info: Microsoft.EntityFrameworkCore.Database.Command[20101]
2026-08-07T23:29:33.2187663Z       Executed DbCommand (1ms) [Parameters=[], CommandType='Text', CommandTimeout='30']
2026-08-07T23:29:33.2187737Z       SELECT [MigrationId], [ProductVersion]
2026-08-07T23:29:33.2187827Z       FROM [__EFMigrationsHistory]
2026-08-07T23:29:33.2187865Z       ORDER BY [MigrationId];
2026-08-07T23:29:33.2200225Z info: Microsoft.EntityFrameworkCore.Database.Command[20101]
2026-08-07T23:29:33.2200551Z       Executed DbCommand (1ms) [Parameters=[], CommandType='Text', CommandTimeout='30']
2026-08-07T23:29:33.2200622Z       SELECT TOP(1) [b].[BankAccountNumber]
2026-08-07T23:29:33.2200715Z       FROM [Beneficiaries] AS [b]
2026-08-07T23:29:33.2200753Z       ORDER BY [b].[Id]
2026-08-07T23:29:35.3254498Z info: Microsoft.EntityFrameworkCore.Database.Command[20101]
2026-08-07T23:29:35.3255372Z       Executed DbCommand (2ms) [Parameters=[], CommandType='Text', CommandTimeout='30']
2026-08-07T23:29:35.3255577Z       SELECT 1
2026-08-07T23:29:35.3270526Z info: Microsoft.EntityFrameworkCore.Database.Command[20101]
2026-08-07T23:29:35.3271118Z       Executed DbCommand (2ms) [Parameters=[], CommandType='Text', CommandTimeout='30']
2026-08-07T23:29:35.3271222Z       SELECT OBJECT_ID(N'[__EFMigrationsHistory]');
2026-08-07T23:29:35.3300360Z info: Microsoft.EntityFrameworkCore.Database.Command[20101]
2026-08-07T23:29:35.3300725Z       Executed DbCommand (1ms) [Parameters=[], CommandType='Text', CommandTimeout='30']
2026-08-07T23:29:35.3302342Z       SELECT [MigrationId], [ProductVersion]
2026-08-07T23:29:35.3302475Z       FROM [__EFMigrationsHistory]
2026-08-07T23:29:35.3302524Z       ORDER BY [MigrationId];
2026-08-07T23:29:35.3313638Z info: Microsoft.EntityFrameworkCore.Database.Command[20101]
2026-08-07T23:29:35.3313940Z       Executed DbCommand (1ms) [Parameters=[], CommandType='Text', CommandTimeout='30']
2026-08-07T23:29:35.3314006Z       SELECT TOP(1) [b].[BankAccountNumber]
2026-08-07T23:29:35.3314045Z       FROM [Beneficiaries] AS [b]
2026-08-07T23:29:35.3314085Z       ORDER BY [b].[Id]
2026-08-07T23:29:38.0350329Z info: Microsoft.EntityFrameworkCore.Database.Command[20101]
2026-08-07T23:29:38.0351275Z       Executed DbCommand (2ms) [Parameters=[], CommandType='Text', CommandTimeout='30']
2026-08-07T23:29:38.0351419Z       SELECT 1
2026-08-07T23:29:38.0369257Z info: Microsoft.EntityFrameworkCore.Database.Command[20101]
2026-08-07T23:29:38.0369812Z       Executed DbCommand (2ms) [Parameters=[], CommandType='Text', CommandTimeout='30']
2026-08-07T23:29:38.0369902Z       SELECT OBJECT_ID(N'[__EFMigrationsHistory]');
2026-08-07T23:29:38.0394668Z info: Microsoft.EntityFrameworkCore.Database.Command[20101]
2026-08-07T23:29:38.0395007Z       Executed DbCommand (1ms) [Parameters=[], CommandType='Text', CommandTimeout='30']
2026-08-07T23:29:38.0395109Z       SELECT [MigrationId], [ProductVersion]
2026-08-07T23:29:38.0395150Z       FROM [__EFMigrationsHistory]
2026-08-07T23:29:38.0395281Z       ORDER BY [MigrationId];
2026-08-07T23:29:38.0411651Z info: Microsoft.EntityFrameworkCore.Database.Command[20101]
2026-08-07T23:29:38.0411952Z       Executed DbCommand (1ms) [Parameters=[], CommandType='Text', CommandTimeout='30']
2026-08-07T23:29:38.0412058Z       SELECT TOP(1) [b].[BankAccountNumber]
2026-08-07T23:29:38.0412099Z       FROM [Beneficiaries] AS [b]
2026-08-07T23:29:38.0412136Z       ORDER BY [b].[Id]
2026-08-07T23:29:42.4921224Z info: Microsoft.EntityFrameworkCore.Database.Command[20101]
2026-08-07T23:29:42.4922075Z       Executed DbCommand (5ms) [Parameters=[], CommandType='Text', CommandTimeout='30']
2026-08-07T23:29:42.4922210Z       SELECT 1
2026-08-07T23:29:42.4949861Z info: Microsoft.EntityFrameworkCore.Database.Command[20101]
2026-08-07T23:29:42.4950362Z       Executed DbCommand (2ms) [Parameters=[], CommandType='Text', CommandTimeout='30']
2026-08-07T23:29:42.4950453Z       SELECT OBJECT_ID(N'[__EFMigrationsHistory]');
2026-08-07T23:29:42.4975205Z info: Microsoft.EntityFrameworkCore.Database.Command[20101]
2026-08-07T23:29:42.4975638Z       Executed DbCommand (2ms) [Parameters=[], CommandType='Text', CommandTimeout='30']
2026-08-07T23:29:42.4975720Z       SELECT [MigrationId], [ProductVersion]
2026-08-07T23:29:42.4975769Z       FROM [__EFMigrationsHistory]
2026-08-07T23:29:42.4975864Z       ORDER BY [MigrationId];
2026-08-07T23:29:42.4996043Z info: Microsoft.EntityFrameworkCore.Database.Command[20101]
2026-08-07T23:29:42.4996368Z       Executed DbCommand (1ms) [Parameters=[], CommandType='Text', CommandTimeout='30']
2026-08-07T23:29:42.4996437Z       SELECT TOP(1) [b].[BankAccountNumber]
2026-08-07T23:29:42.4996477Z       FROM [Beneficiaries] AS [b]
2026-08-07T23:29:42.4996561Z       ORDER BY [b].[Id]
2026-08-07T23:29:45.1858260Z info: Microsoft.EntityFrameworkCore.Database.Command[20101]
2026-08-07T23:29:45.1859032Z       Executed DbCommand (2ms) [Parameters=[], CommandType='Text', CommandTimeout='30']
2026-08-07T23:29:45.1859144Z       SELECT 1
2026-08-07T23:29:45.1888380Z info: Microsoft.EntityFrameworkCore.Database.Command[20101]
2026-08-07T23:29:45.1889153Z       Executed DbCommand (2ms) [Parameters=[], CommandType='Text', CommandTimeout='30']
2026-08-07T23:29:45.1889228Z       SELECT OBJECT_ID(N'[__EFMigrationsHistory]');
2026-08-07T23:29:45.1905730Z info: Microsoft.EntityFrameworkCore.Database.Command[20101]
2026-08-07T23:29:45.1906164Z       Executed DbCommand (1ms) [Parameters=[], CommandType='Text', CommandTimeout='30']
2026-08-07T23:29:45.1906290Z       SELECT [MigrationId], [ProductVersion]
2026-08-07T23:29:45.1906333Z       FROM [__EFMigrationsHistory]
2026-08-07T23:29:45.1906372Z       ORDER BY [MigrationId];
2026-08-07T23:29:45.1919368Z info: Microsoft.EntityFrameworkCore.Database.Command[20101]
2026-08-07T23:29:45.1919697Z       Executed DbCommand (1ms) [Parameters=[], CommandType='Text', CommandTimeout='30']
2026-08-07T23:29:45.1919815Z       SELECT TOP(1) [b].[BankAccountNumber]
2026-08-07T23:29:45.1919856Z       FROM [Beneficiaries] AS [b]
2026-08-07T23:29:45.1919893Z       ORDER BY [b].[Id]
2026-08-07T23:29:45.9151453Z info: Microsoft.EntityFrameworkCore.Database.Command[20101]
2026-08-07T23:29:45.9152897Z       Executed DbCommand (2ms) [Parameters=[], CommandType='Text', CommandTimeout='30']
2026-08-07T23:29:45.9153151Z       SELECT 1
2026-08-07T23:29:45.9168236Z info: Microsoft.EntityFrameworkCore.Database.Command[20101]
2026-08-07T23:29:45.9169020Z       Executed DbCommand (2ms) [Parameters=[], CommandType='Text', CommandTimeout='30']
2026-08-07T23:29:45.9169104Z       SELECT OBJECT_ID(N'[__EFMigrationsHistory]');
2026-08-07T23:29:45.9199145Z info: Microsoft.EntityFrameworkCore.Database.Command[20101]
2026-08-07T23:29:45.9200270Z       Executed DbCommand (2ms) [Parameters=[], CommandType='Text', CommandTimeout='30']
2026-08-07T23:29:45.9200486Z       SELECT [MigrationId], [ProductVersion]
2026-08-07T23:29:45.9200632Z       FROM [__EFMigrationsHistory]
2026-08-07T23:29:45.9206421Z       ORDER BY [MigrationId];
2026-08-07T23:29:45.9227132Z info: Microsoft.EntityFrameworkCore.Database.Command[20101]
2026-08-07T23:29:45.9227415Z       Executed DbCommand (2ms) [Parameters=[], CommandType='Text', CommandTimeout='30']
2026-08-07T23:29:45.9227490Z       SELECT TOP(1) [b].[BankAccountNumber]
2026-08-07T23:29:45.9227534Z       FROM [Beneficiaries] AS [b]
2026-08-07T23:29:45.9227618Z       ORDER BY [b].[Id]
2026-08-07T23:29:52.1701285Z info: Microsoft.EntityFrameworkCore.Database.Command[20101]
2026-08-07T23:29:52.1702013Z       Executed DbCommand (2ms) [Parameters=[], CommandType='Text', CommandTimeout='30']
2026-08-07T23:29:52.1702140Z       SELECT 1
2026-08-07T23:29:52.1728216Z info: Microsoft.EntityFrameworkCore.Database.Command[20101]
2026-08-07T23:29:52.1728707Z       Executed DbCommand (2ms) [Parameters=[], CommandType='Text', CommandTimeout='30']
2026-08-07T23:29:52.1728795Z       SELECT OBJECT_ID(N'[__EFMigrationsHistory]');
2026-08-07T23:29:52.1741578Z info: Microsoft.EntityFrameworkCore.Database.Command[20101]
2026-08-07T23:29:52.1741887Z       Executed DbCommand (1ms) [Parameters=[], CommandType='Text', CommandTimeout='30']
2026-08-07T23:29:52.1741997Z       SELECT [MigrationId], [ProductVersion]
2026-08-07T23:29:52.1742039Z       FROM [__EFMigrationsHistory]
2026-08-07T23:29:52.1743693Z       ORDER BY [MigrationId];
2026-08-07T23:29:52.1758239Z info: Microsoft.EntityFrameworkCore.Database.Command[20101]
2026-08-07T23:29:52.1758581Z       Executed DbCommand (1ms) [Parameters=[], CommandType='Text', CommandTimeout='30']
2026-08-07T23:29:52.1758646Z       SELECT TOP(1) [b].[BankAccountNumber]
2026-08-07T23:29:52.1758685Z       FROM [Beneficiaries] AS [b]
2026-08-07T23:29:52.1758724Z       ORDER BY [b].[Id]
2026-08-07T23:29:52.8957241Z info: Microsoft.EntityFrameworkCore.Database.Command[20101]
2026-08-07T23:29:52.8958144Z       Executed DbCommand (2ms) [Parameters=[], CommandType='Text', CommandTimeout='30']
2026-08-07T23:29:52.8958266Z       SELECT 1
2026-08-07T23:29:52.8973524Z info: Microsoft.EntityFrameworkCore.Database.Command[20101]
2026-08-07T23:29:52.8974175Z       Executed DbCommand (2ms) [Parameters=[], CommandType='Text', CommandTimeout='30']
2026-08-07T23:29:52.8974333Z       SELECT OBJECT_ID(N'[__EFMigrationsHistory]');
2026-08-07T23:29:52.9001529Z info: Microsoft.EntityFrameworkCore.Database.Command[20101]
2026-08-07T23:29:52.9001856Z       Executed DbCommand (1ms) [Parameters=[], CommandType='Text', CommandTimeout='30']
2026-08-07T23:29:52.9001924Z       SELECT [MigrationId], [ProductVersion]
2026-08-07T23:29:52.9002005Z       FROM [__EFMigrationsHistory]
2026-08-07T23:29:52.9002045Z       ORDER BY [MigrationId];
2026-08-07T23:29:52.9019024Z info: Microsoft.EntityFrameworkCore.Database.Command[20101]
2026-08-07T23:29:52.9019331Z       Executed DbCommand (1ms) [Parameters=[], CommandType='Text', CommandTimeout='30']
2026-08-07T23:29:52.9019395Z       SELECT TOP(1) [b].[BankAccountNumber]
2026-08-07T23:29:52.9019485Z       FROM [Beneficiaries] AS [b]
2026-08-07T23:29:52.9019613Z       ORDER BY [b].[Id]
2026-08-07T23:29:58.9709030Z info: Microsoft.EntityFrameworkCore.Database.Command[20101]
2026-08-07T23:29:58.9709752Z       Executed DbCommand (2ms) [Parameters=[], CommandType='Text', CommandTimeout='30']
2026-08-07T23:29:58.9709858Z       SELECT 1
2026-08-07T23:29:58.9725173Z info: Microsoft.EntityFrameworkCore.Database.Command[20101]
2026-08-07T23:29:58.9725702Z       Executed DbCommand (2ms) [Parameters=[], CommandType='Text', CommandTimeout='30']
2026-08-07T23:29:58.9725788Z       SELECT OBJECT_ID(N'[__EFMigrationsHistory]');
2026-08-07T23:29:58.9755049Z info: Microsoft.EntityFrameworkCore.Database.Command[20101]
2026-08-07T23:29:58.9755460Z       Executed DbCommand (2ms) [Parameters=[], CommandType='Text', CommandTimeout='30']
2026-08-07T23:29:58.9755534Z       SELECT [MigrationId], [ProductVersion]
2026-08-07T23:29:58.9755578Z       FROM [__EFMigrationsHistory]
2026-08-07T23:29:58.9755622Z       ORDER BY [MigrationId];
2026-08-07T23:29:58.9772794Z info: Microsoft.EntityFrameworkCore.Database.Command[20101]
2026-08-07T23:29:58.9773141Z       Executed DbCommand (1ms) [Parameters=[], CommandType='Text', CommandTimeout='30']
2026-08-07T23:29:58.9773213Z       SELECT TOP(1) [b].[BankAccountNumber]
2026-08-07T23:29:58.9773253Z       FROM [Beneficiaries] AS [b]
2026-08-07T23:29:58.9773405Z       ORDER BY [b].[Id]
2026-08-07T23:29:59.9462492Z info: Microsoft.EntityFrameworkCore.Database.Command[20101]
2026-08-07T23:29:59.9463203Z       Executed DbCommand (2ms) [Parameters=[], CommandType='Text', CommandTimeout='30']
2026-08-07T23:29:59.9463304Z       SELECT 1
2026-08-07T23:29:59.9476621Z info: Microsoft.EntityFrameworkCore.Database.Command[20101]
2026-08-07T23:29:59.9477277Z       Executed DbCommand (2ms) [Parameters=[], CommandType='Text', CommandTimeout='30']
2026-08-07T23:29:59.9477425Z       SELECT OBJECT_ID(N'[__EFMigrationsHistory]');
2026-08-07T23:29:59.9501130Z info: Microsoft.EntityFrameworkCore.Database.Command[20101]
2026-08-07T23:29:59.9502214Z       Executed DbCommand (1ms) [Parameters=[], CommandType='Text', CommandTimeout='30']
2026-08-07T23:29:59.9502332Z       SELECT [MigrationId], [ProductVersion]
2026-08-07T23:29:59.9502434Z       FROM [__EFMigrationsHistory]
2026-08-07T23:29:59.9502618Z       ORDER BY [MigrationId];
2026-08-07T23:29:59.9517981Z info: Microsoft.EntityFrameworkCore.Database.Command[20101]
2026-08-07T23:29:59.9518308Z       Executed DbCommand (1ms) [Parameters=[], CommandType='Text', CommandTimeout='30']
2026-08-07T23:29:59.9518424Z       SELECT TOP(1) [b].[BankAccountNumber]
2026-08-07T23:29:59.9518466Z       FROM [Beneficiaries] AS [b]
2026-08-07T23:29:59.9518510Z       ORDER BY [b].[Id]
2026-08-07T23:30:03.1644717Z info: Microsoft.EntityFrameworkCore.Database.Command[20101]
2026-08-07T23:30:03.1645576Z       Executed DbCommand (2ms) [Parameters=[], CommandType='Text', CommandTimeout='30']
2026-08-07T23:30:03.1645848Z       SELECT 1
2026-08-07T23:30:03.1659519Z info: Microsoft.EntityFrameworkCore.Database.Command[20101]
2026-08-07T23:30:03.1660177Z       Executed DbCommand (2ms) [Parameters=[], CommandType='Text', CommandTimeout='30']
2026-08-07T23:30:03.1660281Z       SELECT OBJECT_ID(N'[__EFMigrationsHistory]');
2026-08-07T23:30:03.1693911Z info: Microsoft.EntityFrameworkCore.Database.Command[20101]
2026-08-07T23:30:03.1694476Z       Executed DbCommand (1ms) [Parameters=[], CommandType='Text', CommandTimeout='30']
2026-08-07T23:30:03.1694590Z       SELECT [MigrationId], [ProductVersion]
2026-08-07T23:30:03.1694657Z       FROM [__EFMigrationsHistory]
2026-08-07T23:30:03.1694719Z       ORDER BY [MigrationId];
2026-08-07T23:30:03.1708481Z info: Microsoft.EntityFrameworkCore.Database.Command[20101]
2026-08-07T23:30:03.1708951Z       Executed DbCommand (1ms) [Parameters=[], CommandType='Text', CommandTimeout='30']
2026-08-07T23:30:03.1709046Z       SELECT TOP(1) [b].[BankAccountNumber]
2026-08-07T23:30:03.1709109Z       FROM [Beneficiaries] AS [b]
2026-08-07T23:30:03.1709169Z       ORDER BY [b].[Id]
2026-08-07T23:30:09.3459166Z info: Microsoft.EntityFrameworkCore.Database.Command[20101]
2026-08-07T23:30:09.3460106Z       Executed DbCommand (2ms) [Parameters=[], CommandType='Text', CommandTimeout='30']
2026-08-07T23:30:09.3460242Z       SELECT 1
2026-08-07T23:30:09.3477767Z info: Microsoft.EntityFrameworkCore.Database.Command[20101]
2026-08-07T23:30:09.3478323Z       Executed DbCommand (2ms) [Parameters=[], CommandType='Text', CommandTimeout='30']
2026-08-07T23:30:09.3478428Z       SELECT OBJECT_ID(N'[__EFMigrationsHistory]');
2026-08-07T23:30:09.3511513Z info: Microsoft.EntityFrameworkCore.Database.Command[20101]
2026-08-07T23:30:09.3511888Z       Executed DbCommand (1ms) [Parameters=[], CommandType='Text', CommandTimeout='30']
2026-08-07T23:30:09.3512039Z       SELECT [MigrationId], [ProductVersion]
2026-08-07T23:30:09.3512102Z       FROM [__EFMigrationsHistory]
2026-08-07T23:30:09.3512319Z       ORDER BY [MigrationId];
2026-08-07T23:30:09.3524301Z info: Microsoft.EntityFrameworkCore.Database.Command[20101]
2026-08-07T23:30:09.3524736Z       Executed DbCommand (1ms) [Parameters=[], CommandType='Text', CommandTimeout='30']
2026-08-07T23:30:09.3524836Z       SELECT TOP(1) [b].[BankAccountNumber]
2026-08-07T23:30:09.3524887Z       FROM [Beneficiaries] AS [b]
2026-08-07T23:30:09.3524938Z       ORDER BY [b].[Id]
2026-08-07T23:30:14.8578248Z info: Microsoft.EntityFrameworkCore.Database.Command[20101]
2026-08-07T23:30:14.8579068Z       Executed DbCommand (2ms) [Parameters=[], CommandType='Text', CommandTimeout='30']
2026-08-07T23:30:14.8579189Z       SELECT 1
2026-08-07T23:30:14.8596517Z info: Microsoft.EntityFrameworkCore.Database.Command[20101]
2026-08-07T23:30:14.8596969Z       Executed DbCommand (2ms) [Parameters=[], CommandType='Text', CommandTimeout='30']
2026-08-07T23:30:14.8597112Z       SELECT OBJECT_ID(N'[__EFMigrationsHistory]');
2026-08-07T23:30:14.8626725Z info: Microsoft.EntityFrameworkCore.Database.Command[20101]
2026-08-07T23:30:14.8627044Z       Executed DbCommand (2ms) [Parameters=[], CommandType='Text', CommandTimeout='30']
2026-08-07T23:30:14.8627114Z       SELECT [MigrationId], [ProductVersion]
2026-08-07T23:30:14.8627154Z       FROM [__EFMigrationsHistory]
2026-08-07T23:30:14.8627399Z       ORDER BY [MigrationId];
2026-08-07T23:30:14.8652105Z info: Microsoft.EntityFrameworkCore.Database.Command[20101]
2026-08-07T23:30:14.8652416Z       Executed DbCommand (2ms) [Parameters=[], CommandType='Text', CommandTimeout='30']
2026-08-07T23:30:14.8652483Z       SELECT TOP(1) [b].[BankAccountNumber]
2026-08-07T23:30:14.8652527Z       FROM [Beneficiaries] AS [b]
2026-08-07T23:30:14.8652611Z       ORDER BY [b].[Id]
2026-08-07T23:30:16.2982347Z info: Microsoft.EntityFrameworkCore.Database.Command[20101]
2026-08-07T23:30:16.2983203Z       Executed DbCommand (2ms) [Parameters=[], CommandType='Text', CommandTimeout='30']
2026-08-07T23:30:16.2983332Z       SELECT 1
2026-08-07T23:30:16.3007556Z info: Microsoft.EntityFrameworkCore.Database.Command[20101]
2026-08-07T23:30:16.3008187Z       Executed DbCommand (2ms) [Parameters=[], CommandType='Text', CommandTimeout='30']
2026-08-07T23:30:16.3008310Z       SELECT OBJECT_ID(N'[__EFMigrationsHistory]');
2026-08-07T23:30:16.3034057Z info: Microsoft.EntityFrameworkCore.Database.Command[20101]
2026-08-07T23:30:16.3034562Z       Executed DbCommand (1ms) [Parameters=[], CommandType='Text', CommandTimeout='30']
2026-08-07T23:30:16.3034643Z       SELECT [MigrationId], [ProductVersion]
2026-08-07T23:30:16.3034690Z       FROM [__EFMigrationsHistory]
2026-08-07T23:30:16.3034729Z       ORDER BY [MigrationId];
2026-08-07T23:30:16.3051786Z info: Microsoft.EntityFrameworkCore.Database.Command[20101]
2026-08-07T23:30:16.3052128Z       Executed DbCommand (1ms) [Parameters=[], CommandType='Text', CommandTimeout='30']
2026-08-07T23:30:16.3052204Z       SELECT TOP(1) [b].[BankAccountNumber]
2026-08-07T23:30:16.3052250Z       FROM [Beneficiaries] AS [b]
2026-08-07T23:30:16.3052294Z       ORDER BY [b].[Id]
2026-08-07T23:30:16.3343003Z info: Microsoft.EntityFrameworkCore.Database.Command[20101]
2026-08-07T23:30:16.3343935Z       Executed DbCommand (2ms) [Parameters=[], CommandType='Text', CommandTimeout='30']
2026-08-07T23:30:16.3344064Z       SELECT 1
2026-08-07T23:30:16.3361073Z info: Microsoft.EntityFrameworkCore.Database.Command[20101]
2026-08-07T23:30:16.3361666Z       Executed DbCommand (2ms) [Parameters=[], CommandType='Text', CommandTimeout='30']
2026-08-07T23:30:16.3361748Z       SELECT OBJECT_ID(N'[__EFMigrationsHistory]');
2026-08-07T23:30:16.3387521Z info: Microsoft.EntityFrameworkCore.Database.Command[20101]
2026-08-07T23:30:16.3387921Z       Executed DbCommand (2ms) [Parameters=[], CommandType='Text', CommandTimeout='30']
2026-08-07T23:30:16.3388044Z       SELECT [MigrationId], [ProductVersion]
2026-08-07T23:30:16.3388084Z       FROM [__EFMigrationsHistory]
2026-08-07T23:30:16.3388121Z       ORDER BY [MigrationId];
2026-08-07T23:30:16.3405971Z info: Microsoft.EntityFrameworkCore.Database.Command[20101]
2026-08-07T23:30:16.3406325Z       Executed DbCommand (1ms) [Parameters=[], CommandType='Text', CommandTimeout='30']
2026-08-07T23:30:16.3406442Z       SELECT TOP(1) [b].[BankAccountNumber]
2026-08-07T23:30:16.3406485Z       FROM [Beneficiaries] AS [b]
2026-08-07T23:30:16.3406526Z       ORDER BY [b].[Id]
2026-08-07T23:30:18.6039906Z info: Microsoft.EntityFrameworkCore.Database.Command[20101]
2026-08-07T23:30:18.6040904Z       Executed DbCommand (2ms) [Parameters=[], CommandType='Text', CommandTimeout='30']
2026-08-07T23:30:18.6041016Z       SELECT 1
2026-08-07T23:30:18.6058288Z info: Microsoft.EntityFrameworkCore.Database.Command[20101]
2026-08-07T23:30:18.6058764Z       Executed DbCommand (2ms) [Parameters=[], CommandType='Text', CommandTimeout='30']
2026-08-07T23:30:18.6058843Z       SELECT OBJECT_ID(N'[__EFMigrationsHistory]');
2026-08-07T23:30:18.6085316Z info: Microsoft.EntityFrameworkCore.Database.Command[20101]
2026-08-07T23:30:18.6085721Z       Executed DbCommand (2ms) [Parameters=[], CommandType='Text', CommandTimeout='30']
2026-08-07T23:30:18.6085908Z       SELECT [MigrationId], [ProductVersion]
2026-08-07T23:30:18.6085963Z       FROM [__EFMigrationsHistory]
2026-08-07T23:30:18.6089736Z       ORDER BY [MigrationId];
2026-08-07T23:30:18.6111279Z info: Microsoft.EntityFrameworkCore.Database.Command[20101]
2026-08-07T23:30:18.6111596Z       Executed DbCommand (2ms) [Parameters=[], CommandType='Text', CommandTimeout='30']
2026-08-07T23:30:18.6111662Z       SELECT TOP(1) [b].[BankAccountNumber]
2026-08-07T23:30:18.6111703Z       FROM [Beneficiaries] AS [b]
2026-08-07T23:30:18.6111784Z       ORDER BY [b].[Id]
2026-08-07T23:30:18.8418945Z info: Microsoft.EntityFrameworkCore.Database.Command[20101]
2026-08-07T23:30:18.8419823Z       Executed DbCommand (2ms) [Parameters=[], CommandType='Text', CommandTimeout='30']
2026-08-07T23:30:18.8419983Z       SELECT 1
2026-08-07T23:30:18.8437383Z info: Microsoft.EntityFrameworkCore.Database.Command[20101]
2026-08-07T23:30:18.8437940Z       Executed DbCommand (2ms) [Parameters=[], CommandType='Text', CommandTimeout='30']
2026-08-07T23:30:18.8438027Z       SELECT OBJECT_ID(N'[__EFMigrationsHistory]');
2026-08-07T23:30:18.8472649Z info: Microsoft.EntityFrameworkCore.Database.Command[20101]
2026-08-07T23:30:18.8472966Z       Executed DbCommand (2ms) [Parameters=[], CommandType='Text', CommandTimeout='30']
2026-08-07T23:30:18.8473078Z       SELECT [MigrationId], [ProductVersion]
2026-08-07T23:30:18.8473126Z       FROM [__EFMigrationsHistory]
2026-08-07T23:30:18.8473166Z       ORDER BY [MigrationId];
2026-08-07T23:30:18.8488088Z info: Microsoft.EntityFrameworkCore.Database.Command[20101]
2026-08-07T23:30:18.8488421Z       Executed DbCommand (1ms) [Parameters=[], CommandType='Text', CommandTimeout='30']
2026-08-07T23:30:18.8488485Z       SELECT TOP(1) [b].[BankAccountNumber]
2026-08-07T23:30:18.8488525Z       FROM [Beneficiaries] AS [b]
2026-08-07T23:30:18.8488562Z       ORDER BY [b].[Id]
2026-08-07T23:30:20.6285361Z info: Microsoft.EntityFrameworkCore.Database.Command[20101]
2026-08-07T23:30:20.6286253Z       Executed DbCommand (2ms) [Parameters=[], CommandType='Text', CommandTimeout='30']
2026-08-07T23:30:20.6286339Z       SELECT 1
2026-08-07T23:30:20.6303632Z info: Microsoft.EntityFrameworkCore.Database.Command[20101]
2026-08-07T23:30:20.6304166Z       Executed DbCommand (2ms) [Parameters=[], CommandType='Text', CommandTimeout='30']
2026-08-07T23:30:20.6304308Z       SELECT OBJECT_ID(N'[__EFMigrationsHistory]');
2026-08-07T23:30:20.6331863Z info: Microsoft.EntityFrameworkCore.Database.Command[20101]
2026-08-07T23:30:20.6332198Z       Executed DbCommand (1ms) [Parameters=[], CommandType='Text', CommandTimeout='30']
2026-08-07T23:30:20.6332268Z       SELECT [MigrationId], [ProductVersion]
2026-08-07T23:30:20.6332311Z       FROM [__EFMigrationsHistory]
2026-08-07T23:30:20.6332393Z       ORDER BY [MigrationId];
2026-08-07T23:30:20.6350328Z info: Microsoft.EntityFrameworkCore.Database.Command[20101]
2026-08-07T23:30:20.6350641Z       Executed DbCommand (1ms) [Parameters=[], CommandType='Text', CommandTimeout='30']
2026-08-07T23:30:20.6350709Z       SELECT TOP(1) [b].[BankAccountNumber]
2026-08-07T23:30:20.6350748Z       FROM [Beneficiaries] AS [b]
2026-08-07T23:30:20.6350839Z       ORDER BY [b].[Id]
2026-08-07T23:30:23.5297398Z info: Microsoft.EntityFrameworkCore.Database.Command[20101]
2026-08-07T23:30:23.5298621Z       Executed DbCommand (2ms) [Parameters=[], CommandType='Text', CommandTimeout='30']
2026-08-07T23:30:23.5298915Z       SELECT 1
2026-08-07T23:30:23.5332920Z info: Microsoft.EntityFrameworkCore.Database.Command[20101]
2026-08-07T23:30:23.5333457Z       Executed DbCommand (2ms) [Parameters=[], CommandType='Text', CommandTimeout='30']
2026-08-07T23:30:23.5333554Z       SELECT OBJECT_ID(N'[__EFMigrationsHistory]');
2026-08-07T23:30:23.5350667Z info: Microsoft.EntityFrameworkCore.Database.Command[20101]
2026-08-07T23:30:23.5351235Z       Executed DbCommand (2ms) [Parameters=[], CommandType='Text', CommandTimeout='30']
2026-08-07T23:30:23.5351336Z       SELECT [MigrationId], [ProductVersion]
2026-08-07T23:30:23.5351494Z       FROM [__EFMigrationsHistory]
2026-08-07T23:30:23.5351535Z       ORDER BY [MigrationId];
2026-08-07T23:30:23.5370848Z info: Microsoft.EntityFrameworkCore.Database.Command[20101]
2026-08-07T23:30:23.5371278Z       Executed DbCommand (2ms) [Parameters=[], CommandType='Text', CommandTimeout='30']
2026-08-07T23:30:23.5371353Z       SELECT TOP(1) [b].[BankAccountNumber]
2026-08-07T23:30:23.5371393Z       FROM [Beneficiaries] AS [b]
2026-08-07T23:30:23.5371434Z       ORDER BY [b].[Id]
2026-08-07T23:30:24.9577654Z info: Microsoft.EntityFrameworkCore.Database.Command[20101]
2026-08-07T23:30:24.9578441Z       Executed DbCommand (2ms) [Parameters=[], CommandType='Text', CommandTimeout='30']
2026-08-07T23:30:24.9578566Z       SELECT 1
2026-08-07T23:30:24.9597076Z info: Microsoft.EntityFrameworkCore.Database.Command[20101]
2026-08-07T23:30:24.9597578Z       Executed DbCommand (2ms) [Parameters=[], CommandType='Text', CommandTimeout='30']
2026-08-07T23:30:24.9597739Z       SELECT OBJECT_ID(N'[__EFMigrationsHistory]');
2026-08-07T23:30:24.9631640Z info: Microsoft.EntityFrameworkCore.Database.Command[20101]
2026-08-07T23:30:24.9632043Z       Executed DbCommand (2ms) [Parameters=[], CommandType='Text', CommandTimeout='30']
2026-08-07T23:30:24.9632131Z       SELECT [MigrationId], [ProductVersion]
2026-08-07T23:30:24.9632241Z       FROM [__EFMigrationsHistory]
2026-08-07T23:30:24.9632297Z       ORDER BY [MigrationId];
2026-08-07T23:30:24.9651158Z info: Microsoft.EntityFrameworkCore.Database.Command[20101]
2026-08-07T23:30:24.9651470Z       Executed DbCommand (1ms) [Parameters=[], CommandType='Text', CommandTimeout='30']
2026-08-07T23:30:24.9651547Z       SELECT TOP(1) [b].[BankAccountNumber]
2026-08-07T23:30:24.9651640Z       FROM [Beneficiaries] AS [b]
2026-08-07T23:30:24.9651681Z       ORDER BY [b].[Id]
2026-08-07T23:30:28.2183475Z info: Microsoft.EntityFrameworkCore.Database.Command[20101]
2026-08-07T23:30:28.2184511Z       Executed DbCommand (2ms) [Parameters=[], CommandType='Text', CommandTimeout='30']
2026-08-07T23:30:28.2184627Z       SELECT 1
2026-08-07T23:30:28.2211373Z info: Microsoft.EntityFrameworkCore.Database.Command[20101]
2026-08-07T23:30:28.2211859Z       Executed DbCommand (2ms) [Parameters=[], CommandType='Text', CommandTimeout='30']
2026-08-07T23:30:28.2211981Z       SELECT OBJECT_ID(N'[__EFMigrationsHistory]');
2026-08-07T23:30:28.2229512Z info: Microsoft.EntityFrameworkCore.Database.Command[20101]
2026-08-07T23:30:28.2229934Z       Executed DbCommand (2ms) [Parameters=[], CommandType='Text', CommandTimeout='30']
2026-08-07T23:30:28.2230014Z       SELECT [MigrationId], [ProductVersion]
2026-08-07T23:30:28.2230101Z       FROM [__EFMigrationsHistory]
2026-08-07T23:30:28.2230145Z       ORDER BY [MigrationId];
2026-08-07T23:30:28.2242527Z info: Microsoft.EntityFrameworkCore.Database.Command[20101]
2026-08-07T23:30:28.2242834Z       Executed DbCommand (1ms) [Parameters=[], CommandType='Text', CommandTimeout='30']
2026-08-07T23:30:28.2242909Z       SELECT TOP(1) [b].[BankAccountNumber]
2026-08-07T23:30:28.2242995Z       FROM [Beneficiaries] AS [b]
2026-08-07T23:30:28.2243041Z       ORDER BY [b].[Id]
2026-08-07T23:30:28.7642738Z info: Microsoft.EntityFrameworkCore.Database.Command[20101]
2026-08-07T23:30:28.7643900Z       Executed DbCommand (2ms) [Parameters=[], CommandType='Text', CommandTimeout='30']
2026-08-07T23:30:28.7644115Z       SELECT 1
2026-08-07T23:30:28.7661377Z info: Microsoft.EntityFrameworkCore.Database.Command[20101]
2026-08-07T23:30:28.7663666Z       Executed DbCommand (2ms) [Parameters=[], CommandType='Text', CommandTimeout='30']
2026-08-07T23:30:28.7663824Z       SELECT OBJECT_ID(N'[__EFMigrationsHistory]');
2026-08-07T23:30:28.7693914Z info: Microsoft.EntityFrameworkCore.Database.Command[20101]
2026-08-07T23:30:28.7694442Z       Executed DbCommand (2ms) [Parameters=[], CommandType='Text', CommandTimeout='30']
2026-08-07T23:30:28.7694528Z       SELECT [MigrationId], [ProductVersion]
2026-08-07T23:30:28.7694571Z       FROM [__EFMigrationsHistory]
2026-08-07T23:30:28.7699824Z       ORDER BY [MigrationId];
2026-08-07T23:30:28.7719178Z info: Microsoft.EntityFrameworkCore.Database.Command[20101]
2026-08-07T23:30:28.7719538Z       Executed DbCommand (2ms) [Parameters=[], CommandType='Text', CommandTimeout='30']
2026-08-07T23:30:28.7719613Z       SELECT TOP(1) [b].[BankAccountNumber]
2026-08-07T23:30:28.7719659Z       FROM [Beneficiaries] AS [b]
2026-08-07T23:30:28.7719795Z       ORDER BY [b].[Id]
2026-08-07T23:30:42.5752931Z info: Microsoft.EntityFrameworkCore.Database.Command[20101]
2026-08-07T23:30:42.5753736Z       Executed DbCommand (3ms) [Parameters=[], CommandType='Text', CommandTimeout='30']
2026-08-07T23:30:42.5753865Z       SELECT 1
2026-08-07T23:30:42.5769428Z info: Microsoft.EntityFrameworkCore.Database.Command[20101]
2026-08-07T23:30:42.5770133Z       Executed DbCommand (2ms) [Parameters=[], CommandType='Text', CommandTimeout='30']
2026-08-07T23:30:42.5770232Z       SELECT OBJECT_ID(N'[__EFMigrationsHistory]');
2026-08-07T23:30:42.5802631Z info: Microsoft.EntityFrameworkCore.Database.Command[20101]
2026-08-07T23:30:42.5803122Z       Executed DbCommand (2ms) [Parameters=[], CommandType='Text', CommandTimeout='30']
2026-08-07T23:30:42.5803270Z       SELECT [MigrationId], [ProductVersion]
2026-08-07T23:30:42.5803333Z       FROM [__EFMigrationsHistory]
2026-08-07T23:30:42.5803385Z       ORDER BY [MigrationId];
2026-08-07T23:30:42.5827911Z info: Microsoft.EntityFrameworkCore.Database.Command[20101]
2026-08-07T23:30:42.5828257Z       Executed DbCommand (2ms) [Parameters=[], CommandType='Text', CommandTimeout='30']
2026-08-07T23:30:42.5828376Z       SELECT TOP(1) [b].[BankAccountNumber]
2026-08-07T23:30:42.5828419Z       FROM [Beneficiaries] AS [b]
2026-08-07T23:30:42.5828457Z       ORDER BY [b].[Id]
2026-08-07T23:30:43.1328214Z info: Microsoft.EntityFrameworkCore.Database.Command[20101]
2026-08-07T23:30:43.1329106Z       Executed DbCommand (5ms) [Parameters=[], CommandType='Text', CommandTimeout='30']
2026-08-07T23:30:43.1329209Z       SELECT 1
2026-08-07T23:30:43.1342981Z info: Microsoft.EntityFrameworkCore.Database.Command[20101]
2026-08-07T23:30:43.1343465Z       Executed DbCommand (2ms) [Parameters=[], CommandType='Text', CommandTimeout='30']
2026-08-07T23:30:43.1343540Z       SELECT OBJECT_ID(N'[__EFMigrationsHistory]');
2026-08-07T23:30:43.1374613Z info: Microsoft.EntityFrameworkCore.Database.Command[20101]
2026-08-07T23:30:43.1374947Z       Executed DbCommand (2ms) [Parameters=[], CommandType='Text', CommandTimeout='30']
2026-08-07T23:30:43.1375029Z       SELECT [MigrationId], [ProductVersion]
2026-08-07T23:30:43.1375077Z       FROM [__EFMigrationsHistory]
2026-08-07T23:30:43.1381550Z       ORDER BY [MigrationId];
2026-08-07T23:30:43.1394020Z info: Microsoft.EntityFrameworkCore.Database.Command[20101]
2026-08-07T23:30:43.1394347Z       Executed DbCommand (1ms) [Parameters=[], CommandType='Text', CommandTimeout='30']
2026-08-07T23:30:43.1394421Z       SELECT TOP(1) [b].[BankAccountNumber]
2026-08-07T23:30:43.1394469Z       FROM [Beneficiaries] AS [b]
2026-08-07T23:30:43.1394541Z       ORDER BY [b].[Id]
2026-08-07T23:30:51.2498295Z info: Microsoft.EntityFrameworkCore.Database.Command[20101]
2026-08-07T23:30:51.2499169Z       Executed DbCommand (2ms) [Parameters=[], CommandType='Text', CommandTimeout='30']
2026-08-07T23:30:51.2499284Z       SELECT 1
2026-08-07T23:30:51.2547741Z info: Microsoft.EntityFrameworkCore.Database.Command[20101]
2026-08-07T23:30:51.2548454Z       Executed DbCommand (4ms) [Parameters=[], CommandType='Text', CommandTimeout='30']
2026-08-07T23:30:51.2548545Z       SELECT OBJECT_ID(N'[__EFMigrationsHistory]');
2026-08-07T23:30:51.2565003Z info: Microsoft.EntityFrameworkCore.Database.Command[20101]
2026-08-07T23:30:51.2565522Z       Executed DbCommand (1ms) [Parameters=[], CommandType='Text', CommandTimeout='30']
2026-08-07T23:30:51.2565669Z       SELECT [MigrationId], [ProductVersion]
2026-08-07T23:30:51.2565717Z       FROM [__EFMigrationsHistory]
2026-08-07T23:30:51.2565754Z       ORDER BY [MigrationId];
2026-08-07T23:30:51.2584353Z info: Microsoft.EntityFrameworkCore.Database.Command[20101]
2026-08-07T23:30:51.2584778Z       Executed DbCommand (1ms) [Parameters=[], CommandType='Text', CommandTimeout='30']
2026-08-07T23:30:51.2584858Z       SELECT TOP(1) [b].[BankAccountNumber]
2026-08-07T23:30:51.2584898Z       FROM [Beneficiaries] AS [b]
2026-08-07T23:30:51.2584938Z       ORDER BY [b].[Id]
2026-08-07T23:30:52.1673498Z info: Microsoft.EntityFrameworkCore.Database.Command[20101]
2026-08-07T23:30:52.1674319Z       Executed DbCommand (2ms) [Parameters=[], CommandType='Text', CommandTimeout='30']
2026-08-07T23:30:52.1674460Z       SELECT 1
2026-08-07T23:30:52.1703089Z info: Microsoft.EntityFrameworkCore.Database.Command[20101]
2026-08-07T23:30:52.1703588Z       Executed DbCommand (2ms) [Parameters=[], CommandType='Text', CommandTimeout='30']
2026-08-07T23:30:52.1703744Z       SELECT OBJECT_ID(N'[__EFMigrationsHistory]');
2026-08-07T23:30:52.1722858Z info: Microsoft.EntityFrameworkCore.Database.Command[20101]
2026-08-07T23:30:52.1723181Z       Executed DbCommand (2ms) [Parameters=[], CommandType='Text', CommandTimeout='30']
2026-08-07T23:30:52.1723252Z       SELECT [MigrationId], [ProductVersion]
2026-08-07T23:30:52.1723293Z       FROM [__EFMigrationsHistory]
2026-08-07T23:30:52.1723384Z       ORDER BY [MigrationId];
2026-08-07T23:30:52.1737032Z info: Microsoft.EntityFrameworkCore.Database.Command[20101]
2026-08-07T23:30:52.1737340Z       Executed DbCommand (1ms) [Parameters=[], CommandType='Text', CommandTimeout='30']
2026-08-07T23:30:52.1737418Z       SELECT TOP(1) [b].[BankAccountNumber]
2026-08-07T23:30:52.1737463Z       FROM [Beneficiaries] AS [b]
2026-08-07T23:30:52.1737552Z       ORDER BY [b].[Id]
2026-08-07T23:30:54.1690738Z info: Microsoft.EntityFrameworkCore.Database.Command[20101]
2026-08-07T23:30:54.1691428Z       Executed DbCommand (2ms) [Parameters=[], CommandType='Text', CommandTimeout='30']
2026-08-07T23:30:54.1691534Z       SELECT 1
2026-08-07T23:30:54.1718118Z info: Microsoft.EntityFrameworkCore.Database.Command[20101]
2026-08-07T23:30:54.1720015Z       Executed DbCommand (2ms) [Parameters=[], CommandType='Text', CommandTimeout='30']
2026-08-07T23:30:54.1720137Z       SELECT OBJECT_ID(N'[__EFMigrationsHistory]');
2026-08-07T23:30:54.1746025Z info: Microsoft.EntityFrameworkCore.Database.Command[20101]
2026-08-07T23:30:54.1746386Z       Executed DbCommand (1ms) [Parameters=[], CommandType='Text', CommandTimeout='30']
2026-08-07T23:30:54.1746456Z       SELECT [MigrationId], [ProductVersion]
2026-08-07T23:30:54.1746496Z       FROM [__EFMigrationsHistory]
2026-08-07T23:30:54.1747212Z       ORDER BY [MigrationId];
2026-08-07T23:30:54.1764777Z info: Microsoft.EntityFrameworkCore.Database.Command[20101]
2026-08-07T23:30:54.1765091Z       Executed DbCommand (2ms) [Parameters=[], CommandType='Text', CommandTimeout='30']
2026-08-07T23:30:54.1765159Z       SELECT TOP(1) [b].[BankAccountNumber]
2026-08-07T23:30:54.1765199Z       FROM [Beneficiaries] AS [b]
2026-08-07T23:30:54.1765241Z       ORDER BY [b].[Id]
2026-08-07T23:30:55.2678257Z info: Microsoft.EntityFrameworkCore.Database.Command[20101]
2026-08-07T23:30:55.2679121Z       Executed DbCommand (2ms) [Parameters=[], CommandType='Text', CommandTimeout='30']
2026-08-07T23:30:55.2679246Z       SELECT 1
2026-08-07T23:30:55.2706464Z info: Microsoft.EntityFrameworkCore.Database.Command[20101]
2026-08-07T23:30:55.2708888Z       Executed DbCommand (2ms) [Parameters=[], CommandType='Text', CommandTimeout='30']
2026-08-07T23:30:55.2709028Z       SELECT OBJECT_ID(N'[__EFMigrationsHistory]');
2026-08-07T23:30:55.2728639Z info: Microsoft.EntityFrameworkCore.Database.Command[20101]
2026-08-07T23:30:55.2729563Z       Executed DbCommand (2ms) [Parameters=[], CommandType='Text', CommandTimeout='30']
2026-08-07T23:30:55.2735257Z       SELECT [MigrationId], [ProductVersion]
2026-08-07T23:30:55.2735324Z       FROM [__EFMigrationsHistory]
2026-08-07T23:30:55.2735515Z       ORDER BY [MigrationId];
2026-08-07T23:30:55.2747341Z info: Microsoft.EntityFrameworkCore.Database.Command[20101]
2026-08-07T23:30:55.2747705Z       Executed DbCommand (1ms) [Parameters=[], CommandType='Text', CommandTimeout='30']
2026-08-07T23:30:55.2747767Z       SELECT TOP(1) [b].[BankAccountNumber]
2026-08-07T23:30:55.2747806Z       FROM [Beneficiaries] AS [b]
2026-08-07T23:30:55.2754017Z       ORDER BY [b].[Id]
2026-08-07T23:30:55.7340444Z info: Microsoft.EntityFrameworkCore.Database.Command[20101]
2026-08-07T23:30:55.7341514Z       Executed DbCommand (2ms) [Parameters=[], CommandType='Text', CommandTimeout='30']
2026-08-07T23:30:55.7341644Z       SELECT 1
2026-08-07T23:30:55.7361405Z info: Microsoft.EntityFrameworkCore.Database.Command[20101]
2026-08-07T23:30:55.7362115Z       Executed DbCommand (2ms) [Parameters=[], CommandType='Text', CommandTimeout='30']
2026-08-07T23:30:55.7362287Z       SELECT OBJECT_ID(N'[__EFMigrationsHistory]');
2026-08-07T23:30:55.7399928Z info: Microsoft.EntityFrameworkCore.Database.Command[20101]
2026-08-07T23:30:55.7400308Z       Executed DbCommand (2ms) [Parameters=[], CommandType='Text', CommandTimeout='30']
2026-08-07T23:30:55.7400402Z       SELECT [MigrationId], [ProductVersion]
2026-08-07T23:30:55.7400509Z       FROM [__EFMigrationsHistory]
2026-08-07T23:30:55.7400568Z       ORDER BY [MigrationId];
2026-08-07T23:30:55.7415065Z info: Microsoft.EntityFrameworkCore.Database.Command[20101]
2026-08-07T23:30:55.7415388Z       Executed DbCommand (1ms) [Parameters=[], CommandType='Text', CommandTimeout='30']
2026-08-07T23:30:55.7415449Z       SELECT TOP(1) [b].[BankAccountNumber]
2026-08-07T23:30:55.7415529Z       FROM [Beneficiaries] AS [b]
2026-08-07T23:30:55.7415566Z       ORDER BY [b].[Id]
2026-08-07T23:30:57.2864979Z info: Microsoft.EntityFrameworkCore.Database.Command[20101]
2026-08-07T23:30:57.2865852Z       Executed DbCommand (2ms) [Parameters=[], CommandType='Text', CommandTimeout='30']
2026-08-07T23:30:57.2865969Z       SELECT 1
2026-08-07T23:30:57.2897263Z info: Microsoft.EntityFrameworkCore.Database.Command[20101]
2026-08-07T23:30:57.2897854Z       Executed DbCommand (2ms) [Parameters=[], CommandType='Text', CommandTimeout='30']
2026-08-07T23:30:57.2897949Z       SELECT OBJECT_ID(N'[__EFMigrationsHistory]');
2026-08-07T23:30:57.2915703Z info: Microsoft.EntityFrameworkCore.Database.Command[20101]
2026-08-07T23:30:57.2916190Z       Executed DbCommand (1ms) [Parameters=[], CommandType='Text', CommandTimeout='30']
2026-08-07T23:30:57.2916273Z       SELECT [MigrationId], [ProductVersion]
2026-08-07T23:30:57.2916322Z       FROM [__EFMigrationsHistory]
2026-08-07T23:30:57.2916366Z       ORDER BY [MigrationId];
2026-08-07T23:30:57.2930072Z info: Microsoft.EntityFrameworkCore.Database.Command[20101]
2026-08-07T23:30:57.2930500Z       Executed DbCommand (2ms) [Parameters=[], CommandType='Text', CommandTimeout='30']
2026-08-07T23:30:57.2930573Z       SELECT TOP(1) [b].[BankAccountNumber]
2026-08-07T23:30:57.2930615Z       FROM [Beneficiaries] AS [b]
2026-08-07T23:30:57.2930656Z       ORDER BY [b].[Id]
2026-08-07T23:30:59.7285109Z info: Microsoft.EntityFrameworkCore.Database.Command[20101]
2026-08-07T23:30:59.7285931Z       Executed DbCommand (2ms) [Parameters=[], CommandType='Text', CommandTimeout='30']
2026-08-07T23:30:59.7286063Z       SELECT 1
2026-08-07T23:30:59.7301872Z info: Microsoft.EntityFrameworkCore.Database.Command[20101]
2026-08-07T23:30:59.7303845Z       Executed DbCommand (2ms) [Parameters=[], CommandType='Text', CommandTimeout='30']
2026-08-07T23:30:59.7304019Z       SELECT OBJECT_ID(N'[__EFMigrationsHistory]');
2026-08-07T23:30:59.7338453Z info: Microsoft.EntityFrameworkCore.Database.Command[20101]
2026-08-07T23:30:59.7338812Z       Executed DbCommand (2ms) [Parameters=[], CommandType='Text', CommandTimeout='30']
2026-08-07T23:30:59.7338887Z       SELECT [MigrationId], [ProductVersion]
2026-08-07T23:30:59.7338973Z       FROM [__EFMigrationsHistory]
2026-08-07T23:30:59.7339022Z       ORDER BY [MigrationId];
2026-08-07T23:30:59.7374475Z info: Microsoft.EntityFrameworkCore.Database.Command[20101]
2026-08-07T23:30:59.7374814Z       Executed DbCommand (4ms) [Parameters=[], CommandType='Text', CommandTimeout='30']
2026-08-07T23:30:59.7374882Z       SELECT TOP(1) [b].[BankAccountNumber]
2026-08-07T23:30:59.7375135Z       FROM [Beneficiaries] AS [b]
2026-08-07T23:30:59.7375175Z       ORDER BY [b].[Id]
2026-08-07T23:31:02.6126945Z info: Microsoft.EntityFrameworkCore.Database.Command[20101]
2026-08-07T23:31:02.6127673Z       Executed DbCommand (2ms) [Parameters=[], CommandType='Text', CommandTimeout='30']
2026-08-07T23:31:02.6127856Z       SELECT 1
2026-08-07T23:31:02.6152290Z info: Microsoft.EntityFrameworkCore.Database.Command[20101]
2026-08-07T23:31:02.6152771Z       Executed DbCommand (2ms) [Parameters=[], CommandType='Text', CommandTimeout='30']
2026-08-07T23:31:02.6152857Z       SELECT OBJECT_ID(N'[__EFMigrationsHistory]');
2026-08-07T23:31:02.6168656Z info: Microsoft.EntityFrameworkCore.Database.Command[20101]
2026-08-07T23:31:02.6169020Z       Executed DbCommand (1ms) [Parameters=[], CommandType='Text', CommandTimeout='30']
2026-08-07T23:31:02.6169100Z       SELECT [MigrationId], [ProductVersion]
2026-08-07T23:31:02.6169143Z       FROM [__EFMigrationsHistory]
2026-08-07T23:31:02.6170844Z       ORDER BY [MigrationId];
2026-08-07T23:31:02.6182596Z info: Microsoft.EntityFrameworkCore.Database.Command[20101]
2026-08-07T23:31:02.6183013Z       Executed DbCommand (1ms) [Parameters=[], CommandType='Text', CommandTimeout='30']
2026-08-07T23:31:02.6183087Z       SELECT TOP(1) [b].[BankAccountNumber]
2026-08-07T23:31:02.6183130Z       FROM [Beneficiaries] AS [b]
2026-08-07T23:31:02.6183218Z       ORDER BY [b].[Id]
2026-08-07T23:31:09.4851255Z info: Microsoft.EntityFrameworkCore.Database.Command[20101]
2026-08-07T23:31:09.4852014Z       Executed DbCommand (2ms) [Parameters=[], CommandType='Text', CommandTimeout='30']
2026-08-07T23:31:09.4852128Z       SELECT 1
2026-08-07T23:31:09.4873833Z info: Microsoft.EntityFrameworkCore.Database.Command[20101]
2026-08-07T23:31:09.4874344Z       Executed DbCommand (2ms) [Parameters=[], CommandType='Text', CommandTimeout='30']
2026-08-07T23:31:09.4874424Z       SELECT OBJECT_ID(N'[__EFMigrationsHistory]');
2026-08-07T23:31:09.4905089Z info: Microsoft.EntityFrameworkCore.Database.Command[20101]
2026-08-07T23:31:09.4905550Z       Executed DbCommand (2ms) [Parameters=[], CommandType='Text', CommandTimeout='30']
2026-08-07T23:31:09.4905674Z       SELECT [MigrationId], [ProductVersion]
2026-08-07T23:31:09.4905722Z       FROM [__EFMigrationsHistory]
2026-08-07T23:31:09.4905765Z       ORDER BY [MigrationId];
2026-08-07T23:31:09.4923377Z info: Microsoft.EntityFrameworkCore.Database.Command[20101]
2026-08-07T23:31:09.4923707Z       Executed DbCommand (2ms) [Parameters=[], CommandType='Text', CommandTimeout='30']
2026-08-07T23:31:09.4923833Z       SELECT TOP(1) [b].[BankAccountNumber]
2026-08-07T23:31:09.4923881Z       FROM [Beneficiaries] AS [b]
2026-08-07T23:31:09.4923930Z       ORDER BY [b].[Id]
2026-08-07T23:31:17.6804727Z info: Microsoft.EntityFrameworkCore.Database.Command[20101]
2026-08-07T23:31:17.6805527Z       Executed DbCommand (2ms) [Parameters=[], CommandType='Text', CommandTimeout='30']
2026-08-07T23:31:17.6805625Z       SELECT 1
2026-08-07T23:31:17.6831671Z info: Microsoft.EntityFrameworkCore.Database.Command[20101]
2026-08-07T23:31:17.6832195Z       Executed DbCommand (2ms) [Parameters=[], CommandType='Text', CommandTimeout='30']
2026-08-07T23:31:17.6832278Z       SELECT OBJECT_ID(N'[__EFMigrationsHistory]');
2026-08-07T23:31:17.6846505Z info: Microsoft.EntityFrameworkCore.Database.Command[20101]
2026-08-07T23:31:17.6847648Z       Executed DbCommand (1ms) [Parameters=[], CommandType='Text', CommandTimeout='30']
2026-08-07T23:31:17.6847725Z       SELECT [MigrationId], [ProductVersion]
2026-08-07T23:31:17.6847766Z       FROM [__EFMigrationsHistory]
2026-08-07T23:31:17.6847847Z       ORDER BY [MigrationId];
2026-08-07T23:31:17.6866161Z info: Microsoft.EntityFrameworkCore.Database.Command[20101]
2026-08-07T23:31:17.6866486Z       Executed DbCommand (1ms) [Parameters=[], CommandType='Text', CommandTimeout='30']
2026-08-07T23:31:17.6866555Z       SELECT TOP(1) [b].[BankAccountNumber]
2026-08-07T23:31:17.6866596Z       FROM [Beneficiaries] AS [b]
2026-08-07T23:31:17.6866677Z       ORDER BY [b].[Id]
2026-08-07T23:31:22.5405151Z info: Microsoft.EntityFrameworkCore.Database.Command[20101]
2026-08-07T23:31:22.5405851Z       Executed DbCommand (2ms) [Parameters=[], CommandType='Text', CommandTimeout='30']
2026-08-07T23:31:22.5405950Z       SELECT 1
2026-08-07T23:31:22.5430082Z info: Microsoft.EntityFrameworkCore.Database.Command[20101]
2026-08-07T23:31:22.5430699Z       Executed DbCommand (2ms) [Parameters=[], CommandType='Text', CommandTimeout='30']
2026-08-07T23:31:22.5430783Z       SELECT OBJECT_ID(N'[__EFMigrationsHistory]');
2026-08-07T23:31:22.5459522Z info: Microsoft.EntityFrameworkCore.Database.Command[20101]
2026-08-07T23:31:22.5459896Z       Executed DbCommand (1ms) [Parameters=[], CommandType='Text', CommandTimeout='30']
2026-08-07T23:31:22.5460021Z       SELECT [MigrationId], [ProductVersion]
2026-08-07T23:31:22.5460064Z       FROM [__EFMigrationsHistory]
2026-08-07T23:31:22.5460105Z       ORDER BY [MigrationId];
2026-08-07T23:31:22.5475052Z info: Microsoft.EntityFrameworkCore.Database.Command[20101]
2026-08-07T23:31:22.5475370Z       Executed DbCommand (1ms) [Parameters=[], CommandType='Text', CommandTimeout='30']
2026-08-07T23:31:22.5475476Z       SELECT TOP(1) [b].[BankAccountNumber]
2026-08-07T23:31:22.5475518Z       FROM [Beneficiaries] AS [b]
2026-08-07T23:31:22.5475561Z       ORDER BY [b].[Id]
2026-08-07T23:31:24.1227432Z info: Microsoft.EntityFrameworkCore.Database.Command[20101]
2026-08-07T23:31:24.1228359Z       Executed DbCommand (2ms) [Parameters=[], CommandType='Text', CommandTimeout='30']
2026-08-07T23:31:24.1228489Z       SELECT 1
2026-08-07T23:31:24.1247887Z info: Microsoft.EntityFrameworkCore.Database.Command[20101]
2026-08-07T23:31:24.1248357Z       Executed DbCommand (2ms) [Parameters=[], CommandType='Text', CommandTimeout='30']
2026-08-07T23:31:24.1248431Z       SELECT OBJECT_ID(N'[__EFMigrationsHistory]');
2026-08-07T23:31:24.1279337Z info: Microsoft.EntityFrameworkCore.Database.Command[20101]
2026-08-07T23:31:24.1279799Z       Executed DbCommand (2ms) [Parameters=[], CommandType='Text', CommandTimeout='30']
2026-08-07T23:31:24.1279874Z       SELECT [MigrationId], [ProductVersion]
2026-08-07T23:31:24.1279920Z       FROM [__EFMigrationsHistory]
2026-08-07T23:31:24.1280011Z       ORDER BY [MigrationId];
2026-08-07T23:31:24.1291917Z info: Microsoft.EntityFrameworkCore.Database.Command[20101]
2026-08-07T23:31:24.1292280Z       Executed DbCommand (1ms) [Parameters=[], CommandType='Text', CommandTimeout='30']
2026-08-07T23:31:24.1292357Z       SELECT TOP(1) [b].[BankAccountNumber]
2026-08-07T23:31:24.1292396Z       FROM [Beneficiaries] AS [b]
2026-08-07T23:31:24.1292479Z       ORDER BY [b].[Id]
2026-08-07T23:31:25.4600231Z info: Microsoft.EntityFrameworkCore.Database.Command[20101]
2026-08-07T23:31:25.4601045Z       Executed DbCommand (2ms) [Parameters=[], CommandType='Text', CommandTimeout='30']
2026-08-07T23:31:25.4601159Z       SELECT 1
2026-08-07T23:31:25.4618702Z info: Microsoft.EntityFrameworkCore.Database.Command[20101]
2026-08-07T23:31:25.4619095Z       Executed DbCommand (2ms) [Parameters=[], CommandType='Text', CommandTimeout='30']
2026-08-07T23:31:25.4619179Z       SELECT OBJECT_ID(N'[__EFMigrationsHistory]');
2026-08-07T23:31:25.4644909Z info: Microsoft.EntityFrameworkCore.Database.Command[20101]
2026-08-07T23:31:25.4645236Z       Executed DbCommand (1ms) [Parameters=[], CommandType='Text', CommandTimeout='30']
2026-08-07T23:31:25.4645354Z       SELECT [MigrationId], [ProductVersion]
2026-08-07T23:31:25.4645395Z       FROM [__EFMigrationsHistory]
2026-08-07T23:31:25.4651575Z       ORDER BY [MigrationId];
2026-08-07T23:31:25.4672876Z info: Microsoft.EntityFrameworkCore.Database.Command[20101]
2026-08-07T23:31:25.4673232Z       Executed DbCommand (1ms) [Parameters=[], CommandType='Text', CommandTimeout='30']
2026-08-07T23:31:25.4673303Z       SELECT TOP(1) [b].[BankAccountNumber]
2026-08-07T23:31:25.4673342Z       FROM [Beneficiaries] AS [b]
2026-08-07T23:31:25.4673387Z       ORDER BY [b].[Id]
2026-08-07T23:31:25.6213961Z info: Microsoft.EntityFrameworkCore.Database.Command[20101]
2026-08-07T23:31:25.6214909Z       Executed DbCommand (2ms) [Parameters=[], CommandType='Text', CommandTimeout='30']
2026-08-07T23:31:25.6215007Z       SELECT 1
2026-08-07T23:31:25.6237856Z info: Microsoft.EntityFrameworkCore.Database.Command[20101]
2026-08-07T23:31:25.6238366Z       Executed DbCommand (2ms) [Parameters=[], CommandType='Text', CommandTimeout='30']
2026-08-07T23:31:25.6238514Z       SELECT OBJECT_ID(N'[__EFMigrationsHistory]');
2026-08-07T23:31:25.6274455Z info: Microsoft.EntityFrameworkCore.Database.Command[20101]
2026-08-07T23:31:25.6275096Z       Executed DbCommand (2ms) [Parameters=[], CommandType='Text', CommandTimeout='30']
2026-08-07T23:31:25.6275179Z       SELECT [MigrationId], [ProductVersion]
2026-08-07T23:31:25.6275222Z       FROM [__EFMigrationsHistory]
2026-08-07T23:31:25.6275311Z       ORDER BY [MigrationId];
2026-08-07T23:31:25.6288403Z info: Microsoft.EntityFrameworkCore.Database.Command[20101]
2026-08-07T23:31:25.6288781Z       Executed DbCommand (1ms) [Parameters=[], CommandType='Text', CommandTimeout='30']
2026-08-07T23:31:25.6288854Z       SELECT TOP(1) [b].[BankAccountNumber]
2026-08-07T23:31:25.6289646Z       FROM [Beneficiaries] AS [b]
2026-08-07T23:31:25.6289740Z       ORDER BY [b].[Id]
2026-08-07T23:31:28.1913686Z info: Microsoft.EntityFrameworkCore.Database.Command[20101]
2026-08-07T23:31:28.1914455Z       Executed DbCommand (2ms) [Parameters=[], CommandType='Text', CommandTimeout='30']
2026-08-07T23:31:28.1914582Z       SELECT 1
2026-08-07T23:31:28.1930215Z info: Microsoft.EntityFrameworkCore.Database.Command[20101]
2026-08-07T23:31:28.1930729Z       Executed DbCommand (2ms) [Parameters=[], CommandType='Text', CommandTimeout='30']
2026-08-07T23:31:28.1930822Z       SELECT OBJECT_ID(N'[__EFMigrationsHistory]');
2026-08-07T23:31:28.1959862Z info: Microsoft.EntityFrameworkCore.Database.Command[20101]
2026-08-07T23:31:28.1960279Z       Executed DbCommand (2ms) [Parameters=[], CommandType='Text', CommandTimeout='30']
2026-08-07T23:31:28.1960484Z       SELECT [MigrationId], [ProductVersion]
2026-08-07T23:31:28.1960545Z       FROM [__EFMigrationsHistory]
2026-08-07T23:31:28.1966399Z       ORDER BY [MigrationId];
2026-08-07T23:31:28.1980403Z info: Microsoft.EntityFrameworkCore.Database.Command[20101]
2026-08-07T23:31:28.1980710Z       Executed DbCommand (1ms) [Parameters=[], CommandType='Text', CommandTimeout='30']
2026-08-07T23:31:28.1980785Z       SELECT TOP(1) [b].[BankAccountNumber]
2026-08-07T23:31:28.1980834Z       FROM [Beneficiaries] AS [b]
2026-08-07T23:31:28.1980880Z       ORDER BY [b].[Id]
2026-08-07T23:31:31.3843578Z info: Microsoft.EntityFrameworkCore.Database.Command[20101]
2026-08-07T23:31:31.3844419Z       Executed DbCommand (2ms) [Parameters=[], CommandType='Text', CommandTimeout='30']
2026-08-07T23:31:31.3844515Z       SELECT 1
2026-08-07T23:31:31.3859017Z info: Microsoft.EntityFrameworkCore.Database.Command[20101]
2026-08-07T23:31:31.3859525Z       Executed DbCommand (2ms) [Parameters=[], CommandType='Text', CommandTimeout='30']
2026-08-07T23:31:31.3859607Z       SELECT OBJECT_ID(N'[__EFMigrationsHistory]');
2026-08-07T23:31:31.3887344Z info: Microsoft.EntityFrameworkCore.Database.Command[20101]
2026-08-07T23:31:31.3887762Z       Executed DbCommand (2ms) [Parameters=[], CommandType='Text', CommandTimeout='30']
2026-08-07T23:31:31.3887837Z       SELECT [MigrationId], [ProductVersion]
2026-08-07T23:31:31.3887938Z       FROM [__EFMigrationsHistory]
2026-08-07T23:31:31.3887979Z       ORDER BY [MigrationId];
2026-08-07T23:31:31.3905646Z info: Microsoft.EntityFrameworkCore.Database.Command[20101]
2026-08-07T23:31:31.3905983Z       Executed DbCommand (1ms) [Parameters=[], CommandType='Text', CommandTimeout='30']
2026-08-07T23:31:31.3906099Z       SELECT TOP(1) [b].[BankAccountNumber]
2026-08-07T23:31:31.3906148Z       FROM [Beneficiaries] AS [b]
2026-08-07T23:31:31.3906190Z       ORDER BY [b].[Id]
2026-08-07T23:31:34.1025558Z info: Microsoft.EntityFrameworkCore.Database.Command[20101]
2026-08-07T23:31:34.1026634Z       Executed DbCommand (2ms) [Parameters=[], CommandType='Text', CommandTimeout='30']
2026-08-07T23:31:34.1026752Z       SELECT 1
2026-08-07T23:31:34.1054590Z info: Microsoft.EntityFrameworkCore.Database.Command[20101]
2026-08-07T23:31:34.1055287Z       Executed DbCommand (2ms) [Parameters=[], CommandType='Text', CommandTimeout='30']
2026-08-07T23:31:34.1055446Z       SELECT OBJECT_ID(N'[__EFMigrationsHistory]');
2026-08-07T23:31:34.1072753Z info: Microsoft.EntityFrameworkCore.Database.Command[20101]
2026-08-07T23:31:34.1073250Z       Executed DbCommand (2ms) [Parameters=[], CommandType='Text', CommandTimeout='30']
2026-08-07T23:31:34.1073330Z       SELECT [MigrationId], [ProductVersion]
2026-08-07T23:31:34.1073419Z       FROM [__EFMigrationsHistory]
2026-08-07T23:31:34.1073478Z       ORDER BY [MigrationId];
2026-08-07T23:31:34.1088089Z info: Microsoft.EntityFrameworkCore.Database.Command[20101]
2026-08-07T23:31:34.1088516Z       Executed DbCommand (2ms) [Parameters=[], CommandType='Text', CommandTimeout='30']
2026-08-07T23:31:34.1088605Z       SELECT TOP(1) [b].[BankAccountNumber]
2026-08-07T23:31:34.1088707Z       FROM [Beneficiaries] AS [b]
2026-08-07T23:31:34.1088764Z       ORDER BY [b].[Id]
2026-08-07T23:31:38.2635886Z info: Microsoft.EntityFrameworkCore.Database.Command[20101]
2026-08-07T23:31:38.2636702Z       Executed DbCommand (2ms) [Parameters=[], CommandType='Text', CommandTimeout='30']
2026-08-07T23:31:38.2640188Z       SELECT 1
2026-08-07T23:31:38.2654621Z info: Microsoft.EntityFrameworkCore.Database.Command[20101]
2026-08-07T23:31:38.2654926Z       Executed DbCommand (2ms) [Parameters=[], CommandType='Text', CommandTimeout='30']
2026-08-07T23:31:38.2655032Z       SELECT OBJECT_ID(N'[__EFMigrationsHistory]');
2026-08-07T23:31:38.2684941Z info: Microsoft.EntityFrameworkCore.Database.Command[20101]
2026-08-07T23:31:38.2685338Z       Executed DbCommand (1ms) [Parameters=[], CommandType='Text', CommandTimeout='30']
2026-08-07T23:31:38.2685410Z       SELECT [MigrationId], [ProductVersion]
2026-08-07T23:31:38.2685453Z       FROM [__EFMigrationsHistory]
2026-08-07T23:31:38.2685492Z       ORDER BY [MigrationId];
2026-08-07T23:31:38.2696720Z info: Microsoft.EntityFrameworkCore.Database.Command[20101]
2026-08-07T23:31:38.2697020Z       Executed DbCommand (1ms) [Parameters=[], CommandType='Text', CommandTimeout='30']
2026-08-07T23:31:38.2697091Z       SELECT TOP(1) [b].[BankAccountNumber]
2026-08-07T23:31:38.2697139Z       FROM [Beneficiaries] AS [b]
2026-08-07T23:31:38.2697185Z       ORDER BY [b].[Id]
2026-08-07T23:31:40.0540025Z info: Microsoft.EntityFrameworkCore.Database.Command[20101]
2026-08-07T23:31:40.0540829Z       Executed DbCommand (3ms) [Parameters=[], CommandType='Text', CommandTimeout='30']
2026-08-07T23:31:40.0540930Z       SELECT 1
2026-08-07T23:31:40.0568349Z info: Microsoft.EntityFrameworkCore.Database.Command[20101]
2026-08-07T23:31:40.0568946Z       Executed DbCommand (2ms) [Parameters=[], CommandType='Text', CommandTimeout='30']
2026-08-07T23:31:40.0569037Z       SELECT OBJECT_ID(N'[__EFMigrationsHistory]');
2026-08-07T23:31:40.0580074Z info: Microsoft.EntityFrameworkCore.Database.Command[20101]
2026-08-07T23:31:40.0580438Z       Executed DbCommand (1ms) [Parameters=[], CommandType='Text', CommandTimeout='30']
2026-08-07T23:31:40.0580547Z       SELECT [MigrationId], [ProductVersion]
2026-08-07T23:31:40.0580586Z       FROM [__EFMigrationsHistory]
2026-08-07T23:31:40.0580626Z       ORDER BY [MigrationId];
2026-08-07T23:31:40.0600508Z info: Microsoft.EntityFrameworkCore.Database.Command[20101]
2026-08-07T23:31:40.0600844Z       Executed DbCommand (1ms) [Parameters=[], CommandType='Text', CommandTimeout='30']
2026-08-07T23:31:40.0600959Z       SELECT TOP(1) [b].[BankAccountNumber]
2026-08-07T23:31:40.0601005Z       FROM [Beneficiaries] AS [b]
2026-08-07T23:31:40.0601051Z       ORDER BY [b].[Id]
2026-08-07T23:31:51.3492241Z info: Microsoft.EntityFrameworkCore.Database.Command[20101]
2026-08-07T23:31:51.3493288Z       Executed DbCommand (2ms) [Parameters=[], CommandType='Text', CommandTimeout='30']
2026-08-07T23:31:51.3493417Z       SELECT 1
2026-08-07T23:31:51.3508464Z info: Microsoft.EntityFrameworkCore.Database.Command[20101]
2026-08-07T23:31:51.3509054Z       Executed DbCommand (2ms) [Parameters=[], CommandType='Text', CommandTimeout='30']
2026-08-07T23:31:51.3509150Z       SELECT OBJECT_ID(N'[__EFMigrationsHistory]');
2026-08-07T23:31:51.3538545Z info: Microsoft.EntityFrameworkCore.Database.Command[20101]
2026-08-07T23:31:51.3538942Z       Executed DbCommand (2ms) [Parameters=[], CommandType='Text', CommandTimeout='30']
2026-08-07T23:31:51.3539015Z       SELECT [MigrationId], [ProductVersion]
2026-08-07T23:31:51.3539057Z       FROM [__EFMigrationsHistory]
2026-08-07T23:31:51.3539145Z       ORDER BY [MigrationId];
2026-08-07T23:31:51.3556064Z info: Microsoft.EntityFrameworkCore.Database.Command[20101]
2026-08-07T23:31:51.3556387Z       Executed DbCommand (1ms) [Parameters=[], CommandType='Text', CommandTimeout='30']
2026-08-07T23:31:51.3556457Z       SELECT TOP(1) [b].[BankAccountNumber]
2026-08-07T23:31:51.3556499Z       FROM [Beneficiaries] AS [b]
2026-08-07T23:31:51.3556579Z       ORDER BY [b].[Id]
2026-08-07T23:31:52.1732520Z info: Microsoft.EntityFrameworkCore.Database.Command[20101]
2026-08-07T23:31:52.1733294Z       Executed DbCommand (2ms) [Parameters=[], CommandType='Text', CommandTimeout='30']
2026-08-07T23:31:52.1733407Z       SELECT 1
2026-08-07T23:31:52.1748679Z info: Microsoft.EntityFrameworkCore.Database.Command[20101]
2026-08-07T23:31:52.1749167Z       Executed DbCommand (2ms) [Parameters=[], CommandType='Text', CommandTimeout='30']
2026-08-07T23:31:52.1749242Z       SELECT OBJECT_ID(N'[__EFMigrationsHistory]');
2026-08-07T23:31:52.1775075Z info: Microsoft.EntityFrameworkCore.Database.Command[20101]
2026-08-07T23:31:52.1775414Z       Executed DbCommand (1ms) [Parameters=[], CommandType='Text', CommandTimeout='30']
2026-08-07T23:31:52.1775519Z       SELECT [MigrationId], [ProductVersion]
2026-08-07T23:31:52.1779738Z       FROM [__EFMigrationsHistory]
2026-08-07T23:31:52.1779988Z       ORDER BY [MigrationId];
2026-08-07T23:31:52.1792692Z info: Microsoft.EntityFrameworkCore.Database.Command[20101]
2026-08-07T23:31:52.1793028Z       Executed DbCommand (1ms) [Parameters=[], CommandType='Text', CommandTimeout='30']
2026-08-07T23:31:52.1793103Z       SELECT TOP(1) [b].[BankAccountNumber]
2026-08-07T23:31:52.1793150Z       FROM [Beneficiaries] AS [b]
2026-08-07T23:31:52.1793196Z       ORDER BY [b].[Id]
2026-08-07T23:31:52.8429802Z info: Microsoft.EntityFrameworkCore.Database.Command[20101]
2026-08-07T23:31:52.8430830Z       Executed DbCommand (2ms) [Parameters=[], CommandType='Text', CommandTimeout='30']
2026-08-07T23:31:52.8430934Z       SELECT 1
2026-08-07T23:31:52.8447968Z info: Microsoft.EntityFrameworkCore.Database.Command[20101]
2026-08-07T23:31:52.8459518Z       Executed DbCommand (2ms) [Parameters=[], CommandType='Text', CommandTimeout='30']
2026-08-07T23:31:52.8459725Z       SELECT OBJECT_ID(N'[__EFMigrationsHistory]');
2026-08-07T23:31:52.8475966Z info: Microsoft.EntityFrameworkCore.Database.Command[20101]
2026-08-07T23:31:52.8476263Z       Executed DbCommand (2ms) [Parameters=[], CommandType='Text', CommandTimeout='30']
2026-08-07T23:31:52.8476329Z       SELECT [MigrationId], [ProductVersion]
2026-08-07T23:31:52.8476372Z       FROM [__EFMigrationsHistory]
2026-08-07T23:31:52.8477030Z       ORDER BY [MigrationId];
2026-08-07T23:31:52.8492106Z info: Microsoft.EntityFrameworkCore.Database.Command[20101]
2026-08-07T23:31:52.8492387Z       Executed DbCommand (1ms) [Parameters=[], CommandType='Text', CommandTimeout='30']
2026-08-07T23:31:52.8492448Z       SELECT TOP(1) [b].[BankAccountNumber]
2026-08-07T23:31:52.8492525Z       FROM [Beneficiaries] AS [b]
2026-08-07T23:31:52.8492564Z       ORDER BY [b].[Id]
2026-08-07T23:31:54.4358861Z info: Microsoft.EntityFrameworkCore.Database.Command[20101]
2026-08-07T23:31:54.4359649Z       Executed DbCommand (2ms) [Parameters=[], CommandType='Text', CommandTimeout='30']
2026-08-07T23:31:54.4359772Z       SELECT 1
2026-08-07T23:31:54.4387794Z info: Microsoft.EntityFrameworkCore.Database.Command[20101]
2026-08-07T23:31:54.4388280Z       Executed DbCommand (2ms) [Parameters=[], CommandType='Text', CommandTimeout='30']
2026-08-07T23:31:54.4388387Z       SELECT OBJECT_ID(N'[__EFMigrationsHistory]');
2026-08-07T23:31:54.4406576Z info: Microsoft.EntityFrameworkCore.Database.Command[20101]
2026-08-07T23:31:54.4408339Z       Executed DbCommand (2ms) [Parameters=[], CommandType='Text', CommandTimeout='30']
2026-08-07T23:31:54.4408483Z       SELECT [MigrationId], [ProductVersion]
2026-08-07T23:31:54.4408544Z       FROM [__EFMigrationsHistory]
2026-08-07T23:31:54.4408598Z       ORDER BY [MigrationId];
2026-08-07T23:31:54.4423751Z info: Microsoft.EntityFrameworkCore.Database.Command[20101]
2026-08-07T23:31:54.4424142Z       Executed DbCommand (2ms) [Parameters=[], CommandType='Text', CommandTimeout='30']
2026-08-07T23:31:54.4424327Z       SELECT TOP(1) [b].[BankAccountNumber]
2026-08-07T23:31:54.4424386Z       FROM [Beneficiaries] AS [b]
2026-08-07T23:31:54.4424438Z       ORDER BY [b].[Id]
2026-08-07T23:31:55.4941552Z info: Microsoft.EntityFrameworkCore.Database.Command[20101]
2026-08-07T23:31:55.4942470Z       Executed DbCommand (2ms) [Parameters=[], CommandType='Text', CommandTimeout='30']
2026-08-07T23:31:55.4942597Z       SELECT 1
2026-08-07T23:31:55.4956770Z info: Microsoft.EntityFrameworkCore.Database.Command[20101]
2026-08-07T23:31:55.4957356Z       Executed DbCommand (2ms) [Parameters=[], CommandType='Text', CommandTimeout='30']
2026-08-07T23:31:55.4957532Z       SELECT OBJECT_ID(N'[__EFMigrationsHistory]');
2026-08-07T23:31:55.4992308Z info: Microsoft.EntityFrameworkCore.Database.Command[20101]
2026-08-07T23:31:55.4992781Z       Executed DbCommand (1ms) [Parameters=[], CommandType='Text', CommandTimeout='30']
2026-08-07T23:31:55.4992878Z       SELECT [MigrationId], [ProductVersion]
2026-08-07T23:31:55.4992935Z       FROM [__EFMigrationsHistory]
2026-08-07T23:31:55.4993050Z       ORDER BY [MigrationId];
2026-08-07T23:31:55.5006958Z info: Microsoft.EntityFrameworkCore.Database.Command[20101]
2026-08-07T23:31:55.5007384Z       Executed DbCommand (2ms) [Parameters=[], CommandType='Text', CommandTimeout='30']
2026-08-07T23:31:55.5007472Z       SELECT TOP(1) [b].[BankAccountNumber]
2026-08-07T23:31:55.5007525Z       FROM [Beneficiaries] AS [b]
2026-08-07T23:31:55.5007622Z       ORDER BY [b].[Id]
2026-08-07T23:31:56.3505875Z info: Microsoft.EntityFrameworkCore.Database.Command[20101]
2026-08-07T23:31:56.3506788Z       Executed DbCommand (2ms) [Parameters=[], CommandType='Text', CommandTimeout='30']
2026-08-07T23:31:56.3506890Z       SELECT 1
2026-08-07T23:31:56.3524531Z info: Microsoft.EntityFrameworkCore.Database.Command[20101]
2026-08-07T23:31:56.3525035Z       Executed DbCommand (1ms) [Parameters=[], CommandType='Text', CommandTimeout='30']
2026-08-07T23:31:56.3525125Z       SELECT OBJECT_ID(N'[__EFMigrationsHistory]');
2026-08-07T23:31:56.3551246Z info: Microsoft.EntityFrameworkCore.Database.Command[20101]
2026-08-07T23:31:56.3551672Z       Executed DbCommand (1ms) [Parameters=[], CommandType='Text', CommandTimeout='30']
2026-08-07T23:31:56.3551745Z       SELECT [MigrationId], [ProductVersion]
2026-08-07T23:31:56.3551782Z       FROM [__EFMigrationsHistory]
2026-08-07T23:31:56.3554926Z       ORDER BY [MigrationId];
2026-08-07T23:31:56.3568693Z info: Microsoft.EntityFrameworkCore.Database.Command[20101]
2026-08-07T23:31:56.3568975Z       Executed DbCommand (1ms) [Parameters=[], CommandType='Text', CommandTimeout='30']
2026-08-07T23:31:56.3569040Z       SELECT TOP(1) [b].[BankAccountNumber]
2026-08-07T23:31:56.3569079Z       FROM [Beneficiaries] AS [b]
2026-08-07T23:31:56.3569118Z       ORDER BY [b].[Id]
2026-08-07T23:31:56.4811666Z info: Microsoft.EntityFrameworkCore.Database.Command[20101]
2026-08-07T23:31:56.4815392Z       Executed DbCommand (2ms) [Parameters=[], CommandType='Text', CommandTimeout='30']
2026-08-07T23:31:56.4815604Z       SELECT 1
2026-08-07T23:31:56.4829780Z info: Microsoft.EntityFrameworkCore.Database.Command[20101]
2026-08-07T23:31:56.4830327Z       Executed DbCommand (2ms) [Parameters=[], CommandType='Text', CommandTimeout='30']
2026-08-07T23:31:56.4830419Z       SELECT OBJECT_ID(N'[__EFMigrationsHistory]');
2026-08-07T23:31:56.4856700Z info: Microsoft.EntityFrameworkCore.Database.Command[20101]
2026-08-07T23:31:56.4857116Z       Executed DbCommand (1ms) [Parameters=[], CommandType='Text', CommandTimeout='30']
2026-08-07T23:31:56.4857199Z       SELECT [MigrationId], [ProductVersion]
2026-08-07T23:31:56.4857299Z       FROM [__EFMigrationsHistory]
2026-08-07T23:31:56.4857347Z       ORDER BY [MigrationId];
2026-08-07T23:31:56.4876002Z info: Microsoft.EntityFrameworkCore.Database.Command[20101]
2026-08-07T23:31:56.4876328Z       Executed DbCommand (1ms) [Parameters=[], CommandType='Text', CommandTimeout='30']
2026-08-07T23:31:56.4876440Z       SELECT TOP(1) [b].[BankAccountNumber]
2026-08-07T23:31:56.4876491Z       FROM [Beneficiaries] AS [b]
2026-08-07T23:31:56.4876533Z       ORDER BY [b].[Id]
2026-08-07T23:31:58.3830114Z info: Microsoft.EntityFrameworkCore.Database.Command[20101]
2026-08-07T23:31:58.3830886Z       Executed DbCommand (2ms) [Parameters=[], CommandType='Text', CommandTimeout='30']
2026-08-07T23:31:58.3831078Z       SELECT 1
2026-08-07T23:31:58.3844890Z info: Microsoft.EntityFrameworkCore.Database.Command[20101]
2026-08-07T23:31:58.3845387Z       Executed DbCommand (2ms) [Parameters=[], CommandType='Text', CommandTimeout='30']
2026-08-07T23:31:58.3845479Z       SELECT OBJECT_ID(N'[__EFMigrationsHistory]');
2026-08-07T23:31:58.3873173Z info: Microsoft.EntityFrameworkCore.Database.Command[20101]
2026-08-07T23:31:58.3873533Z       Executed DbCommand (1ms) [Parameters=[], CommandType='Text', CommandTimeout='30']
2026-08-07T23:31:58.3873613Z       SELECT [MigrationId], [ProductVersion]
2026-08-07T23:31:58.3873657Z       FROM [__EFMigrationsHistory]
2026-08-07T23:31:58.3877000Z       ORDER BY [MigrationId];
2026-08-07T23:31:58.3891855Z info: Microsoft.EntityFrameworkCore.Database.Command[20101]
2026-08-07T23:31:58.3892236Z       Executed DbCommand (1ms) [Parameters=[], CommandType='Text', CommandTimeout='30']
2026-08-07T23:31:58.3892315Z       SELECT TOP(1) [b].[BankAccountNumber]
2026-08-07T23:31:58.3892360Z       FROM [Beneficiaries] AS [b]
2026-08-07T23:31:58.3892400Z       ORDER BY [b].[Id]
2026-08-07T23:32:03.1135039Z info: Microsoft.EntityFrameworkCore.Database.Command[20101]
2026-08-07T23:32:03.1136033Z       Executed DbCommand (2ms) [Parameters=[], CommandType='Text', CommandTimeout='30']
2026-08-07T23:32:03.1136157Z       SELECT 1
2026-08-07T23:32:03.1164229Z info: Microsoft.EntityFrameworkCore.Database.Command[20101]
2026-08-07T23:32:03.1164834Z       Executed DbCommand (2ms) [Parameters=[], CommandType='Text', CommandTimeout='30']
2026-08-07T23:32:03.1164905Z       SELECT OBJECT_ID(N'[__EFMigrationsHistory]');
2026-08-07T23:32:03.1179444Z info: Microsoft.EntityFrameworkCore.Database.Command[20101]
2026-08-07T23:32:03.1179838Z       Executed DbCommand (2ms) [Parameters=[], CommandType='Text', CommandTimeout='30']
2026-08-07T23:32:03.1179956Z       SELECT [MigrationId], [ProductVersion]
2026-08-07T23:32:03.1180003Z       FROM [__EFMigrationsHistory]
2026-08-07T23:32:03.1180043Z       ORDER BY [MigrationId];
2026-08-07T23:32:03.1197819Z info: Microsoft.EntityFrameworkCore.Database.Command[20101]
2026-08-07T23:32:03.1198132Z       Executed DbCommand (1ms) [Parameters=[], CommandType='Text', CommandTimeout='30']
2026-08-07T23:32:03.1198237Z       SELECT TOP(1) [b].[BankAccountNumber]
2026-08-07T23:32:03.1198279Z       FROM [Beneficiaries] AS [b]
2026-08-07T23:32:03.1198321Z       ORDER BY [b].[Id]
2026-08-07T23:32:06.3893613Z info: Microsoft.EntityFrameworkCore.Database.Command[20101]
2026-08-07T23:32:06.3894525Z       Executed DbCommand (2ms) [Parameters=[], CommandType='Text', CommandTimeout='30']
2026-08-07T23:32:06.3894642Z       SELECT 1
2026-08-07T23:32:06.3910676Z info: Microsoft.EntityFrameworkCore.Database.Command[20101]
2026-08-07T23:32:06.3911248Z       Executed DbCommand (2ms) [Parameters=[], CommandType='Text', CommandTimeout='30']
2026-08-07T23:32:06.3911346Z       SELECT OBJECT_ID(N'[__EFMigrationsHistory]');
2026-08-07T23:32:06.3940698Z info: Microsoft.EntityFrameworkCore.Database.Command[20101]
2026-08-07T23:32:06.3941278Z       Executed DbCommand (2ms) [Parameters=[], CommandType='Text', CommandTimeout='30']
2026-08-07T23:32:06.3941378Z       SELECT [MigrationId], [ProductVersion]
2026-08-07T23:32:06.3941434Z       FROM [__EFMigrationsHistory]
2026-08-07T23:32:06.3945752Z       ORDER BY [MigrationId];
2026-08-07T23:32:06.3960138Z info: Microsoft.EntityFrameworkCore.Database.Command[20101]
2026-08-07T23:32:06.3960463Z       Executed DbCommand (1ms) [Parameters=[], CommandType='Text', CommandTimeout='30']
2026-08-07T23:32:06.3960539Z       SELECT TOP(1) [b].[BankAccountNumber]
2026-08-07T23:32:06.3960583Z       FROM [Beneficiaries] AS [b]
2026-08-07T23:32:06.3960673Z       ORDER BY [b].[Id]
2026-08-07T23:32:13.4899449Z info: Microsoft.EntityFrameworkCore.Database.Command[20101]
2026-08-07T23:32:13.4903237Z       Executed DbCommand (2ms) [Parameters=[], CommandType='Text', CommandTimeout='30']
2026-08-07T23:32:13.4905022Z       SELECT 1
2026-08-07T23:32:13.4927376Z info: Microsoft.EntityFrameworkCore.Database.Command[20101]
2026-08-07T23:32:13.4927779Z       Executed DbCommand (2ms) [Parameters=[], CommandType='Text', CommandTimeout='30']
2026-08-07T23:32:13.4927860Z       SELECT OBJECT_ID(N'[__EFMigrationsHistory]');
2026-08-07T23:32:13.4955306Z info: Microsoft.EntityFrameworkCore.Database.Command[20101]
2026-08-07T23:32:13.4955637Z       Executed DbCommand (2ms) [Parameters=[], CommandType='Text', CommandTimeout='30']
2026-08-07T23:32:13.4955844Z       SELECT [MigrationId], [ProductVersion]
2026-08-07T23:32:13.4955892Z       FROM [__EFMigrationsHistory]
2026-08-07T23:32:13.4955936Z       ORDER BY [MigrationId];
2026-08-07T23:32:13.4969247Z info: Microsoft.EntityFrameworkCore.Database.Command[20101]
2026-08-07T23:32:13.4971030Z       Executed DbCommand (1ms) [Parameters=[], CommandType='Text', CommandTimeout='30']
2026-08-07T23:32:13.4971200Z       SELECT TOP(1) [b].[BankAccountNumber]
2026-08-07T23:32:13.4971244Z       FROM [Beneficiaries] AS [b]
2026-08-07T23:32:13.4971285Z       ORDER BY [b].[Id]
2026-08-07T23:32:17.6333351Z info: Microsoft.EntityFrameworkCore.Database.Command[20101]
2026-08-07T23:32:17.6334375Z       Executed DbCommand (2ms) [Parameters=[], CommandType='Text', CommandTimeout='30']
2026-08-07T23:32:17.6334467Z       SELECT 1
2026-08-07T23:32:17.6356872Z info: Microsoft.EntityFrameworkCore.Database.Command[20101]
2026-08-07T23:32:17.6357526Z       Executed DbCommand (2ms) [Parameters=[], CommandType='Text', CommandTimeout='30']
2026-08-07T23:32:17.6357678Z       SELECT OBJECT_ID(N'[__EFMigrationsHistory]');
2026-08-07T23:32:17.6385765Z info: Microsoft.EntityFrameworkCore.Database.Command[20101]
2026-08-07T23:32:17.6386347Z       Executed DbCommand (2ms) [Parameters=[], CommandType='Text', CommandTimeout='30']
2026-08-07T23:32:17.6386432Z       SELECT [MigrationId], [ProductVersion]
2026-08-07T23:32:17.6386524Z       FROM [__EFMigrationsHistory]
2026-08-07T23:32:17.6390303Z       ORDER BY [MigrationId];
2026-08-07T23:32:17.6402257Z info: Microsoft.EntityFrameworkCore.Database.Command[20101]
2026-08-07T23:32:17.6402600Z       Executed DbCommand (1ms) [Parameters=[], CommandType='Text', CommandTimeout='30']
2026-08-07T23:32:17.6402720Z       SELECT TOP(1) [b].[BankAccountNumber]
2026-08-07T23:32:17.6407283Z       FROM [Beneficiaries] AS [b]
2026-08-07T23:32:17.6407419Z       ORDER BY [b].[Id]
2026-08-07T23:32:19.6009795Z info: Microsoft.EntityFrameworkCore.Database.Command[20101]
2026-08-07T23:32:19.6010589Z       Executed DbCommand (2ms) [Parameters=[], CommandType='Text', CommandTimeout='30']
2026-08-07T23:32:19.6010771Z       SELECT 1
2026-08-07T23:32:19.6037531Z info: Microsoft.EntityFrameworkCore.Database.Command[20101]
2026-08-07T23:32:19.6037974Z       Executed DbCommand (2ms) [Parameters=[], CommandType='Text', CommandTimeout='30']
2026-08-07T23:32:19.6038062Z       SELECT OBJECT_ID(N'[__EFMigrationsHistory]');
2026-08-07T23:32:19.6051230Z info: Microsoft.EntityFrameworkCore.Database.Command[20101]
2026-08-07T23:32:19.6051595Z       Executed DbCommand (1ms) [Parameters=[], CommandType='Text', CommandTimeout='30']
2026-08-07T23:32:19.6051665Z       SELECT [MigrationId], [ProductVersion]
2026-08-07T23:32:19.6051808Z       FROM [__EFMigrationsHistory]
2026-08-07T23:32:19.6051971Z       ORDER BY [MigrationId];
2026-08-07T23:32:19.6069892Z info: Microsoft.EntityFrameworkCore.Database.Command[20101]
2026-08-07T23:32:19.6070200Z       Executed DbCommand (1ms) [Parameters=[], CommandType='Text', CommandTimeout='30']
2026-08-07T23:32:19.6070272Z       SELECT TOP(1) [b].[BankAccountNumber]
2026-08-07T23:32:19.6070316Z       FROM [Beneficiaries] AS [b]
2026-08-07T23:32:19.6070347Z       ORDER BY [b].[Id]
2026-08-07T23:32:22.3522502Z info: Microsoft.EntityFrameworkCore.Database.Command[20101]
2026-08-07T23:32:22.3523296Z       Executed DbCommand (2ms) [Parameters=[], CommandType='Text', CommandTimeout='30']
2026-08-07T23:32:22.3523428Z       SELECT 1
2026-08-07T23:32:22.3542652Z info: Microsoft.EntityFrameworkCore.Database.Command[20101]
2026-08-07T23:32:22.3543158Z       Executed DbCommand (2ms) [Parameters=[], CommandType='Text', CommandTimeout='30']
2026-08-07T23:32:22.3543258Z       SELECT OBJECT_ID(N'[__EFMigrationsHistory]');
2026-08-07T23:32:22.3576314Z info: Microsoft.EntityFrameworkCore.Database.Command[20101]
2026-08-07T23:32:22.3576706Z       Executed DbCommand (1ms) [Parameters=[], CommandType='Text', CommandTimeout='30']
2026-08-07T23:32:22.3576816Z       SELECT [MigrationId], [ProductVersion]
2026-08-07T23:32:22.3576865Z       FROM [__EFMigrationsHistory]
2026-08-07T23:32:22.3576907Z       ORDER BY [MigrationId];
2026-08-07T23:32:22.3589672Z info: Microsoft.EntityFrameworkCore.Database.Command[20101]
2026-08-07T23:32:22.3589972Z       Executed DbCommand (1ms) [Parameters=[], CommandType='Text', CommandTimeout='30']
2026-08-07T23:32:22.3590077Z       SELECT TOP(1) [b].[BankAccountNumber]
2026-08-07T23:32:22.3590117Z       FROM [Beneficiaries] AS [b]
2026-08-07T23:32:22.3590154Z       ORDER BY [b].[Id]
2026-08-07T23:32:26.2561198Z info: Microsoft.EntityFrameworkCore.Database.Command[20101]
2026-08-07T23:32:26.2562107Z       Executed DbCommand (2ms) [Parameters=[], CommandType='Text', CommandTimeout='30']
2026-08-07T23:32:26.2562212Z       SELECT 1
2026-08-07T23:32:26.2577359Z info: Microsoft.EntityFrameworkCore.Database.Command[20101]
2026-08-07T23:32:26.2577841Z       Executed DbCommand (2ms) [Parameters=[], CommandType='Text', CommandTimeout='30']
2026-08-07T23:32:26.2577918Z       SELECT OBJECT_ID(N'[__EFMigrationsHistory]');
2026-08-07T23:32:26.2607242Z info: Microsoft.EntityFrameworkCore.Database.Command[20101]
2026-08-07T23:32:26.2607610Z       Executed DbCommand (1ms) [Parameters=[], CommandType='Text', CommandTimeout='30']
2026-08-07T23:32:26.2607682Z       SELECT [MigrationId], [ProductVersion]
2026-08-07T23:32:26.2607727Z       FROM [__EFMigrationsHistory]
2026-08-07T23:32:26.2607813Z       ORDER BY [MigrationId];
2026-08-07T23:32:26.2624766Z info: Microsoft.EntityFrameworkCore.Database.Command[20101]
2026-08-07T23:32:26.2625126Z       Executed DbCommand (2ms) [Parameters=[], CommandType='Text', CommandTimeout='30']
2026-08-07T23:32:26.2625196Z       SELECT TOP(1) [b].[BankAccountNumber]
2026-08-07T23:32:26.2625340Z       FROM [Beneficiaries] AS [b]
2026-08-07T23:32:26.2625427Z       ORDER BY [b].[Id]
2026-08-07T23:32:28.2219579Z info: Microsoft.EntityFrameworkCore.Database.Command[20101]
2026-08-07T23:32:28.2220477Z       Executed DbCommand (2ms) [Parameters=[], CommandType='Text', CommandTimeout='30']
2026-08-07T23:32:28.2220621Z       SELECT 1
2026-08-07T23:32:28.2236692Z info: Microsoft.EntityFrameworkCore.Database.Command[20101]
2026-08-07T23:32:28.2237187Z       Executed DbCommand (2ms) [Parameters=[], CommandType='Text', CommandTimeout='30']
2026-08-07T23:32:28.2237270Z       SELECT OBJECT_ID(N'[__EFMigrationsHistory]');
2026-08-07T23:32:28.2266679Z info: Microsoft.EntityFrameworkCore.Database.Command[20101]
2026-08-07T23:32:28.2267147Z       Executed DbCommand (1ms) [Parameters=[], CommandType='Text', CommandTimeout='30']
2026-08-07T23:32:28.2267248Z       SELECT [MigrationId], [ProductVersion]
2026-08-07T23:32:28.2267279Z       FROM [__EFMigrationsHistory]
2026-08-07T23:32:28.2267458Z       ORDER BY [MigrationId];
2026-08-07T23:32:28.2285353Z info: Microsoft.EntityFrameworkCore.Database.Command[20101]
2026-08-07T23:32:28.2285720Z       Executed DbCommand (1ms) [Parameters=[], CommandType='Text', CommandTimeout='30']
2026-08-07T23:32:28.2285795Z       SELECT TOP(1) [b].[BankAccountNumber]
2026-08-07T23:32:28.2285842Z       FROM [Beneficiaries] AS [b]
2026-08-07T23:32:28.2285887Z       ORDER BY [b].[Id]
2026-08-07T23:32:31.3578674Z info: Microsoft.EntityFrameworkCore.Database.Command[20101]
2026-08-07T23:32:31.3579486Z       Executed DbCommand (2ms) [Parameters=[], CommandType='Text', CommandTimeout='30']
2026-08-07T23:32:31.3579606Z       SELECT 1
2026-08-07T23:32:31.3614045Z info: Microsoft.EntityFrameworkCore.Database.Command[20101]
2026-08-07T23:32:31.3614475Z       Executed DbCommand (2ms) [Parameters=[], CommandType='Text', CommandTimeout='30']
2026-08-07T23:32:31.3614603Z       SELECT OBJECT_ID(N'[__EFMigrationsHistory]');
2026-08-07T23:32:31.3635700Z info: Microsoft.EntityFrameworkCore.Database.Command[20101]
2026-08-07T23:32:31.3635977Z       Executed DbCommand (2ms) [Parameters=[], CommandType='Text', CommandTimeout='30']
2026-08-07T23:32:31.3636051Z       SELECT [MigrationId], [ProductVersion]
2026-08-07T23:32:31.3636101Z       FROM [__EFMigrationsHistory]
2026-08-07T23:32:31.3636188Z       ORDER BY [MigrationId];
2026-08-07T23:32:31.3650384Z info: Microsoft.EntityFrameworkCore.Database.Command[20101]
2026-08-07T23:32:31.3650656Z       Executed DbCommand (2ms) [Parameters=[], CommandType='Text', CommandTimeout='30']
2026-08-07T23:32:31.3650734Z       SELECT TOP(1) [b].[BankAccountNumber]
2026-08-07T23:32:31.3650779Z       FROM [Beneficiaries] AS [b]
2026-08-07T23:32:31.3650860Z       ORDER BY [b].[Id]
2026-08-07T23:32:33.0717851Z info: Microsoft.EntityFrameworkCore.Database.Command[20101]
2026-08-07T23:32:33.0718564Z       Executed DbCommand (2ms) [Parameters=[], CommandType='Text', CommandTimeout='30']
2026-08-07T23:32:33.0718710Z       SELECT 1
2026-08-07T23:32:33.0745839Z info: Microsoft.EntityFrameworkCore.Database.Command[20101]
2026-08-07T23:32:33.0746561Z       Executed DbCommand (2ms) [Parameters=[], CommandType='Text', CommandTimeout='30']
2026-08-07T23:32:33.0746664Z       SELECT OBJECT_ID(N'[__EFMigrationsHistory]');
2026-08-07T23:32:33.0762060Z info: Microsoft.EntityFrameworkCore.Database.Command[20101]
2026-08-07T23:32:33.0762764Z       Executed DbCommand (1ms) [Parameters=[], CommandType='Text', CommandTimeout='30']
2026-08-07T23:32:33.0762846Z       SELECT [MigrationId], [ProductVersion]
2026-08-07T23:32:33.0762887Z       FROM [__EFMigrationsHistory]
2026-08-07T23:32:33.0764900Z       ORDER BY [MigrationId];
2026-08-07T23:32:33.0792528Z info: Microsoft.EntityFrameworkCore.Database.Command[20101]
2026-08-07T23:32:33.0792949Z       Executed DbCommand (2ms) [Parameters=[], CommandType='Text', CommandTimeout='30']
2026-08-07T23:32:33.0798590Z       SELECT TOP(1) [b].[BankAccountNumber]
2026-08-07T23:32:33.0798725Z       FROM [Beneficiaries] AS [b]
2026-08-07T23:32:33.0798774Z       ORDER BY [b].[Id]
2026-08-07T23:32:39.6959393Z info: Microsoft.EntityFrameworkCore.Database.Command[20101]
2026-08-07T23:32:39.6960178Z       Executed DbCommand (2ms) [Parameters=[], CommandType='Text', CommandTimeout='30']
2026-08-07T23:32:39.6960287Z       SELECT 1
2026-08-07T23:32:39.6986326Z info: Microsoft.EntityFrameworkCore.Database.Command[20101]
2026-08-07T23:32:39.6986967Z       Executed DbCommand (2ms) [Parameters=[], CommandType='Text', CommandTimeout='30']
2026-08-07T23:32:39.6987071Z       SELECT OBJECT_ID(N'[__EFMigrationsHistory]');
2026-08-07T23:32:39.6998489Z info: Microsoft.EntityFrameworkCore.Database.Command[20101]
2026-08-07T23:32:39.6998855Z       Executed DbCommand (1ms) [Parameters=[], CommandType='Text', CommandTimeout='30']
2026-08-07T23:32:39.6998920Z       SELECT [MigrationId], [ProductVersion]
2026-08-07T23:32:39.6999014Z       FROM [__EFMigrationsHistory]
2026-08-07T23:32:39.7003307Z       ORDER BY [MigrationId];
2026-08-07T23:32:39.7019122Z info: Microsoft.EntityFrameworkCore.Database.Command[20101]
2026-08-07T23:32:39.7019480Z       Executed DbCommand (1ms) [Parameters=[], CommandType='Text', CommandTimeout='30']
2026-08-07T23:32:39.7019592Z       SELECT TOP(1) [b].[BankAccountNumber]
2026-08-07T23:32:39.7019637Z       FROM [Beneficiaries] AS [b]
2026-08-07T23:32:39.7019677Z       ORDER BY [b].[Id]
2026-08-07T23:32:42.8375579Z info: Microsoft.EntityFrameworkCore.Database.Command[20101]
2026-08-07T23:32:42.8376576Z       Executed DbCommand (2ms) [Parameters=[], CommandType='Text', CommandTimeout='30']
2026-08-07T23:32:42.8376872Z       SELECT 1
2026-08-07T23:32:42.8392363Z info: Microsoft.EntityFrameworkCore.Database.Command[20101]
2026-08-07T23:32:42.8393340Z       Executed DbCommand (2ms) [Parameters=[], CommandType='Text', CommandTimeout='30']
2026-08-07T23:32:42.8393445Z       SELECT OBJECT_ID(N'[__EFMigrationsHistory]');
2026-08-07T23:32:42.8421012Z info: Microsoft.EntityFrameworkCore.Database.Command[20101]
2026-08-07T23:32:42.8421491Z       Executed DbCommand (2ms) [Parameters=[], CommandType='Text', CommandTimeout='30']
2026-08-07T23:32:42.8421596Z       SELECT [MigrationId], [ProductVersion]
2026-08-07T23:32:42.8421652Z       FROM [__EFMigrationsHistory]
2026-08-07T23:32:42.8423749Z       ORDER BY [MigrationId];
2026-08-07T23:32:42.8437802Z info: Microsoft.EntityFrameworkCore.Database.Command[20101]
2026-08-07T23:32:42.8438169Z       Executed DbCommand (1ms) [Parameters=[], CommandType='Text', CommandTimeout='30']
2026-08-07T23:32:42.8438234Z       SELECT TOP(1) [b].[BankAccountNumber]
2026-08-07T23:32:42.8438274Z       FROM [Beneficiaries] AS [b]
2026-08-07T23:32:42.8438353Z       ORDER BY [b].[Id]
2026-08-07T23:32:47.0836880Z info: Microsoft.EntityFrameworkCore.Database.Command[20101]
2026-08-07T23:32:47.0837548Z       Executed DbCommand (2ms) [Parameters=[], CommandType='Text', CommandTimeout='30']
2026-08-07T23:32:47.0837646Z       SELECT 1
2026-08-07T23:32:47.0857768Z info: Microsoft.EntityFrameworkCore.Database.Command[20101]
2026-08-07T23:32:47.0858381Z       Executed DbCommand (2ms) [Parameters=[], CommandType='Text', CommandTimeout='30']
2026-08-07T23:32:47.0858472Z       SELECT OBJECT_ID(N'[__EFMigrationsHistory]');
2026-08-07T23:32:47.0886629Z info: Microsoft.EntityFrameworkCore.Database.Command[20101]
2026-08-07T23:32:47.0887527Z       Executed DbCommand (2ms) [Parameters=[], CommandType='Text', CommandTimeout='30']
2026-08-07T23:32:47.0887645Z       SELECT [MigrationId], [ProductVersion]
2026-08-07T23:32:47.0887688Z       FROM [__EFMigrationsHistory]
2026-08-07T23:32:47.0887725Z       ORDER BY [MigrationId];
2026-08-07T23:32:47.0907809Z info: Microsoft.EntityFrameworkCore.Database.Command[20101]
2026-08-07T23:32:47.0908156Z       Executed DbCommand (1ms) [Parameters=[], CommandType='Text', CommandTimeout='30']
2026-08-07T23:32:47.0908269Z       SELECT TOP(1) [b].[BankAccountNumber]
2026-08-07T23:32:47.0908312Z       FROM [Beneficiaries] AS [b]
2026-08-07T23:32:47.0908353Z       ORDER BY [b].[Id]
2026-08-07T23:32:48.1491495Z info: Microsoft.EntityFrameworkCore.Database.Command[20101]
2026-08-07T23:32:48.1492401Z       Executed DbCommand (2ms) [Parameters=[], CommandType='Text', CommandTimeout='30']
2026-08-07T23:32:48.1492503Z       SELECT 1
2026-08-07T23:32:48.1509277Z info: Microsoft.EntityFrameworkCore.Database.Command[20101]
2026-08-07T23:32:48.1509703Z       Executed DbCommand (2ms) [Parameters=[], CommandType='Text', CommandTimeout='30']
2026-08-07T23:32:48.1509876Z       SELECT OBJECT_ID(N'[__EFMigrationsHistory]');
2026-08-07T23:32:48.1539946Z info: Microsoft.EntityFrameworkCore.Database.Command[20101]
2026-08-07T23:32:48.1540431Z       Executed DbCommand (1ms) [Parameters=[], CommandType='Text', CommandTimeout='30']
2026-08-07T23:32:48.1540514Z       SELECT [MigrationId], [ProductVersion]
2026-08-07T23:32:48.1540568Z       FROM [__EFMigrationsHistory]
2026-08-07T23:32:48.1540653Z       ORDER BY [MigrationId];
2026-08-07T23:32:48.1557705Z info: Microsoft.EntityFrameworkCore.Database.Command[20101]
2026-08-07T23:32:48.1558035Z       Executed DbCommand (2ms) [Parameters=[], CommandType='Text', CommandTimeout='30']
2026-08-07T23:32:48.1558102Z       SELECT TOP(1) [b].[BankAccountNumber]
2026-08-07T23:32:48.1558142Z       FROM [Beneficiaries] AS [b]
2026-08-07T23:32:48.1558227Z       ORDER BY [b].[Id]
2026-08-07T23:32:52.1720502Z info: Microsoft.EntityFrameworkCore.Database.Command[20101]
2026-08-07T23:32:52.1721295Z       Executed DbCommand (2ms) [Parameters=[], CommandType='Text', CommandTimeout='30']
2026-08-07T23:32:52.1721423Z       SELECT 1
2026-08-07T23:32:52.1747409Z info: Microsoft.EntityFrameworkCore.Database.Command[20101]
2026-08-07T23:32:52.1747883Z       Executed DbCommand (2ms) [Parameters=[], CommandType='Text', CommandTimeout='30']
2026-08-07T23:32:52.1747969Z       SELECT OBJECT_ID(N'[__EFMigrationsHistory]');
2026-08-07T23:32:52.1759898Z info: Microsoft.EntityFrameworkCore.Database.Command[20101]
2026-08-07T23:32:52.1760292Z       Executed DbCommand (1ms) [Parameters=[], CommandType='Text', CommandTimeout='30']
2026-08-07T23:32:52.1760440Z       SELECT [MigrationId], [ProductVersion]
2026-08-07T23:32:52.1760482Z       FROM [__EFMigrationsHistory]
2026-08-07T23:32:52.1760661Z       ORDER BY [MigrationId];
2026-08-07T23:32:52.1783467Z info: Microsoft.EntityFrameworkCore.Database.Command[20101]
2026-08-07T23:32:52.1783878Z       Executed DbCommand (1ms) [Parameters=[], CommandType='Text', CommandTimeout='30']
2026-08-07T23:32:52.1784135Z       SELECT TOP(1) [b].[BankAccountNumber]
2026-08-07T23:32:52.1784183Z       FROM [Beneficiaries] AS [b]
2026-08-07T23:32:52.1784226Z       ORDER BY [b].[Id]
2026-08-07T23:32:53.5780186Z info: Microsoft.EntityFrameworkCore.Database.Command[20101]
2026-08-07T23:32:53.5781230Z       Executed DbCommand (2ms) [Parameters=[], CommandType='Text', CommandTimeout='30']
2026-08-07T23:32:53.5781404Z       SELECT 1
2026-08-07T23:32:53.5798571Z info: Microsoft.EntityFrameworkCore.Database.Command[20101]
2026-08-07T23:32:53.5799242Z       Executed DbCommand (2ms) [Parameters=[], CommandType='Text', CommandTimeout='30']
2026-08-07T23:32:53.5799397Z       SELECT OBJECT_ID(N'[__EFMigrationsHistory]');
2026-08-07T23:32:53.5831347Z info: Microsoft.EntityFrameworkCore.Database.Command[20101]
2026-08-07T23:32:53.5831798Z       Executed DbCommand (2ms) [Parameters=[], CommandType='Text', CommandTimeout='30']
2026-08-07T23:32:53.5831891Z       SELECT [MigrationId], [ProductVersion]
2026-08-07T23:32:53.5831948Z       FROM [__EFMigrationsHistory]
2026-08-07T23:32:53.5832059Z       ORDER BY [MigrationId];
2026-08-07T23:32:53.5853073Z info: Microsoft.EntityFrameworkCore.Database.Command[20101]
2026-08-07T23:32:53.5853406Z       Executed DbCommand (2ms) [Parameters=[], CommandType='Text', CommandTimeout='30']
2026-08-07T23:32:53.5853474Z       SELECT TOP(1) [b].[BankAccountNumber]
2026-08-07T23:32:53.5853518Z       FROM [Beneficiaries] AS [b]
2026-08-07T23:32:53.5853610Z       ORDER BY [b].[Id]
2026-08-07T23:32:53.9654987Z info: Microsoft.EntityFrameworkCore.Database.Command[20101]
2026-08-07T23:32:53.9655873Z       Executed DbCommand (2ms) [Parameters=[], CommandType='Text', CommandTimeout='30']
2026-08-07T23:32:53.9655991Z       SELECT 1
2026-08-07T23:32:53.9670639Z info: Microsoft.EntityFrameworkCore.Database.Command[20101]
2026-08-07T23:32:53.9671294Z       Executed DbCommand (2ms) [Parameters=[], CommandType='Text', CommandTimeout='30']
2026-08-07T23:32:53.9671427Z       SELECT OBJECT_ID(N'[__EFMigrationsHistory]');
2026-08-07T23:32:53.9693233Z info: Microsoft.EntityFrameworkCore.Database.Command[20101]
2026-08-07T23:32:53.9693581Z       Executed DbCommand (1ms) [Parameters=[], CommandType='Text', CommandTimeout='30']
2026-08-07T23:32:53.9693660Z       SELECT [MigrationId], [ProductVersion]
2026-08-07T23:32:53.9693742Z       FROM [__EFMigrationsHistory]
2026-08-07T23:32:53.9697584Z       ORDER BY [MigrationId];
2026-08-07T23:32:53.9710945Z info: Microsoft.EntityFrameworkCore.Database.Command[20101]
2026-08-07T23:32:53.9711249Z       Executed DbCommand (1ms) [Parameters=[], CommandType='Text', CommandTimeout='30']
2026-08-07T23:32:53.9711360Z       SELECT TOP(1) [b].[BankAccountNumber]
2026-08-07T23:32:53.9711403Z       FROM [Beneficiaries] AS [b]
2026-08-07T23:32:53.9711444Z       ORDER BY [b].[Id]
2026-08-07T23:32:57.3815810Z info: Microsoft.EntityFrameworkCore.Database.Command[20101]
2026-08-07T23:32:57.3816542Z       Executed DbCommand (2ms) [Parameters=[], CommandType='Text', CommandTimeout='30']
2026-08-07T23:32:57.3816733Z       SELECT 1
2026-08-07T23:32:57.3848685Z info: Microsoft.EntityFrameworkCore.Database.Command[20101]
2026-08-07T23:32:57.3849476Z       Executed DbCommand (2ms) [Parameters=[], CommandType='Text', CommandTimeout='30']
2026-08-07T23:32:57.3849574Z       SELECT OBJECT_ID(N'[__EFMigrationsHistory]');
2026-08-07T23:32:57.3871353Z info: Microsoft.EntityFrameworkCore.Database.Command[20101]
2026-08-07T23:32:57.3871821Z       Executed DbCommand (1ms) [Parameters=[], CommandType='Text', CommandTimeout='30']
2026-08-07T23:32:57.3871900Z       SELECT [MigrationId], [ProductVersion]
2026-08-07T23:32:57.3871947Z       FROM [__EFMigrationsHistory]
2026-08-07T23:32:57.3871992Z       ORDER BY [MigrationId];
2026-08-07T23:32:57.3883975Z info: Microsoft.EntityFrameworkCore.Database.Command[20101]
2026-08-07T23:32:57.3884296Z       Executed DbCommand (1ms) [Parameters=[], CommandType='Text', CommandTimeout='30']
2026-08-07T23:32:57.3884363Z       SELECT TOP(1) [b].[BankAccountNumber]
2026-08-07T23:32:57.3884404Z       FROM [Beneficiaries] AS [b]
2026-08-07T23:32:57.3884440Z       ORDER BY [b].[Id]
2026-08-07T23:33:00.2805396Z info: Microsoft.EntityFrameworkCore.Database.Command[20101]
2026-08-07T23:33:00.2806309Z       Executed DbCommand (5ms) [Parameters=[], CommandType='Text', CommandTimeout='30']
2026-08-07T23:33:00.2806436Z       SELECT 1
2026-08-07T23:33:00.2832865Z info: Microsoft.EntityFrameworkCore.Database.Command[20101]
2026-08-07T23:33:00.2833530Z       Executed DbCommand (2ms) [Parameters=[], CommandType='Text', CommandTimeout='30']
2026-08-07T23:33:00.2833615Z       SELECT OBJECT_ID(N'[__EFMigrationsHistory]');
2026-08-07T23:33:00.2849701Z info: Microsoft.EntityFrameworkCore.Database.Command[20101]
2026-08-07T23:33:00.2850181Z       Executed DbCommand (2ms) [Parameters=[], CommandType='Text', CommandTimeout='30']
2026-08-07T23:33:00.2850322Z       SELECT [MigrationId], [ProductVersion]
2026-08-07T23:33:00.2850367Z       FROM [__EFMigrationsHistory]
2026-08-07T23:33:00.2850409Z       ORDER BY [MigrationId];
2026-08-07T23:33:00.2864205Z info: Microsoft.EntityFrameworkCore.Database.Command[20101]
2026-08-07T23:33:00.2864443Z       Executed DbCommand (1ms) [Parameters=[], CommandType='Text', CommandTimeout='30']
2026-08-07T23:33:00.2864555Z       SELECT TOP(1) [b].[BankAccountNumber]
2026-08-07T23:33:00.2864593Z       FROM [Beneficiaries] AS [b]
2026-08-07T23:33:00.2864631Z       ORDER BY [b].[Id]
2026-08-07T23:33:04.3835672Z info: Microsoft.EntityFrameworkCore.Database.Command[20101]
2026-08-07T23:33:04.3836594Z       Executed DbCommand (2ms) [Parameters=[], CommandType='Text', CommandTimeout='30']
2026-08-07T23:33:04.3836714Z       SELECT 1
2026-08-07T23:33:04.3863767Z info: Microsoft.EntityFrameworkCore.Database.Command[20101]
2026-08-07T23:33:04.3864333Z       Executed DbCommand (1ms) [Parameters=[], CommandType='Text', CommandTimeout='30']
2026-08-07T23:33:04.3864438Z       SELECT OBJECT_ID(N'[__EFMigrationsHistory]');
2026-08-07T23:33:04.3876323Z info: Microsoft.EntityFrameworkCore.Database.Command[20101]
2026-08-07T23:33:04.3876766Z       Executed DbCommand (1ms) [Parameters=[], CommandType='Text', CommandTimeout='30']
2026-08-07T23:33:04.3876942Z       SELECT [MigrationId], [ProductVersion]
2026-08-07T23:33:04.3876985Z       FROM [__EFMigrationsHistory]
2026-08-07T23:33:04.3878571Z       ORDER BY [MigrationId];
2026-08-07T23:33:04.3892115Z info: Microsoft.EntityFrameworkCore.Database.Command[20101]
2026-08-07T23:33:04.3892467Z       Executed DbCommand (1ms) [Parameters=[], CommandType='Text', CommandTimeout='30']
2026-08-07T23:33:04.3892543Z       SELECT TOP(1) [b].[BankAccountNumber]
2026-08-07T23:33:04.3892582Z       FROM [Beneficiaries] AS [b]
2026-08-07T23:33:04.3892664Z       ORDER BY [b].[Id]
2026-08-07T23:33:04.6629030Z info: Microsoft.EntityFrameworkCore.Database.Command[20101]
2026-08-07T23:33:04.6629563Z       Executed DbCommand (2ms) [Parameters=[], CommandType='Text', CommandTimeout='30']
2026-08-07T23:33:04.6629634Z       SELECT 1
2026-08-07T23:33:04.6648582Z info: Microsoft.EntityFrameworkCore.Database.Command[20101]
2026-08-07T23:33:04.6649059Z       Executed DbCommand (2ms) [Parameters=[], CommandType='Text', CommandTimeout='30']
2026-08-07T23:33:04.6649135Z       SELECT OBJECT_ID(N'[__EFMigrationsHistory]');
2026-08-07T23:33:04.6678536Z info: Microsoft.EntityFrameworkCore.Database.Command[20101]
2026-08-07T23:33:04.6678870Z       Executed DbCommand (2ms) [Parameters=[], CommandType='Text', CommandTimeout='30']
2026-08-07T23:33:04.6678991Z       SELECT [MigrationId], [ProductVersion]
2026-08-07T23:33:04.6679235Z       FROM [__EFMigrationsHistory]
2026-08-07T23:33:04.6679286Z       ORDER BY [MigrationId];
2026-08-07T23:33:04.6694877Z info: Microsoft.EntityFrameworkCore.Database.Command[20101]
2026-08-07T23:33:04.6695159Z       Executed DbCommand (1ms) [Parameters=[], CommandType='Text', CommandTimeout='30']
2026-08-07T23:33:04.6695233Z       SELECT TOP(1) [b].[BankAccountNumber]
2026-08-07T23:33:04.6695279Z       FROM [Beneficiaries] AS [b]
2026-08-07T23:33:04.6695321Z       ORDER BY [b].[Id]
2026-08-07T23:33:05.8632647Z info: Microsoft.EntityFrameworkCore.Database.Command[20101]
2026-08-07T23:33:05.8633667Z       Executed DbCommand (3ms) [Parameters=[], CommandType='Text', CommandTimeout='30']
2026-08-07T23:33:05.8633795Z       SELECT 1
2026-08-07T23:33:05.8662104Z info: Microsoft.EntityFrameworkCore.Database.Command[20101]
2026-08-07T23:33:05.8662753Z       Executed DbCommand (2ms) [Parameters=[], CommandType='Text', CommandTimeout='30']
2026-08-07T23:33:05.8662923Z       SELECT OBJECT_ID(N'[__EFMigrationsHistory]');
2026-08-07T23:33:05.8679261Z info: Microsoft.EntityFrameworkCore.Database.Command[20101]
2026-08-07T23:33:05.8679742Z       Executed DbCommand (1ms) [Parameters=[], CommandType='Text', CommandTimeout='30']
2026-08-07T23:33:05.8679833Z       SELECT [MigrationId], [ProductVersion]
2026-08-07T23:33:05.8679894Z       FROM [__EFMigrationsHistory]
2026-08-07T23:33:05.8679985Z       ORDER BY [MigrationId];
2026-08-07T23:33:05.8693191Z info: Microsoft.EntityFrameworkCore.Database.Command[20101]
2026-08-07T23:33:05.8693570Z       Executed DbCommand (1ms) [Parameters=[], CommandType='Text', CommandTimeout='30']
2026-08-07T23:33:05.8693648Z       SELECT TOP(1) [b].[BankAccountNumber]
2026-08-07T23:33:05.8693700Z       FROM [Beneficiaries] AS [b]
2026-08-07T23:33:05.8693856Z       ORDER BY [b].[Id]
2026-08-07T23:33:12.3921190Z info: Microsoft.EntityFrameworkCore.Database.Command[20101]
2026-08-07T23:33:12.3921958Z       Executed DbCommand (8ms) [Parameters=[], CommandType='Text', CommandTimeout='30']
2026-08-07T23:33:12.3922070Z       SELECT 1
2026-08-07T23:33:12.3955618Z info: Microsoft.EntityFrameworkCore.Database.Command[20101]
2026-08-07T23:33:12.3956128Z       Executed DbCommand (2ms) [Parameters=[], CommandType='Text', CommandTimeout='30']
2026-08-07T23:33:12.3956220Z       SELECT OBJECT_ID(N'[__EFMigrationsHistory]');
2026-08-07T23:33:12.3971474Z info: Microsoft.EntityFrameworkCore.Database.Command[20101]
2026-08-07T23:33:12.3971916Z       Executed DbCommand (2ms) [Parameters=[], CommandType='Text', CommandTimeout='30']
2026-08-07T23:33:12.3971986Z       SELECT [MigrationId], [ProductVersion]
2026-08-07T23:33:12.3972029Z       FROM [__EFMigrationsHistory]
2026-08-07T23:33:12.3972070Z       ORDER BY [MigrationId];
2026-08-07T23:33:12.3991731Z info: Microsoft.EntityFrameworkCore.Database.Command[20101]
2026-08-07T23:33:12.3992098Z       Executed DbCommand (2ms) [Parameters=[], CommandType='Text', CommandTimeout='30']
2026-08-07T23:33:12.3992163Z       SELECT TOP(1) [b].[BankAccountNumber]
2026-08-07T23:33:12.3992208Z       FROM [Beneficiaries] AS [b]
2026-08-07T23:33:12.3992251Z       ORDER BY [b].[Id]
2026-08-07T23:33:16.4883776Z info: Microsoft.EntityFrameworkCore.Database.Command[20101]
2026-08-07T23:33:16.4884569Z       Executed DbCommand (2ms) [Parameters=[], CommandType='Text', CommandTimeout='30']
2026-08-07T23:33:16.4884682Z       SELECT 1
2026-08-07T23:33:16.4911805Z info: Microsoft.EntityFrameworkCore.Database.Command[20101]
2026-08-07T23:33:16.4912263Z       Executed DbCommand (2ms) [Parameters=[], CommandType='Text', CommandTimeout='30']
2026-08-07T23:33:16.4912407Z       SELECT OBJECT_ID(N'[__EFMigrationsHistory]');
2026-08-07T23:33:16.4924904Z info: Microsoft.EntityFrameworkCore.Database.Command[20101]
2026-08-07T23:33:16.4925206Z       Executed DbCommand (1ms) [Parameters=[], CommandType='Text', CommandTimeout='30']
2026-08-07T23:33:16.4925278Z       SELECT [MigrationId], [ProductVersion]
2026-08-07T23:33:16.4925369Z       FROM [__EFMigrationsHistory]
2026-08-07T23:33:16.4929249Z       ORDER BY [MigrationId];
2026-08-07T23:33:16.4974486Z info: Microsoft.EntityFrameworkCore.Database.Command[20101]
2026-08-07T23:33:16.4974849Z       Executed DbCommand (4ms) [Parameters=[], CommandType='Text', CommandTimeout='30']
2026-08-07T23:33:16.4974970Z       SELECT TOP(1) [b].[BankAccountNumber]
2026-08-07T23:33:16.4975012Z       FROM [Beneficiaries] AS [b]
2026-08-07T23:33:16.4975048Z       ORDER BY [b].[Id]
2026-08-07T23:33:26.5240715Z info: Microsoft.EntityFrameworkCore.Database.Command[20101]
2026-08-07T23:33:26.5241634Z       Executed DbCommand (2ms) [Parameters=[], CommandType='Text', CommandTimeout='30']
2026-08-07T23:33:26.5241860Z       SELECT 1
2026-08-07T23:33:26.5267041Z info: Microsoft.EntityFrameworkCore.Database.Command[20101]
2026-08-07T23:33:26.5267768Z       Executed DbCommand (2ms) [Parameters=[], CommandType='Text', CommandTimeout='30']
2026-08-07T23:33:26.5267868Z       SELECT OBJECT_ID(N'[__EFMigrationsHistory]');
2026-08-07T23:33:26.5281435Z info: Microsoft.EntityFrameworkCore.Database.Command[20101]
2026-08-07T23:33:26.5281866Z       Executed DbCommand (1ms) [Parameters=[], CommandType='Text', CommandTimeout='30']
2026-08-07T23:33:26.5281948Z       SELECT [MigrationId], [ProductVersion]
2026-08-07T23:33:26.5281994Z       FROM [__EFMigrationsHistory]
2026-08-07T23:33:26.5282170Z       ORDER BY [MigrationId];
2026-08-07T23:33:26.5317823Z info: Microsoft.EntityFrameworkCore.Database.Command[20101]
2026-08-07T23:33:26.5318098Z       Executed DbCommand (2ms) [Parameters=[], CommandType='Text', CommandTimeout='30']
2026-08-07T23:33:26.5318175Z       SELECT TOP(1) [b].[BankAccountNumber]
2026-08-07T23:33:26.5318217Z       FROM [Beneficiaries] AS [b]
2026-08-07T23:33:26.5318308Z       ORDER BY [b].[Id]
2026-08-07T23:33:27.7236632Z info: Microsoft.EntityFrameworkCore.Database.Command[20101]
2026-08-07T23:33:27.7237422Z       Executed DbCommand (2ms) [Parameters=[], CommandType='Text', CommandTimeout='30']
2026-08-07T23:33:27.7237529Z       SELECT 1
2026-08-07T23:33:27.7256156Z info: Microsoft.EntityFrameworkCore.Database.Command[20101]
2026-08-07T23:33:27.7256662Z       Executed DbCommand (2ms) [Parameters=[], CommandType='Text', CommandTimeout='30']
2026-08-07T23:33:27.7256739Z       SELECT OBJECT_ID(N'[__EFMigrationsHistory]');
2026-08-07T23:33:27.7284922Z info: Microsoft.EntityFrameworkCore.Database.Command[20101]
2026-08-07T23:33:27.7285254Z       Executed DbCommand (2ms) [Parameters=[], CommandType='Text', CommandTimeout='30']
2026-08-07T23:33:27.7285459Z       SELECT [MigrationId], [ProductVersion]
2026-08-07T23:33:27.7285511Z       FROM [__EFMigrationsHistory]
2026-08-07T23:33:27.7285557Z       ORDER BY [MigrationId];
2026-08-07T23:33:27.7298322Z info: Microsoft.EntityFrameworkCore.Database.Command[20101]
2026-08-07T23:33:27.7298628Z       Executed DbCommand (1ms) [Parameters=[], CommandType='Text', CommandTimeout='30']
2026-08-07T23:33:27.7298737Z       SELECT TOP(1) [b].[BankAccountNumber]
2026-08-07T23:33:27.7298784Z       FROM [Beneficiaries] AS [b]
2026-08-07T23:33:27.7298821Z       ORDER BY [b].[Id]
2026-08-07T23:33:27.9392703Z info: Microsoft.EntityFrameworkCore.Database.Command[20101]
2026-08-07T23:33:27.9393598Z       Executed DbCommand (2ms) [Parameters=[], CommandType='Text', CommandTimeout='30']
2026-08-07T23:33:27.9393740Z       SELECT 1
2026-08-07T23:33:27.9428455Z info: Microsoft.EntityFrameworkCore.Database.Command[20101]
2026-08-07T23:33:27.9428976Z       Executed DbCommand (2ms) [Parameters=[], CommandType='Text', CommandTimeout='30']
2026-08-07T23:33:27.9429061Z       SELECT OBJECT_ID(N'[__EFMigrationsHistory]');
2026-08-07T23:33:27.9438190Z info: Microsoft.EntityFrameworkCore.Database.Command[20101]
2026-08-07T23:33:27.9438570Z       Executed DbCommand (1ms) [Parameters=[], CommandType='Text', CommandTimeout='30']
2026-08-07T23:33:27.9438646Z       SELECT [MigrationId], [ProductVersion]
2026-08-07T23:33:27.9438688Z       FROM [__EFMigrationsHistory]
2026-08-07T23:33:27.9438903Z       ORDER BY [MigrationId];
2026-08-07T23:33:27.9467328Z info: Microsoft.EntityFrameworkCore.Database.Command[20101]
2026-08-07T23:33:27.9467670Z       Executed DbCommand (2ms) [Parameters=[], CommandType='Text', CommandTimeout='30']
2026-08-07T23:33:27.9467740Z       SELECT TOP(1) [b].[BankAccountNumber]
2026-08-07T23:33:27.9467786Z       FROM [Beneficiaries] AS [b]
2026-08-07T23:33:27.9467877Z       ORDER BY [b].[Id]
2026-08-07T23:33:29.9111899Z info: Microsoft.EntityFrameworkCore.Database.Command[20101]
2026-08-07T23:33:29.9112801Z       Executed DbCommand (8ms) [Parameters=[], CommandType='Text', CommandTimeout='30']
2026-08-07T23:33:29.9112917Z       SELECT 1
2026-08-07T23:33:29.9129033Z info: Microsoft.EntityFrameworkCore.Database.Command[20101]
2026-08-07T23:33:29.9129463Z       Executed DbCommand (2ms) [Parameters=[], CommandType='Text', CommandTimeout='30']
2026-08-07T23:33:29.9131455Z       SELECT OBJECT_ID(N'[__EFMigrationsHistory]');
2026-08-07T23:33:29.9158396Z info: Microsoft.EntityFrameworkCore.Database.Command[20101]
2026-08-07T23:33:29.9158735Z       Executed DbCommand (1ms) [Parameters=[], CommandType='Text', CommandTimeout='30']
2026-08-07T23:33:29.9158849Z       SELECT [MigrationId], [ProductVersion]
2026-08-07T23:33:29.9161063Z       FROM [__EFMigrationsHistory]
2026-08-07T23:33:29.9161171Z       ORDER BY [MigrationId];
2026-08-07T23:33:29.9178030Z info: Microsoft.EntityFrameworkCore.Database.Command[20101]
2026-08-07T23:33:29.9178386Z       Executed DbCommand (1ms) [Parameters=[], CommandType='Text', CommandTimeout='30']
2026-08-07T23:33:29.9178456Z       SELECT TOP(1) [b].[BankAccountNumber]
2026-08-07T23:33:29.9178494Z       FROM [Beneficiaries] AS [b]
2026-08-07T23:33:29.9180713Z       ORDER BY [b].[Id]
2026-08-07T23:33:30.6397971Z info: Microsoft.EntityFrameworkCore.Database.Command[20101]
2026-08-07T23:33:30.6398857Z       Executed DbCommand (2ms) [Parameters=[], CommandType='Text', CommandTimeout='30']
2026-08-07T23:33:30.6398960Z       SELECT 1
2026-08-07T23:33:30.6414684Z info: Microsoft.EntityFrameworkCore.Database.Command[20101]
2026-08-07T23:33:30.6415352Z       Executed DbCommand (1ms) [Parameters=[], CommandType='Text', CommandTimeout='30']
2026-08-07T23:33:30.6415502Z       SELECT OBJECT_ID(N'[__EFMigrationsHistory]');
2026-08-07T23:33:30.6439465Z info: Microsoft.EntityFrameworkCore.Database.Command[20101]
2026-08-07T23:33:30.6439881Z       Executed DbCommand (2ms) [Parameters=[], CommandType='Text', CommandTimeout='30']
2026-08-07T23:33:30.6441557Z       SELECT [MigrationId], [ProductVersion]
2026-08-07T23:33:30.6441669Z       FROM [__EFMigrationsHistory]
2026-08-07T23:33:30.6441757Z       ORDER BY [MigrationId];
2026-08-07T23:33:30.6461562Z info: Microsoft.EntityFrameworkCore.Database.Command[20101]
2026-08-07T23:33:30.6461887Z       Executed DbCommand (1ms) [Parameters=[], CommandType='Text', CommandTimeout='30']
2026-08-07T23:33:30.6461952Z       SELECT TOP(1) [b].[BankAccountNumber]
2026-08-07T23:33:30.6461994Z       FROM [Beneficiaries] AS [b]
2026-08-07T23:33:30.6462076Z       ORDER BY [b].[Id]
2026-08-07T23:33:33.6895637Z info: Microsoft.EntityFrameworkCore.Database.Command[20101]
2026-08-07T23:33:33.6896746Z       Executed DbCommand (2ms) [Parameters=[], CommandType='Text', CommandTimeout='30']
2026-08-07T23:33:33.6896874Z       SELECT 1
2026-08-07T23:33:33.6924830Z info: Microsoft.EntityFrameworkCore.Database.Command[20101]
2026-08-07T23:33:33.6925499Z       Executed DbCommand (2ms) [Parameters=[], CommandType='Text', CommandTimeout='30']
2026-08-07T23:33:33.6925741Z       SELECT OBJECT_ID(N'[__EFMigrationsHistory]');
2026-08-07T23:33:33.6937696Z info: Microsoft.EntityFrameworkCore.Database.Command[20101]
2026-08-07T23:33:33.6938107Z       Executed DbCommand (1ms) [Parameters=[], CommandType='Text', CommandTimeout='30']
2026-08-07T23:33:33.6939573Z       SELECT [MigrationId], [ProductVersion]
2026-08-07T23:33:33.6939664Z       FROM [__EFMigrationsHistory]
2026-08-07T23:33:33.6939840Z       ORDER BY [MigrationId];
2026-08-07T23:33:33.6960832Z info: Microsoft.EntityFrameworkCore.Database.Command[20101]
2026-08-07T23:33:33.6961180Z       Executed DbCommand (1ms) [Parameters=[], CommandType='Text', CommandTimeout='30']
2026-08-07T23:33:33.6961301Z       SELECT TOP(1) [b].[BankAccountNumber]
2026-08-07T23:33:33.6961419Z       FROM [Beneficiaries] AS [b]
2026-08-07T23:33:33.6961465Z       ORDER BY [b].[Id]
2026-08-07T23:33:33.8724141Z info: Microsoft.EntityFrameworkCore.Database.Command[20101]
2026-08-07T23:33:33.8725114Z       Executed DbCommand (2ms) [Parameters=[], CommandType='Text', CommandTimeout='30']
2026-08-07T23:33:33.8725345Z       SELECT 1
2026-08-07T23:33:33.8753803Z info: Microsoft.EntityFrameworkCore.Database.Command[20101]
2026-08-07T23:33:33.8754402Z       Executed DbCommand (2ms) [Parameters=[], CommandType='Text', CommandTimeout='30']
2026-08-07T23:33:33.8754510Z       SELECT OBJECT_ID(N'[__EFMigrationsHistory]');
2026-08-07T23:33:33.8772149Z info: Microsoft.EntityFrameworkCore.Database.Command[20101]
2026-08-07T23:33:33.8775433Z       Executed DbCommand (2ms) [Parameters=[], CommandType='Text', CommandTimeout='30']
2026-08-07T23:33:33.8775630Z       SELECT [MigrationId], [ProductVersion]
2026-08-07T23:33:33.8775679Z       FROM [__EFMigrationsHistory]
2026-08-07T23:33:33.8775895Z       ORDER BY [MigrationId];
2026-08-07T23:33:33.8909109Z info: Microsoft.EntityFrameworkCore.Database.Command[20101]
2026-08-07T23:33:33.8909648Z       Executed DbCommand (13ms) [Parameters=[], CommandType='Text', CommandTimeout='30']
2026-08-07T23:33:33.8909742Z       SELECT TOP(1) [b].[BankAccountNumber]
2026-08-07T23:33:33.8909793Z       FROM [Beneficiaries] AS [b]
2026-08-07T23:33:33.8909838Z       ORDER BY [b].[Id]
2026-08-07T23:33:38.6680548Z info: Microsoft.EntityFrameworkCore.Database.Command[20101]
2026-08-07T23:33:38.6681572Z       Executed DbCommand (11ms) [Parameters=[], CommandType='Text', CommandTimeout='30']
2026-08-07T23:33:38.6681683Z       SELECT 1
2026-08-07T23:33:38.6701916Z info: Microsoft.EntityFrameworkCore.Database.Command[20101]
2026-08-07T23:33:38.6702660Z       Executed DbCommand (2ms) [Parameters=[], CommandType='Text', CommandTimeout='30']
2026-08-07T23:33:38.6702748Z       SELECT OBJECT_ID(N'[__EFMigrationsHistory]');
2026-08-07T23:33:38.6730212Z info: Microsoft.EntityFrameworkCore.Database.Command[20101]
2026-08-07T23:33:38.6730553Z       Executed DbCommand (1ms) [Parameters=[], CommandType='Text', CommandTimeout='30']
2026-08-07T23:33:38.6730674Z       SELECT [MigrationId], [ProductVersion]
2026-08-07T23:33:38.6730722Z       FROM [__EFMigrationsHistory]
2026-08-07T23:33:38.6730759Z       ORDER BY [MigrationId];
2026-08-07T23:33:38.6742722Z info: Microsoft.EntityFrameworkCore.Database.Command[20101]
2026-08-07T23:33:38.6743020Z       Executed DbCommand (1ms) [Parameters=[], CommandType='Text', CommandTimeout='30']
2026-08-07T23:33:38.6743131Z       SELECT TOP(1) [b].[BankAccountNumber]
2026-08-07T23:33:38.6743179Z       FROM [Beneficiaries] AS [b]
2026-08-07T23:33:38.6743225Z       ORDER BY [b].[Id]
2026-08-07T23:33:40.6997840Z info: Microsoft.EntityFrameworkCore.Database.Command[20101]
2026-08-07T23:33:40.6998888Z       Executed DbCommand (2ms) [Parameters=[], CommandType='Text', CommandTimeout='30']
2026-08-07T23:33:40.6999008Z       SELECT 1
2026-08-07T23:33:40.7035060Z info: Microsoft.EntityFrameworkCore.Database.Command[20101]
2026-08-07T23:33:40.7035592Z       Executed DbCommand (3ms) [Parameters=[], CommandType='Text', CommandTimeout='30']
2026-08-07T23:33:40.7035685Z       SELECT OBJECT_ID(N'[__EFMigrationsHistory]');
2026-08-07T23:33:40.7048564Z info: Microsoft.EntityFrameworkCore.Database.Command[20101]
2026-08-07T23:33:40.7048895Z       Executed DbCommand (1ms) [Parameters=[], CommandType='Text', CommandTimeout='30']
2026-08-07T23:33:40.7048965Z       SELECT [MigrationId], [ProductVersion]
2026-08-07T23:33:40.7049005Z       FROM [__EFMigrationsHistory]
2026-08-07T23:33:40.7049095Z       ORDER BY [MigrationId];
2026-08-07T23:33:40.7065503Z info: Microsoft.EntityFrameworkCore.Database.Command[20101]
2026-08-07T23:33:40.7065790Z       Executed DbCommand (1ms) [Parameters=[], CommandType='Text', CommandTimeout='30']
2026-08-07T23:33:40.7065851Z       SELECT TOP(1) [b].[BankAccountNumber]
2026-08-07T23:33:40.7065890Z       FROM [Beneficiaries] AS [b]
2026-08-07T23:33:40.7065970Z       ORDER BY [b].[Id]
2026-08-07T23:33:44.0844068Z info: Microsoft.EntityFrameworkCore.Database.Command[20101]
2026-08-07T23:33:44.0844837Z       Executed DbCommand (2ms) [Parameters=[], CommandType='Text', CommandTimeout='30']
2026-08-07T23:33:44.0844955Z       SELECT 1
2026-08-07T23:33:44.0861920Z info: Microsoft.EntityFrameworkCore.Database.Command[20101]
2026-08-07T23:33:44.0862465Z       Executed DbCommand (2ms) [Parameters=[], CommandType='Text', CommandTimeout='30']
2026-08-07T23:33:44.0862553Z       SELECT OBJECT_ID(N'[__EFMigrationsHistory]');
2026-08-07T23:33:44.0888504Z info: Microsoft.EntityFrameworkCore.Database.Command[20101]
2026-08-07T23:33:44.0888895Z       Executed DbCommand (1ms) [Parameters=[], CommandType='Text', CommandTimeout='30']
2026-08-07T23:33:44.0889107Z       SELECT [MigrationId], [ProductVersion]
2026-08-07T23:33:44.0889168Z       FROM [__EFMigrationsHistory]
2026-08-07T23:33:44.0892619Z       ORDER BY [MigrationId];
2026-08-07T23:33:44.0910721Z info: Microsoft.EntityFrameworkCore.Database.Command[20101]
2026-08-07T23:33:44.0911056Z       Executed DbCommand (1ms) [Parameters=[], CommandType='Text', CommandTimeout='30']
2026-08-07T23:33:44.0911132Z       SELECT TOP(1) [b].[BankAccountNumber]
2026-08-07T23:33:44.0911173Z       FROM [Beneficiaries] AS [b]
2026-08-07T23:33:44.0915036Z       ORDER BY [b].[Id]
2026-08-07T23:33:47.2595210Z info: Microsoft.EntityFrameworkCore.Database.Command[20101]
2026-08-07T23:33:47.2596063Z       Executed DbCommand (2ms) [Parameters=[], CommandType='Text', CommandTimeout='30']
2026-08-07T23:33:47.2596163Z       SELECT 1
2026-08-07T23:33:47.2611941Z info: Microsoft.EntityFrameworkCore.Database.Command[20101]
2026-08-07T23:33:47.2612469Z       Executed DbCommand (2ms) [Parameters=[], CommandType='Text', CommandTimeout='30']
2026-08-07T23:33:47.2612593Z       SELECT OBJECT_ID(N'[__EFMigrationsHistory]');
2026-08-07T23:33:47.2639231Z info: Microsoft.EntityFrameworkCore.Database.Command[20101]
2026-08-07T23:33:47.2639588Z       Executed DbCommand (1ms) [Parameters=[], CommandType='Text', CommandTimeout='30']
2026-08-07T23:33:47.2639656Z       SELECT [MigrationId], [ProductVersion]
2026-08-07T23:33:47.2639696Z       FROM [__EFMigrationsHistory]
2026-08-07T23:33:47.2644163Z       ORDER BY [MigrationId];
2026-08-07T23:33:47.2656478Z info: Microsoft.EntityFrameworkCore.Database.Command[20101]
2026-08-07T23:33:47.2656787Z       Executed DbCommand (1ms) [Parameters=[], CommandType='Text', CommandTimeout='30']
2026-08-07T23:33:47.2656849Z       SELECT TOP(1) [b].[BankAccountNumber]
2026-08-07T23:33:47.2656929Z       FROM [Beneficiaries] AS [b]
2026-08-07T23:33:47.2656970Z       ORDER BY [b].[Id]
2026-08-07T23:33:48.4494681Z info: Microsoft.EntityFrameworkCore.Database.Command[20101]
2026-08-07T23:33:48.4495582Z       Executed DbCommand (2ms) [Parameters=[], CommandType='Text', CommandTimeout='30']
2026-08-07T23:33:48.4495700Z       SELECT 1
2026-08-07T23:33:48.4515043Z info: Microsoft.EntityFrameworkCore.Database.Command[20101]
2026-08-07T23:33:48.4515591Z       Executed DbCommand (2ms) [Parameters=[], CommandType='Text', CommandTimeout='30']
2026-08-07T23:33:48.4515692Z       SELECT OBJECT_ID(N'[__EFMigrationsHistory]');
2026-08-07T23:33:48.4546532Z info: Microsoft.EntityFrameworkCore.Database.Command[20101]
2026-08-07T23:33:48.4547024Z       Executed DbCommand (1ms) [Parameters=[], CommandType='Text', CommandTimeout='30']
2026-08-07T23:33:48.4547116Z       SELECT [MigrationId], [ProductVersion]
2026-08-07T23:33:48.4547155Z       FROM [__EFMigrationsHistory]
2026-08-07T23:33:48.4547192Z       ORDER BY [MigrationId];
2026-08-07T23:33:48.4560802Z info: Microsoft.EntityFrameworkCore.Database.Command[20101]
2026-08-07T23:33:48.4561146Z       Executed DbCommand (1ms) [Parameters=[], CommandType='Text', CommandTimeout='30']
2026-08-07T23:33:48.4561206Z       SELECT TOP(1) [b].[BankAccountNumber]
2026-08-07T23:33:48.4561244Z       FROM [Beneficiaries] AS [b]
2026-08-07T23:33:48.4561382Z       ORDER BY [b].[Id]
2026-08-07T23:33:52.1705387Z info: Microsoft.EntityFrameworkCore.Database.Command[20101]
2026-08-07T23:33:52.1706136Z       Executed DbCommand (2ms) [Parameters=[], CommandType='Text', CommandTimeout='30']
2026-08-07T23:33:52.1706253Z       SELECT 1
2026-08-07T23:33:52.1722884Z info: Microsoft.EntityFrameworkCore.Database.Command[20101]
2026-08-07T23:33:52.1723408Z       Executed DbCommand (2ms) [Parameters=[], CommandType='Text', CommandTimeout='30']
2026-08-07T23:33:52.1723540Z       SELECT OBJECT_ID(N'[__EFMigrationsHistory]');
2026-08-07T23:33:52.1755712Z info: Microsoft.EntityFrameworkCore.Database.Command[20101]
2026-08-07T23:33:52.1756128Z       Executed DbCommand (2ms) [Parameters=[], CommandType='Text', CommandTimeout='30']
2026-08-07T23:33:52.1756204Z       SELECT [MigrationId], [ProductVersion]
2026-08-07T23:33:52.1756292Z       FROM [__EFMigrationsHistory]
2026-08-07T23:33:52.1756338Z       ORDER BY [MigrationId];
2026-08-07T23:33:52.1769513Z info: Microsoft.EntityFrameworkCore.Database.Command[20101]
2026-08-07T23:33:52.1769834Z       Executed DbCommand (1ms) [Parameters=[], CommandType='Text', CommandTimeout='30']
2026-08-07T23:33:52.1769897Z       SELECT TOP(1) [b].[BankAccountNumber]
2026-08-07T23:33:52.1769977Z       FROM [Beneficiaries] AS [b]
2026-08-07T23:33:52.1770014Z       ORDER BY [b].[Id]
2026-08-07T23:33:53.3764898Z info: Microsoft.EntityFrameworkCore.Database.Command[20101]
2026-08-07T23:33:53.3765701Z       Executed DbCommand (2ms) [Parameters=[], CommandType='Text', CommandTimeout='30']
2026-08-07T23:33:53.3765917Z       SELECT 1
2026-08-07T23:33:53.3790796Z info: Microsoft.EntityFrameworkCore.Database.Command[20101]
2026-08-07T23:33:53.3791361Z       Executed DbCommand (2ms) [Parameters=[], CommandType='Text', CommandTimeout='30']
2026-08-07T23:33:53.3791472Z       SELECT OBJECT_ID(N'[__EFMigrationsHistory]');
2026-08-07T23:33:53.3815360Z info: Microsoft.EntityFrameworkCore.Database.Command[20101]
2026-08-07T23:33:53.3815794Z       Executed DbCommand (1ms) [Parameters=[], CommandType='Text', CommandTimeout='30']
2026-08-07T23:33:53.3815878Z       SELECT [MigrationId], [ProductVersion]
2026-08-07T23:33:53.3815931Z       FROM [__EFMigrationsHistory]
2026-08-07T23:33:53.3815983Z       ORDER BY [MigrationId];
2026-08-07T23:33:53.3832228Z info: Microsoft.EntityFrameworkCore.Database.Command[20101]
2026-08-07T23:33:53.3832513Z       Executed DbCommand (1ms) [Parameters=[], CommandType='Text', CommandTimeout='30']
2026-08-07T23:33:53.3832573Z       SELECT TOP(1) [b].[BankAccountNumber]
2026-08-07T23:33:53.3832610Z       FROM [Beneficiaries] AS [b]
2026-08-07T23:33:53.3832651Z       ORDER BY [b].[Id]
2026-08-07T23:34:00.0247586Z info: Microsoft.EntityFrameworkCore.Database.Command[20101]
2026-08-07T23:34:00.0248449Z       Executed DbCommand (2ms) [Parameters=[], CommandType='Text', CommandTimeout='30']
2026-08-07T23:34:00.0248558Z       SELECT 1
2026-08-07T23:34:00.0273446Z info: Microsoft.EntityFrameworkCore.Database.Command[20101]
2026-08-07T23:34:00.0274075Z       Executed DbCommand (2ms) [Parameters=[], CommandType='Text', CommandTimeout='30']
2026-08-07T23:34:00.0274173Z       SELECT OBJECT_ID(N'[__EFMigrationsHistory]');
2026-08-07T23:34:00.0287292Z info: Microsoft.EntityFrameworkCore.Database.Command[20101]
2026-08-07T23:34:00.0287700Z       Executed DbCommand (1ms) [Parameters=[], CommandType='Text', CommandTimeout='30']
2026-08-07T23:34:00.0287818Z       SELECT [MigrationId], [ProductVersion]
2026-08-07T23:34:00.0290519Z       FROM [__EFMigrationsHistory]
2026-08-07T23:34:00.0290679Z       ORDER BY [MigrationId];
2026-08-07T23:34:00.0305372Z info: Microsoft.EntityFrameworkCore.Database.Command[20101]
2026-08-07T23:34:00.0305681Z       Executed DbCommand (1ms) [Parameters=[], CommandType='Text', CommandTimeout='30']
2026-08-07T23:34:00.0305803Z       SELECT TOP(1) [b].[BankAccountNumber]
2026-08-07T23:34:00.0305848Z       FROM [Beneficiaries] AS [b]
2026-08-07T23:34:00.0305885Z       ORDER BY [b].[Id]
2026-08-07T23:34:01.0232599Z info: Microsoft.EntityFrameworkCore.Database.Command[20101]
2026-08-07T23:34:01.0233511Z       Executed DbCommand (2ms) [Parameters=[], CommandType='Text', CommandTimeout='30']
2026-08-07T23:34:01.0233621Z       SELECT 1
2026-08-07T23:34:01.0260458Z info: Microsoft.EntityFrameworkCore.Database.Command[20101]
2026-08-07T23:34:01.0261074Z       Executed DbCommand (2ms) [Parameters=[], CommandType='Text', CommandTimeout='30']
2026-08-07T23:34:01.0261161Z       SELECT OBJECT_ID(N'[__EFMigrationsHistory]');
2026-08-07T23:34:01.0273957Z info: Microsoft.EntityFrameworkCore.Database.Command[20101]
2026-08-07T23:34:01.0274320Z       Executed DbCommand (1ms) [Parameters=[], CommandType='Text', CommandTimeout='30']
2026-08-07T23:34:01.0274393Z       SELECT [MigrationId], [ProductVersion]
2026-08-07T23:34:01.0274437Z       FROM [__EFMigrationsHistory]
2026-08-07T23:34:01.0274523Z       ORDER BY [MigrationId];
2026-08-07T23:34:01.0293573Z info: Microsoft.EntityFrameworkCore.Database.Command[20101]
2026-08-07T23:34:01.0293891Z       Executed DbCommand (1ms) [Parameters=[], CommandType='Text', CommandTimeout='30']
2026-08-07T23:34:01.0293960Z       SELECT TOP(1) [b].[BankAccountNumber]
2026-08-07T23:34:01.0293999Z       FROM [Beneficiaries] AS [b]
2026-08-07T23:34:01.0294078Z       ORDER BY [b].[Id]
2026-08-07T23:34:02.5209712Z info: Microsoft.EntityFrameworkCore.Database.Command[20101]
2026-08-07T23:34:02.5210463Z       Executed DbCommand (2ms) [Parameters=[], CommandType='Text', CommandTimeout='30']
2026-08-07T23:34:02.5210569Z       SELECT 1
2026-08-07T23:34:02.5237218Z info: Microsoft.EntityFrameworkCore.Database.Command[20101]
2026-08-07T23:34:02.5238756Z       Executed DbCommand (2ms) [Parameters=[], CommandType='Text', CommandTimeout='30']
2026-08-07T23:34:02.5238970Z       SELECT OBJECT_ID(N'[__EFMigrationsHistory]');
2026-08-07T23:34:02.5250758Z info: Microsoft.EntityFrameworkCore.Database.Command[20101]
2026-08-07T23:34:02.5251095Z       Executed DbCommand (1ms) [Parameters=[], CommandType='Text', CommandTimeout='30']
2026-08-07T23:34:02.5253068Z       SELECT [MigrationId], [ProductVersion]
2026-08-07T23:34:02.5253221Z       FROM [__EFMigrationsHistory]
2026-08-07T23:34:02.5256515Z       ORDER BY [MigrationId];
2026-08-07T23:34:02.5276881Z info: Microsoft.EntityFrameworkCore.Database.Command[20101]
2026-08-07T23:34:02.5277211Z       Executed DbCommand (2ms) [Parameters=[], CommandType='Text', CommandTimeout='30']
2026-08-07T23:34:02.5277275Z       SELECT TOP(1) [b].[BankAccountNumber]
2026-08-07T23:34:02.5277314Z       FROM [Beneficiaries] AS [b]
2026-08-07T23:34:02.5277352Z       ORDER BY [b].[Id]
2026-08-07T23:34:05.4041918Z info: Microsoft.EntityFrameworkCore.Database.Command[20101]
2026-08-07T23:34:05.4042885Z       Executed DbCommand (2ms) [Parameters=[], CommandType='Text', CommandTimeout='30']
2026-08-07T23:34:05.4043003Z       SELECT 1
2026-08-07T23:34:05.4060708Z info: Microsoft.EntityFrameworkCore.Database.Command[20101]
2026-08-07T23:34:05.4061312Z       Executed DbCommand (2ms) [Parameters=[], CommandType='Text', CommandTimeout='30']
2026-08-07T23:34:05.4061621Z       SELECT OBJECT_ID(N'[__EFMigrationsHistory]');
2026-08-07T23:34:05.4095127Z info: Microsoft.EntityFrameworkCore.Database.Command[20101]
2026-08-07T23:34:05.4095488Z       Executed DbCommand (2ms) [Parameters=[], CommandType='Text', CommandTimeout='30']
2026-08-07T23:34:05.4095545Z       SELECT [MigrationId], [ProductVersion]
2026-08-07T23:34:05.4095575Z       FROM [__EFMigrationsHistory]
2026-08-07T23:34:05.4095643Z       ORDER BY [MigrationId];
2026-08-07T23:34:05.4113579Z info: Microsoft.EntityFrameworkCore.Database.Command[20101]
2026-08-07T23:34:05.4113922Z       Executed DbCommand (2ms) [Parameters=[], CommandType='Text', CommandTimeout='30']
2026-08-07T23:34:05.4113983Z       SELECT TOP(1) [b].[BankAccountNumber]
2026-08-07T23:34:05.4114025Z       FROM [Beneficiaries] AS [b]
2026-08-07T23:34:05.4115242Z       ORDER BY [b].[Id]
2026-08-07T23:34:06.8051558Z info: Microsoft.EntityFrameworkCore.Database.Command[20101]
2026-08-07T23:34:06.8052527Z       Executed DbCommand (3ms) [Parameters=[], CommandType='Text', CommandTimeout='30']
2026-08-07T23:34:06.8052663Z       SELECT 1
2026-08-07T23:34:06.8070467Z info: Microsoft.EntityFrameworkCore.Database.Command[20101]
2026-08-07T23:34:06.8070990Z       Executed DbCommand (2ms) [Parameters=[], CommandType='Text', CommandTimeout='30']
2026-08-07T23:34:06.8071094Z       SELECT OBJECT_ID(N'[__EFMigrationsHistory]');
2026-08-07T23:34:06.8098613Z info: Microsoft.EntityFrameworkCore.Database.Command[20101]
2026-08-07T23:34:06.8099044Z       Executed DbCommand (1ms) [Parameters=[], CommandType='Text', CommandTimeout='30']
2026-08-07T23:34:06.8099115Z       SELECT [MigrationId], [ProductVersion]
2026-08-07T23:34:06.8099156Z       FROM [__EFMigrationsHistory]
2026-08-07T23:34:06.8099196Z       ORDER BY [MigrationId];
2026-08-07T23:34:06.8118554Z info: Microsoft.EntityFrameworkCore.Database.Command[20101]
2026-08-07T23:34:06.8118954Z       Executed DbCommand (1ms) [Parameters=[], CommandType='Text', CommandTimeout='30']
2026-08-07T23:34:06.8119023Z       SELECT TOP(1) [b].[BankAccountNumber]
2026-08-07T23:34:06.8121576Z       FROM [Beneficiaries] AS [b]
2026-08-07T23:34:06.8121722Z       ORDER BY [b].[Id]
2026-08-07T23:34:17.1128725Z info: Microsoft.EntityFrameworkCore.Database.Command[20101]
2026-08-07T23:34:17.1129512Z       Executed DbCommand (2ms) [Parameters=[], CommandType='Text', CommandTimeout='30']
2026-08-07T23:34:17.1129620Z       SELECT 1
2026-08-07T23:34:17.1148722Z info: Microsoft.EntityFrameworkCore.Database.Command[20101]
2026-08-07T23:34:17.1149218Z       Executed DbCommand (2ms) [Parameters=[], CommandType='Text', CommandTimeout='30']
2026-08-07T23:34:17.1149357Z       SELECT OBJECT_ID(N'[__EFMigrationsHistory]');
2026-08-07T23:34:17.1179597Z info: Microsoft.EntityFrameworkCore.Database.Command[20101]
2026-08-07T23:34:17.1180036Z       Executed DbCommand (2ms) [Parameters=[], CommandType='Text', CommandTimeout='30']
2026-08-07T23:34:17.1180131Z       SELECT [MigrationId], [ProductVersion]
2026-08-07T23:34:17.1180219Z       FROM [__EFMigrationsHistory]
2026-08-07T23:34:17.1180262Z       ORDER BY [MigrationId];
2026-08-07T23:34:17.1194129Z info: Microsoft.EntityFrameworkCore.Database.Command[20101]
2026-08-07T23:34:17.1194463Z       Executed DbCommand (1ms) [Parameters=[], CommandType='Text', CommandTimeout='30']
2026-08-07T23:34:17.1194530Z       SELECT TOP(1) [b].[BankAccountNumber]
2026-08-07T23:34:17.1194615Z       FROM [Beneficiaries] AS [b]
2026-08-07T23:34:17.1194654Z       ORDER BY [b].[Id]
2026-08-07T23:34:19.2259326Z info: Microsoft.EntityFrameworkCore.Database.Command[20101]
2026-08-07T23:34:19.2260157Z       Executed DbCommand (2ms) [Parameters=[], CommandType='Text', CommandTimeout='30']
2026-08-07T23:34:19.2260346Z       SELECT 1
2026-08-07T23:34:19.2285713Z info: Microsoft.EntityFrameworkCore.Database.Command[20101]
2026-08-07T23:34:19.2286327Z       Executed DbCommand (2ms) [Parameters=[], CommandType='Text', CommandTimeout='30']
2026-08-07T23:34:19.2286424Z       SELECT OBJECT_ID(N'[__EFMigrationsHistory]');
2026-08-07T23:34:19.2304046Z info: Microsoft.EntityFrameworkCore.Database.Command[20101]
2026-08-07T23:34:19.2304505Z       Executed DbCommand (2ms) [Parameters=[], CommandType='Text', CommandTimeout='30']
2026-08-07T23:34:19.2304586Z       SELECT [MigrationId], [ProductVersion]
2026-08-07T23:34:19.2304633Z       FROM [__EFMigrationsHistory]
2026-08-07T23:34:19.2305314Z       ORDER BY [MigrationId];
2026-08-07T23:34:19.2326300Z info: Microsoft.EntityFrameworkCore.Database.Command[20101]
2026-08-07T23:34:19.2326873Z       Executed DbCommand (1ms) [Parameters=[], CommandType='Text', CommandTimeout='30']
2026-08-07T23:34:19.2326972Z       SELECT TOP(1) [b].[BankAccountNumber]
2026-08-07T23:34:19.2327022Z       FROM [Beneficiaries] AS [b]
2026-08-07T23:34:19.2327108Z       ORDER BY [b].[Id]
2026-08-07T23:34:19.5026992Z info: Microsoft.EntityFrameworkCore.Database.Command[20101]
2026-08-07T23:34:19.5027843Z       Executed DbCommand (2ms) [Parameters=[], CommandType='Text', CommandTimeout='30']
2026-08-07T23:34:19.5027969Z       SELECT 1
2026-08-07T23:34:19.5059923Z info: Microsoft.EntityFrameworkCore.Database.Command[20101]
2026-08-07T23:34:19.5060422Z       Executed DbCommand (2ms) [Parameters=[], CommandType='Text', CommandTimeout='30']
2026-08-07T23:34:19.5060500Z       SELECT OBJECT_ID(N'[__EFMigrationsHistory]');
2026-08-07T23:34:19.5077515Z info: Microsoft.EntityFrameworkCore.Database.Command[20101]
2026-08-07T23:34:19.5077902Z       Executed DbCommand (2ms) [Parameters=[], CommandType='Text', CommandTimeout='30']
2026-08-07T23:34:19.5078027Z       SELECT [MigrationId], [ProductVersion]
2026-08-07T23:34:19.5078070Z       FROM [__EFMigrationsHistory]
2026-08-07T23:34:19.5078108Z       ORDER BY [MigrationId];
2026-08-07T23:34:19.5098165Z info: Microsoft.EntityFrameworkCore.Database.Command[20101]
2026-08-07T23:34:19.5098479Z       Executed DbCommand (2ms) [Parameters=[], CommandType='Text', CommandTimeout='30']
2026-08-07T23:34:19.5098593Z       SELECT TOP(1) [b].[BankAccountNumber]
2026-08-07T23:34:19.5098630Z       FROM [Beneficiaries] AS [b]
2026-08-07T23:34:19.5098777Z       ORDER BY [b].[Id]
2026-08-07T23:34:19.6107783Z info: Microsoft.EntityFrameworkCore.Database.Command[20101]
2026-08-07T23:34:19.6108625Z       Executed DbCommand (2ms) [Parameters=[], CommandType='Text', CommandTimeout='30']
2026-08-07T23:34:19.6108737Z       SELECT 1
2026-08-07T23:34:19.6127846Z info: Microsoft.EntityFrameworkCore.Database.Command[20101]
2026-08-07T23:34:19.6130437Z       Executed DbCommand (2ms) [Parameters=[], CommandType='Text', CommandTimeout='30']
2026-08-07T23:34:19.6130638Z       SELECT OBJECT_ID(N'[__EFMigrationsHistory]');
2026-08-07T23:34:19.6155333Z info: Microsoft.EntityFrameworkCore.Database.Command[20101]
2026-08-07T23:34:19.6155666Z       Executed DbCommand (1ms) [Parameters=[], CommandType='Text', CommandTimeout='30']
2026-08-07T23:34:19.6155744Z       SELECT [MigrationId], [ProductVersion]
2026-08-07T23:34:19.6155793Z       FROM [__EFMigrationsHistory]
2026-08-07T23:34:19.6155880Z       ORDER BY [MigrationId];
2026-08-07T23:34:19.6171606Z info: Microsoft.EntityFrameworkCore.Database.Command[20101]
2026-08-07T23:34:19.6172543Z       Executed DbCommand (2ms) [Parameters=[], CommandType='Text', CommandTimeout='30']
2026-08-07T23:34:19.6172617Z       SELECT TOP(1) [b].[BankAccountNumber]
2026-08-07T23:34:19.6172656Z       FROM [Beneficiaries] AS [b]
2026-08-07T23:34:19.6172742Z       ORDER BY [b].[Id]
2026-08-07T23:34:21.1007383Z info: Microsoft.EntityFrameworkCore.Database.Command[20101]
2026-08-07T23:34:21.1008113Z       Executed DbCommand (2ms) [Parameters=[], CommandType='Text', CommandTimeout='30']
2026-08-07T23:34:21.1008195Z       SELECT 1
2026-08-07T23:34:21.1032065Z info: Microsoft.EntityFrameworkCore.Database.Command[20101]
2026-08-07T23:34:21.1032641Z       Executed DbCommand (1ms) [Parameters=[], CommandType='Text', CommandTimeout='30']
2026-08-07T23:34:21.1032732Z       SELECT OBJECT_ID(N'[__EFMigrationsHistory]');
2026-08-07T23:34:21.1047748Z info: Microsoft.EntityFrameworkCore.Database.Command[20101]
2026-08-07T23:34:21.1048139Z       Executed DbCommand (2ms) [Parameters=[], CommandType='Text', CommandTimeout='30']
2026-08-07T23:34:21.1048365Z       SELECT [MigrationId], [ProductVersion]
2026-08-07T23:34:21.1048412Z       FROM [__EFMigrationsHistory]
2026-08-07T23:34:21.1053751Z       ORDER BY [MigrationId];
2026-08-07T23:34:21.1067106Z info: Microsoft.EntityFrameworkCore.Database.Command[20101]
2026-08-07T23:34:21.1067476Z       Executed DbCommand (1ms) [Parameters=[], CommandType='Text', CommandTimeout='30']
2026-08-07T23:34:21.1067551Z       SELECT TOP(1) [b].[BankAccountNumber]
2026-08-07T23:34:21.1067588Z       FROM [Beneficiaries] AS [b]
2026-08-07T23:34:21.1067626Z       ORDER BY [b].[Id]
2026-08-07T23:34:22.9944604Z info: Microsoft.EntityFrameworkCore.Database.Command[20101]
2026-08-07T23:34:22.9945506Z       Executed DbCommand (2ms) [Parameters=[], CommandType='Text', CommandTimeout='30']
2026-08-07T23:34:22.9945598Z       SELECT 1
2026-08-07T23:34:22.9967336Z info: Microsoft.EntityFrameworkCore.Database.Command[20101]
2026-08-07T23:34:22.9967886Z       Executed DbCommand (2ms) [Parameters=[], CommandType='Text', CommandTimeout='30']
2026-08-07T23:34:22.9968017Z       SELECT OBJECT_ID(N'[__EFMigrationsHistory]');
2026-08-07T23:34:22.9991531Z info: Microsoft.EntityFrameworkCore.Database.Command[20101]
2026-08-07T23:34:22.9991873Z       Executed DbCommand (1ms) [Parameters=[], CommandType='Text', CommandTimeout='30']
2026-08-07T23:34:22.9991939Z       SELECT [MigrationId], [ProductVersion]
2026-08-07T23:34:22.9991979Z       FROM [__EFMigrationsHistory]
2026-08-07T23:34:22.9995387Z       ORDER BY [MigrationId];
2026-08-07T23:34:23.0010661Z info: Microsoft.EntityFrameworkCore.Database.Command[20101]
2026-08-07T23:34:23.0010952Z       Executed DbCommand (2ms) [Parameters=[], CommandType='Text', CommandTimeout='30']
2026-08-07T23:34:23.0011014Z       SELECT TOP(1) [b].[BankAccountNumber]
2026-08-07T23:34:23.0011095Z       FROM [Beneficiaries] AS [b]
2026-08-07T23:34:23.0011133Z       ORDER BY [b].[Id]
2026-08-07T23:34:23.0625593Z info: Microsoft.EntityFrameworkCore.Database.Command[20101]
2026-08-07T23:34:23.0626364Z       Executed DbCommand (2ms) [Parameters=[], CommandType='Text', CommandTimeout='30']
2026-08-07T23:34:23.0626487Z       SELECT 1
2026-08-07T23:34:23.0653119Z info: Microsoft.EntityFrameworkCore.Database.Command[20101]
2026-08-07T23:34:23.0653823Z       Executed DbCommand (2ms) [Parameters=[], CommandType='Text', CommandTimeout='30']
2026-08-07T23:34:23.0653914Z       SELECT OBJECT_ID(N'[__EFMigrationsHistory]');
2026-08-07T23:34:23.0665471Z info: Microsoft.EntityFrameworkCore.Database.Command[20101]
2026-08-07T23:34:23.0665892Z       Executed DbCommand (1ms) [Parameters=[], CommandType='Text', CommandTimeout='30']
2026-08-07T23:34:23.0666078Z       SELECT [MigrationId], [ProductVersion]
2026-08-07T23:34:23.0666121Z       FROM [__EFMigrationsHistory]
2026-08-07T23:34:23.0667569Z       ORDER BY [MigrationId];
2026-08-07T23:34:23.0681440Z info: Microsoft.EntityFrameworkCore.Database.Command[20101]
2026-08-07T23:34:23.0681803Z       Executed DbCommand (1ms) [Parameters=[], CommandType='Text', CommandTimeout='30']
2026-08-07T23:34:23.0681870Z       SELECT TOP(1) [b].[BankAccountNumber]
2026-08-07T23:34:23.0681911Z       FROM [Beneficiaries] AS [b]
2026-08-07T23:34:23.0682045Z       ORDER BY [b].[Id]
2026-08-07T23:34:23.3014890Z info: Microsoft.EntityFrameworkCore.Database.Command[20101]
2026-08-07T23:34:23.3015839Z       Executed DbCommand (3ms) [Parameters=[], CommandType='Text', CommandTimeout='30']
2026-08-07T23:34:23.3015951Z       SELECT 1
2026-08-07T23:34:23.3031922Z info: Microsoft.EntityFrameworkCore.Database.Command[20101]
2026-08-07T23:34:23.3032543Z       Executed DbCommand (2ms) [Parameters=[], CommandType='Text', CommandTimeout='30']
2026-08-07T23:34:23.3032651Z       SELECT OBJECT_ID(N'[__EFMigrationsHistory]');
2026-08-07T23:34:23.3065129Z info: Microsoft.EntityFrameworkCore.Database.Command[20101]
2026-08-07T23:34:23.3065614Z       Executed DbCommand (1ms) [Parameters=[], CommandType='Text', CommandTimeout='30']
2026-08-07T23:34:23.3065716Z       SELECT [MigrationId], [ProductVersion]
2026-08-07T23:34:23.3065828Z       FROM [__EFMigrationsHistory]
2026-08-07T23:34:23.3065876Z       ORDER BY [MigrationId];
2026-08-07T23:34:23.3077403Z info: Microsoft.EntityFrameworkCore.Database.Command[20101]
2026-08-07T23:34:23.3077745Z       Executed DbCommand (1ms) [Parameters=[], CommandType='Text', CommandTimeout='30']
2026-08-07T23:34:23.3077876Z       SELECT TOP(1) [b].[BankAccountNumber]
2026-08-07T23:34:23.3077925Z       FROM [Beneficiaries] AS [b]
2026-08-07T23:34:23.3077970Z       ORDER BY [b].[Id]
2026-08-07T23:34:30.3027562Z info: Microsoft.EntityFrameworkCore.Database.Command[20101]
2026-08-07T23:34:30.3028325Z       Executed DbCommand (2ms) [Parameters=[], CommandType='Text', CommandTimeout='30']
2026-08-07T23:34:30.3028528Z       SELECT 1
2026-08-07T23:34:30.3048071Z info: Microsoft.EntityFrameworkCore.Database.Command[20101]
2026-08-07T23:34:30.3048654Z       Executed DbCommand (2ms) [Parameters=[], CommandType='Text', CommandTimeout='30']
2026-08-07T23:34:30.3048739Z       SELECT OBJECT_ID(N'[__EFMigrationsHistory]');
2026-08-07T23:34:30.3076156Z info: Microsoft.EntityFrameworkCore.Database.Command[20101]
2026-08-07T23:34:30.3076672Z       Executed DbCommand (2ms) [Parameters=[], CommandType='Text', CommandTimeout='30']
2026-08-07T23:34:30.3076784Z       SELECT [MigrationId], [ProductVersion]
2026-08-07T23:34:30.3076842Z       FROM [__EFMigrationsHistory]
2026-08-07T23:34:30.3076894Z       ORDER BY [MigrationId];
2026-08-07T23:34:30.3090378Z info: Microsoft.EntityFrameworkCore.Database.Command[20101]
2026-08-07T23:34:30.3090766Z       Executed DbCommand (1ms) [Parameters=[], CommandType='Text', CommandTimeout='30']
2026-08-07T23:34:30.3092741Z       SELECT TOP(1) [b].[BankAccountNumber]
2026-08-07T23:34:30.3092868Z       FROM [Beneficiaries] AS [b]
2026-08-07T23:34:30.3092925Z       ORDER BY [b].[Id]
2026-08-07T23:34:32.2972558Z info: Microsoft.EntityFrameworkCore.Database.Command[20101]
2026-08-07T23:34:32.2973342Z       Executed DbCommand (2ms) [Parameters=[], CommandType='Text', CommandTimeout='30']
2026-08-07T23:34:32.2973442Z       SELECT 1
2026-08-07T23:34:32.3030390Z info: Microsoft.EntityFrameworkCore.Database.Command[20101]
2026-08-07T23:34:32.3031195Z       Executed DbCommand (6ms) [Parameters=[], CommandType='Text', CommandTimeout='30']
2026-08-07T23:34:32.3031308Z       SELECT OBJECT_ID(N'[__EFMigrationsHistory]');
2026-08-07T23:34:32.3088453Z info: Microsoft.EntityFrameworkCore.Database.Command[20101]
2026-08-07T23:34:32.3089004Z       Executed DbCommand (4ms) [Parameters=[], CommandType='Text', CommandTimeout='30']
2026-08-07T23:34:32.3089137Z       SELECT [MigrationId], [ProductVersion]
2026-08-07T23:34:32.3089184Z       FROM [__EFMigrationsHistory]
2026-08-07T23:34:32.3094808Z       ORDER BY [MigrationId];
2026-08-07T23:34:32.3108975Z info: Microsoft.EntityFrameworkCore.Database.Command[20101]
2026-08-07T23:34:32.3109245Z       Executed DbCommand (1ms) [Parameters=[], CommandType='Text', CommandTimeout='30']
2026-08-07T23:34:32.3109314Z       SELECT TOP(1) [b].[BankAccountNumber]
2026-08-07T23:34:32.3109357Z       FROM [Beneficiaries] AS [b]
2026-08-07T23:34:32.3109402Z       ORDER BY [b].[Id]
2026-08-07T23:34:40.2337590Z info: Microsoft.EntityFrameworkCore.Database.Command[20101]
2026-08-07T23:34:40.2338445Z       Executed DbCommand (2ms) [Parameters=[], CommandType='Text', CommandTimeout='30']
2026-08-07T23:34:40.2338543Z       SELECT 1
2026-08-07T23:34:40.2368359Z info: Microsoft.EntityFrameworkCore.Database.Command[20101]
2026-08-07T23:34:40.2368980Z       Executed DbCommand (2ms) [Parameters=[], CommandType='Text', CommandTimeout='30']
2026-08-07T23:34:40.2369118Z       SELECT OBJECT_ID(N'[__EFMigrationsHistory]');
2026-08-07T23:34:40.2382784Z info: Microsoft.EntityFrameworkCore.Database.Command[20101]
2026-08-07T23:34:40.2383197Z       Executed DbCommand (2ms) [Parameters=[], CommandType='Text', CommandTimeout='30']
2026-08-07T23:34:40.2385297Z       SELECT [MigrationId], [ProductVersion]
2026-08-07T23:34:40.2385389Z       FROM [__EFMigrationsHistory]
2026-08-07T23:34:40.2389221Z       ORDER BY [MigrationId];
2026-08-07T23:34:40.2405450Z info: Microsoft.EntityFrameworkCore.Database.Command[20101]
2026-08-07T23:34:40.2405776Z       Executed DbCommand (1ms) [Parameters=[], CommandType='Text', CommandTimeout='30']
2026-08-07T23:34:40.2405847Z       SELECT TOP(1) [b].[BankAccountNumber]
2026-08-07T23:34:40.2405939Z       FROM [Beneficiaries] AS [b]
2026-08-07T23:34:40.2405977Z       ORDER BY [b].[Id]
2026-08-07T23:34:48.6611502Z info: Microsoft.EntityFrameworkCore.Database.Command[20101]
2026-08-07T23:34:48.6612340Z       Executed DbCommand (2ms) [Parameters=[], CommandType='Text', CommandTimeout='30']
2026-08-07T23:34:48.6612472Z       SELECT 1
2026-08-07T23:34:48.6647968Z info: Microsoft.EntityFrameworkCore.Database.Command[20101]
2026-08-07T23:34:48.6648492Z       Executed DbCommand (2ms) [Parameters=[], CommandType='Text', CommandTimeout='30']
2026-08-07T23:34:48.6648594Z       SELECT OBJECT_ID(N'[__EFMigrationsHistory]');
2026-08-07T23:34:48.6668533Z info: Microsoft.EntityFrameworkCore.Database.Command[20101]
2026-08-07T23:34:48.6668927Z       Executed DbCommand (2ms) [Parameters=[], CommandType='Text', CommandTimeout='30']
2026-08-07T23:34:48.6669006Z       SELECT [MigrationId], [ProductVersion]
2026-08-07T23:34:48.6669147Z       FROM [__EFMigrationsHistory]
2026-08-07T23:34:48.6669313Z       ORDER BY [MigrationId];
2026-08-07T23:34:48.6690783Z info: Microsoft.EntityFrameworkCore.Database.Command[20101]
2026-08-07T23:34:48.6691118Z       Executed DbCommand (1ms) [Parameters=[], CommandType='Text', CommandTimeout='30']
2026-08-07T23:34:48.6691193Z       SELECT TOP(1) [b].[BankAccountNumber]
2026-08-07T23:34:48.6691240Z       FROM [Beneficiaries] AS [b]
2026-08-07T23:34:48.6691280Z       ORDER BY [b].[Id]
2026-08-07T23:34:50.5767640Z info: Microsoft.EntityFrameworkCore.Database.Command[20101]
2026-08-07T23:34:50.5768426Z       Executed DbCommand (2ms) [Parameters=[], CommandType='Text', CommandTimeout='30']
2026-08-07T23:34:50.5768532Z       SELECT 1
2026-08-07T23:34:50.5795167Z info: Microsoft.EntityFrameworkCore.Database.Command[20101]
2026-08-07T23:34:50.5795823Z       Executed DbCommand (2ms) [Parameters=[], CommandType='Text', CommandTimeout='30']
2026-08-07T23:34:50.5795915Z       SELECT OBJECT_ID(N'[__EFMigrationsHistory]');
2026-08-07T23:34:50.5808297Z info: Microsoft.EntityFrameworkCore.Database.Command[20101]
2026-08-07T23:34:50.5808623Z       Executed DbCommand (1ms) [Parameters=[], CommandType='Text', CommandTimeout='30']
2026-08-07T23:34:50.5808696Z       SELECT [MigrationId], [ProductVersion]
2026-08-07T23:34:50.5808792Z       FROM [__EFMigrationsHistory]
2026-08-07T23:34:50.5814439Z       ORDER BY [MigrationId];
2026-08-07T23:34:50.5829975Z info: Microsoft.EntityFrameworkCore.Database.Command[20101]
2026-08-07T23:34:50.5830286Z       Executed DbCommand (2ms) [Parameters=[], CommandType='Text', CommandTimeout='30']
2026-08-07T23:34:50.5830396Z       SELECT TOP(1) [b].[BankAccountNumber]
2026-08-07T23:34:50.5830440Z       FROM [Beneficiaries] AS [b]
2026-08-07T23:34:50.5830478Z       ORDER BY [b].[Id]
2026-08-07T23:34:52.1677978Z info: Microsoft.EntityFrameworkCore.Database.Command[20101]
2026-08-07T23:34:52.1678811Z       Executed DbCommand (2ms) [Parameters=[], CommandType='Text', CommandTimeout='30']
2026-08-07T23:34:52.1679032Z       SELECT 1
2026-08-07T23:34:52.1707752Z info: Microsoft.EntityFrameworkCore.Database.Command[20101]
2026-08-07T23:34:52.1708212Z       Executed DbCommand (2ms) [Parameters=[], CommandType='Text', CommandTimeout='30']
2026-08-07T23:34:52.1708294Z       SELECT OBJECT_ID(N'[__EFMigrationsHistory]');
2026-08-07T23:34:52.1722900Z info: Microsoft.EntityFrameworkCore.Database.Command[20101]
2026-08-07T23:34:52.1723279Z       Executed DbCommand (2ms) [Parameters=[], CommandType='Text', CommandTimeout='30']
2026-08-07T23:34:52.1723355Z       SELECT [MigrationId], [ProductVersion]
2026-08-07T23:34:52.1723395Z       FROM [__EFMigrationsHistory]
2026-08-07T23:34:52.1723434Z       ORDER BY [MigrationId];
2026-08-07T23:34:52.1745153Z info: Microsoft.EntityFrameworkCore.Database.Command[20101]
2026-08-07T23:34:52.1745472Z       Executed DbCommand (1ms) [Parameters=[], CommandType='Text', CommandTimeout='30']
2026-08-07T23:34:52.1745536Z       SELECT TOP(1) [b].[BankAccountNumber]
2026-08-07T23:34:52.1745575Z       FROM [Beneficiaries] AS [b]
2026-08-07T23:34:52.1745659Z       ORDER BY [b].[Id]
2026-08-07T23:34:55.2386805Z info: Microsoft.EntityFrameworkCore.Database.Command[20101]
2026-08-07T23:34:55.2387655Z       Executed DbCommand (2ms) [Parameters=[], CommandType='Text', CommandTimeout='30']
2026-08-07T23:34:55.2387752Z       SELECT 1
2026-08-07T23:34:55.2404456Z info: Microsoft.EntityFrameworkCore.Database.Command[20101]
2026-08-07T23:34:55.2405079Z       Executed DbCommand (2ms) [Parameters=[], CommandType='Text', CommandTimeout='30']
2026-08-07T23:34:55.2405159Z       SELECT OBJECT_ID(N'[__EFMigrationsHistory]');
2026-08-07T23:34:55.2432601Z info: Microsoft.EntityFrameworkCore.Database.Command[20101]
2026-08-07T23:34:55.2432928Z       Executed DbCommand (2ms) [Parameters=[], CommandType='Text', CommandTimeout='30']
2026-08-07T23:34:55.2433036Z       SELECT [MigrationId], [ProductVersion]
2026-08-07T23:34:55.2436882Z       FROM [__EFMigrationsHistory]
2026-08-07T23:34:55.2437132Z       ORDER BY [MigrationId];
2026-08-07T23:34:55.2452101Z info: Microsoft.EntityFrameworkCore.Database.Command[20101]
2026-08-07T23:34:55.2452427Z       Executed DbCommand (2ms) [Parameters=[], CommandType='Text', CommandTimeout='30']
2026-08-07T23:34:55.2452489Z       SELECT TOP(1) [b].[BankAccountNumber]
2026-08-07T23:34:55.2452529Z       FROM [Beneficiaries] AS [b]
2026-08-07T23:34:55.2452566Z       ORDER BY [b].[Id]
2026-08-07T23:34:57.7329599Z info: Microsoft.EntityFrameworkCore.Database.Command[20101]
2026-08-07T23:34:57.7330529Z       Executed DbCommand (2ms) [Parameters=[], CommandType='Text', CommandTimeout='30']
2026-08-07T23:34:57.7330645Z       SELECT 1
2026-08-07T23:34:57.7346182Z info: Microsoft.EntityFrameworkCore.Database.Command[20101]
2026-08-07T23:34:57.7346876Z       Executed DbCommand (2ms) [Parameters=[], CommandType='Text', CommandTimeout='30']
2026-08-07T23:34:57.7347025Z       SELECT OBJECT_ID(N'[__EFMigrationsHistory]');
2026-08-07T23:34:57.7385059Z info: Microsoft.EntityFrameworkCore.Database.Command[20101]
2026-08-07T23:34:57.7385461Z       Executed DbCommand (2ms) [Parameters=[], CommandType='Text', CommandTimeout='30']
2026-08-07T23:34:57.7385537Z       SELECT [MigrationId], [ProductVersion]
2026-08-07T23:34:57.7385579Z       FROM [__EFMigrationsHistory]
2026-08-07T23:34:57.7389907Z       ORDER BY [MigrationId];
2026-08-07T23:34:57.7408869Z info: Microsoft.EntityFrameworkCore.Database.Command[20101]
2026-08-07T23:34:57.7409190Z       Executed DbCommand (2ms) [Parameters=[], CommandType='Text', CommandTimeout='30']
2026-08-07T23:34:57.7409256Z       SELECT TOP(1) [b].[BankAccountNumber]
2026-08-07T23:34:57.7409450Z       FROM [Beneficiaries] AS [b]
2026-08-07T23:34:57.7409492Z       ORDER BY [b].[Id]
2026-08-07T23:35:03.6090945Z info: Microsoft.EntityFrameworkCore.Database.Command[20101]
2026-08-07T23:35:03.6091924Z       Executed DbCommand (2ms) [Parameters=[], CommandType='Text', CommandTimeout='30']
2026-08-07T23:35:03.6092038Z       SELECT 1
2026-08-07T23:35:03.6106841Z info: Microsoft.EntityFrameworkCore.Database.Command[20101]
2026-08-07T23:35:03.6107281Z       Executed DbCommand (2ms) [Parameters=[], CommandType='Text', CommandTimeout='30']
2026-08-07T23:35:03.6111196Z       SELECT OBJECT_ID(N'[__EFMigrationsHistory]');
2026-08-07T23:35:03.6136173Z info: Microsoft.EntityFrameworkCore.Database.Command[20101]
2026-08-07T23:35:03.6136497Z       Executed DbCommand (1ms) [Parameters=[], CommandType='Text', CommandTimeout='30']
2026-08-07T23:35:03.6136570Z       SELECT [MigrationId], [ProductVersion]
2026-08-07T23:35:03.6136650Z       FROM [__EFMigrationsHistory]
2026-08-07T23:35:03.6136789Z       ORDER BY [MigrationId];
2026-08-07T23:35:03.6152763Z info: Microsoft.EntityFrameworkCore.Database.Command[20101]
2026-08-07T23:35:03.6153059Z       Executed DbCommand (1ms) [Parameters=[], CommandType='Text', CommandTimeout='30']
2026-08-07T23:35:03.6153134Z       SELECT TOP(1) [b].[BankAccountNumber]
2026-08-07T23:35:03.6153227Z       FROM [Beneficiaries] AS [b]
2026-08-07T23:35:03.6153365Z       ORDER BY [b].[Id]
2026-08-07T23:35:03.6545648Z info: Microsoft.EntityFrameworkCore.Database.Command[20101]
2026-08-07T23:35:03.6546432Z       Executed DbCommand (2ms) [Parameters=[], CommandType='Text', CommandTimeout='30']
2026-08-07T23:35:03.6546822Z       SELECT 1
2026-08-07T23:35:03.6562708Z info: Microsoft.EntityFrameworkCore.Database.Command[20101]
2026-08-07T23:35:03.6565366Z       Executed DbCommand (2ms) [Parameters=[], CommandType='Text', CommandTimeout='30']
2026-08-07T23:35:03.6565536Z       SELECT OBJECT_ID(N'[__EFMigrationsHistory]');
2026-08-07T23:35:03.6595119Z info: Microsoft.EntityFrameworkCore.Database.Command[20101]
2026-08-07T23:35:03.6595488Z       Executed DbCommand (1ms) [Parameters=[], CommandType='Text', CommandTimeout='30']
2026-08-07T23:35:03.6595571Z       SELECT [MigrationId], [ProductVersion]
2026-08-07T23:35:03.6595618Z       FROM [__EFMigrationsHistory]
2026-08-07T23:35:03.6595661Z       ORDER BY [MigrationId];
2026-08-07T23:35:03.6613791Z info: Microsoft.EntityFrameworkCore.Database.Command[20101]
2026-08-07T23:35:03.6614099Z       Executed DbCommand (1ms) [Parameters=[], CommandType='Text', CommandTimeout='30']
2026-08-07T23:35:03.6614173Z       SELECT TOP(1) [b].[BankAccountNumber]
2026-08-07T23:35:03.6614217Z       FROM [Beneficiaries] AS [b]
2026-08-07T23:35:03.6614263Z       ORDER BY [b].[Id]
2026-08-07T23:35:04.2107845Z info: Microsoft.EntityFrameworkCore.Database.Command[20101]
2026-08-07T23:35:04.2108675Z       Executed DbCommand (2ms) [Parameters=[], CommandType='Text', CommandTimeout='30']
2026-08-07T23:35:04.2108812Z       SELECT 1
2026-08-07T23:35:04.2138249Z info: Microsoft.EntityFrameworkCore.Database.Command[20101]
2026-08-07T23:35:04.2138888Z       Executed DbCommand (2ms) [Parameters=[], CommandType='Text', CommandTimeout='30']
2026-08-07T23:35:04.2138988Z       SELECT OBJECT_ID(N'[__EFMigrationsHistory]');
2026-08-07T23:35:04.2169191Z info: Microsoft.EntityFrameworkCore.Database.Command[20101]
2026-08-07T23:35:04.2169549Z       Executed DbCommand (2ms) [Parameters=[], CommandType='Text', CommandTimeout='30']
2026-08-07T23:35:04.2169667Z       SELECT [MigrationId], [ProductVersion]
2026-08-07T23:35:04.2169708Z       FROM [__EFMigrationsHistory]
2026-08-07T23:35:04.2169744Z       ORDER BY [MigrationId];
2026-08-07T23:35:04.2184510Z info: Microsoft.EntityFrameworkCore.Database.Command[20101]
2026-08-07T23:35:04.2184822Z       Executed DbCommand (1ms) [Parameters=[], CommandType='Text', CommandTimeout='30']
2026-08-07T23:35:04.2184935Z       SELECT TOP(1) [b].[BankAccountNumber]
2026-08-07T23:35:04.2184976Z       FROM [Beneficiaries] AS [b]
2026-08-07T23:35:04.2185019Z       ORDER BY [b].[Id]
2026-08-07T23:35:08.9474510Z info: Microsoft.EntityFrameworkCore.Database.Command[20101]
2026-08-07T23:35:08.9475369Z       Executed DbCommand (2ms) [Parameters=[], CommandType='Text', CommandTimeout='30']
2026-08-07T23:35:08.9475479Z       SELECT 1
2026-08-07T23:35:08.9496028Z info: Microsoft.EntityFrameworkCore.Database.Command[20101]
2026-08-07T23:35:08.9496473Z       Executed DbCommand (2ms) [Parameters=[], CommandType='Text', CommandTimeout='30']
2026-08-07T23:35:08.9496558Z       SELECT OBJECT_ID(N'[__EFMigrationsHistory]');
2026-08-07T23:35:08.9525305Z info: Microsoft.EntityFrameworkCore.Database.Command[20101]
2026-08-07T23:35:08.9525631Z       Executed DbCommand (1ms) [Parameters=[], CommandType='Text', CommandTimeout='30']
2026-08-07T23:35:08.9525705Z       SELECT [MigrationId], [ProductVersion]
2026-08-07T23:35:08.9525869Z       FROM [__EFMigrationsHistory]
2026-08-07T23:35:08.9529936Z       ORDER BY [MigrationId];
2026-08-07T23:35:08.9551271Z info: Microsoft.EntityFrameworkCore.Database.Command[20101]
2026-08-07T23:35:08.9552027Z       Executed DbCommand (2ms) [Parameters=[], CommandType='Text', CommandTimeout='30']
2026-08-07T23:35:08.9552238Z       SELECT TOP(1) [b].[BankAccountNumber]
2026-08-07T23:35:08.9552792Z       FROM [Beneficiaries] AS [b]
2026-08-07T23:35:08.9552876Z       ORDER BY [b].[Id]
2026-08-07T23:35:11.5331275Z info: Microsoft.EntityFrameworkCore.Database.Command[20101]
2026-08-07T23:35:11.5332128Z       Executed DbCommand (2ms) [Parameters=[], CommandType='Text', CommandTimeout='30']
2026-08-07T23:35:11.5332260Z       SELECT 1
2026-08-07T23:35:11.5360240Z info: Microsoft.EntityFrameworkCore.Database.Command[20101]
2026-08-07T23:35:11.5360851Z       Executed DbCommand (2ms) [Parameters=[], CommandType='Text', CommandTimeout='30']
2026-08-07T23:35:11.5360963Z       SELECT OBJECT_ID(N'[__EFMigrationsHistory]');
2026-08-07T23:35:11.5374626Z info: Microsoft.EntityFrameworkCore.Database.Command[20101]
2026-08-07T23:35:11.5375061Z       Executed DbCommand (1ms) [Parameters=[], CommandType='Text', CommandTimeout='30']
2026-08-07T23:35:11.5375205Z       SELECT [MigrationId], [ProductVersion]
2026-08-07T23:35:11.5375255Z       FROM [__EFMigrationsHistory]
2026-08-07T23:35:11.5375307Z       ORDER BY [MigrationId];
2026-08-07T23:35:11.5394027Z info: Microsoft.EntityFrameworkCore.Database.Command[20101]
2026-08-07T23:35:11.5394382Z       Executed DbCommand (1ms) [Parameters=[], CommandType='Text', CommandTimeout='30']
2026-08-07T23:35:11.5394448Z       SELECT TOP(1) [b].[BankAccountNumber]
2026-08-07T23:35:11.5394486Z       FROM [Beneficiaries] AS [b]
2026-08-07T23:35:11.5394522Z       ORDER BY [b].[Id]
2026-08-07T23:35:14.2693153Z info: Microsoft.EntityFrameworkCore.Database.Command[20101]
2026-08-07T23:35:14.2693907Z       Executed DbCommand (2ms) [Parameters=[], CommandType='Text', CommandTimeout='30']
2026-08-07T23:35:14.2694026Z       SELECT 1
2026-08-07T23:35:14.2715820Z info: Microsoft.EntityFrameworkCore.Database.Command[20101]
2026-08-07T23:35:14.2716302Z       Executed DbCommand (2ms) [Parameters=[], CommandType='Text', CommandTimeout='30']
2026-08-07T23:35:14.2716435Z       SELECT OBJECT_ID(N'[__EFMigrationsHistory]');
2026-08-07T23:35:14.2740153Z info: Microsoft.EntityFrameworkCore.Database.Command[20101]
2026-08-07T23:35:14.2740523Z       Executed DbCommand (1ms) [Parameters=[], CommandType='Text', CommandTimeout='30']
2026-08-07T23:35:14.2740596Z       SELECT [MigrationId], [ProductVersion]
2026-08-07T23:35:14.2740744Z       FROM [__EFMigrationsHistory]
2026-08-07T23:35:14.2740949Z       ORDER BY [MigrationId];
2026-08-07T23:35:14.2757665Z info: Microsoft.EntityFrameworkCore.Database.Command[20101]
2026-08-07T23:35:14.2758004Z       Executed DbCommand (1ms) [Parameters=[], CommandType='Text', CommandTimeout='30']
2026-08-07T23:35:14.2758071Z       SELECT TOP(1) [b].[BankAccountNumber]
2026-08-07T23:35:14.2758157Z       FROM [Beneficiaries] AS [b]
2026-08-07T23:35:14.2758202Z       ORDER BY [b].[Id]
2026-08-07T23:35:21.6437916Z info: Microsoft.EntityFrameworkCore.Database.Command[20101]
2026-08-07T23:35:21.6438669Z       Executed DbCommand (2ms) [Parameters=[], CommandType='Text', CommandTimeout='30']
2026-08-07T23:35:21.6438772Z       SELECT 1
2026-08-07T23:35:21.6456274Z info: Microsoft.EntityFrameworkCore.Database.Command[20101]
2026-08-07T23:35:21.6456785Z       Executed DbCommand (2ms) [Parameters=[], CommandType='Text', CommandTimeout='30']
2026-08-07T23:35:21.6456863Z       SELECT OBJECT_ID(N'[__EFMigrationsHistory]');
2026-08-07T23:35:21.6482750Z info: Microsoft.EntityFrameworkCore.Database.Command[20101]
2026-08-07T23:35:21.6483125Z       Executed DbCommand (1ms) [Parameters=[], CommandType='Text', CommandTimeout='30']
2026-08-07T23:35:21.6483191Z       SELECT [MigrationId], [ProductVersion]
2026-08-07T23:35:21.6483233Z       FROM [__EFMigrationsHistory]
2026-08-07T23:35:21.6483925Z       ORDER BY [MigrationId];
2026-08-07T23:35:21.6500703Z info: Microsoft.EntityFrameworkCore.Database.Command[20101]
2026-08-07T23:35:21.6501060Z       Executed DbCommand (1ms) [Parameters=[], CommandType='Text', CommandTimeout='30']
2026-08-07T23:35:21.6501135Z       SELECT TOP(1) [b].[BankAccountNumber]
2026-08-07T23:35:21.6501183Z       FROM [Beneficiaries] AS [b]
2026-08-07T23:35:21.6501236Z       ORDER BY [b].[Id]
2026-08-07T23:35:32.3825346Z info: Microsoft.EntityFrameworkCore.Database.Command[20101]
2026-08-07T23:35:32.3826475Z       Executed DbCommand (3ms) [Parameters=[], CommandType='Text', CommandTimeout='30']
2026-08-07T23:35:32.3826599Z       SELECT 1
2026-08-07T23:35:32.3859464Z info: Microsoft.EntityFrameworkCore.Database.Command[20101]
2026-08-07T23:35:32.3860334Z       Executed DbCommand (2ms) [Parameters=[], CommandType='Text', CommandTimeout='30']
2026-08-07T23:35:32.3860439Z       SELECT OBJECT_ID(N'[__EFMigrationsHistory]');
2026-08-07T23:35:32.3876191Z info: Microsoft.EntityFrameworkCore.Database.Command[20101]
2026-08-07T23:35:32.3876560Z       Executed DbCommand (1ms) [Parameters=[], CommandType='Text', CommandTimeout='30']
2026-08-07T23:35:32.3876635Z       SELECT [MigrationId], [ProductVersion]
2026-08-07T23:35:32.3876742Z       FROM [__EFMigrationsHistory]
2026-08-07T23:35:32.3880847Z       ORDER BY [MigrationId];
2026-08-07T23:35:32.3889992Z info: Microsoft.EntityFrameworkCore.Database.Command[20101]
2026-08-07T23:35:32.3890307Z       Executed DbCommand (1ms) [Parameters=[], CommandType='Text', CommandTimeout='30']
2026-08-07T23:35:32.3890414Z       SELECT TOP(1) [b].[BankAccountNumber]
2026-08-07T23:35:32.3890458Z       FROM [Beneficiaries] AS [b]
2026-08-07T23:35:32.3890495Z       ORDER BY [b].[Id]
2026-08-07T23:35:35.0002011Z info: Microsoft.EntityFrameworkCore.Database.Command[20101]
2026-08-07T23:35:35.0002874Z       Executed DbCommand (2ms) [Parameters=[], CommandType='Text', CommandTimeout='30']
2026-08-07T23:35:35.0003080Z       SELECT 1
2026-08-07T23:35:35.0019272Z info: Microsoft.EntityFrameworkCore.Database.Command[20101]
2026-08-07T23:35:35.0019802Z       Executed DbCommand (2ms) [Parameters=[], CommandType='Text', CommandTimeout='30']
2026-08-07T23:35:35.0019905Z       SELECT OBJECT_ID(N'[__EFMigrationsHistory]');
2026-08-07T23:35:35.0058874Z info: Microsoft.EntityFrameworkCore.Database.Command[20101]
2026-08-07T23:35:35.0059235Z       Executed DbCommand (2ms) [Parameters=[], CommandType='Text', CommandTimeout='30']
2026-08-07T23:35:35.0059310Z       SELECT [MigrationId], [ProductVersion]
2026-08-07T23:35:35.0059358Z       FROM [__EFMigrationsHistory]
2026-08-07T23:35:35.0059404Z       ORDER BY [MigrationId];
2026-08-07T23:35:35.0073206Z info: Microsoft.EntityFrameworkCore.Database.Command[20101]
2026-08-07T23:35:35.0073541Z       Executed DbCommand (1ms) [Parameters=[], CommandType='Text', CommandTimeout='30']
2026-08-07T23:35:35.0073600Z       SELECT TOP(1) [b].[BankAccountNumber]
2026-08-07T23:35:35.0073638Z       FROM [Beneficiaries] AS [b]
2026-08-07T23:35:35.0073717Z       ORDER BY [b].[Id]
2026-08-07T23:35:35.5027278Z info: Microsoft.EntityFrameworkCore.Database.Command[20101]
2026-08-07T23:35:35.5028713Z       Executed DbCommand (2ms) [Parameters=[], CommandType='Text', CommandTimeout='30']
2026-08-07T23:35:35.5028985Z       SELECT 1
2026-08-07T23:35:35.5047481Z info: Microsoft.EntityFrameworkCore.Database.Command[20101]
2026-08-07T23:35:35.5048270Z       Executed DbCommand (2ms) [Parameters=[], CommandType='Text', CommandTimeout='30']
2026-08-07T23:35:35.5048368Z       SELECT OBJECT_ID(N'[__EFMigrationsHistory]');
2026-08-07T23:35:35.5080870Z info: Microsoft.EntityFrameworkCore.Database.Command[20101]
2026-08-07T23:35:35.5081368Z       Executed DbCommand (2ms) [Parameters=[], CommandType='Text', CommandTimeout='30']
2026-08-07T23:35:35.5081512Z       SELECT [MigrationId], [ProductVersion]
2026-08-07T23:35:35.5081568Z       FROM [__EFMigrationsHistory]
2026-08-07T23:35:35.5081604Z       ORDER BY [MigrationId];
2026-08-07T23:35:35.5095068Z info: Microsoft.EntityFrameworkCore.Database.Command[20101]
2026-08-07T23:35:35.5095462Z       Executed DbCommand (1ms) [Parameters=[], CommandType='Text', CommandTimeout='30']
2026-08-07T23:35:35.5095684Z       SELECT TOP(1) [b].[BankAccountNumber]
2026-08-07T23:35:35.5095724Z       FROM [Beneficiaries] AS [b]
2026-08-07T23:35:35.5095762Z       ORDER BY [b].[Id]
2026-08-07T23:35:36.5971976Z info: Microsoft.EntityFrameworkCore.Database.Command[20101]
2026-08-07T23:35:36.5972877Z       Executed DbCommand (2ms) [Parameters=[], CommandType='Text', CommandTimeout='30']
2026-08-07T23:35:36.5972988Z       SELECT 1
2026-08-07T23:35:36.6000291Z info: Microsoft.EntityFrameworkCore.Database.Command[20101]
2026-08-07T23:35:36.6000970Z       Executed DbCommand (2ms) [Parameters=[], CommandType='Text', CommandTimeout='30']
2026-08-07T23:35:36.6001059Z       SELECT OBJECT_ID(N'[__EFMigrationsHistory]');
2026-08-07T23:35:36.6013480Z info: Microsoft.EntityFrameworkCore.Database.Command[20101]
2026-08-07T23:35:36.6013948Z       Executed DbCommand (1ms) [Parameters=[], CommandType='Text', CommandTimeout='30']
2026-08-07T23:35:36.6014030Z       SELECT [MigrationId], [ProductVersion]
2026-08-07T23:35:36.6014070Z       FROM [__EFMigrationsHistory]
2026-08-07T23:35:36.6014155Z       ORDER BY [MigrationId];
2026-08-07T23:35:36.6033114Z info: Microsoft.EntityFrameworkCore.Database.Command[20101]
2026-08-07T23:35:36.6033495Z       Executed DbCommand (2ms) [Parameters=[], CommandType='Text', CommandTimeout='30']
2026-08-07T23:35:36.6033569Z       SELECT TOP(1) [b].[BankAccountNumber]
2026-08-07T23:35:36.6033611Z       FROM [Beneficiaries] AS [b]
2026-08-07T23:35:36.6033704Z       ORDER BY [b].[Id]
2026-08-07T23:35:36.9512994Z info: Microsoft.EntityFrameworkCore.Database.Command[20101]
2026-08-07T23:35:36.9513819Z       Executed DbCommand (2ms) [Parameters=[], CommandType='Text', CommandTimeout='30']
2026-08-07T23:35:36.9513934Z       SELECT 1
2026-08-07T23:35:36.9544858Z info: Microsoft.EntityFrameworkCore.Database.Command[20101]
2026-08-07T23:35:36.9545390Z       Executed DbCommand (2ms) [Parameters=[], CommandType='Text', CommandTimeout='30']
2026-08-07T23:35:36.9545471Z       SELECT OBJECT_ID(N'[__EFMigrationsHistory]');
2026-08-07T23:35:36.9560965Z info: Microsoft.EntityFrameworkCore.Database.Command[20101]
2026-08-07T23:35:36.9561348Z       Executed DbCommand (2ms) [Parameters=[], CommandType='Text', CommandTimeout='30']
2026-08-07T23:35:36.9561466Z       SELECT [MigrationId], [ProductVersion]
2026-08-07T23:35:36.9561512Z       FROM [__EFMigrationsHistory]
2026-08-07T23:35:36.9561554Z       ORDER BY [MigrationId];
2026-08-07T23:35:36.9584054Z info: Microsoft.EntityFrameworkCore.Database.Command[20101]
2026-08-07T23:35:36.9584386Z       Executed DbCommand (1ms) [Parameters=[], CommandType='Text', CommandTimeout='30']
2026-08-07T23:35:36.9593809Z       SELECT TOP(1) [b].[BankAccountNumber]
2026-08-07T23:35:36.9593914Z       FROM [Beneficiaries] AS [b]
2026-08-07T23:35:36.9593963Z       ORDER BY [b].[Id]
2026-08-07T23:35:49.6484810Z info: Microsoft.EntityFrameworkCore.Database.Command[20101]
2026-08-07T23:35:49.6485717Z       Executed DbCommand (3ms) [Parameters=[], CommandType='Text', CommandTimeout='30']
2026-08-07T23:35:49.6485825Z       SELECT 1
2026-08-07T23:35:49.6514359Z info: Microsoft.EntityFrameworkCore.Database.Command[20101]
2026-08-07T23:35:49.6514799Z       Executed DbCommand (2ms) [Parameters=[], CommandType='Text', CommandTimeout='30']
2026-08-07T23:35:49.6514881Z       SELECT OBJECT_ID(N'[__EFMigrationsHistory]');
2026-08-07T23:35:49.6530334Z info: Microsoft.EntityFrameworkCore.Database.Command[20101]
2026-08-07T23:35:49.6530665Z       Executed DbCommand (2ms) [Parameters=[], CommandType='Text', CommandTimeout='30']
2026-08-07T23:35:49.6530732Z       SELECT [MigrationId], [ProductVersion]
2026-08-07T23:35:49.6530771Z       FROM [__EFMigrationsHistory]
2026-08-07T23:35:49.6532825Z       ORDER BY [MigrationId];
2026-08-07T23:35:49.6550001Z info: Microsoft.EntityFrameworkCore.Database.Command[20101]
2026-08-07T23:35:49.6550313Z       Executed DbCommand (2ms) [Parameters=[], CommandType='Text', CommandTimeout='30']
2026-08-07T23:35:49.6550388Z       SELECT TOP(1) [b].[BankAccountNumber]
2026-08-07T23:35:49.6550435Z       FROM [Beneficiaries] AS [b]
2026-08-07T23:35:49.6550515Z       ORDER BY [b].[Id]
2026-08-07T23:35:49.8077832Z info: Microsoft.EntityFrameworkCore.Database.Command[20101]
2026-08-07T23:35:49.8078581Z       Executed DbCommand (2ms) [Parameters=[], CommandType='Text', CommandTimeout='30']
2026-08-07T23:35:49.8078682Z       SELECT 1
2026-08-07T23:35:49.8106412Z info: Microsoft.EntityFrameworkCore.Database.Command[20101]
2026-08-07T23:35:49.8108135Z       Executed DbCommand (2ms) [Parameters=[], CommandType='Text', CommandTimeout='30']
2026-08-07T23:35:49.8108303Z       SELECT OBJECT_ID(N'[__EFMigrationsHistory]');
2026-08-07T23:35:49.8124574Z info: Microsoft.EntityFrameworkCore.Database.Command[20101]
2026-08-07T23:35:49.8125745Z       Executed DbCommand (1ms) [Parameters=[], CommandType='Text', CommandTimeout='30']
2026-08-07T23:35:49.8125881Z       SELECT [MigrationId], [ProductVersion]
2026-08-07T23:35:49.8125928Z       FROM [__EFMigrationsHistory]
2026-08-07T23:35:49.8125972Z       ORDER BY [MigrationId];
2026-08-07T23:35:49.8141551Z info: Microsoft.EntityFrameworkCore.Database.Command[20101]
2026-08-07T23:35:49.8141926Z       Executed DbCommand (1ms) [Parameters=[], CommandType='Text', CommandTimeout='30']
2026-08-07T23:35:49.8141994Z       SELECT TOP(1) [b].[BankAccountNumber]
2026-08-07T23:35:49.8142038Z       FROM [Beneficiaries] AS [b]
2026-08-07T23:35:49.8142077Z       ORDER BY [b].[Id]
2026-08-07T23:35:52.0097986Z info: Microsoft.EntityFrameworkCore.Database.Command[20101]
2026-08-07T23:35:52.0098919Z       Executed DbCommand (2ms) [Parameters=[], CommandType='Text', CommandTimeout='30']
2026-08-07T23:35:52.0099040Z       SELECT 1
2026-08-07T23:35:52.0116593Z info: Microsoft.EntityFrameworkCore.Database.Command[20101]
2026-08-07T23:35:52.0117218Z       Executed DbCommand (2ms) [Parameters=[], CommandType='Text', CommandTimeout='30']
2026-08-07T23:35:52.0117377Z       SELECT OBJECT_ID(N'[__EFMigrationsHistory]');
2026-08-07T23:35:52.0143329Z info: Microsoft.EntityFrameworkCore.Database.Command[20101]
2026-08-07T23:35:52.0143749Z       Executed DbCommand (1ms) [Parameters=[], CommandType='Text', CommandTimeout='30']
2026-08-07T23:35:52.0143844Z       SELECT [MigrationId], [ProductVersion]
2026-08-07T23:35:52.0143903Z       FROM [__EFMigrationsHistory]
2026-08-07T23:35:52.0144013Z       ORDER BY [MigrationId];
2026-08-07T23:35:52.0163279Z info: Microsoft.EntityFrameworkCore.Database.Command[20101]
2026-08-07T23:35:52.0163695Z       Executed DbCommand (1ms) [Parameters=[], CommandType='Text', CommandTimeout='30']
2026-08-07T23:35:52.0163778Z       SELECT TOP(1) [b].[BankAccountNumber]
2026-08-07T23:35:52.0163833Z       FROM [Beneficiaries] AS [b]
2026-08-07T23:35:52.0163942Z       ORDER BY [b].[Id]
2026-08-07T23:35:52.1756970Z info: Microsoft.EntityFrameworkCore.Database.Command[20101]
2026-08-07T23:35:52.1757691Z       Executed DbCommand (2ms) [Parameters=[], CommandType='Text', CommandTimeout='30']
2026-08-07T23:35:52.1757795Z       SELECT 1
2026-08-07T23:35:52.1778458Z info: Microsoft.EntityFrameworkCore.Database.Command[20101]
2026-08-07T23:35:52.1779006Z       Executed DbCommand (1ms) [Parameters=[], CommandType='Text', CommandTimeout='30']
2026-08-07T23:35:52.1779091Z       SELECT OBJECT_ID(N'[__EFMigrationsHistory]');
2026-08-07T23:35:52.1805686Z info: Microsoft.EntityFrameworkCore.Database.Command[20101]
2026-08-07T23:35:52.1806137Z       Executed DbCommand (1ms) [Parameters=[], CommandType='Text', CommandTimeout='30']
2026-08-07T23:35:52.1806209Z       SELECT [MigrationId], [ProductVersion]
2026-08-07T23:35:52.1806261Z       FROM [__EFMigrationsHistory]
2026-08-07T23:35:52.1806305Z       ORDER BY [MigrationId];
2026-08-07T23:35:52.1831043Z info: Microsoft.EntityFrameworkCore.Database.Command[20101]
2026-08-07T23:35:52.1831402Z       Executed DbCommand (2ms) [Parameters=[], CommandType='Text', CommandTimeout='30']
2026-08-07T23:35:52.1831474Z       SELECT TOP(1) [b].[BankAccountNumber]
2026-08-07T23:35:52.1831519Z       FROM [Beneficiaries] AS [b]
2026-08-07T23:35:52.1831558Z       ORDER BY [b].[Id]
2026-08-07T23:35:52.6084730Z info: Microsoft.EntityFrameworkCore.Database.Command[20101]
2026-08-07T23:35:52.6085520Z       Executed DbCommand (2ms) [Parameters=[], CommandType='Text', CommandTimeout='30']
2026-08-07T23:35:52.6085618Z       SELECT 1
2026-08-07T23:35:52.6114135Z info: Microsoft.EntityFrameworkCore.Database.Command[20101]
2026-08-07T23:35:52.6114740Z       Executed DbCommand (2ms) [Parameters=[], CommandType='Text', CommandTimeout='30']
2026-08-07T23:35:52.6114910Z       SELECT OBJECT_ID(N'[__EFMigrationsHistory]');
2026-08-07T23:35:52.6129442Z info: Microsoft.EntityFrameworkCore.Database.Command[20101]
2026-08-07T23:35:52.6129894Z       Executed DbCommand (2ms) [Parameters=[], CommandType='Text', CommandTimeout='30']
2026-08-07T23:35:52.6129960Z       SELECT [MigrationId], [ProductVersion]
2026-08-07T23:35:52.6130048Z       FROM [__EFMigrationsHistory]
2026-08-07T23:35:52.6135551Z       ORDER BY [MigrationId];
2026-08-07T23:35:52.6151078Z info: Microsoft.EntityFrameworkCore.Database.Command[20101]
2026-08-07T23:35:52.6151366Z       Executed DbCommand (1ms) [Parameters=[], CommandType='Text', CommandTimeout='30']
2026-08-07T23:35:52.6151481Z       SELECT TOP(1) [b].[BankAccountNumber]
2026-08-07T23:35:52.6151529Z       FROM [Beneficiaries] AS [b]
2026-08-07T23:35:52.6151570Z       ORDER BY [b].[Id]
2026-08-07T23:35:52.7647204Z info: Microsoft.EntityFrameworkCore.Database.Command[20101]
2026-08-07T23:35:52.7647976Z       Executed DbCommand (2ms) [Parameters=[], CommandType='Text', CommandTimeout='30']
2026-08-07T23:35:52.7648210Z       SELECT 1
2026-08-07T23:35:52.7667155Z info: Microsoft.EntityFrameworkCore.Database.Command[20101]
2026-08-07T23:35:52.7667802Z       Executed DbCommand (2ms) [Parameters=[], CommandType='Text', CommandTimeout='30']
2026-08-07T23:35:52.7667899Z       SELECT OBJECT_ID(N'[__EFMigrationsHistory]');
2026-08-07T23:35:52.7697993Z info: Microsoft.EntityFrameworkCore.Database.Command[20101]
2026-08-07T23:35:52.7698319Z       Executed DbCommand (1ms) [Parameters=[], CommandType='Text', CommandTimeout='30']
2026-08-07T23:35:52.7698381Z       SELECT [MigrationId], [ProductVersion]
2026-08-07T23:35:52.7698419Z       FROM [__EFMigrationsHistory]
2026-08-07T23:35:52.7698462Z       ORDER BY [MigrationId];
2026-08-07T23:35:52.7714110Z info: Microsoft.EntityFrameworkCore.Database.Command[20101]
2026-08-07T23:35:52.7714528Z       Executed DbCommand (1ms) [Parameters=[], CommandType='Text', CommandTimeout='30']
2026-08-07T23:35:52.7714603Z       SELECT TOP(1) [b].[BankAccountNumber]
2026-08-07T23:35:52.7714646Z       FROM [Beneficiaries] AS [b]
2026-08-07T23:35:52.7714687Z       ORDER BY [b].[Id]
2026-08-07T23:35:56.1747788Z info: Microsoft.EntityFrameworkCore.Database.Command[20101]
2026-08-07T23:35:56.1748542Z       Executed DbCommand (2ms) [Parameters=[], CommandType='Text', CommandTimeout='30']
2026-08-07T23:35:56.1748669Z       SELECT 1
2026-08-07T23:35:56.1766047Z info: Microsoft.EntityFrameworkCore.Database.Command[20101]
2026-08-07T23:35:56.1766962Z       Executed DbCommand (2ms) [Parameters=[], CommandType='Text', CommandTimeout='30']
2026-08-07T23:35:56.1767068Z       SELECT OBJECT_ID(N'[__EFMigrationsHistory]');
2026-08-07T23:35:56.1791802Z info: Microsoft.EntityFrameworkCore.Database.Command[20101]
2026-08-07T23:35:56.1792374Z       Executed DbCommand (2ms) [Parameters=[], CommandType='Text', CommandTimeout='30']
2026-08-07T23:35:56.1792517Z       SELECT [MigrationId], [ProductVersion]
2026-08-07T23:35:56.1792560Z       FROM [__EFMigrationsHistory]
2026-08-07T23:35:56.1797526Z       ORDER BY [MigrationId];
2026-08-07T23:35:56.1808574Z info: Microsoft.EntityFrameworkCore.Database.Command[20101]
2026-08-07T23:35:56.1808915Z       Executed DbCommand (1ms) [Parameters=[], CommandType='Text', CommandTimeout='30']
2026-08-07T23:35:56.1808990Z       SELECT TOP(1) [b].[BankAccountNumber]
2026-08-07T23:35:56.1809031Z       FROM [Beneficiaries] AS [b]
2026-08-07T23:35:56.1811950Z       ORDER BY [b].[Id]
2026-08-07T23:35:56.9744613Z info: Microsoft.EntityFrameworkCore.Database.Command[20101]
2026-08-07T23:35:56.9745534Z       Executed DbCommand (8ms) [Parameters=[], CommandType='Text', CommandTimeout='30']
2026-08-07T23:35:56.9745640Z       SELECT 1
2026-08-07T23:35:56.9767842Z info: Microsoft.EntityFrameworkCore.Database.Command[20101]
2026-08-07T23:35:56.9768451Z       Executed DbCommand (2ms) [Parameters=[], CommandType='Text', CommandTimeout='30']
2026-08-07T23:35:56.9768599Z       SELECT OBJECT_ID(N'[__EFMigrationsHistory]');
2026-08-07T23:35:56.9791834Z info: Microsoft.EntityFrameworkCore.Database.Command[20101]
2026-08-07T23:35:56.9792257Z       Executed DbCommand (1ms) [Parameters=[], CommandType='Text', CommandTimeout='30']
2026-08-07T23:35:56.9792333Z       SELECT [MigrationId], [ProductVersion]
2026-08-07T23:35:56.9792372Z       FROM [__EFMigrationsHistory]
2026-08-07T23:35:56.9797600Z       ORDER BY [MigrationId];
2026-08-07T23:35:56.9811723Z info: Microsoft.EntityFrameworkCore.Database.Command[20101]
2026-08-07T23:35:56.9812093Z       Executed DbCommand (1ms) [Parameters=[], CommandType='Text', CommandTimeout='30']
2026-08-07T23:35:56.9812164Z       SELECT TOP(1) [b].[BankAccountNumber]
2026-08-07T23:35:56.9812262Z       FROM [Beneficiaries] AS [b]
2026-08-07T23:35:56.9812309Z       ORDER BY [b].[Id]
2026-08-07T23:36:02.9412061Z info: Microsoft.EntityFrameworkCore.Database.Command[20101]
2026-08-07T23:36:02.9413056Z       Executed DbCommand (2ms) [Parameters=[], CommandType='Text', CommandTimeout='30']
2026-08-07T23:36:02.9413177Z       SELECT 1
2026-08-07T23:36:02.9437883Z info: Microsoft.EntityFrameworkCore.Database.Command[20101]
2026-08-07T23:36:02.9438375Z       Executed DbCommand (2ms) [Parameters=[], CommandType='Text', CommandTimeout='30']
2026-08-07T23:36:02.9438464Z       SELECT OBJECT_ID(N'[__EFMigrationsHistory]');
2026-08-07T23:36:02.9454499Z info: Microsoft.EntityFrameworkCore.Database.Command[20101]
2026-08-07T23:36:02.9454933Z       Executed DbCommand (1ms) [Parameters=[], CommandType='Text', CommandTimeout='30']
2026-08-07T23:36:02.9454992Z       SELECT [MigrationId], [ProductVersion]
2026-08-07T23:36:02.9455020Z       FROM [__EFMigrationsHistory]
2026-08-07T23:36:02.9455048Z       ORDER BY [MigrationId];
2026-08-07T23:36:02.9466836Z info: Microsoft.EntityFrameworkCore.Database.Command[20101]
2026-08-07T23:36:02.9467217Z       Executed DbCommand (1ms) [Parameters=[], CommandType='Text', CommandTimeout='30']
2026-08-07T23:36:02.9467293Z       SELECT TOP(1) [b].[BankAccountNumber]
2026-08-07T23:36:02.9467427Z       FROM [Beneficiaries] AS [b]
2026-08-07T23:36:02.9467476Z       ORDER BY [b].[Id]
2026-08-07T23:36:03.4050624Z info: Microsoft.EntityFrameworkCore.Database.Command[20101]
2026-08-07T23:36:03.4051407Z       Executed DbCommand (2ms) [Parameters=[], CommandType='Text', CommandTimeout='30']
2026-08-07T23:36:03.4051509Z       SELECT 1
2026-08-07T23:36:03.4066263Z info: Microsoft.EntityFrameworkCore.Database.Command[20101]
2026-08-07T23:36:03.4066774Z       Executed DbCommand (2ms) [Parameters=[], CommandType='Text', CommandTimeout='30']
2026-08-07T23:36:03.4066916Z       SELECT OBJECT_ID(N'[__EFMigrationsHistory]');
2026-08-07T23:36:03.4094763Z info: Microsoft.EntityFrameworkCore.Database.Command[20101]
2026-08-07T23:36:03.4095144Z       Executed DbCommand (1ms) [Parameters=[], CommandType='Text', CommandTimeout='30']
2026-08-07T23:36:03.4095224Z       SELECT [MigrationId], [ProductVersion]
2026-08-07T23:36:03.4095309Z       FROM [__EFMigrationsHistory]
2026-08-07T23:36:03.4095341Z       ORDER BY [MigrationId];
2026-08-07T23:36:03.4109823Z info: Microsoft.EntityFrameworkCore.Database.Command[20101]
2026-08-07T23:36:03.4110143Z       Executed DbCommand (1ms) [Parameters=[], CommandType='Text', CommandTimeout='30']
2026-08-07T23:36:03.4110215Z       SELECT TOP(1) [b].[BankAccountNumber]
2026-08-07T23:36:03.4110295Z       FROM [Beneficiaries] AS [b]
2026-08-07T23:36:03.4110334Z       ORDER BY [b].[Id]
2026-08-07T23:36:03.8438165Z info: Microsoft.EntityFrameworkCore.Database.Command[20101]
2026-08-07T23:36:03.8438974Z       Executed DbCommand (2ms) [Parameters=[], CommandType='Text', CommandTimeout='30']
2026-08-07T23:36:03.8439170Z       SELECT 1
2026-08-07T23:36:03.8471043Z info: Microsoft.EntityFrameworkCore.Database.Command[20101]
2026-08-07T23:36:03.8471567Z       Executed DbCommand (2ms) [Parameters=[], CommandType='Text', CommandTimeout='30']
2026-08-07T23:36:03.8471675Z       SELECT OBJECT_ID(N'[__EFMigrationsHistory]');
2026-08-07T23:36:03.8484620Z info: Microsoft.EntityFrameworkCore.Database.Command[20101]
2026-08-07T23:36:03.8484947Z       Executed DbCommand (1ms) [Parameters=[], CommandType='Text', CommandTimeout='30']
2026-08-07T23:36:03.8485017Z       SELECT [MigrationId], [ProductVersion]
2026-08-07T23:36:03.8485054Z       FROM [__EFMigrationsHistory]
2026-08-07T23:36:03.8485092Z       ORDER BY [MigrationId];
2026-08-07T23:36:03.8502662Z info: Microsoft.EntityFrameworkCore.Database.Command[20101]
2026-08-07T23:36:03.8502953Z       Executed DbCommand (1ms) [Parameters=[], CommandType='Text', CommandTimeout='30']
2026-08-07T23:36:03.8503017Z       SELECT TOP(1) [b].[BankAccountNumber]
2026-08-07T23:36:03.8503055Z       FROM [Beneficiaries] AS [b]
2026-08-07T23:36:03.8503093Z       ORDER BY [b].[Id]
2026-08-07T23:36:07.3507658Z info: Microsoft.EntityFrameworkCore.Database.Command[20101]
2026-08-07T23:36:07.3508607Z       Executed DbCommand (2ms) [Parameters=[], CommandType='Text', CommandTimeout='30']
2026-08-07T23:36:07.3508741Z       SELECT 1
2026-08-07T23:36:07.3530737Z info: Microsoft.EntityFrameworkCore.Database.Command[20101]
2026-08-07T23:36:07.3531376Z       Executed DbCommand (2ms) [Parameters=[], CommandType='Text', CommandTimeout='30']
2026-08-07T23:36:07.3531477Z       SELECT OBJECT_ID(N'[__EFMigrationsHistory]');
2026-08-07T23:36:07.3564507Z info: Microsoft.EntityFrameworkCore.Database.Command[20101]
2026-08-07T23:36:07.3564942Z       Executed DbCommand (1ms) [Parameters=[], CommandType='Text', CommandTimeout='30']
2026-08-07T23:36:07.3565104Z       SELECT [MigrationId], [ProductVersion]
2026-08-07T23:36:07.3565171Z       FROM [__EFMigrationsHistory]
2026-08-07T23:36:07.3565232Z       ORDER BY [MigrationId];
2026-08-07T23:36:07.3578097Z info: Microsoft.EntityFrameworkCore.Database.Command[20101]
2026-08-07T23:36:07.3578531Z       Executed DbCommand (1ms) [Parameters=[], CommandType='Text', CommandTimeout='30']
2026-08-07T23:36:07.3578670Z       SELECT TOP(1) [b].[BankAccountNumber]
2026-08-07T23:36:07.3578723Z       FROM [Beneficiaries] AS [b]
2026-08-07T23:36:07.3578773Z       ORDER BY [b].[Id]
2026-08-07T23:36:09.4469405Z info: Microsoft.EntityFrameworkCore.Database.Command[20101]
2026-08-07T23:36:09.4470256Z       Executed DbCommand (2ms) [Parameters=[], CommandType='Text', CommandTimeout='30']
2026-08-07T23:36:09.4470371Z       SELECT 1
2026-08-07T23:36:09.4494413Z info: Microsoft.EntityFrameworkCore.Database.Command[20101]
2026-08-07T23:36:09.4495044Z       Executed DbCommand (1ms) [Parameters=[], CommandType='Text', CommandTimeout='30']
2026-08-07T23:36:09.4495126Z       SELECT OBJECT_ID(N'[__EFMigrationsHistory]');
2026-08-07T23:36:09.4514350Z info: Microsoft.EntityFrameworkCore.Database.Command[20101]
2026-08-07T23:36:09.4515015Z       Executed DbCommand (1ms) [Parameters=[], CommandType='Text', CommandTimeout='30']
2026-08-07T23:36:09.4515094Z       SELECT [MigrationId], [ProductVersion]
2026-08-07T23:36:09.4515137Z       FROM [__EFMigrationsHistory]
2026-08-07T23:36:09.4515217Z       ORDER BY [MigrationId];
2026-08-07T23:36:09.4526601Z info: Microsoft.EntityFrameworkCore.Database.Command[20101]
2026-08-07T23:36:09.4527153Z       Executed DbCommand (1ms) [Parameters=[], CommandType='Text', CommandTimeout='30']
2026-08-07T23:36:09.4527237Z       SELECT TOP(1) [b].[BankAccountNumber]
2026-08-07T23:36:09.4527276Z       FROM [Beneficiaries] AS [b]
2026-08-07T23:36:09.4527356Z       ORDER BY [b].[Id]
2026-08-07T23:36:11.1093236Z info: Microsoft.EntityFrameworkCore.Database.Command[20101]
2026-08-07T23:36:11.1093969Z       Executed DbCommand (2ms) [Parameters=[], CommandType='Text', CommandTimeout='30']
2026-08-07T23:36:11.1094094Z       SELECT 1
2026-08-07T23:36:11.1121722Z info: Microsoft.EntityFrameworkCore.Database.Command[20101]
2026-08-07T23:36:11.1122231Z       Executed DbCommand (2ms) [Parameters=[], CommandType='Text', CommandTimeout='30']
2026-08-07T23:36:11.1122310Z       SELECT OBJECT_ID(N'[__EFMigrationsHistory]');
2026-08-07T23:36:11.1150340Z info: Microsoft.EntityFrameworkCore.Database.Command[20101]
2026-08-07T23:36:11.1150768Z       Executed DbCommand (2ms) [Parameters=[], CommandType='Text', CommandTimeout='30']
2026-08-07T23:36:11.1150893Z       SELECT [MigrationId], [ProductVersion]
2026-08-07T23:36:11.1150939Z       FROM [__EFMigrationsHistory]
2026-08-07T23:36:11.1150981Z       ORDER BY [MigrationId];
2026-08-07T23:36:11.1176055Z info: Microsoft.EntityFrameworkCore.Database.Command[20101]
2026-08-07T23:36:11.1176278Z       Executed DbCommand (1ms) [Parameters=[], CommandType='Text', CommandTimeout='30']
2026-08-07T23:36:11.1176371Z       SELECT TOP(1) [b].[BankAccountNumber]
2026-08-07T23:36:11.1176401Z       FROM [Beneficiaries] AS [b]
2026-08-07T23:36:11.1176429Z       ORDER BY [b].[Id]
2026-08-07T23:36:17.2170291Z info: Microsoft.EntityFrameworkCore.Database.Command[20101]
2026-08-07T23:36:17.2171427Z       Executed DbCommand (2ms) [Parameters=[], CommandType='Text', CommandTimeout='30']
2026-08-07T23:36:17.2171527Z       SELECT 1
2026-08-07T23:36:17.2196984Z info: Microsoft.EntityFrameworkCore.Database.Command[20101]
2026-08-07T23:36:17.2197525Z       Executed DbCommand (1ms) [Parameters=[], CommandType='Text', CommandTimeout='30']
2026-08-07T23:36:17.2197621Z       SELECT OBJECT_ID(N'[__EFMigrationsHistory]');
2026-08-07T23:36:17.2215457Z info: Microsoft.EntityFrameworkCore.Database.Command[20101]
2026-08-07T23:36:17.2215952Z       Executed DbCommand (1ms) [Parameters=[], CommandType='Text', CommandTimeout='30']
2026-08-07T23:36:17.2216041Z       SELECT [MigrationId], [ProductVersion]
2026-08-07T23:36:17.2216083Z       FROM [__EFMigrationsHistory]
2026-08-07T23:36:17.2216187Z       ORDER BY [MigrationId];
2026-08-07T23:36:17.2227471Z info: Microsoft.EntityFrameworkCore.Database.Command[20101]
2026-08-07T23:36:17.2227872Z       Executed DbCommand (1ms) [Parameters=[], CommandType='Text', CommandTimeout='30']
2026-08-07T23:36:17.2227948Z       SELECT TOP(1) [b].[BankAccountNumber]
2026-08-07T23:36:17.2227993Z       FROM [Beneficiaries] AS [b]
2026-08-07T23:36:17.2228081Z       ORDER BY [b].[Id]
2026-08-07T23:36:25.3312173Z info: Microsoft.EntityFrameworkCore.Database.Command[20101]
2026-08-07T23:36:25.3313033Z       Executed DbCommand (7ms) [Parameters=[], CommandType='Text', CommandTimeout='30']
2026-08-07T23:36:25.3313156Z       SELECT 1
2026-08-07T23:36:25.3328099Z info: Microsoft.EntityFrameworkCore.Database.Command[20101]
2026-08-07T23:36:25.3328616Z       Executed DbCommand (2ms) [Parameters=[], CommandType='Text', CommandTimeout='30']
2026-08-07T23:36:25.3328698Z       SELECT OBJECT_ID(N'[__EFMigrationsHistory]');
2026-08-07T23:36:25.3352382Z info: Microsoft.EntityFrameworkCore.Database.Command[20101]
2026-08-07T23:36:25.3352759Z       Executed DbCommand (1ms) [Parameters=[], CommandType='Text', CommandTimeout='30']
2026-08-07T23:36:25.3352874Z       SELECT [MigrationId], [ProductVersion]
2026-08-07T23:36:25.3352919Z       FROM [__EFMigrationsHistory]
2026-08-07T23:36:25.3357924Z       ORDER BY [MigrationId];
2026-08-07T23:36:25.3371937Z info: Microsoft.EntityFrameworkCore.Database.Command[20101]
2026-08-07T23:36:25.3372329Z       Executed DbCommand (1ms) [Parameters=[], CommandType='Text', CommandTimeout='30']
2026-08-07T23:36:25.3372407Z       SELECT TOP(1) [b].[BankAccountNumber]
2026-08-07T23:36:25.3372449Z       FROM [Beneficiaries] AS [b]
2026-08-07T23:36:25.3372490Z       ORDER BY [b].[Id]
2026-08-07T23:36:30.0946867Z info: Microsoft.EntityFrameworkCore.Database.Command[20101]
2026-08-07T23:36:30.0947748Z       Executed DbCommand (2ms) [Parameters=[], CommandType='Text', CommandTimeout='30']
2026-08-07T23:36:30.0947865Z       SELECT 1
2026-08-07T23:36:30.0967767Z info: Microsoft.EntityFrameworkCore.Database.Command[20101]
2026-08-07T23:36:30.0968282Z       Executed DbCommand (2ms) [Parameters=[], CommandType='Text', CommandTimeout='30']
2026-08-07T23:36:30.0968429Z       SELECT OBJECT_ID(N'[__EFMigrationsHistory]');
2026-08-07T23:36:30.0991238Z info: Microsoft.EntityFrameworkCore.Database.Command[20101]
2026-08-07T23:36:30.0991653Z       Executed DbCommand (2ms) [Parameters=[], CommandType='Text', CommandTimeout='30']
2026-08-07T23:36:30.0991832Z       SELECT [MigrationId], [ProductVersion]
2026-08-07T23:36:30.0991878Z       FROM [__EFMigrationsHistory]
2026-08-07T23:36:30.0996674Z       ORDER BY [MigrationId];
2026-08-07T23:36:30.1009554Z info: Microsoft.EntityFrameworkCore.Database.Command[20101]
2026-08-07T23:36:30.1009757Z       Executed DbCommand (1ms) [Parameters=[], CommandType='Text', CommandTimeout='30']
2026-08-07T23:36:30.1009825Z       SELECT TOP(1) [b].[BankAccountNumber]
2026-08-07T23:36:30.1009910Z       FROM [Beneficiaries] AS [b]
2026-08-07T23:36:30.1009955Z       ORDER BY [b].[Id]
2026-08-07T23:36:37.7211951Z info: Microsoft.EntityFrameworkCore.Database.Command[20101]
2026-08-07T23:36:37.7212755Z       Executed DbCommand (2ms) [Parameters=[], CommandType='Text', CommandTimeout='30']
2026-08-07T23:36:37.7212872Z       SELECT 1
2026-08-07T23:36:37.7229872Z info: Microsoft.EntityFrameworkCore.Database.Command[20101]
2026-08-07T23:36:37.7230581Z       Executed DbCommand (2ms) [Parameters=[], CommandType='Text', CommandTimeout='30']
2026-08-07T23:36:37.7230685Z       SELECT OBJECT_ID(N'[__EFMigrationsHistory]');
2026-08-07T23:36:37.7262131Z info: Microsoft.EntityFrameworkCore.Database.Command[20101]
2026-08-07T23:36:37.7262530Z       Executed DbCommand (2ms) [Parameters=[], CommandType='Text', CommandTimeout='30']
2026-08-07T23:36:37.7262608Z       SELECT [MigrationId], [ProductVersion]
2026-08-07T23:36:37.7262656Z       FROM [__EFMigrationsHistory]
2026-08-07T23:36:37.7262701Z       ORDER BY [MigrationId];
2026-08-07T23:36:37.7278032Z info: Microsoft.EntityFrameworkCore.Database.Command[20101]
2026-08-07T23:36:37.7278428Z       Executed DbCommand (1ms) [Parameters=[], CommandType='Text', CommandTimeout='30']
2026-08-07T23:36:37.7278496Z       SELECT TOP(1) [b].[BankAccountNumber]
2026-08-07T23:36:37.7278536Z       FROM [Beneficiaries] AS [b]
2026-08-07T23:36:37.7278574Z       ORDER BY [b].[Id]
2026-08-07T23:36:38.3298057Z info: Microsoft.EntityFrameworkCore.Database.Command[20101]
2026-08-07T23:36:38.3298848Z       Executed DbCommand (2ms) [Parameters=[], CommandType='Text', CommandTimeout='30']
2026-08-07T23:36:38.3298981Z       SELECT 1
2026-08-07T23:36:38.3314878Z info: Microsoft.EntityFrameworkCore.Database.Command[20101]
2026-08-07T23:36:38.3315520Z       Executed DbCommand (2ms) [Parameters=[], CommandType='Text', CommandTimeout='30']
2026-08-07T23:36:38.3315683Z       SELECT OBJECT_ID(N'[__EFMigrationsHistory]');
2026-08-07T23:36:38.3348974Z info: Microsoft.EntityFrameworkCore.Database.Command[20101]
2026-08-07T23:36:38.3349360Z       Executed DbCommand (2ms) [Parameters=[], CommandType='Text', CommandTimeout='30']
2026-08-07T23:36:38.3349437Z       SELECT [MigrationId], [ProductVersion]
2026-08-07T23:36:38.3349524Z       FROM [__EFMigrationsHistory]
2026-08-07T23:36:38.3349566Z       ORDER BY [MigrationId];
2026-08-07T23:36:38.3361327Z info: Microsoft.EntityFrameworkCore.Database.Command[20101]
2026-08-07T23:36:38.3361669Z       Executed DbCommand (1ms) [Parameters=[], CommandType='Text', CommandTimeout='30']
2026-08-07T23:36:38.3361742Z       SELECT TOP(1) [b].[BankAccountNumber]
2026-08-07T23:36:38.3361858Z       FROM [Beneficiaries] AS [b]
2026-08-07T23:36:38.3361902Z       ORDER BY [b].[Id]
2026-08-07T23:36:41.4759752Z info: Microsoft.EntityFrameworkCore.Database.Command[20101]
2026-08-07T23:36:41.4760586Z       Executed DbCommand (2ms) [Parameters=[], CommandType='Text', CommandTimeout='30']
2026-08-07T23:36:41.4760783Z       SELECT 1
2026-08-07T23:36:41.4776578Z info: Microsoft.EntityFrameworkCore.Database.Command[20101]
2026-08-07T23:36:41.4777187Z       Executed DbCommand (2ms) [Parameters=[], CommandType='Text', CommandTimeout='30']
2026-08-07T23:36:41.4777262Z       SELECT OBJECT_ID(N'[__EFMigrationsHistory]');
2026-08-07T23:36:41.4802785Z info: Microsoft.EntityFrameworkCore.Database.Command[20101]
2026-08-07T23:36:41.4803176Z       Executed DbCommand (1ms) [Parameters=[], CommandType='Text', CommandTimeout='30']
2026-08-07T23:36:41.4803248Z       SELECT [MigrationId], [ProductVersion]
2026-08-07T23:36:41.4803292Z       FROM [__EFMigrationsHistory]
2026-08-07T23:36:41.4803329Z       ORDER BY [MigrationId];
2026-08-07T23:36:41.4824755Z info: Microsoft.EntityFrameworkCore.Database.Command[20101]
2026-08-07T23:36:41.4825160Z       Executed DbCommand (1ms) [Parameters=[], CommandType='Text', CommandTimeout='30']
2026-08-07T23:36:41.4825238Z       SELECT TOP(1) [b].[BankAccountNumber]
2026-08-07T23:36:41.4825381Z       FROM [Beneficiaries] AS [b]
2026-08-07T23:36:41.4825425Z       ORDER BY [b].[Id]
2026-08-07T23:36:42.8739810Z info: Microsoft.EntityFrameworkCore.Database.Command[20101]
2026-08-07T23:36:42.8740777Z       Executed DbCommand (2ms) [Parameters=[], CommandType='Text', CommandTimeout='30']
2026-08-07T23:36:42.8740901Z       SELECT 1
2026-08-07T23:36:42.8769592Z info: Microsoft.EntityFrameworkCore.Database.Command[20101]
2026-08-07T23:36:42.8770344Z       Executed DbCommand (2ms) [Parameters=[], CommandType='Text', CommandTimeout='30']
2026-08-07T23:36:42.8770453Z       SELECT OBJECT_ID(N'[__EFMigrationsHistory]');
2026-08-07T23:36:42.8783995Z info: Microsoft.EntityFrameworkCore.Database.Command[20101]
2026-08-07T23:36:42.8784444Z       Executed DbCommand (1ms) [Parameters=[], CommandType='Text', CommandTimeout='30']
2026-08-07T23:36:42.8784602Z       SELECT [MigrationId], [ProductVersion]
2026-08-07T23:36:42.8784658Z       FROM [__EFMigrationsHistory]
2026-08-07T23:36:42.8784710Z       ORDER BY [MigrationId];
2026-08-07T23:36:42.8802432Z info: Microsoft.EntityFrameworkCore.Database.Command[20101]
2026-08-07T23:36:42.8802736Z       Executed DbCommand (2ms) [Parameters=[], CommandType='Text', CommandTimeout='30']
2026-08-07T23:36:42.8802853Z       SELECT TOP(1) [b].[BankAccountNumber]
2026-08-07T23:36:42.8802892Z       FROM [Beneficiaries] AS [b]
2026-08-07T23:36:42.8802930Z       ORDER BY [b].[Id]
2026-08-07T23:36:43.1462310Z info: Microsoft.EntityFrameworkCore.Database.Command[20101]
2026-08-07T23:36:43.1463384Z       Executed DbCommand (5ms) [Parameters=[], CommandType='Text', CommandTimeout='30']
2026-08-07T23:36:43.1463516Z       SELECT 1
2026-08-07T23:36:43.1482972Z info: Microsoft.EntityFrameworkCore.Database.Command[20101]
2026-08-07T23:36:43.1483856Z       Executed DbCommand (2ms) [Parameters=[], CommandType='Text', CommandTimeout='30']
2026-08-07T23:36:43.1483961Z       SELECT OBJECT_ID(N'[__EFMigrationsHistory]');
2026-08-07T23:36:43.1513457Z info: Microsoft.EntityFrameworkCore.Database.Command[20101]
2026-08-07T23:36:43.1513792Z       Executed DbCommand (2ms) [Parameters=[], CommandType='Text', CommandTimeout='30']
2026-08-07T23:36:43.1513863Z       SELECT [MigrationId], [ProductVersion]
2026-08-07T23:36:43.1513907Z       FROM [__EFMigrationsHistory]
2026-08-07T23:36:43.1516688Z       ORDER BY [MigrationId];
2026-08-07T23:36:43.1541307Z info: Microsoft.EntityFrameworkCore.Database.Command[20101]
2026-08-07T23:36:43.1541625Z       Executed DbCommand (1ms) [Parameters=[], CommandType='Text', CommandTimeout='30']
2026-08-07T23:36:43.1541699Z       SELECT TOP(1) [b].[BankAccountNumber]
2026-08-07T23:36:43.1541743Z       FROM [Beneficiaries] AS [b]
2026-08-07T23:36:43.1541839Z       ORDER BY [b].[Id]
2026-08-07T23:36:44.1242520Z info: Microsoft.EntityFrameworkCore.Database.Command[20101]
2026-08-07T23:36:44.1243506Z       Executed DbCommand (2ms) [Parameters=[], CommandType='Text', CommandTimeout='30']
2026-08-07T23:36:44.1243666Z       SELECT 1
2026-08-07T23:36:44.1273041Z info: Microsoft.EntityFrameworkCore.Database.Command[20101]
2026-08-07T23:36:44.1274053Z       Executed DbCommand (2ms) [Parameters=[], CommandType='Text', CommandTimeout='30']
2026-08-07T23:36:44.1274136Z       SELECT OBJECT_ID(N'[__EFMigrationsHistory]');
2026-08-07T23:36:44.1285431Z info: Microsoft.EntityFrameworkCore.Database.Command[20101]
2026-08-07T23:36:44.1285823Z       Executed DbCommand (1ms) [Parameters=[], CommandType='Text', CommandTimeout='30']
2026-08-07T23:36:44.1286049Z       SELECT [MigrationId], [ProductVersion]
2026-08-07T23:36:44.1286092Z       FROM [__EFMigrationsHistory]
2026-08-07T23:36:44.1293187Z       ORDER BY [MigrationId];
2026-08-07T23:36:44.1304496Z info: Microsoft.EntityFrameworkCore.Database.Command[20101]
2026-08-07T23:36:44.1304872Z       Executed DbCommand (1ms) [Parameters=[], CommandType='Text', CommandTimeout='30']
2026-08-07T23:36:44.1304945Z       SELECT TOP(1) [b].[BankAccountNumber]
2026-08-07T23:36:44.1306535Z       FROM [Beneficiaries] AS [b]
2026-08-07T23:36:44.1306667Z       ORDER BY [b].[Id]
2026-08-07T23:36:46.3916287Z info: Microsoft.EntityFrameworkCore.Database.Command[20101]
2026-08-07T23:36:46.3917225Z       Executed DbCommand (2ms) [Parameters=[], CommandType='Text', CommandTimeout='30']
2026-08-07T23:36:46.3917341Z       SELECT 1
2026-08-07T23:36:46.3933142Z info: Microsoft.EntityFrameworkCore.Database.Command[20101]
2026-08-07T23:36:46.3933698Z       Executed DbCommand (2ms) [Parameters=[], CommandType='Text', CommandTimeout='30']
2026-08-07T23:36:46.3933860Z       SELECT OBJECT_ID(N'[__EFMigrationsHistory]');
2026-08-07T23:36:46.3972117Z info: Microsoft.EntityFrameworkCore.Database.Command[20101]
2026-08-07T23:36:46.3972532Z       Executed DbCommand (2ms) [Parameters=[], CommandType='Text', CommandTimeout='30']
2026-08-07T23:36:46.3972612Z       SELECT [MigrationId], [ProductVersion]
2026-08-07T23:36:46.3972695Z       FROM [__EFMigrationsHistory]
2026-08-07T23:36:46.3972749Z       ORDER BY [MigrationId];
2026-08-07T23:36:46.3988426Z info: Microsoft.EntityFrameworkCore.Database.Command[20101]
2026-08-07T23:36:46.3988779Z       Executed DbCommand (1ms) [Parameters=[], CommandType='Text', CommandTimeout='30']
2026-08-07T23:36:46.3988846Z       SELECT TOP(1) [b].[BankAccountNumber]
2026-08-07T23:36:46.3988928Z       FROM [Beneficiaries] AS [b]
2026-08-07T23:36:46.3988972Z       ORDER BY [b].[Id]
2026-08-07T23:36:52.1709334Z info: Microsoft.EntityFrameworkCore.Database.Command[20101]
2026-08-07T23:36:52.1710108Z       Executed DbCommand (2ms) [Parameters=[], CommandType='Text', CommandTimeout='30']
2026-08-07T23:36:52.1710222Z       SELECT 1
2026-08-07T23:36:52.1738546Z info: Microsoft.EntityFrameworkCore.Database.Command[20101]
2026-08-07T23:36:52.1739183Z       Executed DbCommand (2ms) [Parameters=[], CommandType='Text', CommandTimeout='30']
2026-08-07T23:36:52.1739295Z       SELECT OBJECT_ID(N'[__EFMigrationsHistory]');
2026-08-07T23:36:52.1755706Z info: Microsoft.EntityFrameworkCore.Database.Command[20101]
2026-08-07T23:36:52.1756252Z       Executed DbCommand (1ms) [Parameters=[], CommandType='Text', CommandTimeout='30']
2026-08-07T23:36:52.1756330Z       SELECT [MigrationId], [ProductVersion]
2026-08-07T23:36:52.1756379Z       FROM [__EFMigrationsHistory]
2026-08-07T23:36:52.1756427Z       ORDER BY [MigrationId];
2026-08-07T23:36:52.1773988Z info: Microsoft.EntityFrameworkCore.Database.Command[20101]
2026-08-07T23:36:52.1774481Z       Executed DbCommand (2ms) [Parameters=[], CommandType='Text', CommandTimeout='30']
2026-08-07T23:36:52.1774549Z       SELECT TOP(1) [b].[BankAccountNumber]
2026-08-07T23:36:52.1774586Z       FROM [Beneficiaries] AS [b]
2026-08-07T23:36:52.1774622Z       ORDER BY [b].[Id]
2026-08-07T23:36:55.0393887Z info: Microsoft.EntityFrameworkCore.Database.Command[20101]
2026-08-07T23:36:55.0394726Z       Executed DbCommand (2ms) [Parameters=[], CommandType='Text', CommandTimeout='30']
2026-08-07T23:36:55.0394845Z       SELECT 1
2026-08-07T23:36:55.0411591Z info: Microsoft.EntityFrameworkCore.Database.Command[20101]
2026-08-07T23:36:55.0412251Z       Executed DbCommand (2ms) [Parameters=[], CommandType='Text', CommandTimeout='30']
2026-08-07T23:36:55.0412381Z       SELECT OBJECT_ID(N'[__EFMigrationsHistory]');
2026-08-07T23:36:55.0436937Z info: Microsoft.EntityFrameworkCore.Database.Command[20101]
2026-08-07T23:36:55.0437257Z       Executed DbCommand (1ms) [Parameters=[], CommandType='Text', CommandTimeout='30']
2026-08-07T23:36:55.0437322Z       SELECT [MigrationId], [ProductVersion]
2026-08-07T23:36:55.0437401Z       FROM [__EFMigrationsHistory]
2026-08-07T23:36:55.0437968Z       ORDER BY [MigrationId];
2026-08-07T23:36:55.0454147Z info: Microsoft.EntityFrameworkCore.Database.Command[20101]
2026-08-07T23:36:55.0454461Z       Executed DbCommand (1ms) [Parameters=[], CommandType='Text', CommandTimeout='30']
2026-08-07T23:36:55.0454573Z       SELECT TOP(1) [b].[BankAccountNumber]
2026-08-07T23:36:55.0454616Z       FROM [Beneficiaries] AS [b]
2026-08-07T23:36:55.0454653Z       ORDER BY [b].[Id]
2026-08-07T23:36:55.5303678Z info: Microsoft.EntityFrameworkCore.Database.Command[20101]
2026-08-07T23:36:55.5304490Z       Executed DbCommand (2ms) [Parameters=[], CommandType='Text', CommandTimeout='30']
2026-08-07T23:36:55.5304683Z       SELECT 1
2026-08-07T23:36:55.5327422Z info: Microsoft.EntityFrameworkCore.Database.Command[20101]
2026-08-07T23:36:55.5327935Z       Executed DbCommand (2ms) [Parameters=[], CommandType='Text', CommandTimeout='30']
2026-08-07T23:36:55.5328020Z       SELECT OBJECT_ID(N'[__EFMigrationsHistory]');
2026-08-07T23:36:55.5350826Z info: Microsoft.EntityFrameworkCore.Database.Command[20101]
2026-08-07T23:36:55.5351145Z       Executed DbCommand (2ms) [Parameters=[], CommandType='Text', CommandTimeout='30']
2026-08-07T23:36:55.5351211Z       SELECT [MigrationId], [ProductVersion]
2026-08-07T23:36:55.5351254Z       FROM [__EFMigrationsHistory]
2026-08-07T23:36:55.5351295Z       ORDER BY [MigrationId];
2026-08-07T23:36:55.5368218Z info: Microsoft.EntityFrameworkCore.Database.Command[20101]
2026-08-07T23:36:55.5368527Z       Executed DbCommand (1ms) [Parameters=[], CommandType='Text', CommandTimeout='30']
2026-08-07T23:36:55.5368592Z       SELECT TOP(1) [b].[BankAccountNumber]
2026-08-07T23:36:55.5368630Z       FROM [Beneficiaries] AS [b]
2026-08-07T23:36:55.5368669Z       ORDER BY [b].[Id]
2026-08-07T23:37:00.9381403Z info: Microsoft.EntityFrameworkCore.Database.Command[20101]
2026-08-07T23:37:00.9382179Z       Executed DbCommand (3ms) [Parameters=[], CommandType='Text', CommandTimeout='30']
2026-08-07T23:37:00.9382312Z       SELECT 1
2026-08-07T23:37:00.9401765Z info: Microsoft.EntityFrameworkCore.Database.Command[20101]
2026-08-07T23:37:00.9402133Z       Executed DbCommand (2ms) [Parameters=[], CommandType='Text', CommandTimeout='30']
2026-08-07T23:37:00.9402209Z       SELECT OBJECT_ID(N'[__EFMigrationsHistory]');
2026-08-07T23:37:00.9435571Z info: Microsoft.EntityFrameworkCore.Database.Command[20101]
2026-08-07T23:37:00.9435946Z       Executed DbCommand (2ms) [Parameters=[], CommandType='Text', CommandTimeout='30']
2026-08-07T23:37:00.9436061Z       SELECT [MigrationId], [ProductVersion]
2026-08-07T23:37:00.9436122Z       FROM [__EFMigrationsHistory]
2026-08-07T23:37:00.9444463Z       ORDER BY [MigrationId];
2026-08-07T23:37:00.9456436Z info: Microsoft.EntityFrameworkCore.Database.Command[20101]
2026-08-07T23:37:00.9456700Z       Executed DbCommand (1ms) [Parameters=[], CommandType='Text', CommandTimeout='30']
2026-08-07T23:37:00.9456772Z       SELECT TOP(1) [b].[BankAccountNumber]
2026-08-07T23:37:00.9456816Z       FROM [Beneficiaries] AS [b]
2026-08-07T23:37:00.9456863Z       ORDER BY [b].[Id]
2026-08-07T23:37:05.7099797Z info: Microsoft.EntityFrameworkCore.Database.Command[20101]
2026-08-07T23:37:05.7100904Z       Executed DbCommand (2ms) [Parameters=[], CommandType='Text', CommandTimeout='30']
2026-08-07T23:37:05.7101020Z       SELECT 1
2026-08-07T23:37:05.7117962Z info: Microsoft.EntityFrameworkCore.Database.Command[20101]
2026-08-07T23:37:05.7118530Z       Executed DbCommand (2ms) [Parameters=[], CommandType='Text', CommandTimeout='30']
2026-08-07T23:37:05.7118682Z       SELECT OBJECT_ID(N'[__EFMigrationsHistory]');
2026-08-07T23:37:05.7149923Z info: Microsoft.EntityFrameworkCore.Database.Command[20101]
2026-08-07T23:37:05.7150298Z       Executed DbCommand (1ms) [Parameters=[], CommandType='Text', CommandTimeout='30']
2026-08-07T23:37:05.7150379Z       SELECT [MigrationId], [ProductVersion]
2026-08-07T23:37:05.7150467Z       FROM [__EFMigrationsHistory]
2026-08-07T23:37:05.7150514Z       ORDER BY [MigrationId];
2026-08-07T23:37:05.7163204Z info: Microsoft.EntityFrameworkCore.Database.Command[20101]
2026-08-07T23:37:05.7163556Z       Executed DbCommand (1ms) [Parameters=[], CommandType='Text', CommandTimeout='30']
2026-08-07T23:37:05.7163633Z       SELECT TOP(1) [b].[BankAccountNumber]
2026-08-07T23:37:05.7163818Z       FROM [Beneficiaries] AS [b]
2026-08-07T23:37:05.7163859Z       ORDER BY [b].[Id]
2026-08-07T23:37:07.9198200Z info: Microsoft.EntityFrameworkCore.Database.Command[20101]
2026-08-07T23:37:07.9199027Z       Executed DbCommand (2ms) [Parameters=[], CommandType='Text', CommandTimeout='30']
2026-08-07T23:37:07.9199224Z       SELECT 1
2026-08-07T23:37:07.9229250Z info: Microsoft.EntityFrameworkCore.Database.Command[20101]
2026-08-07T23:37:07.9229893Z       Executed DbCommand (2ms) [Parameters=[], CommandType='Text', CommandTimeout='30']
2026-08-07T23:37:07.9229992Z       SELECT OBJECT_ID(N'[__EFMigrationsHistory]');
2026-08-07T23:37:07.9243133Z info: Microsoft.EntityFrameworkCore.Database.Command[20101]
2026-08-07T23:37:07.9243511Z       Executed DbCommand (1ms) [Parameters=[], CommandType='Text', CommandTimeout='30']
2026-08-07T23:37:07.9243596Z       SELECT [MigrationId], [ProductVersion]
2026-08-07T23:37:07.9251612Z       FROM [__EFMigrationsHistory]
2026-08-07T23:37:07.9252033Z       ORDER BY [MigrationId];
2026-08-07T23:37:07.9263879Z info: Microsoft.EntityFrameworkCore.Database.Command[20101]
2026-08-07T23:37:07.9264176Z       Executed DbCommand (1ms) [Parameters=[], CommandType='Text', CommandTimeout='30']
2026-08-07T23:37:07.9264256Z       SELECT TOP(1) [b].[BankAccountNumber]
2026-08-07T23:37:07.9264301Z       FROM [Beneficiaries] AS [b]
2026-08-07T23:37:07.9264346Z       ORDER BY [b].[Id]
2026-08-07T23:37:11.8845990Z info: Microsoft.EntityFrameworkCore.Database.Command[20101]
2026-08-07T23:37:11.8847398Z       Executed DbCommand (2ms) [Parameters=[], CommandType='Text', CommandTimeout='30']
2026-08-07T23:37:11.8847525Z       SELECT 1
2026-08-07T23:37:11.8870366Z info: Microsoft.EntityFrameworkCore.Database.Command[20101]
2026-08-07T23:37:11.8870945Z       Executed DbCommand (3ms) [Parameters=[], CommandType='Text', CommandTimeout='30']
2026-08-07T23:37:11.8871023Z       SELECT OBJECT_ID(N'[__EFMigrationsHistory]');
2026-08-07T23:37:11.8898587Z info: Microsoft.EntityFrameworkCore.Database.Command[20101]
2026-08-07T23:37:11.8899012Z       Executed DbCommand (1ms) [Parameters=[], CommandType='Text', CommandTimeout='30']
2026-08-07T23:37:11.8899143Z       SELECT [MigrationId], [ProductVersion]
2026-08-07T23:37:11.8899195Z       FROM [__EFMigrationsHistory]
2026-08-07T23:37:11.8899237Z       ORDER BY [MigrationId];
2026-08-07T23:37:11.8918226Z info: Microsoft.EntityFrameworkCore.Database.Command[20101]
2026-08-07T23:37:11.8918603Z       Executed DbCommand (1ms) [Parameters=[], CommandType='Text', CommandTimeout='30']
2026-08-07T23:37:11.8918680Z       SELECT TOP(1) [b].[BankAccountNumber]
2026-08-07T23:37:11.8918718Z       FROM [Beneficiaries] AS [b]
2026-08-07T23:37:11.8918757Z       ORDER BY [b].[Id]
2026-08-07T23:37:12.5382245Z info: Microsoft.EntityFrameworkCore.Database.Command[20101]
2026-08-07T23:37:12.5383158Z       Executed DbCommand (2ms) [Parameters=[], CommandType='Text', CommandTimeout='30']
2026-08-07T23:37:12.5383261Z       SELECT 1
2026-08-07T23:37:12.5397666Z info: Microsoft.EntityFrameworkCore.Database.Command[20101]
2026-08-07T23:37:12.5398267Z       Executed DbCommand (2ms) [Parameters=[], CommandType='Text', CommandTimeout='30']
2026-08-07T23:37:12.5398347Z       SELECT OBJECT_ID(N'[__EFMigrationsHistory]');
2026-08-07T23:37:12.5430524Z info: Microsoft.EntityFrameworkCore.Database.Command[20101]
2026-08-07T23:37:12.5430912Z       Executed DbCommand (2ms) [Parameters=[], CommandType='Text', CommandTimeout='30']
2026-08-07T23:37:12.5432178Z       SELECT [MigrationId], [ProductVersion]
2026-08-07T23:37:12.5432281Z       FROM [__EFMigrationsHistory]
2026-08-07T23:37:12.5432330Z       ORDER BY [MigrationId];
2026-08-07T23:37:12.5447117Z info: Microsoft.EntityFrameworkCore.Database.Command[20101]
2026-08-07T23:37:12.5447419Z       Executed DbCommand (2ms) [Parameters=[], CommandType='Text', CommandTimeout='30']
2026-08-07T23:37:12.5447537Z       SELECT TOP(1) [b].[BankAccountNumber]
2026-08-07T23:37:12.5447585Z       FROM [Beneficiaries] AS [b]
2026-08-07T23:37:12.5449736Z       ORDER BY [b].[Id]
2026-08-07T23:37:13.6357064Z info: Microsoft.EntityFrameworkCore.Database.Command[20101]
2026-08-07T23:37:13.6357998Z       Executed DbCommand (2ms) [Parameters=[], CommandType='Text', CommandTimeout='30']
2026-08-07T23:37:13.6358124Z       SELECT 1
2026-08-07T23:37:13.6374322Z info: Microsoft.EntityFrameworkCore.Database.Command[20101]
2026-08-07T23:37:13.6378340Z       Executed DbCommand (2ms) [Parameters=[], CommandType='Text', CommandTimeout='30']
2026-08-07T23:37:13.6378591Z       SELECT OBJECT_ID(N'[__EFMigrationsHistory]');
2026-08-07T23:37:13.6416248Z info: Microsoft.EntityFrameworkCore.Database.Command[20101]
2026-08-07T23:37:13.6416809Z       Executed DbCommand (3ms) [Parameters=[], CommandType='Text', CommandTimeout='30']
2026-08-07T23:37:13.6416912Z       SELECT [MigrationId], [ProductVersion]
2026-08-07T23:37:13.6416970Z       FROM [__EFMigrationsHistory]
2026-08-07T23:37:13.6421160Z       ORDER BY [MigrationId];
2026-08-07T23:37:13.6447398Z info: Microsoft.EntityFrameworkCore.Database.Command[20101]
2026-08-07T23:37:13.6447745Z       Executed DbCommand (2ms) [Parameters=[], CommandType='Text', CommandTimeout='30']
2026-08-07T23:37:13.6447898Z       SELECT TOP(1) [b].[BankAccountNumber]
2026-08-07T23:37:13.6447937Z       FROM [Beneficiaries] AS [b]
2026-08-07T23:37:13.6448022Z       ORDER BY [b].[Id]
2026-08-07T23:37:16.7752082Z info: Microsoft.EntityFrameworkCore.Database.Command[20101]
2026-08-07T23:37:16.7752971Z       Executed DbCommand (2ms) [Parameters=[], CommandType='Text', CommandTimeout='30']
2026-08-07T23:37:16.7753099Z       SELECT 1
2026-08-07T23:37:16.7801178Z info: Microsoft.EntityFrameworkCore.Database.Command[20101]
2026-08-07T23:37:16.7801742Z       Executed DbCommand (5ms) [Parameters=[], CommandType='Text', CommandTimeout='30']
2026-08-07T23:37:16.7801835Z       SELECT OBJECT_ID(N'[__EFMigrationsHistory]');
2026-08-07T23:37:16.7833860Z info: Microsoft.EntityFrameworkCore.Database.Command[20101]
2026-08-07T23:37:16.7834346Z       Executed DbCommand (2ms) [Parameters=[], CommandType='Text', CommandTimeout='30']
2026-08-07T23:37:16.7834476Z       SELECT [MigrationId], [ProductVersion]
2026-08-07T23:37:16.7834526Z       FROM [__EFMigrationsHistory]
2026-08-07T23:37:16.7834567Z       ORDER BY [MigrationId];
2026-08-07T23:37:16.7849393Z info: Microsoft.EntityFrameworkCore.Database.Command[20101]
2026-08-07T23:37:16.7849741Z       Executed DbCommand (2ms) [Parameters=[], CommandType='Text', CommandTimeout='30']
2026-08-07T23:37:16.7849819Z       SELECT TOP(1) [b].[BankAccountNumber]
2026-08-07T23:37:16.7849961Z       FROM [Beneficiaries] AS [b]
2026-08-07T23:37:16.7850038Z       ORDER BY [b].[Id]
2026-08-07T23:37:18.1162848Z info: Microsoft.EntityFrameworkCore.Database.Command[20101]
2026-08-07T23:37:18.1163659Z       Executed DbCommand (2ms) [Parameters=[], CommandType='Text', CommandTimeout='30']
2026-08-07T23:37:18.1163757Z       SELECT 1
2026-08-07T23:37:18.1180724Z info: Microsoft.EntityFrameworkCore.Database.Command[20101]
2026-08-07T23:37:18.1181458Z       Executed DbCommand (2ms) [Parameters=[], CommandType='Text', CommandTimeout='30']
2026-08-07T23:37:18.1181556Z       SELECT OBJECT_ID(N'[__EFMigrationsHistory]');
2026-08-07T23:37:18.1217983Z info: Microsoft.EntityFrameworkCore.Database.Command[20101]
2026-08-07T23:37:18.1220873Z       Executed DbCommand (2ms) [Parameters=[], CommandType='Text', CommandTimeout='30']
2026-08-07T23:37:18.1221006Z       SELECT [MigrationId], [ProductVersion]
2026-08-07T23:37:18.1221041Z       FROM [__EFMigrationsHistory]
2026-08-07T23:37:18.1221197Z       ORDER BY [MigrationId];
2026-08-07T23:37:18.1236418Z info: Microsoft.EntityFrameworkCore.Database.Command[20101]
2026-08-07T23:37:18.1243563Z       Executed DbCommand (2ms) [Parameters=[], CommandType='Text', CommandTimeout='30']
2026-08-07T23:37:18.1243854Z       SELECT TOP(1) [b].[BankAccountNumber]
2026-08-07T23:37:18.1243909Z       FROM [Beneficiaries] AS [b]
2026-08-07T23:37:18.1243951Z       ORDER BY [b].[Id]
2026-08-07T23:37:18.7077379Z info: Microsoft.EntityFrameworkCore.Database.Command[20101]
2026-08-07T23:37:18.7078281Z       Executed DbCommand (2ms) [Parameters=[], CommandType='Text', CommandTimeout='30']
2026-08-07T23:37:18.7078390Z       SELECT 1
2026-08-07T23:37:18.7108524Z info: Microsoft.EntityFrameworkCore.Database.Command[20101]
2026-08-07T23:37:18.7109035Z       Executed DbCommand (2ms) [Parameters=[], CommandType='Text', CommandTimeout='30']
2026-08-07T23:37:18.7109201Z       SELECT OBJECT_ID(N'[__EFMigrationsHistory]');
2026-08-07T23:37:18.7121718Z info: Microsoft.EntityFrameworkCore.Database.Command[20101]
2026-08-07T23:37:18.7122051Z       Executed DbCommand (2ms) [Parameters=[], CommandType='Text', CommandTimeout='30']
2026-08-07T23:37:18.7122120Z       SELECT [MigrationId], [ProductVersion]
2026-08-07T23:37:18.7122160Z       FROM [__EFMigrationsHistory]
2026-08-07T23:37:18.7124045Z       ORDER BY [MigrationId];
2026-08-07T23:37:18.7145564Z info: Microsoft.EntityFrameworkCore.Database.Command[20101]
2026-08-07T23:37:18.7145865Z       Executed DbCommand (1ms) [Parameters=[], CommandType='Text', CommandTimeout='30']
2026-08-07T23:37:18.7145934Z       SELECT TOP(1) [b].[BankAccountNumber]
2026-08-07T23:37:18.7146012Z       FROM [Beneficiaries] AS [b]
2026-08-07T23:37:18.7146051Z       ORDER BY [b].[Id]
2026-08-07T23:37:21.6387445Z info: Microsoft.EntityFrameworkCore.Database.Command[20101]
2026-08-07T23:37:21.6388278Z       Executed DbCommand (2ms) [Parameters=[], CommandType='Text', CommandTimeout='30']
2026-08-07T23:37:21.6388376Z       SELECT 1
2026-08-07T23:37:21.6408320Z info: Microsoft.EntityFrameworkCore.Database.Command[20101]
2026-08-07T23:37:21.6409004Z       Executed DbCommand (2ms) [Parameters=[], CommandType='Text', CommandTimeout='30']
2026-08-07T23:37:21.6409086Z       SELECT OBJECT_ID(N'[__EFMigrationsHistory]');
2026-08-07T23:37:21.6437952Z info: Microsoft.EntityFrameworkCore.Database.Command[20101]
2026-08-07T23:37:21.6438351Z       Executed DbCommand (2ms) [Parameters=[], CommandType='Text', CommandTimeout='30']
2026-08-07T23:37:21.6438425Z       SELECT [MigrationId], [ProductVersion]
2026-08-07T23:37:21.6438472Z       FROM [__EFMigrationsHistory]
2026-08-07T23:37:21.6438515Z       ORDER BY [MigrationId];
2026-08-07T23:37:21.6450448Z info: Microsoft.EntityFrameworkCore.Database.Command[20101]
2026-08-07T23:37:21.6450795Z       Executed DbCommand (1ms) [Parameters=[], CommandType='Text', CommandTimeout='30']
2026-08-07T23:37:21.6450867Z       SELECT TOP(1) [b].[BankAccountNumber]
2026-08-07T23:37:21.6450906Z       FROM [Beneficiaries] AS [b]
2026-08-07T23:37:21.6450945Z       ORDER BY [b].[Id]
2026-08-07T23:37:24.1152648Z info: Microsoft.EntityFrameworkCore.Database.Command[20101]
2026-08-07T23:37:24.1153373Z       Executed DbCommand (2ms) [Parameters=[], CommandType='Text', CommandTimeout='30']
2026-08-07T23:37:24.1153517Z       SELECT 1
2026-08-07T23:37:24.1172800Z info: Microsoft.EntityFrameworkCore.Database.Command[20101]
2026-08-07T23:37:24.1173265Z       Executed DbCommand (2ms) [Parameters=[], CommandType='Text', CommandTimeout='30']
2026-08-07T23:37:24.1173593Z       SELECT OBJECT_ID(N'[__EFMigrationsHistory]');
2026-08-07T23:37:24.1206187Z info: Microsoft.EntityFrameworkCore.Database.Command[20101]
2026-08-07T23:37:24.1206548Z       Executed DbCommand (2ms) [Parameters=[], CommandType='Text', CommandTimeout='30']
2026-08-07T23:37:24.1206625Z       SELECT [MigrationId], [ProductVersion]
2026-08-07T23:37:24.1206962Z       FROM [__EFMigrationsHistory]
2026-08-07T23:37:24.1207763Z       ORDER BY [MigrationId];
2026-08-07T23:37:24.1226598Z info: Microsoft.EntityFrameworkCore.Database.Command[20101]
2026-08-07T23:37:24.1226906Z       Executed DbCommand (1ms) [Parameters=[], CommandType='Text', CommandTimeout='30']
2026-08-07T23:37:24.1227019Z       SELECT TOP(1) [b].[BankAccountNumber]
2026-08-07T23:37:24.1227067Z       FROM [Beneficiaries] AS [b]
2026-08-07T23:37:24.1229207Z       ORDER BY [b].[Id]
2026-08-07T23:37:38.1208434Z info: Microsoft.EntityFrameworkCore.Database.Command[20101]
2026-08-07T23:37:38.1209263Z       Executed DbCommand (3ms) [Parameters=[], CommandType='Text', CommandTimeout='30']
2026-08-07T23:37:38.1209444Z       SELECT 1
2026-08-07T23:37:38.1223442Z info: Microsoft.EntityFrameworkCore.Database.Command[20101]
2026-08-07T23:37:38.1223924Z       Executed DbCommand (2ms) [Parameters=[], CommandType='Text', CommandTimeout='30']
2026-08-07T23:37:38.1224007Z       SELECT OBJECT_ID(N'[__EFMigrationsHistory]');
2026-08-07T23:37:38.1248612Z info: Microsoft.EntityFrameworkCore.Database.Command[20101]
2026-08-07T23:37:38.1248942Z       Executed DbCommand (1ms) [Parameters=[], CommandType='Text', CommandTimeout='30']
2026-08-07T23:37:38.1249008Z       SELECT [MigrationId], [ProductVersion]
2026-08-07T23:37:38.1249050Z       FROM [__EFMigrationsHistory]
2026-08-07T23:37:38.1249107Z       ORDER BY [MigrationId];
2026-08-07T23:37:38.1269204Z info: Microsoft.EntityFrameworkCore.Database.Command[20101]
2026-08-07T23:37:38.1269507Z       Executed DbCommand (2ms) [Parameters=[], CommandType='Text', CommandTimeout='30']
2026-08-07T23:37:38.1269571Z       SELECT TOP(1) [b].[BankAccountNumber]
2026-08-07T23:37:38.1269610Z       FROM [Beneficiaries] AS [b]
2026-08-07T23:37:38.1269648Z       ORDER BY [b].[Id]
2026-08-07T23:37:40.4797810Z info: Microsoft.EntityFrameworkCore.Database.Command[20101]
2026-08-07T23:37:40.4799159Z       Executed DbCommand (2ms) [Parameters=[], CommandType='Text', CommandTimeout='30']
2026-08-07T23:37:40.4799324Z       SELECT 1
2026-08-07T23:37:40.4814179Z info: Microsoft.EntityFrameworkCore.Database.Command[20101]
2026-08-07T23:37:40.4814667Z       Executed DbCommand (2ms) [Parameters=[], CommandType='Text', CommandTimeout='30']
2026-08-07T23:37:40.4814750Z       SELECT OBJECT_ID(N'[__EFMigrationsHistory]');
2026-08-07T23:37:40.4840047Z info: Microsoft.EntityFrameworkCore.Database.Command[20101]
2026-08-07T23:37:40.4840404Z       Executed DbCommand (1ms) [Parameters=[], CommandType='Text', CommandTimeout='30']
2026-08-07T23:37:40.4840523Z       SELECT [MigrationId], [ProductVersion]
2026-08-07T23:37:40.4840566Z       FROM [__EFMigrationsHistory]
2026-08-07T23:37:40.4840608Z       ORDER BY [MigrationId];
2026-08-07T23:37:40.4862566Z info: Microsoft.EntityFrameworkCore.Database.Command[20101]
2026-08-07T23:37:40.4862896Z       Executed DbCommand (1ms) [Parameters=[], CommandType='Text', CommandTimeout='30']
2026-08-07T23:37:40.4863012Z       SELECT TOP(1) [b].[BankAccountNumber]
2026-08-07T23:37:40.4863057Z       FROM [Beneficiaries] AS [b]
2026-08-07T23:37:40.4863098Z       ORDER BY [b].[Id]
2026-08-07T23:37:43.0298429Z info: Microsoft.EntityFrameworkCore.Database.Command[20101]
2026-08-07T23:37:43.0299483Z       Executed DbCommand (2ms) [Parameters=[], CommandType='Text', CommandTimeout='30']
2026-08-07T23:37:43.0299608Z       SELECT 1
2026-08-07T23:37:43.0327466Z info: Microsoft.EntityFrameworkCore.Database.Command[20101]
2026-08-07T23:37:43.0328005Z       Executed DbCommand (2ms) [Parameters=[], CommandType='Text', CommandTimeout='30']
2026-08-07T23:37:43.0328094Z       SELECT OBJECT_ID(N'[__EFMigrationsHistory]');
2026-08-07T23:37:43.0346000Z info: Microsoft.EntityFrameworkCore.Database.Command[20101]
2026-08-07T23:37:43.0346571Z       Executed DbCommand (2ms) [Parameters=[], CommandType='Text', CommandTimeout='30']
2026-08-07T23:37:43.0346657Z       SELECT [MigrationId], [ProductVersion]
2026-08-07T23:37:43.0346887Z       FROM [__EFMigrationsHistory]
2026-08-07T23:37:43.0346935Z       ORDER BY [MigrationId];
2026-08-07T23:37:43.0359808Z info: Microsoft.EntityFrameworkCore.Database.Command[20101]
2026-08-07T23:37:43.0360165Z       Executed DbCommand (1ms) [Parameters=[], CommandType='Text', CommandTimeout='30']
2026-08-07T23:37:43.0367538Z       SELECT TOP(1) [b].[BankAccountNumber]
2026-08-07T23:37:43.0367800Z       FROM [Beneficiaries] AS [b]
2026-08-07T23:37:43.0367848Z       ORDER BY [b].[Id]
2026-08-07T23:37:45.3050067Z info: Microsoft.EntityFrameworkCore.Database.Command[20101]
2026-08-07T23:37:45.3050907Z       Executed DbCommand (2ms) [Parameters=[], CommandType='Text', CommandTimeout='30']
2026-08-07T23:37:45.3051231Z       SELECT 1
2026-08-07T23:37:45.3067763Z info: Microsoft.EntityFrameworkCore.Database.Command[20101]
2026-08-07T23:37:45.3068178Z       Executed DbCommand (2ms) [Parameters=[], CommandType='Text', CommandTimeout='30']
2026-08-07T23:37:45.3068249Z       SELECT OBJECT_ID(N'[__EFMigrationsHistory]');
2026-08-07T23:37:45.3096519Z info: Microsoft.EntityFrameworkCore.Database.Command[20101]
2026-08-07T23:37:45.3096899Z       Executed DbCommand (1ms) [Parameters=[], CommandType='Text', CommandTimeout='30']
2026-08-07T23:37:45.3096975Z       SELECT [MigrationId], [ProductVersion]
2026-08-07T23:37:45.3097020Z       FROM [__EFMigrationsHistory]
2026-08-07T23:37:45.3097195Z       ORDER BY [MigrationId];
2026-08-07T23:37:45.3113650Z info: Microsoft.EntityFrameworkCore.Database.Command[20101]
2026-08-07T23:37:45.3113972Z       Executed DbCommand (2ms) [Parameters=[], CommandType='Text', CommandTimeout='30']
2026-08-07T23:37:45.3114051Z       SELECT TOP(1) [b].[BankAccountNumber]
2026-08-07T23:37:45.3114092Z       FROM [Beneficiaries] AS [b]
2026-08-07T23:37:45.3114291Z       ORDER BY [b].[Id]
2026-08-07T23:37:50.2522852Z info: Microsoft.EntityFrameworkCore.Database.Command[20101]
2026-08-07T23:37:50.2523626Z       Executed DbCommand (2ms) [Parameters=[], CommandType='Text', CommandTimeout='30']
2026-08-07T23:37:50.2523740Z       SELECT 1
2026-08-07T23:37:50.2548758Z info: Microsoft.EntityFrameworkCore.Database.Command[20101]
2026-08-07T23:37:50.2549337Z       Executed DbCommand (2ms) [Parameters=[], CommandType='Text', CommandTimeout='30']
2026-08-07T23:37:50.2549427Z       SELECT OBJECT_ID(N'[__EFMigrationsHistory]');
2026-08-07T23:37:50.2566588Z info: Microsoft.EntityFrameworkCore.Database.Command[20101]
2026-08-07T23:37:50.2567200Z       Executed DbCommand (1ms) [Parameters=[], CommandType='Text', CommandTimeout='30']
2026-08-07T23:37:50.2567424Z       SELECT [MigrationId], [ProductVersion]
2026-08-07T23:37:50.2567471Z       FROM [__EFMigrationsHistory]
2026-08-07T23:37:50.2567500Z       ORDER BY [MigrationId];
2026-08-07T23:37:50.2583161Z info: Microsoft.EntityFrameworkCore.Database.Command[20101]
2026-08-07T23:37:50.2583489Z       Executed DbCommand (1ms) [Parameters=[], CommandType='Text', CommandTimeout='30']
2026-08-07T23:37:50.2583727Z       SELECT TOP(1) [b].[BankAccountNumber]
2026-08-07T23:37:50.2583781Z       FROM [Beneficiaries] AS [b]
2026-08-07T23:37:50.2583829Z       ORDER BY [b].[Id]
2026-08-07T23:37:51.7281873Z info: Microsoft.EntityFrameworkCore.Database.Command[20101]
2026-08-07T23:37:51.7283056Z       Executed DbCommand (2ms) [Parameters=[], CommandType='Text', CommandTimeout='30']
2026-08-07T23:37:51.7283156Z       SELECT 1
2026-08-07T23:37:51.7309053Z info: Microsoft.EntityFrameworkCore.Database.Command[20101]
2026-08-07T23:37:51.7309608Z       Executed DbCommand (2ms) [Parameters=[], CommandType='Text', CommandTimeout='30']
2026-08-07T23:37:51.7309692Z       SELECT OBJECT_ID(N'[__EFMigrationsHistory]');
2026-08-07T23:37:51.7326405Z info: Microsoft.EntityFrameworkCore.Database.Command[20101]
2026-08-07T23:37:51.7326975Z       Executed DbCommand (1ms) [Parameters=[], CommandType='Text', CommandTimeout='30']
2026-08-07T23:37:51.7327056Z       SELECT [MigrationId], [ProductVersion]
2026-08-07T23:37:51.7327103Z       FROM [__EFMigrationsHistory]
2026-08-07T23:37:51.7327344Z       ORDER BY [MigrationId];
2026-08-07T23:37:51.7340693Z info: Microsoft.EntityFrameworkCore.Database.Command[20101]
2026-08-07T23:37:51.7341067Z       Executed DbCommand (1ms) [Parameters=[], CommandType='Text', CommandTimeout='30']
2026-08-07T23:37:51.7341143Z       SELECT TOP(1) [b].[BankAccountNumber]
2026-08-07T23:37:51.7341186Z       FROM [Beneficiaries] AS [b]
2026-08-07T23:37:51.7341423Z       ORDER BY [b].[Id]
2026-08-07T23:37:52.1708673Z info: Microsoft.EntityFrameworkCore.Database.Command[20101]
2026-08-07T23:37:52.1709385Z       Executed DbCommand (2ms) [Parameters=[], CommandType='Text', CommandTimeout='30']
2026-08-07T23:37:52.1709484Z       SELECT 1
2026-08-07T23:37:52.1726441Z info: Microsoft.EntityFrameworkCore.Database.Command[20101]
2026-08-07T23:37:52.1727116Z       Executed DbCommand (2ms) [Parameters=[], CommandType='Text', CommandTimeout='30']
2026-08-07T23:37:52.1727177Z       SELECT OBJECT_ID(N'[__EFMigrationsHistory]');
2026-08-07T23:37:52.1752240Z info: Microsoft.EntityFrameworkCore.Database.Command[20101]
2026-08-07T23:37:52.1752722Z       Executed DbCommand (1ms) [Parameters=[], CommandType='Text', CommandTimeout='30']
2026-08-07T23:37:52.1753001Z       SELECT [MigrationId], [ProductVersion]
2026-08-07T23:37:52.1753047Z       FROM [__EFMigrationsHistory]
2026-08-07T23:37:52.1753086Z       ORDER BY [MigrationId];
2026-08-07T23:37:52.1774189Z info: Microsoft.EntityFrameworkCore.Database.Command[20101]
2026-08-07T23:37:52.1774559Z       Executed DbCommand (1ms) [Parameters=[], CommandType='Text', CommandTimeout='30']
2026-08-07T23:37:52.1774897Z       SELECT TOP(1) [b].[BankAccountNumber]
2026-08-07T23:37:52.1774940Z       FROM [Beneficiaries] AS [b]
2026-08-07T23:37:52.1774977Z       ORDER BY [b].[Id]
2026-08-07T23:37:52.8263887Z info: Microsoft.EntityFrameworkCore.Database.Command[20101]
2026-08-07T23:37:52.8264999Z       Executed DbCommand (2ms) [Parameters=[], CommandType='Text', CommandTimeout='30']
2026-08-07T23:37:52.8265112Z       SELECT 1
2026-08-07T23:37:52.8280812Z info: Microsoft.EntityFrameworkCore.Database.Command[20101]
2026-08-07T23:37:52.8281326Z       Executed DbCommand (2ms) [Parameters=[], CommandType='Text', CommandTimeout='30']
2026-08-07T23:37:52.8281431Z       SELECT OBJECT_ID(N'[__EFMigrationsHistory]');
2026-08-07T23:37:52.8313686Z info: Microsoft.EntityFrameworkCore.Database.Command[20101]
2026-08-07T23:37:52.8314220Z       Executed DbCommand (1ms) [Parameters=[], CommandType='Text', CommandTimeout='30']
2026-08-07T23:37:52.8314301Z       SELECT [MigrationId], [ProductVersion]
2026-08-07T23:37:52.8314345Z       FROM [__EFMigrationsHistory]
2026-08-07T23:37:52.8314706Z       ORDER BY [MigrationId];
2026-08-07T23:37:52.8343338Z info: Microsoft.EntityFrameworkCore.Database.Command[20101]
2026-08-07T23:37:52.8343684Z       Executed DbCommand (1ms) [Parameters=[], CommandType='Text', CommandTimeout='30']
2026-08-07T23:37:52.8343752Z       SELECT TOP(1) [b].[BankAccountNumber]
2026-08-07T23:37:52.8343913Z       FROM [Beneficiaries] AS [b]
2026-08-07T23:37:52.8344072Z       ORDER BY [b].[Id]
2026-08-07T23:37:54.4690423Z info: Microsoft.EntityFrameworkCore.Database.Command[20101]
2026-08-07T23:37:54.4691290Z       Executed DbCommand (2ms) [Parameters=[], CommandType='Text', CommandTimeout='30']
2026-08-07T23:37:54.4691392Z       SELECT 1
2026-08-07T23:37:54.4707122Z info: Microsoft.EntityFrameworkCore.Database.Command[20101]
2026-08-07T23:37:54.4719279Z       Executed DbCommand (2ms) [Parameters=[], CommandType='Text', CommandTimeout='30']
2026-08-07T23:37:54.4719522Z       SELECT OBJECT_ID(N'[__EFMigrationsHistory]');
2026-08-07T23:37:54.4737163Z info: Microsoft.EntityFrameworkCore.Database.Command[20101]
2026-08-07T23:37:54.4737605Z       Executed DbCommand (2ms) [Parameters=[], CommandType='Text', CommandTimeout='30']
2026-08-07T23:37:54.4737687Z       SELECT [MigrationId], [ProductVersion]
2026-08-07T23:37:54.4737730Z       FROM [__EFMigrationsHistory]
2026-08-07T23:37:54.4738144Z       ORDER BY [MigrationId];
2026-08-07T23:37:54.4780893Z info: Microsoft.EntityFrameworkCore.Database.Command[20101]
2026-08-07T23:37:54.4781295Z       Executed DbCommand (1ms) [Parameters=[], CommandType='Text', CommandTimeout='30']
2026-08-07T23:37:54.4781368Z       SELECT TOP(1) [b].[BankAccountNumber]
2026-08-07T23:37:54.4781414Z       FROM [Beneficiaries] AS [b]
2026-08-07T23:37:54.4781455Z       ORDER BY [b].[Id]
2026-08-07T23:37:59.7495758Z info: Microsoft.EntityFrameworkCore.Database.Command[20101]
2026-08-07T23:37:59.7496989Z       Executed DbCommand (2ms) [Parameters=[], CommandType='Text', CommandTimeout='30']
2026-08-07T23:37:59.7497114Z       SELECT 1
2026-08-07T23:37:59.7527990Z info: Microsoft.EntityFrameworkCore.Database.Command[20101]
2026-08-07T23:37:59.7528798Z       Executed DbCommand (2ms) [Parameters=[], CommandType='Text', CommandTimeout='30']
2026-08-07T23:37:59.7528927Z       SELECT OBJECT_ID(N'[__EFMigrationsHistory]');
2026-08-07T23:37:59.7548539Z info: Microsoft.EntityFrameworkCore.Database.Command[20101]
2026-08-07T23:37:59.7548917Z       Executed DbCommand (2ms) [Parameters=[], CommandType='Text', CommandTimeout='30']
2026-08-07T23:37:59.7548989Z       SELECT [MigrationId], [ProductVersion]
2026-08-07T23:37:59.7549078Z       FROM [__EFMigrationsHistory]
2026-08-07T23:37:59.7554094Z       ORDER BY [MigrationId];
2026-08-07T23:37:59.7568742Z info: Microsoft.EntityFrameworkCore.Database.Command[20101]
2026-08-07T23:37:59.7569228Z       Executed DbCommand (1ms) [Parameters=[], CommandType='Text', CommandTimeout='30']
2026-08-07T23:37:59.7577851Z       SELECT TOP(1) [b].[BankAccountNumber]
2026-08-07T23:37:59.7578066Z       FROM [Beneficiaries] AS [b]
2026-08-07T23:37:59.7578117Z       ORDER BY [b].[Id]
2026-08-07T23:38:00.6172200Z info: Microsoft.EntityFrameworkCore.Database.Command[20101]
2026-08-07T23:38:00.6172995Z       Executed DbCommand (2ms) [Parameters=[], CommandType='Text', CommandTimeout='30']
2026-08-07T23:38:00.6173167Z       SELECT 1
2026-08-07T23:38:00.6200843Z info: Microsoft.EntityFrameworkCore.Database.Command[20101]
2026-08-07T23:38:00.6201279Z       Executed DbCommand (2ms) [Parameters=[], CommandType='Text', CommandTimeout='30']
2026-08-07T23:38:00.6201444Z       SELECT OBJECT_ID(N'[__EFMigrationsHistory]');
2026-08-07T23:38:00.6219281Z info: Microsoft.EntityFrameworkCore.Database.Command[20101]
2026-08-07T23:38:00.6219616Z       Executed DbCommand (2ms) [Parameters=[], CommandType='Text', CommandTimeout='30']
2026-08-07T23:38:00.6219686Z       SELECT [MigrationId], [ProductVersion]
2026-08-07T23:38:00.6219728Z       FROM [__EFMigrationsHistory]
2026-08-07T23:38:00.6219767Z       ORDER BY [MigrationId];
2026-08-07T23:38:00.6232493Z info: Microsoft.EntityFrameworkCore.Database.Command[20101]
2026-08-07T23:38:00.6232803Z       Executed DbCommand (1ms) [Parameters=[], CommandType='Text', CommandTimeout='30']
2026-08-07T23:38:00.6232876Z       SELECT TOP(1) [b].[BankAccountNumber]
2026-08-07T23:38:00.6232917Z       FROM [Beneficiaries] AS [b]
2026-08-07T23:38:00.6232961Z       ORDER BY [b].[Id]
2026-08-07T23:38:05.0997817Z info: Microsoft.EntityFrameworkCore.Database.Command[20101]
2026-08-07T23:38:05.0998402Z       Executed DbCommand (2ms) [Parameters=[], CommandType='Text', CommandTimeout='30']
2026-08-07T23:38:05.0998504Z       SELECT 1
2026-08-07T23:38:05.1075826Z info: Microsoft.EntityFrameworkCore.Database.Command[20101]
2026-08-07T23:38:05.1076452Z       Executed DbCommand (3ms) [Parameters=[], CommandType='Text', CommandTimeout='30']
2026-08-07T23:38:05.1076552Z       SELECT OBJECT_ID(N'[__EFMigrationsHistory]');
2026-08-07T23:38:05.1087202Z info: Microsoft.EntityFrameworkCore.Database.Command[20101]
2026-08-07T23:38:05.1087629Z       Executed DbCommand (2ms) [Parameters=[], CommandType='Text', CommandTimeout='30']
2026-08-07T23:38:05.1087746Z       SELECT [MigrationId], [ProductVersion]
2026-08-07T23:38:05.1087791Z       FROM [__EFMigrationsHistory]
2026-08-07T23:38:05.1087830Z       ORDER BY [MigrationId];
2026-08-07T23:38:05.1130803Z info: Microsoft.EntityFrameworkCore.Database.Command[20101]
2026-08-07T23:38:05.1131129Z       Executed DbCommand (2ms) [Parameters=[], CommandType='Text', CommandTimeout='30']
2026-08-07T23:38:05.1131242Z       SELECT TOP(1) [b].[BankAccountNumber]
2026-08-07T23:38:05.1131288Z       FROM [Beneficiaries] AS [b]
2026-08-07T23:38:05.1131331Z       ORDER BY [b].[Id]
2026-08-07T23:38:08.6283435Z info: Microsoft.EntityFrameworkCore.Database.Command[20101]
2026-08-07T23:38:08.6284497Z       Executed DbCommand (2ms) [Parameters=[], CommandType='Text', CommandTimeout='30']
2026-08-07T23:38:08.6284609Z       SELECT 1
2026-08-07T23:38:08.6297402Z info: Microsoft.EntityFrameworkCore.Database.Command[20101]
2026-08-07T23:38:08.6297804Z       Executed DbCommand (1ms) [Parameters=[], CommandType='Text', CommandTimeout='30']
2026-08-07T23:38:08.6297883Z       SELECT OBJECT_ID(N'[__EFMigrationsHistory]');
2026-08-07T23:38:08.6322585Z info: Microsoft.EntityFrameworkCore.Database.Command[20101]
2026-08-07T23:38:08.6322940Z       Executed DbCommand (1ms) [Parameters=[], CommandType='Text', CommandTimeout='30']
2026-08-07T23:38:08.6323006Z       SELECT [MigrationId], [ProductVersion]
2026-08-07T23:38:08.6323047Z       FROM [__EFMigrationsHistory]
2026-08-07T23:38:08.6323565Z       ORDER BY [MigrationId];
2026-08-07T23:38:08.6341835Z info: Microsoft.EntityFrameworkCore.Database.Command[20101]
2026-08-07T23:38:08.6342137Z       Executed DbCommand (1ms) [Parameters=[], CommandType='Text', CommandTimeout='30']
2026-08-07T23:38:08.6342208Z       SELECT TOP(1) [b].[BankAccountNumber]
2026-08-07T23:38:08.6342252Z       FROM [Beneficiaries] AS [b]
2026-08-07T23:38:08.6342332Z       ORDER BY [b].[Id]
2026-08-07T23:38:12.0772586Z info: Microsoft.EntityFrameworkCore.Database.Command[20101]
2026-08-07T23:38:12.0773264Z       Executed DbCommand (2ms) [Parameters=[], CommandType='Text', CommandTimeout='30']
2026-08-07T23:38:12.0773367Z       SELECT 1
2026-08-07T23:38:12.0790423Z info: Microsoft.EntityFrameworkCore.Database.Command[20101]
2026-08-07T23:38:12.0790839Z       Executed DbCommand (2ms) [Parameters=[], CommandType='Text', CommandTimeout='30']
2026-08-07T23:38:12.0790911Z       SELECT OBJECT_ID(N'[__EFMigrationsHistory]');
2026-08-07T23:38:12.0820632Z info: Microsoft.EntityFrameworkCore.Database.Command[20101]
2026-08-07T23:38:12.0820965Z       Executed DbCommand (2ms) [Parameters=[], CommandType='Text', CommandTimeout='30']
2026-08-07T23:38:12.0821076Z       SELECT [MigrationId], [ProductVersion]
2026-08-07T23:38:12.0821124Z       FROM [__EFMigrationsHistory]
2026-08-07T23:38:12.0825691Z       ORDER BY [MigrationId];
2026-08-07T23:38:12.0841497Z info: Microsoft.EntityFrameworkCore.Database.Command[20101]
2026-08-07T23:38:12.0841833Z       Executed DbCommand (1ms) [Parameters=[], CommandType='Text', CommandTimeout='30']
2026-08-07T23:38:12.0841903Z       SELECT TOP(1) [b].[BankAccountNumber]
2026-08-07T23:38:12.0841947Z       FROM [Beneficiaries] AS [b]
2026-08-07T23:38:12.0841986Z       ORDER BY [b].[Id]
2026-08-07T23:38:19.5744632Z info: Microsoft.EntityFrameworkCore.Database.Command[20101]
2026-08-07T23:38:19.5745550Z       Executed DbCommand (2ms) [Parameters=[], CommandType='Text', CommandTimeout='30']
2026-08-07T23:38:19.5745676Z       SELECT 1
2026-08-07T23:38:19.5771189Z info: Microsoft.EntityFrameworkCore.Database.Command[20101]
2026-08-07T23:38:19.5771820Z       Executed DbCommand (1ms) [Parameters=[], CommandType='Text', CommandTimeout='30']
2026-08-07T23:38:19.5771979Z       SELECT OBJECT_ID(N'[__EFMigrationsHistory]');
2026-08-07T23:38:19.5787373Z info: Microsoft.EntityFrameworkCore.Database.Command[20101]
2026-08-07T23:38:19.5787875Z       Executed DbCommand (2ms) [Parameters=[], CommandType='Text', CommandTimeout='30']
2026-08-07T23:38:19.5787951Z       SELECT [MigrationId], [ProductVersion]
2026-08-07T23:38:19.5788030Z       FROM [__EFMigrationsHistory]
2026-08-07T23:38:19.5788073Z       ORDER BY [MigrationId];
2026-08-07T23:38:19.5805896Z info: Microsoft.EntityFrameworkCore.Database.Command[20101]
2026-08-07T23:38:19.5806349Z       Executed DbCommand (1ms) [Parameters=[], CommandType='Text', CommandTimeout='30']
2026-08-07T23:38:19.5806419Z       SELECT TOP(1) [b].[BankAccountNumber]
2026-08-07T23:38:19.5806500Z       FROM [Beneficiaries] AS [b]
2026-08-07T23:38:19.5806539Z       ORDER BY [b].[Id]
2026-08-07T23:38:22.8582499Z info: Microsoft.EntityFrameworkCore.Database.Command[20101]
2026-08-07T23:38:22.8583291Z       Executed DbCommand (2ms) [Parameters=[], CommandType='Text', CommandTimeout='30']
2026-08-07T23:38:22.8583418Z       SELECT 1
2026-08-07T23:38:22.8601494Z info: Microsoft.EntityFrameworkCore.Database.Command[20101]
2026-08-07T23:38:22.8602070Z       Executed DbCommand (2ms) [Parameters=[], CommandType='Text', CommandTimeout='30']
2026-08-07T23:38:22.8602177Z       SELECT OBJECT_ID(N'[__EFMigrationsHistory]');
2026-08-07T23:38:22.8638515Z info: Microsoft.EntityFrameworkCore.Database.Command[20101]
2026-08-07T23:38:22.8639071Z       Executed DbCommand (2ms) [Parameters=[], CommandType='Text', CommandTimeout='30']
2026-08-07T23:38:22.8639153Z       SELECT [MigrationId], [ProductVersion]
2026-08-07T23:38:22.8639202Z       FROM [__EFMigrationsHistory]
2026-08-07T23:38:22.8639245Z       ORDER BY [MigrationId];
2026-08-07T23:38:22.8652752Z info: Microsoft.EntityFrameworkCore.Database.Command[20101]
2026-08-07T23:38:22.8653143Z       Executed DbCommand (1ms) [Parameters=[], CommandType='Text', CommandTimeout='30']
2026-08-07T23:38:22.8653213Z       SELECT TOP(1) [b].[BankAccountNumber]
2026-08-07T23:38:22.8653347Z       FROM [Beneficiaries] AS [b]
2026-08-07T23:38:22.8653388Z       ORDER BY [b].[Id]
2026-08-07T23:38:24.1804698Z info: Microsoft.EntityFrameworkCore.Database.Command[20101]
2026-08-07T23:38:24.1805707Z       Executed DbCommand (2ms) [Parameters=[], CommandType='Text', CommandTimeout='30']
2026-08-07T23:38:24.1805839Z       SELECT 1
2026-08-07T23:38:24.1821221Z info: Microsoft.EntityFrameworkCore.Database.Command[20101]
2026-08-07T23:38:24.1821736Z       Executed DbCommand (2ms) [Parameters=[], CommandType='Text', CommandTimeout='30']
2026-08-07T23:38:24.1821897Z       SELECT OBJECT_ID(N'[__EFMigrationsHistory]');
2026-08-07T23:38:24.1850757Z info: Microsoft.EntityFrameworkCore.Database.Command[20101]
2026-08-07T23:38:24.1851156Z       Executed DbCommand (2ms) [Parameters=[], CommandType='Text', CommandTimeout='30']
2026-08-07T23:38:24.1851232Z       SELECT [MigrationId], [ProductVersion]
2026-08-07T23:38:24.1851319Z       FROM [__EFMigrationsHistory]
2026-08-07T23:38:24.1851487Z       ORDER BY [MigrationId];
2026-08-07T23:38:24.1872022Z info: Microsoft.EntityFrameworkCore.Database.Command[20101]
2026-08-07T23:38:24.1872379Z       Executed DbCommand (1ms) [Parameters=[], CommandType='Text', CommandTimeout='30']
2026-08-07T23:38:24.1872499Z       SELECT TOP(1) [b].[BankAccountNumber]
2026-08-07T23:38:24.1872543Z       FROM [Beneficiaries] AS [b]
2026-08-07T23:38:24.1872586Z       ORDER BY [b].[Id]
2026-08-07T23:38:27.3013323Z info: Microsoft.EntityFrameworkCore.Database.Command[20101]
2026-08-07T23:38:27.3014034Z       Executed DbCommand (2ms) [Parameters=[], CommandType='Text', CommandTimeout='30']
2026-08-07T23:38:27.3014208Z       SELECT 1
2026-08-07T23:38:27.3042759Z info: Microsoft.EntityFrameworkCore.Database.Command[20101]
2026-08-07T23:38:27.3043282Z       Executed DbCommand (2ms) [Parameters=[], CommandType='Text', CommandTimeout='30']
2026-08-07T23:38:27.3043364Z       SELECT OBJECT_ID(N'[__EFMigrationsHistory]');
2026-08-07T23:38:27.3056643Z info: Microsoft.EntityFrameworkCore.Database.Command[20101]
2026-08-07T23:38:27.3057075Z       Executed DbCommand (1ms) [Parameters=[], CommandType='Text', CommandTimeout='30']
2026-08-07T23:38:27.3057150Z       SELECT [MigrationId], [ProductVersion]
2026-08-07T23:38:27.3057192Z       FROM [__EFMigrationsHistory]
2026-08-07T23:38:27.3057233Z       ORDER BY [MigrationId];
2026-08-07T23:38:27.3077551Z info: Microsoft.EntityFrameworkCore.Database.Command[20101]
2026-08-07T23:38:27.3077925Z       Executed DbCommand (1ms) [Parameters=[], CommandType='Text', CommandTimeout='30']
2026-08-07T23:38:27.3077995Z       SELECT TOP(1) [b].[BankAccountNumber]
2026-08-07T23:38:27.3078036Z       FROM [Beneficiaries] AS [b]
2026-08-07T23:38:27.3078073Z       ORDER BY [b].[Id]
2026-08-07T23:38:29.0479715Z info: Microsoft.EntityFrameworkCore.Database.Command[20101]
2026-08-07T23:38:29.0480484Z       Executed DbCommand (2ms) [Parameters=[], CommandType='Text', CommandTimeout='30']
2026-08-07T23:38:29.0480584Z       SELECT 1
2026-08-07T23:38:29.0500568Z info: Microsoft.EntityFrameworkCore.Database.Command[20101]
2026-08-07T23:38:29.0501090Z       Executed DbCommand (2ms) [Parameters=[], CommandType='Text', CommandTimeout='30']
2026-08-07T23:38:29.0501174Z       SELECT OBJECT_ID(N'[__EFMigrationsHistory]');
2026-08-07T23:38:29.0528529Z info: Microsoft.EntityFrameworkCore.Database.Command[20101]
2026-08-07T23:38:29.0528892Z       Executed DbCommand (1ms) [Parameters=[], CommandType='Text', CommandTimeout='30']
2026-08-07T23:38:29.0533601Z       SELECT [MigrationId], [ProductVersion]
2026-08-07T23:38:29.0533792Z       FROM [__EFMigrationsHistory]
2026-08-07T23:38:29.0533845Z       ORDER BY [MigrationId];
2026-08-07T23:38:29.0546966Z info: Microsoft.EntityFrameworkCore.Database.Command[20101]
2026-08-07T23:38:29.0547251Z       Executed DbCommand (1ms) [Parameters=[], CommandType='Text', CommandTimeout='30']
2026-08-07T23:38:29.0547370Z       SELECT TOP(1) [b].[BankAccountNumber]
2026-08-07T23:38:29.0547419Z       FROM [Beneficiaries] AS [b]
2026-08-07T23:38:29.0547465Z       ORDER BY [b].[Id]
2026-08-07T23:38:35.2192205Z info: Microsoft.EntityFrameworkCore.Database.Command[20101]
2026-08-07T23:38:35.2193142Z       Executed DbCommand (2ms) [Parameters=[], CommandType='Text', CommandTimeout='30']
2026-08-07T23:38:35.2193270Z       SELECT 1
2026-08-07T23:38:35.2221462Z info: Microsoft.EntityFrameworkCore.Database.Command[20101]
2026-08-07T23:38:35.2222000Z       Executed DbCommand (2ms) [Parameters=[], CommandType='Text', CommandTimeout='30']
2026-08-07T23:38:35.2222101Z       SELECT OBJECT_ID(N'[__EFMigrationsHistory]');
2026-08-07T23:38:35.2238365Z info: Microsoft.EntityFrameworkCore.Database.Command[20101]
2026-08-07T23:38:35.2238678Z       Executed DbCommand (1ms) [Parameters=[], CommandType='Text', CommandTimeout='30']
2026-08-07T23:38:35.2238752Z       SELECT [MigrationId], [ProductVersion]
2026-08-07T23:38:35.2238801Z       FROM [__EFMigrationsHistory]
2026-08-07T23:38:35.2238894Z       ORDER BY [MigrationId];
2026-08-07T23:38:35.2255737Z info: Microsoft.EntityFrameworkCore.Database.Command[20101]
2026-08-07T23:38:35.2256049Z       Executed DbCommand (1ms) [Parameters=[], CommandType='Text', CommandTimeout='30']
2026-08-07T23:38:35.2256127Z       SELECT TOP(1) [b].[BankAccountNumber]
2026-08-07T23:38:35.2256165Z       FROM [Beneficiaries] AS [b]
2026-08-07T23:38:35.2256230Z       ORDER BY [b].[Id]
2026-08-07T23:38:38.5013043Z info: Microsoft.EntityFrameworkCore.Database.Command[20101]
2026-08-07T23:38:38.5013909Z       Executed DbCommand (2ms) [Parameters=[], CommandType='Text', CommandTimeout='30']
2026-08-07T23:38:38.5014017Z       SELECT 1
2026-08-07T23:38:38.5036977Z info: Microsoft.EntityFrameworkCore.Database.Command[20101]
2026-08-07T23:38:38.5037505Z       Executed DbCommand (2ms) [Parameters=[], CommandType='Text', CommandTimeout='30']
2026-08-07T23:38:38.5037594Z       SELECT OBJECT_ID(N'[__EFMigrationsHistory]');
2026-08-07T23:38:38.5066315Z info: Microsoft.EntityFrameworkCore.Database.Command[20101]
2026-08-07T23:38:38.5066752Z       Executed DbCommand (1ms) [Parameters=[], CommandType='Text', CommandTimeout='30']
2026-08-07T23:38:38.5066892Z       SELECT [MigrationId], [ProductVersion]
2026-08-07T23:38:38.5066936Z       FROM [__EFMigrationsHistory]
2026-08-07T23:38:38.5066975Z       ORDER BY [MigrationId];
2026-08-07T23:38:38.5078893Z info: Microsoft.EntityFrameworkCore.Database.Command[20101]
2026-08-07T23:38:38.5079233Z       Executed DbCommand (1ms) [Parameters=[], CommandType='Text', CommandTimeout='30']
2026-08-07T23:38:38.5079343Z       SELECT TOP(1) [b].[BankAccountNumber]
2026-08-07T23:38:38.5079388Z       FROM [Beneficiaries] AS [b]
2026-08-07T23:38:38.5079432Z       ORDER BY [b].[Id]
2026-08-07T23:38:48.1336148Z info: Microsoft.EntityFrameworkCore.Database.Command[20101]
2026-08-07T23:38:48.1337114Z       Executed DbCommand (2ms) [Parameters=[], CommandType='Text', CommandTimeout='30']
2026-08-07T23:38:48.1337225Z       SELECT 1
2026-08-07T23:38:48.1353033Z info: Microsoft.EntityFrameworkCore.Database.Command[20101]
2026-08-07T23:38:48.1353616Z       Executed DbCommand (2ms) [Parameters=[], CommandType='Text', CommandTimeout='30']
2026-08-07T23:38:48.1353709Z       SELECT OBJECT_ID(N'[__EFMigrationsHistory]');
2026-08-07T23:38:48.1384631Z info: Microsoft.EntityFrameworkCore.Database.Command[20101]
2026-08-07T23:38:48.1385162Z       Executed DbCommand (2ms) [Parameters=[], CommandType='Text', CommandTimeout='30']
2026-08-07T23:38:48.1385267Z       SELECT [MigrationId], [ProductVersion]
2026-08-07T23:38:48.1385322Z       FROM [__EFMigrationsHistory]
2026-08-07T23:38:48.1385573Z       ORDER BY [MigrationId];
2026-08-07T23:38:48.1404623Z info: Microsoft.EntityFrameworkCore.Database.Command[20101]
2026-08-07T23:38:48.1405000Z       Executed DbCommand (1ms) [Parameters=[], CommandType='Text', CommandTimeout='30']
2026-08-07T23:38:48.1405096Z       SELECT TOP(1) [b].[BankAccountNumber]
2026-08-07T23:38:48.1405151Z       FROM [Beneficiaries] AS [b]
2026-08-07T23:38:48.1405273Z       ORDER BY [b].[Id]
2026-08-07T23:38:52.1668090Z info: Microsoft.EntityFrameworkCore.Database.Command[20101]
2026-08-07T23:38:52.1668962Z       Executed DbCommand (2ms) [Parameters=[], CommandType='Text', CommandTimeout='30']
2026-08-07T23:38:52.1669122Z       SELECT 1
2026-08-07T23:38:52.1683378Z info: Microsoft.EntityFrameworkCore.Database.Command[20101]
2026-08-07T23:38:52.1683880Z       Executed DbCommand (2ms) [Parameters=[], CommandType='Text', CommandTimeout='30']
2026-08-07T23:38:52.1683956Z       SELECT OBJECT_ID(N'[__EFMigrationsHistory]');
2026-08-07T23:38:52.1711811Z info: Microsoft.EntityFrameworkCore.Database.Command[20101]
2026-08-07T23:38:52.1712207Z       Executed DbCommand (2ms) [Parameters=[], CommandType='Text', CommandTimeout='30']
2026-08-07T23:38:52.1712426Z       SELECT [MigrationId], [ProductVersion]
2026-08-07T23:38:52.1714955Z       FROM [__EFMigrationsHistory]
2026-08-07T23:38:52.1717776Z       ORDER BY [MigrationId];
2026-08-07T23:38:52.1737767Z info: Microsoft.EntityFrameworkCore.Database.Command[20101]
2026-08-07T23:38:52.1738089Z       Executed DbCommand (1ms) [Parameters=[], CommandType='Text', CommandTimeout='30']
2026-08-07T23:38:52.1738210Z       SELECT TOP(1) [b].[BankAccountNumber]
2026-08-07T23:38:52.1738259Z       FROM [Beneficiaries] AS [b]
2026-08-07T23:38:52.1738304Z       ORDER BY [b].[Id]
2026-08-07T23:38:52.4196855Z info: Microsoft.EntityFrameworkCore.Database.Command[20101]
2026-08-07T23:38:52.4197840Z       Executed DbCommand (2ms) [Parameters=[], CommandType='Text', CommandTimeout='30']
2026-08-07T23:38:52.4198017Z       SELECT 1
2026-08-07T23:38:52.4213826Z info: Microsoft.EntityFrameworkCore.Database.Command[20101]
2026-08-07T23:38:52.4214318Z       Executed DbCommand (2ms) [Parameters=[], CommandType='Text', CommandTimeout='30']
2026-08-07T23:38:52.4214412Z       SELECT OBJECT_ID(N'[__EFMigrationsHistory]');
2026-08-07T23:38:52.4247424Z info: Microsoft.EntityFrameworkCore.Database.Command[20101]
2026-08-07T23:38:52.4247860Z       Executed DbCommand (1ms) [Parameters=[], CommandType='Text', CommandTimeout='30']
2026-08-07T23:38:52.4247944Z       SELECT [MigrationId], [ProductVersion]
2026-08-07T23:38:52.4247990Z       FROM [__EFMigrationsHistory]
2026-08-07T23:38:52.4248042Z       ORDER BY [MigrationId];
2026-08-07T23:38:52.4260300Z info: Microsoft.EntityFrameworkCore.Database.Command[20101]
2026-08-07T23:38:52.4260650Z       Executed DbCommand (1ms) [Parameters=[], CommandType='Text', CommandTimeout='30']
2026-08-07T23:38:52.4260723Z       SELECT TOP(1) [b].[BankAccountNumber]
2026-08-07T23:38:52.4260766Z       FROM [Beneficiaries] AS [b]
2026-08-07T23:38:52.4260853Z       ORDER BY [b].[Id]
2026-08-07T23:38:54.6642241Z info: Microsoft.EntityFrameworkCore.Database.Command[20101]
2026-08-07T23:38:54.6642983Z       Executed DbCommand (2ms) [Parameters=[], CommandType='Text', CommandTimeout='30']
2026-08-07T23:38:54.6643100Z       SELECT 1
2026-08-07T23:38:54.6658535Z info: Microsoft.EntityFrameworkCore.Database.Command[20101]
2026-08-07T23:38:54.6659002Z       Executed DbCommand (2ms) [Parameters=[], CommandType='Text', CommandTimeout='30']
2026-08-07T23:38:54.6659069Z       SELECT OBJECT_ID(N'[__EFMigrationsHistory]');
2026-08-07T23:38:54.6689520Z info: Microsoft.EntityFrameworkCore.Database.Command[20101]
2026-08-07T23:38:54.6689869Z       Executed DbCommand (2ms) [Parameters=[], CommandType='Text', CommandTimeout='30']
2026-08-07T23:38:54.6689976Z       SELECT [MigrationId], [ProductVersion]
2026-08-07T23:38:54.6690021Z       FROM [__EFMigrationsHistory]
2026-08-07T23:38:54.6694160Z       ORDER BY [MigrationId];
2026-08-07T23:38:54.6717457Z info: Microsoft.EntityFrameworkCore.Database.Command[20101]
2026-08-07T23:38:54.6717868Z       Executed DbCommand (1ms) [Parameters=[], CommandType='Text', CommandTimeout='30']
2026-08-07T23:38:54.6717958Z       SELECT TOP(1) [b].[BankAccountNumber]
2026-08-07T23:38:54.6718012Z       FROM [Beneficiaries] AS [b]
2026-08-07T23:38:54.6718059Z       ORDER BY [b].[Id]
2026-08-07T23:38:54.9071719Z info: Microsoft.EntityFrameworkCore.Database.Command[20101]
2026-08-07T23:38:54.9072692Z       Executed DbCommand (2ms) [Parameters=[], CommandType='Text', CommandTimeout='30']
2026-08-07T23:38:54.9072800Z       SELECT 1
2026-08-07T23:38:54.9089195Z info: Microsoft.EntityFrameworkCore.Database.Command[20101]
2026-08-07T23:38:54.9089666Z       Executed DbCommand (2ms) [Parameters=[], CommandType='Text', CommandTimeout='30']
2026-08-07T23:38:54.9089795Z       SELECT OBJECT_ID(N'[__EFMigrationsHistory]');
2026-08-07T23:38:54.9117624Z info: Microsoft.EntityFrameworkCore.Database.Command[20101]
2026-08-07T23:38:54.9118023Z       Executed DbCommand (2ms) [Parameters=[], CommandType='Text', CommandTimeout='30']
2026-08-07T23:38:54.9118270Z       SELECT [MigrationId], [ProductVersion]
2026-08-07T23:38:54.9118317Z       FROM [__EFMigrationsHistory]
2026-08-07T23:38:54.9118896Z       ORDER BY [MigrationId];
2026-08-07T23:38:54.9138510Z info: Microsoft.EntityFrameworkCore.Database.Command[20101]
2026-08-07T23:38:54.9138825Z       Executed DbCommand (1ms) [Parameters=[], CommandType='Text', CommandTimeout='30']
2026-08-07T23:38:54.9138888Z       SELECT TOP(1) [b].[BankAccountNumber]
2026-08-07T23:38:54.9138966Z       FROM [Beneficiaries] AS [b]
2026-08-07T23:38:54.9139093Z       ORDER BY [b].[Id]
2026-08-07T23:38:55.9867729Z info: Microsoft.EntityFrameworkCore.Database.Command[20101]
2026-08-07T23:38:55.9868328Z       Executed DbCommand (3ms) [Parameters=[], CommandType='Text', CommandTimeout='30']
2026-08-07T23:38:55.9868444Z       SELECT 1
2026-08-07T23:38:55.9884825Z info: Microsoft.EntityFrameworkCore.Database.Command[20101]
2026-08-07T23:38:55.9885390Z       Executed DbCommand (2ms) [Parameters=[], CommandType='Text', CommandTimeout='30']
2026-08-07T23:38:55.9885503Z       SELECT OBJECT_ID(N'[__EFMigrationsHistory]');
2026-08-07T23:38:55.9899624Z info: Microsoft.EntityFrameworkCore.Database.Command[20101]
2026-08-07T23:38:55.9900305Z       Executed DbCommand (2ms) [Parameters=[], CommandType='Text', CommandTimeout='30']
2026-08-07T23:38:55.9900409Z       SELECT [MigrationId], [ProductVersion]
2026-08-07T23:38:55.9900463Z       FROM [__EFMigrationsHistory]
2026-08-07T23:38:55.9907061Z       ORDER BY [MigrationId];
2026-08-07T23:38:55.9929403Z info: Microsoft.EntityFrameworkCore.Database.Command[20101]
2026-08-07T23:38:55.9929735Z       Executed DbCommand (1ms) [Parameters=[], CommandType='Text', CommandTimeout='30']
2026-08-07T23:38:55.9929806Z       SELECT TOP(1) [b].[BankAccountNumber]
2026-08-07T23:38:55.9929844Z       FROM [Beneficiaries] AS [b]
2026-08-07T23:38:55.9929985Z       ORDER BY [b].[Id]
2026-08-07T23:39:01.3795848Z info: Microsoft.EntityFrameworkCore.Database.Command[20101]
2026-08-07T23:39:01.3796589Z       Executed DbCommand (2ms) [Parameters=[], CommandType='Text', CommandTimeout='30']
2026-08-07T23:39:01.3796687Z       SELECT 1
2026-08-07T23:39:01.3815912Z info: Microsoft.EntityFrameworkCore.Database.Command[20101]
2026-08-07T23:39:01.3816466Z       Executed DbCommand (2ms) [Parameters=[], CommandType='Text', CommandTimeout='30']
2026-08-07T23:39:01.3816543Z       SELECT OBJECT_ID(N'[__EFMigrationsHistory]');
2026-08-07T23:39:01.3847515Z info: Microsoft.EntityFrameworkCore.Database.Command[20101]
2026-08-07T23:39:01.3847936Z       Executed DbCommand (2ms) [Parameters=[], CommandType='Text', CommandTimeout='30']
2026-08-07T23:39:01.3848017Z       SELECT [MigrationId], [ProductVersion]
2026-08-07T23:39:01.3848105Z       FROM [__EFMigrationsHistory]
2026-08-07T23:39:01.3848154Z       ORDER BY [MigrationId];
2026-08-07T23:39:01.3877193Z info: Microsoft.EntityFrameworkCore.Database.Command[20101]
2026-08-07T23:39:01.3877618Z       Executed DbCommand (2ms) [Parameters=[], CommandType='Text', CommandTimeout='30']
2026-08-07T23:39:01.3877738Z       SELECT TOP(1) [b].[BankAccountNumber]
2026-08-07T23:39:01.3877784Z       FROM [Beneficiaries] AS [b]
2026-08-07T23:39:01.3877826Z       ORDER BY [b].[Id]
2026-08-07T23:39:02.1365388Z info: Microsoft.EntityFrameworkCore.Database.Command[20101]
2026-08-07T23:39:02.1366183Z       Executed DbCommand (2ms) [Parameters=[], CommandType='Text', CommandTimeout='30']
2026-08-07T23:39:02.1366324Z       SELECT 1
2026-08-07T23:39:02.1384169Z info: Microsoft.EntityFrameworkCore.Database.Command[20101]
2026-08-07T23:39:02.1384626Z       Executed DbCommand (2ms) [Parameters=[], CommandType='Text', CommandTimeout='30']
2026-08-07T23:39:02.1384700Z       SELECT OBJECT_ID(N'[__EFMigrationsHistory]');
2026-08-07T23:39:02.1409759Z info: Microsoft.EntityFrameworkCore.Database.Command[20101]
2026-08-07T23:39:02.1410166Z       Executed DbCommand (1ms) [Parameters=[], CommandType='Text', CommandTimeout='30']
2026-08-07T23:39:02.1410251Z       SELECT [MigrationId], [ProductVersion]
2026-08-07T23:39:02.1410295Z       FROM [__EFMigrationsHistory]
2026-08-07T23:39:02.1410338Z       ORDER BY [MigrationId];
2026-08-07T23:39:02.1432532Z info: Microsoft.EntityFrameworkCore.Database.Command[20101]
2026-08-07T23:39:02.1432880Z       Executed DbCommand (1ms) [Parameters=[], CommandType='Text', CommandTimeout='30']
2026-08-07T23:39:02.1434024Z       SELECT TOP(1) [b].[BankAccountNumber]
2026-08-07T23:39:02.1434075Z       FROM [Beneficiaries] AS [b]
2026-08-07T23:39:02.1434118Z       ORDER BY [b].[Id]
2026-08-07T23:39:03.0686027Z info: Microsoft.EntityFrameworkCore.Database.Command[20101]
2026-08-07T23:39:03.0687138Z       Executed DbCommand (2ms) [Parameters=[], CommandType='Text', CommandTimeout='30']
2026-08-07T23:39:03.0687256Z       SELECT 1
2026-08-07T23:39:03.0703791Z info: Microsoft.EntityFrameworkCore.Database.Command[20101]
2026-08-07T23:39:03.0706000Z       Executed DbCommand (2ms) [Parameters=[], CommandType='Text', CommandTimeout='30']
2026-08-07T23:39:03.0706129Z       SELECT OBJECT_ID(N'[__EFMigrationsHistory]');
2026-08-07T23:39:03.0734228Z info: Microsoft.EntityFrameworkCore.Database.Command[20101]
2026-08-07T23:39:03.0734708Z       Executed DbCommand (1ms) [Parameters=[], CommandType='Text', CommandTimeout='30']
2026-08-07T23:39:03.0734841Z       SELECT [MigrationId], [ProductVersion]
2026-08-07T23:39:03.0734884Z       FROM [__EFMigrationsHistory]
2026-08-07T23:39:03.0734923Z       ORDER BY [MigrationId];
2026-08-07T23:39:03.0747513Z info: Microsoft.EntityFrameworkCore.Database.Command[20101]
2026-08-07T23:39:03.0747860Z       Executed DbCommand (1ms) [Parameters=[], CommandType='Text', CommandTimeout='30']
2026-08-07T23:39:03.0748142Z       SELECT TOP(1) [b].[BankAccountNumber]
2026-08-07T23:39:03.0748186Z       FROM [Beneficiaries] AS [b]
2026-08-07T23:39:03.0748224Z       ORDER BY [b].[Id]
2026-08-07T23:39:03.2688250Z info: Microsoft.EntityFrameworkCore.Database.Command[20101]
2026-08-07T23:39:03.2689095Z       Executed DbCommand (2ms) [Parameters=[], CommandType='Text', CommandTimeout='30']
2026-08-07T23:39:03.2689176Z       SELECT 1
2026-08-07T23:39:03.2714731Z info: Microsoft.EntityFrameworkCore.Database.Command[20101]
2026-08-07T23:39:03.2715245Z       Executed DbCommand (2ms) [Parameters=[], CommandType='Text', CommandTimeout='30']
2026-08-07T23:39:03.2715327Z       SELECT OBJECT_ID(N'[__EFMigrationsHistory]');
2026-08-07T23:39:03.2732867Z info: Microsoft.EntityFrameworkCore.Database.Command[20101]
2026-08-07T23:39:03.2733278Z       Executed DbCommand (2ms) [Parameters=[], CommandType='Text', CommandTimeout='30']
2026-08-07T23:39:03.2733354Z       SELECT [MigrationId], [ProductVersion]
2026-08-07T23:39:03.2733403Z       FROM [__EFMigrationsHistory]
2026-08-07T23:39:03.2733490Z       ORDER BY [MigrationId];
2026-08-07T23:39:03.2745375Z info: Microsoft.EntityFrameworkCore.Database.Command[20101]
2026-08-07T23:39:03.2745693Z       Executed DbCommand (1ms) [Parameters=[], CommandType='Text', CommandTimeout='30']
2026-08-07T23:39:03.2745756Z       SELECT TOP(1) [b].[BankAccountNumber]
2026-08-07T23:39:03.2745796Z       FROM [Beneficiaries] AS [b]
2026-08-07T23:39:03.2745948Z       ORDER BY [b].[Id]
2026-08-07T23:39:18.1667552Z info: Microsoft.EntityFrameworkCore.Database.Command[20101]
2026-08-07T23:39:18.1668644Z       Executed DbCommand (2ms) [Parameters=[], CommandType='Text', CommandTimeout='30']
2026-08-07T23:39:18.1668770Z       SELECT 1
2026-08-07T23:39:18.1695807Z info: Microsoft.EntityFrameworkCore.Database.Command[20101]
2026-08-07T23:39:18.1696356Z       Executed DbCommand (2ms) [Parameters=[], CommandType='Text', CommandTimeout='30']
2026-08-07T23:39:18.1696492Z       SELECT OBJECT_ID(N'[__EFMigrationsHistory]');
2026-08-07T23:39:18.1713825Z info: Microsoft.EntityFrameworkCore.Database.Command[20101]
2026-08-07T23:39:18.1714227Z       Executed DbCommand (1ms) [Parameters=[], CommandType='Text', CommandTimeout='30']
2026-08-07T23:39:18.1714306Z       SELECT [MigrationId], [ProductVersion]
2026-08-07T23:39:18.1714391Z       FROM [__EFMigrationsHistory]
2026-08-07T23:39:18.1714433Z       ORDER BY [MigrationId];
2026-08-07T23:39:18.1729094Z info: Microsoft.EntityFrameworkCore.Database.Command[20101]
2026-08-07T23:39:18.1729435Z       Executed DbCommand (1ms) [Parameters=[], CommandType='Text', CommandTimeout='30']
2026-08-07T23:39:18.1729503Z       SELECT TOP(1) [b].[BankAccountNumber]
2026-08-07T23:39:18.1729594Z       FROM [Beneficiaries] AS [b]
2026-08-07T23:39:18.1729630Z       ORDER BY [b].[Id]
2026-08-07T23:39:19.2919559Z info: Microsoft.EntityFrameworkCore.Database.Command[20101]
2026-08-07T23:39:19.2920382Z       Executed DbCommand (2ms) [Parameters=[], CommandType='Text', CommandTimeout='30']
2026-08-07T23:39:19.2920682Z       SELECT 1
2026-08-07T23:39:19.2952231Z info: Microsoft.EntityFrameworkCore.Database.Command[20101]
2026-08-07T23:39:19.2952787Z       Executed DbCommand (2ms) [Parameters=[], CommandType='Text', CommandTimeout='30']
2026-08-07T23:39:19.2952904Z       SELECT OBJECT_ID(N'[__EFMigrationsHistory]');
2026-08-07T23:39:19.2968363Z info: Microsoft.EntityFrameworkCore.Database.Command[20101]
2026-08-07T23:39:19.2968775Z       Executed DbCommand (2ms) [Parameters=[], CommandType='Text', CommandTimeout='30']
2026-08-07T23:39:19.2968863Z       SELECT [MigrationId], [ProductVersion]
2026-08-07T23:39:19.2968916Z       FROM [__EFMigrationsHistory]
2026-08-07T23:39:19.2968968Z       ORDER BY [MigrationId];
2026-08-07T23:39:19.2987188Z info: Microsoft.EntityFrameworkCore.Database.Command[20101]
2026-08-07T23:39:19.2987529Z       Executed DbCommand (1ms) [Parameters=[], CommandType='Text', CommandTimeout='30']
2026-08-07T23:39:19.2987592Z       SELECT TOP(1) [b].[BankAccountNumber]
2026-08-07T23:39:19.2987638Z       FROM [Beneficiaries] AS [b]
2026-08-07T23:39:19.2987685Z       ORDER BY [b].[Id]
2026-08-07T23:39:22.1013556Z info: Microsoft.EntityFrameworkCore.Database.Command[20101]
2026-08-07T23:39:22.1014298Z       Executed DbCommand (2ms) [Parameters=[], CommandType='Text', CommandTimeout='30']
2026-08-07T23:39:22.1014410Z       SELECT 1
2026-08-07T23:39:22.1038698Z info: Microsoft.EntityFrameworkCore.Database.Command[20101]
2026-08-07T23:39:22.1039340Z       Executed DbCommand (2ms) [Parameters=[], CommandType='Text', CommandTimeout='30']
2026-08-07T23:39:22.1039417Z       SELECT OBJECT_ID(N'[__EFMigrationsHistory]');
2026-08-07T23:39:22.1055335Z info: Microsoft.EntityFrameworkCore.Database.Command[20101]
2026-08-07T23:39:22.1055783Z       Executed DbCommand (2ms) [Parameters=[], CommandType='Text', CommandTimeout='30']
2026-08-07T23:39:22.1055901Z       SELECT [MigrationId], [ProductVersion]
2026-08-07T23:39:22.1055945Z       FROM [__EFMigrationsHistory]
2026-08-07T23:39:22.1055982Z       ORDER BY [MigrationId];
2026-08-07T23:39:22.1072431Z info: Microsoft.EntityFrameworkCore.Database.Command[20101]
2026-08-07T23:39:22.1072779Z       Executed DbCommand (1ms) [Parameters=[], CommandType='Text', CommandTimeout='30']
2026-08-07T23:39:22.1072900Z       SELECT TOP(1) [b].[BankAccountNumber]
2026-08-07T23:39:22.1072954Z       FROM [Beneficiaries] AS [b]
2026-08-07T23:39:22.1072993Z       ORDER BY [b].[Id]
2026-08-07T23:39:25.4417349Z info: Microsoft.EntityFrameworkCore.Database.Command[20101]
2026-08-07T23:39:25.4418188Z       Executed DbCommand (2ms) [Parameters=[], CommandType='Text', CommandTimeout='30']
2026-08-07T23:39:25.4418290Z       SELECT 1
2026-08-07T23:39:25.4448904Z info: Microsoft.EntityFrameworkCore.Database.Command[20101]
2026-08-07T23:39:25.4449579Z       Executed DbCommand (2ms) [Parameters=[], CommandType='Text', CommandTimeout='30']
2026-08-07T23:39:25.4449675Z       SELECT OBJECT_ID(N'[__EFMigrationsHistory]');
2026-08-07T23:39:25.4470937Z info: Microsoft.EntityFrameworkCore.Database.Command[20101]
2026-08-07T23:39:25.4471374Z       Executed DbCommand (2ms) [Parameters=[], CommandType='Text', CommandTimeout='30']
2026-08-07T23:39:25.4471452Z       SELECT [MigrationId], [ProductVersion]
2026-08-07T23:39:25.4471494Z       FROM [__EFMigrationsHistory]
2026-08-07T23:39:25.4471581Z       ORDER BY [MigrationId];
2026-08-07T23:39:25.4486388Z info: Microsoft.EntityFrameworkCore.Database.Command[20101]
2026-08-07T23:39:25.4486940Z       Executed DbCommand (2ms) [Parameters=[], CommandType='Text', CommandTimeout='30']
2026-08-07T23:39:25.4487020Z       SELECT TOP(1) [b].[BankAccountNumber]
2026-08-07T23:39:25.4487068Z       FROM [Beneficiaries] AS [b]
2026-08-07T23:39:25.4487150Z       ORDER BY [b].[Id]
2026-08-07T23:39:28.2585847Z info: Microsoft.EntityFrameworkCore.Database.Command[20101]
2026-08-07T23:39:28.2586665Z       Executed DbCommand (2ms) [Parameters=[], CommandType='Text', CommandTimeout='30']
2026-08-07T23:39:28.2586770Z       SELECT 1
2026-08-07T23:39:28.2602206Z info: Microsoft.EntityFrameworkCore.Database.Command[20101]
2026-08-07T23:39:28.2602682Z       Executed DbCommand (2ms) [Parameters=[], CommandType='Text', CommandTimeout='30']
2026-08-07T23:39:28.2602771Z       SELECT OBJECT_ID(N'[__EFMigrationsHistory]');
2026-08-07T23:39:28.2633919Z info: Microsoft.EntityFrameworkCore.Database.Command[20101]
2026-08-07T23:39:28.2634455Z       Executed DbCommand (2ms) [Parameters=[], CommandType='Text', CommandTimeout='30']
2026-08-07T23:39:28.2634595Z       SELECT [MigrationId], [ProductVersion]
2026-08-07T23:39:28.2634649Z       FROM [__EFMigrationsHistory]
2026-08-07T23:39:28.2634701Z       ORDER BY [MigrationId];
2026-08-07T23:39:28.2646137Z info: Microsoft.EntityFrameworkCore.Database.Command[20101]
2026-08-07T23:39:28.2646464Z       Executed DbCommand (1ms) [Parameters=[], CommandType='Text', CommandTimeout='30']
2026-08-07T23:39:28.2646575Z       SELECT TOP(1) [b].[BankAccountNumber]
2026-08-07T23:39:28.2646621Z       FROM [Beneficiaries] AS [b]
2026-08-07T23:39:28.2646925Z       ORDER BY [b].[Id]
2026-08-07T23:39:31.0561654Z info: Microsoft.EntityFrameworkCore.Database.Command[20101]
2026-08-07T23:39:31.0562638Z       Executed DbCommand (2ms) [Parameters=[], CommandType='Text', CommandTimeout='30']
2026-08-07T23:39:31.0562756Z       SELECT 1
2026-08-07T23:39:31.0578771Z info: Microsoft.EntityFrameworkCore.Database.Command[20101]
2026-08-07T23:39:31.0579319Z       Executed DbCommand (2ms) [Parameters=[], CommandType='Text', CommandTimeout='30']
2026-08-07T23:39:31.0579409Z       SELECT OBJECT_ID(N'[__EFMigrationsHistory]');
2026-08-07T23:39:31.0604599Z info: Microsoft.EntityFrameworkCore.Database.Command[20101]
2026-08-07T23:39:31.0605047Z       Executed DbCommand (1ms) [Parameters=[], CommandType='Text', CommandTimeout='30']
2026-08-07T23:39:31.0605127Z       SELECT [MigrationId], [ProductVersion]
2026-08-07T23:39:31.0605173Z       FROM [__EFMigrationsHistory]
2026-08-07T23:39:31.0605255Z       ORDER BY [MigrationId];
2026-08-07T23:39:31.0625634Z info: Microsoft.EntityFrameworkCore.Database.Command[20101]
2026-08-07T23:39:31.0625969Z       Executed DbCommand (1ms) [Parameters=[], CommandType='Text', CommandTimeout='30']
2026-08-07T23:39:31.0626047Z       SELECT TOP(1) [b].[BankAccountNumber]
2026-08-07T23:39:31.0626094Z       FROM [Beneficiaries] AS [b]
2026-08-07T23:39:31.0626176Z       ORDER BY [b].[Id]
2026-08-07T23:39:32.0973048Z info: Microsoft.EntityFrameworkCore.Database.Command[20101]
2026-08-07T23:39:32.0973822Z       Executed DbCommand (2ms) [Parameters=[], CommandType='Text', CommandTimeout='30']
2026-08-07T23:39:32.0973933Z       SELECT 1
2026-08-07T23:39:32.0988471Z info: Microsoft.EntityFrameworkCore.Database.Command[20101]
2026-08-07T23:39:32.0988905Z       Executed DbCommand (2ms) [Parameters=[], CommandType='Text', CommandTimeout='30']
2026-08-07T23:39:32.0988982Z       SELECT OBJECT_ID(N'[__EFMigrationsHistory]');
2026-08-07T23:39:32.1016159Z info: Microsoft.EntityFrameworkCore.Database.Command[20101]
2026-08-07T23:39:32.1016506Z       Executed DbCommand (1ms) [Parameters=[], CommandType='Text', CommandTimeout='30']
2026-08-07T23:39:32.1016619Z       SELECT [MigrationId], [ProductVersion]
2026-08-07T23:39:32.1016661Z       FROM [__EFMigrationsHistory]
2026-08-07T23:39:32.1022043Z       ORDER BY [MigrationId];
2026-08-07T23:39:32.1032553Z info: Microsoft.EntityFrameworkCore.Database.Command[20101]
2026-08-07T23:39:32.1032887Z       Executed DbCommand (1ms) [Parameters=[], CommandType='Text', CommandTimeout='30']
2026-08-07T23:39:32.1032969Z       SELECT TOP(1) [b].[BankAccountNumber]
2026-08-07T23:39:32.1033014Z       FROM [Beneficiaries] AS [b]
2026-08-07T23:39:32.1033234Z       ORDER BY [b].[Id]
2026-08-07T23:39:33.4587358Z info: Microsoft.EntityFrameworkCore.Database.Command[20101]
2026-08-07T23:39:33.4588219Z       Executed DbCommand (2ms) [Parameters=[], CommandType='Text', CommandTimeout='30']
2026-08-07T23:39:33.4588330Z       SELECT 1
2026-08-07T23:39:33.4607946Z info: Microsoft.EntityFrameworkCore.Database.Command[20101]
2026-08-07T23:39:33.4608611Z       Executed DbCommand (2ms) [Parameters=[], CommandType='Text', CommandTimeout='30']
2026-08-07T23:39:33.4608776Z       SELECT OBJECT_ID(N'[__EFMigrationsHistory]');
2026-08-07T23:39:33.4639428Z info: Microsoft.EntityFrameworkCore.Database.Command[20101]
2026-08-07T23:39:33.4640036Z       Executed DbCommand (1ms) [Parameters=[], CommandType='Text', CommandTimeout='30']
2026-08-07T23:39:33.4640138Z       SELECT [MigrationId], [ProductVersion]
2026-08-07T23:39:33.4640202Z       FROM [__EFMigrationsHistory]
2026-08-07T23:39:33.4640311Z       ORDER BY [MigrationId];
2026-08-07T23:39:33.4652700Z info: Microsoft.EntityFrameworkCore.Database.Command[20101]
2026-08-07T23:39:33.4653005Z       Executed DbCommand (1ms) [Parameters=[], CommandType='Text', CommandTimeout='30']
2026-08-07T23:39:33.4653078Z       SELECT TOP(1) [b].[BankAccountNumber]
2026-08-07T23:39:33.4653125Z       FROM [Beneficiaries] AS [b]
2026-08-07T23:39:33.4657710Z       ORDER BY [b].[Id]
2026-08-07T23:39:33.8685575Z info: Microsoft.EntityFrameworkCore.Database.Command[20101]
2026-08-07T23:39:33.8686583Z       Executed DbCommand (2ms) [Parameters=[], CommandType='Text', CommandTimeout='30']
2026-08-07T23:39:33.8686955Z       SELECT 1
2026-08-07T23:39:33.8702659Z info: Microsoft.EntityFrameworkCore.Database.Command[20101]
2026-08-07T23:39:33.8703246Z       Executed DbCommand (2ms) [Parameters=[], CommandType='Text', CommandTimeout='30']
2026-08-07T23:39:33.8703355Z       SELECT OBJECT_ID(N'[__EFMigrationsHistory]');
2026-08-07T23:39:33.8733105Z info: Microsoft.EntityFrameworkCore.Database.Command[20101]
2026-08-07T23:39:33.8733649Z       Executed DbCommand (1ms) [Parameters=[], CommandType='Text', CommandTimeout='30']
2026-08-07T23:39:33.8733728Z       SELECT [MigrationId], [ProductVersion]
2026-08-07T23:39:33.8733773Z       FROM [__EFMigrationsHistory]
2026-08-07T23:39:33.8733816Z       ORDER BY [MigrationId];
2026-08-07T23:39:33.8746697Z info: Microsoft.EntityFrameworkCore.Database.Command[20101]
2026-08-07T23:39:33.8747057Z       Executed DbCommand (1ms) [Parameters=[], CommandType='Text', CommandTimeout='30']
2026-08-07T23:39:33.8747130Z       SELECT TOP(1) [b].[BankAccountNumber]
2026-08-07T23:39:33.8747176Z       FROM [Beneficiaries] AS [b]
2026-08-07T23:39:33.8747223Z       ORDER BY [b].[Id]
2026-08-07T23:39:35.5542423Z info: Microsoft.EntityFrameworkCore.Database.Command[20101]
2026-08-07T23:39:35.5543229Z       Executed DbCommand (2ms) [Parameters=[], CommandType='Text', CommandTimeout='30']
2026-08-07T23:39:35.5543338Z       SELECT 1
2026-08-07T23:39:35.5567373Z info: Microsoft.EntityFrameworkCore.Database.Command[20101]
2026-08-07T23:39:35.5567895Z       Executed DbCommand (2ms) [Parameters=[], CommandType='Text', CommandTimeout='30']
2026-08-07T23:39:35.5568028Z       SELECT OBJECT_ID(N'[__EFMigrationsHistory]');
2026-08-07T23:39:35.5595280Z info: Microsoft.EntityFrameworkCore.Database.Command[20101]
2026-08-07T23:39:35.5595652Z       Executed DbCommand (2ms) [Parameters=[], CommandType='Text', CommandTimeout='30']
2026-08-07T23:39:35.5595737Z       SELECT [MigrationId], [ProductVersion]
2026-08-07T23:39:35.5595820Z       FROM [__EFMigrationsHistory]
2026-08-07T23:39:35.5596540Z       ORDER BY [MigrationId];
2026-08-07T23:39:35.5620369Z info: Microsoft.EntityFrameworkCore.Database.Command[20101]
2026-08-07T23:39:35.5620692Z       Executed DbCommand (1ms) [Parameters=[], CommandType='Text', CommandTimeout='30']
2026-08-07T23:39:35.5620910Z       SELECT TOP(1) [b].[BankAccountNumber]
2026-08-07T23:39:35.5620960Z       FROM [Beneficiaries] AS [b]
2026-08-07T23:39:35.5620998Z       ORDER BY [b].[Id]
2026-08-07T23:39:47.6727746Z info: Microsoft.EntityFrameworkCore.Database.Command[20101]
2026-08-07T23:39:47.6728568Z       Executed DbCommand (2ms) [Parameters=[], CommandType='Text', CommandTimeout='30']
2026-08-07T23:39:47.6728791Z       SELECT 1
2026-08-07T23:39:47.6746389Z info: Microsoft.EntityFrameworkCore.Database.Command[20101]
2026-08-07T23:39:47.6746802Z       Executed DbCommand (2ms) [Parameters=[], CommandType='Text', CommandTimeout='30']
2026-08-07T23:39:47.6746967Z       SELECT OBJECT_ID(N'[__EFMigrationsHistory]');
2026-08-07T23:39:47.6774636Z info: Microsoft.EntityFrameworkCore.Database.Command[20101]
2026-08-07T23:39:47.6774981Z       Executed DbCommand (2ms) [Parameters=[], CommandType='Text', CommandTimeout='30']
2026-08-07T23:39:47.6775048Z       SELECT [MigrationId], [ProductVersion]
2026-08-07T23:39:47.6775088Z       FROM [__EFMigrationsHistory]
2026-08-07T23:39:47.6781241Z       ORDER BY [MigrationId];
2026-08-07T23:39:47.6793543Z info: Microsoft.EntityFrameworkCore.Database.Command[20101]
2026-08-07T23:39:47.6793826Z       Executed DbCommand (2ms) [Parameters=[], CommandType='Text', CommandTimeout='30']
2026-08-07T23:39:47.6793970Z       SELECT TOP(1) [b].[BankAccountNumber]
2026-08-07T23:39:47.6794014Z       FROM [Beneficiaries] AS [b]
2026-08-07T23:39:47.6794103Z       ORDER BY [b].[Id]
2026-08-07T23:39:52.1722878Z info: Microsoft.EntityFrameworkCore.Database.Command[20101]
2026-08-07T23:39:52.1723564Z       Executed DbCommand (2ms) [Parameters=[], CommandType='Text', CommandTimeout='30']
2026-08-07T23:39:52.1723666Z       SELECT 1
2026-08-07T23:39:52.1750407Z info: Microsoft.EntityFrameworkCore.Database.Command[20101]
2026-08-07T23:39:52.1751816Z       Executed DbCommand (2ms) [Parameters=[], CommandType='Text', CommandTimeout='30']
2026-08-07T23:39:52.1751937Z       SELECT OBJECT_ID(N'[__EFMigrationsHistory]');
2026-08-07T23:39:52.1767690Z info: Microsoft.EntityFrameworkCore.Database.Command[20101]
2026-08-07T23:39:52.1768088Z       Executed DbCommand (2ms) [Parameters=[], CommandType='Text', CommandTimeout='30']
2026-08-07T23:39:52.1768232Z       SELECT [MigrationId], [ProductVersion]
2026-08-07T23:39:52.1768409Z       FROM [__EFMigrationsHistory]
2026-08-07T23:39:52.1768449Z       ORDER BY [MigrationId];
2026-08-07T23:39:52.1789286Z info: Microsoft.EntityFrameworkCore.Database.Command[20101]
2026-08-07T23:39:52.1789607Z       Executed DbCommand (1ms) [Parameters=[], CommandType='Text', CommandTimeout='30']
2026-08-07T23:39:52.1789717Z       SELECT TOP(1) [b].[BankAccountNumber]
2026-08-07T23:39:52.1789755Z       FROM [Beneficiaries] AS [b]
2026-08-07T23:39:52.1789794Z       ORDER BY [b].[Id]
2026-08-07T23:39:53.5920992Z info: Microsoft.EntityFrameworkCore.Database.Command[20101]
2026-08-07T23:39:53.5932732Z       Executed DbCommand (2ms) [Parameters=[], CommandType='Text', CommandTimeout='30']
2026-08-07T23:39:53.5932862Z       SELECT 1
2026-08-07T23:39:53.5938692Z info: Microsoft.EntityFrameworkCore.Database.Command[20101]
2026-08-07T23:39:53.5939191Z       Executed DbCommand (2ms) [Parameters=[], CommandType='Text', CommandTimeout='30']
2026-08-07T23:39:53.5939264Z       SELECT OBJECT_ID(N'[__EFMigrationsHistory]');
2026-08-07T23:39:53.5969957Z info: Microsoft.EntityFrameworkCore.Database.Command[20101]
2026-08-07T23:39:53.5970401Z       Executed DbCommand (1ms) [Parameters=[], CommandType='Text', CommandTimeout='30']
2026-08-07T23:39:53.5970486Z       SELECT [MigrationId], [ProductVersion]
2026-08-07T23:39:53.5970532Z       FROM [__EFMigrationsHistory]
2026-08-07T23:39:53.5970614Z       ORDER BY [MigrationId];
2026-08-07T23:39:53.5984048Z info: Microsoft.EntityFrameworkCore.Database.Command[20101]
2026-08-07T23:39:53.5991494Z       Executed DbCommand (1ms) [Parameters=[], CommandType='Text', CommandTimeout='30']
2026-08-07T23:39:53.5991660Z       SELECT TOP(1) [b].[BankAccountNumber]
2026-08-07T23:39:53.5991706Z       FROM [Beneficiaries] AS [b]
2026-08-07T23:39:53.5991791Z       ORDER BY [b].[Id]
2026-08-07T23:39:58.3558510Z info: Microsoft.EntityFrameworkCore.Database.Command[20101]
2026-08-07T23:39:58.3559267Z       Executed DbCommand (2ms) [Parameters=[], CommandType='Text', CommandTimeout='30']
2026-08-07T23:39:58.3559385Z       SELECT 1
2026-08-07T23:39:58.3574414Z info: Microsoft.EntityFrameworkCore.Database.Command[20101]
2026-08-07T23:39:58.3575634Z       Executed DbCommand (2ms) [Parameters=[], CommandType='Text', CommandTimeout='30']
2026-08-07T23:39:58.3575746Z       SELECT OBJECT_ID(N'[__EFMigrationsHistory]');
2026-08-07T23:39:58.3599888Z info: Microsoft.EntityFrameworkCore.Database.Command[20101]
2026-08-07T23:39:58.3600286Z       Executed DbCommand (1ms) [Parameters=[], CommandType='Text', CommandTimeout='30']
2026-08-07T23:39:58.3600406Z       SELECT [MigrationId], [ProductVersion]
2026-08-07T23:39:58.3600457Z       FROM [__EFMigrationsHistory]
2026-08-07T23:39:58.3605066Z       ORDER BY [MigrationId];
2026-08-07T23:39:58.3630618Z info: Microsoft.EntityFrameworkCore.Database.Command[20101]
2026-08-07T23:39:58.3631011Z       Executed DbCommand (2ms) [Parameters=[], CommandType='Text', CommandTimeout='30']
2026-08-07T23:39:58.3631090Z       SELECT TOP(1) [b].[BankAccountNumber]
2026-08-07T23:39:58.3631141Z       FROM [Beneficiaries] AS [b]
2026-08-07T23:39:58.3631192Z       ORDER BY [b].[Id]
2026-08-07T23:39:59.2919974Z info: Microsoft.EntityFrameworkCore.Database.Command[20101]
2026-08-07T23:39:59.2920851Z       Executed DbCommand (2ms) [Parameters=[], CommandType='Text', CommandTimeout='30']
2026-08-07T23:39:59.2920985Z       SELECT 1
2026-08-07T23:39:59.2939599Z info: Microsoft.EntityFrameworkCore.Database.Command[20101]
2026-08-07T23:39:59.2940230Z       Executed DbCommand (2ms) [Parameters=[], CommandType='Text', CommandTimeout='30']
2026-08-07T23:39:59.2940364Z       SELECT OBJECT_ID(N'[__EFMigrationsHistory]');
2026-08-07T23:39:59.2970735Z info: Microsoft.EntityFrameworkCore.Database.Command[20101]
2026-08-07T23:39:59.2971094Z       Executed DbCommand (2ms) [Parameters=[], CommandType='Text', CommandTimeout='30']
2026-08-07T23:39:59.2971259Z       SELECT [MigrationId], [ProductVersion]
2026-08-07T23:39:59.2971313Z       FROM [__EFMigrationsHistory]
2026-08-07T23:39:59.2971403Z       ORDER BY [MigrationId];
2026-08-07T23:39:59.2986145Z info: Microsoft.EntityFrameworkCore.Database.Command[20101]
2026-08-07T23:39:59.2986519Z       Executed DbCommand (1ms) [Parameters=[], CommandType='Text', CommandTimeout='30']
2026-08-07T23:39:59.2986592Z       SELECT TOP(1) [b].[BankAccountNumber]
2026-08-07T23:39:59.2986832Z       FROM [Beneficiaries] AS [b]
2026-08-07T23:39:59.2986924Z       ORDER BY [b].[Id]
2026-08-07T23:40:01.6044382Z info: Microsoft.EntityFrameworkCore.Database.Command[20101]
2026-08-07T23:40:01.6045226Z       Executed DbCommand (3ms) [Parameters=[], CommandType='Text', CommandTimeout='30']
2026-08-07T23:40:01.6045343Z       SELECT 1
2026-08-07T23:40:01.6077579Z info: Microsoft.EntityFrameworkCore.Database.Command[20101]
2026-08-07T23:40:01.6079195Z       Executed DbCommand (2ms) [Parameters=[], CommandType='Text', CommandTimeout='30']
2026-08-07T23:40:01.6079330Z       SELECT OBJECT_ID(N'[__EFMigrationsHistory]');
2026-08-07T23:40:01.6096784Z info: Microsoft.EntityFrameworkCore.Database.Command[20101]
2026-08-07T23:40:01.6098350Z       Executed DbCommand (2ms) [Parameters=[], CommandType='Text', CommandTimeout='30']
2026-08-07T23:40:01.6098475Z       SELECT [MigrationId], [ProductVersion]
2026-08-07T23:40:01.6098523Z       FROM [__EFMigrationsHistory]
2026-08-07T23:40:01.6098570Z       ORDER BY [MigrationId];
2026-08-07T23:40:01.6110127Z info: Microsoft.EntityFrameworkCore.Database.Command[20101]
2026-08-07T23:40:01.6110542Z       Executed DbCommand (1ms) [Parameters=[], CommandType='Text', CommandTimeout='30']
2026-08-07T23:40:01.6110613Z       SELECT TOP(1) [b].[BankAccountNumber]
2026-08-07T23:40:01.6110653Z       FROM [Beneficiaries] AS [b]
2026-08-07T23:40:01.6110688Z       ORDER BY [b].[Id]
2026-08-07T23:40:02.1662580Z info: Microsoft.EntityFrameworkCore.Database.Command[20101]
2026-08-07T23:40:02.1663536Z       Executed DbCommand (2ms) [Parameters=[], CommandType='Text', CommandTimeout='30']
2026-08-07T23:40:02.1666159Z       SELECT 1
2026-08-07T23:40:02.1681063Z info: Microsoft.EntityFrameworkCore.Database.Command[20101]
2026-08-07T23:40:02.1681567Z       Executed DbCommand (2ms) [Parameters=[], CommandType='Text', CommandTimeout='30']
2026-08-07T23:40:02.1681724Z       SELECT OBJECT_ID(N'[__EFMigrationsHistory]');
2026-08-07T23:40:02.1709744Z info: Microsoft.EntityFrameworkCore.Database.Command[20101]
2026-08-07T23:40:02.1710206Z       Executed DbCommand (1ms) [Parameters=[], CommandType='Text', CommandTimeout='30']
2026-08-07T23:40:02.1710292Z       SELECT [MigrationId], [ProductVersion]
2026-08-07T23:40:02.1710385Z       FROM [__EFMigrationsHistory]
2026-08-07T23:40:02.1710427Z       ORDER BY [MigrationId];
2026-08-07T23:40:02.1726501Z info: Microsoft.EntityFrameworkCore.Database.Command[20101]
2026-08-07T23:40:02.1727210Z       Executed DbCommand (1ms) [Parameters=[], CommandType='Text', CommandTimeout='30']
2026-08-07T23:40:02.1727300Z       SELECT TOP(1) [b].[BankAccountNumber]
2026-08-07T23:40:02.1727390Z       FROM [Beneficiaries] AS [b]
2026-08-07T23:40:02.1727430Z       ORDER BY [b].[Id]
2026-08-07T23:40:06.3532884Z info: Microsoft.EntityFrameworkCore.Database.Command[20101]
2026-08-07T23:40:06.3535223Z       Executed DbCommand (2ms) [Parameters=[], CommandType='Text', CommandTimeout='30']
2026-08-07T23:40:06.3535415Z       SELECT 1
2026-08-07T23:40:06.3558843Z info: Microsoft.EntityFrameworkCore.Database.Command[20101]
2026-08-07T23:40:06.3559366Z       Executed DbCommand (2ms) [Parameters=[], CommandType='Text', CommandTimeout='30']
2026-08-07T23:40:06.3559457Z       SELECT OBJECT_ID(N'[__EFMigrationsHistory]');
2026-08-07T23:40:06.3573046Z info: Microsoft.EntityFrameworkCore.Database.Command[20101]
2026-08-07T23:40:06.3573430Z       Executed DbCommand (1ms) [Parameters=[], CommandType='Text', CommandTimeout='30']
2026-08-07T23:40:06.3573502Z       SELECT [MigrationId], [ProductVersion]
2026-08-07T23:40:06.3573543Z       FROM [__EFMigrationsHistory]
2026-08-07T23:40:06.3573584Z       ORDER BY [MigrationId];
2026-08-07T23:40:06.3592664Z info: Microsoft.EntityFrameworkCore.Database.Command[20101]
2026-08-07T23:40:06.3592982Z       Executed DbCommand (1ms) [Parameters=[], CommandType='Text', CommandTimeout='30']
2026-08-07T23:40:06.3593055Z       SELECT TOP(1) [b].[BankAccountNumber]
2026-08-07T23:40:06.3593095Z       FROM [Beneficiaries] AS [b]
2026-08-07T23:40:06.3593301Z       ORDER BY [b].[Id]
2026-08-07T23:40:10.6439205Z info: Microsoft.EntityFrameworkCore.Database.Command[20101]
2026-08-07T23:40:10.6439984Z       Executed DbCommand (2ms) [Parameters=[], CommandType='Text', CommandTimeout='30']
2026-08-07T23:40:10.6440111Z       SELECT 1
2026-08-07T23:40:10.6455489Z info: Microsoft.EntityFrameworkCore.Database.Command[20101]
2026-08-07T23:40:10.6456008Z       Executed DbCommand (2ms) [Parameters=[], CommandType='Text', CommandTimeout='30']
2026-08-07T23:40:10.6456093Z       SELECT OBJECT_ID(N'[__EFMigrationsHistory]');
2026-08-07T23:40:10.6484031Z info: Microsoft.EntityFrameworkCore.Database.Command[20101]
2026-08-07T23:40:10.6484368Z       Executed DbCommand (2ms) [Parameters=[], CommandType='Text', CommandTimeout='30']
2026-08-07T23:40:10.6484486Z       SELECT [MigrationId], [ProductVersion]
2026-08-07T23:40:10.6484529Z       FROM [__EFMigrationsHistory]
2026-08-07T23:40:10.6487116Z       ORDER BY [MigrationId];
2026-08-07T23:40:10.6502392Z info: Microsoft.EntityFrameworkCore.Database.Command[20101]
2026-08-07T23:40:10.6502772Z       Executed DbCommand (1ms) [Parameters=[], CommandType='Text', CommandTimeout='30']
2026-08-07T23:40:10.6502840Z       SELECT TOP(1) [b].[BankAccountNumber]
2026-08-07T23:40:10.6502880Z       FROM [Beneficiaries] AS [b]
2026-08-07T23:40:10.6502920Z       ORDER BY [b].[Id]
2026-08-07T23:40:14.4138667Z info: Microsoft.EntityFrameworkCore.Database.Command[20101]
2026-08-07T23:40:14.4141449Z       Executed DbCommand (3ms) [Parameters=[], CommandType='Text', CommandTimeout='30']
2026-08-07T23:40:14.4141585Z       SELECT 1
2026-08-07T23:40:14.4168872Z info: Microsoft.EntityFrameworkCore.Database.Command[20101]
2026-08-07T23:40:14.4169451Z       Executed DbCommand (2ms) [Parameters=[], CommandType='Text', CommandTimeout='30']
2026-08-07T23:40:14.4169605Z       SELECT OBJECT_ID(N'[__EFMigrationsHistory]');
2026-08-07T23:40:14.4183562Z info: Microsoft.EntityFrameworkCore.Database.Command[20101]
2026-08-07T23:40:14.4183972Z       Executed DbCommand (1ms) [Parameters=[], CommandType='Text', CommandTimeout='30']
2026-08-07T23:40:14.4184058Z       SELECT [MigrationId], [ProductVersion]
2026-08-07T23:40:14.4184102Z       FROM [__EFMigrationsHistory]
2026-08-07T23:40:14.4184321Z       ORDER BY [MigrationId];
2026-08-07T23:40:14.4202824Z info: Microsoft.EntityFrameworkCore.Database.Command[20101]
2026-08-07T23:40:14.4203130Z       Executed DbCommand (1ms) [Parameters=[], CommandType='Text', CommandTimeout='30']
2026-08-07T23:40:14.4203198Z       SELECT TOP(1) [b].[BankAccountNumber]
2026-08-07T23:40:14.4203275Z       FROM [Beneficiaries] AS [b]
2026-08-07T23:40:14.4203315Z       ORDER BY [b].[Id]
2026-08-07T23:40:17.4856439Z info: Microsoft.EntityFrameworkCore.Database.Command[20101]
2026-08-07T23:40:17.4857288Z       Executed DbCommand (2ms) [Parameters=[], CommandType='Text', CommandTimeout='30']
2026-08-07T23:40:17.4857417Z       SELECT 1
2026-08-07T23:40:17.4885060Z info: Microsoft.EntityFrameworkCore.Database.Command[20101]
2026-08-07T23:40:17.4885630Z       Executed DbCommand (2ms) [Parameters=[], CommandType='Text', CommandTimeout='30']
2026-08-07T23:40:17.4885710Z       SELECT OBJECT_ID(N'[__EFMigrationsHistory]');
2026-08-07T23:40:17.4898125Z info: Microsoft.EntityFrameworkCore.Database.Command[20101]
2026-08-07T23:40:17.4898571Z       Executed DbCommand (1ms) [Parameters=[], CommandType='Text', CommandTimeout='30']
2026-08-07T23:40:17.4898646Z       SELECT [MigrationId], [ProductVersion]
2026-08-07T23:40:17.4898692Z       FROM [__EFMigrationsHistory]
2026-08-07T23:40:17.4898732Z       ORDER BY [MigrationId];
2026-08-07T23:40:17.4915138Z info: Microsoft.EntityFrameworkCore.Database.Command[20101]
2026-08-07T23:40:17.4915467Z       Executed DbCommand (1ms) [Parameters=[], CommandType='Text', CommandTimeout='30']
2026-08-07T23:40:17.4915534Z       SELECT TOP(1) [b].[BankAccountNumber]
2026-08-07T23:40:17.4915577Z       FROM [Beneficiaries] AS [b]
2026-08-07T23:40:17.4915620Z       ORDER BY [b].[Id]
2026-08-07T23:40:20.2479721Z info: Microsoft.EntityFrameworkCore.Database.Command[20101]
2026-08-07T23:40:20.2480459Z       Executed DbCommand (2ms) [Parameters=[], CommandType='Text', CommandTimeout='30']
2026-08-07T23:40:20.2480578Z       SELECT 1
2026-08-07T23:40:20.2509800Z info: Microsoft.EntityFrameworkCore.Database.Command[20101]
2026-08-07T23:40:20.2510306Z       Executed DbCommand (2ms) [Parameters=[], CommandType='Text', CommandTimeout='30']
2026-08-07T23:40:20.2510445Z       SELECT OBJECT_ID(N'[__EFMigrationsHistory]');
2026-08-07T23:40:20.2526245Z info: Microsoft.EntityFrameworkCore.Database.Command[20101]
2026-08-07T23:40:20.2526596Z       Executed DbCommand (1ms) [Parameters=[], CommandType='Text', CommandTimeout='30']
2026-08-07T23:40:20.2526877Z       SELECT [MigrationId], [ProductVersion]
2026-08-07T23:40:20.2526986Z       FROM [__EFMigrationsHistory]
2026-08-07T23:40:20.2527034Z       ORDER BY [MigrationId];
2026-08-07T23:40:20.2538636Z info: Microsoft.EntityFrameworkCore.Database.Command[20101]
2026-08-07T23:40:20.2538934Z       Executed DbCommand (1ms) [Parameters=[], CommandType='Text', CommandTimeout='30']
2026-08-07T23:40:20.2539006Z       SELECT TOP(1) [b].[BankAccountNumber]
2026-08-07T23:40:20.2539096Z       FROM [Beneficiaries] AS [b]
2026-08-07T23:40:20.2539141Z       ORDER BY [b].[Id]
2026-08-07T23:40:20.6915514Z info: Microsoft.EntityFrameworkCore.Database.Command[20101]
2026-08-07T23:40:20.6916367Z       Executed DbCommand (2ms) [Parameters=[], CommandType='Text', CommandTimeout='30']
2026-08-07T23:40:20.6916580Z       SELECT 1
2026-08-07T23:40:20.6943965Z info: Microsoft.EntityFrameworkCore.Database.Command[20101]
2026-08-07T23:40:20.6944442Z       Executed DbCommand (2ms) [Parameters=[], CommandType='Text', CommandTimeout='30']
2026-08-07T23:40:20.6944530Z       SELECT OBJECT_ID(N'[__EFMigrationsHistory]');
2026-08-07T23:40:20.6957019Z info: Microsoft.EntityFrameworkCore.Database.Command[20101]
2026-08-07T23:40:20.6957339Z       Executed DbCommand (1ms) [Parameters=[], CommandType='Text', CommandTimeout='30']
2026-08-07T23:40:20.6957409Z       SELECT [MigrationId], [ProductVersion]
2026-08-07T23:40:20.6957457Z       FROM [__EFMigrationsHistory]
2026-08-07T23:40:20.6957499Z       ORDER BY [MigrationId];
2026-08-07T23:40:20.6973978Z info: Microsoft.EntityFrameworkCore.Database.Command[20101]
2026-08-07T23:40:20.6974319Z       Executed DbCommand (1ms) [Parameters=[], CommandType='Text', CommandTimeout='30']
2026-08-07T23:40:20.6974395Z       SELECT TOP(1) [b].[BankAccountNumber]
2026-08-07T23:40:20.6976095Z       FROM [Beneficiaries] AS [b]
2026-08-07T23:40:20.6976154Z       ORDER BY [b].[Id]
2026-08-07T23:40:22.2101285Z info: Microsoft.EntityFrameworkCore.Database.Command[20101]
2026-08-07T23:40:22.2102050Z       Executed DbCommand (2ms) [Parameters=[], CommandType='Text', CommandTimeout='30']
2026-08-07T23:40:22.2102155Z       SELECT 1
2026-08-07T23:40:22.2126262Z info: Microsoft.EntityFrameworkCore.Database.Command[20101]
2026-08-07T23:40:22.2127200Z       Executed DbCommand (2ms) [Parameters=[], CommandType='Text', CommandTimeout='30']
2026-08-07T23:40:22.2127288Z       SELECT OBJECT_ID(N'[__EFMigrationsHistory]');
2026-08-07T23:40:22.2153715Z info: Microsoft.EntityFrameworkCore.Database.Command[20101]
2026-08-07T23:40:22.2154267Z       Executed DbCommand (3ms) [Parameters=[], CommandType='Text', CommandTimeout='30']
2026-08-07T23:40:22.2154420Z       SELECT [MigrationId], [ProductVersion]
2026-08-07T23:40:22.2154470Z       FROM [__EFMigrationsHistory]
2026-08-07T23:40:22.2154507Z       ORDER BY [MigrationId];
2026-08-07T23:40:22.2179937Z info: Microsoft.EntityFrameworkCore.Database.Command[20101]
2026-08-07T23:40:22.2185400Z       Executed DbCommand (2ms) [Parameters=[], CommandType='Text', CommandTimeout='30']
2026-08-07T23:40:22.2185703Z       SELECT TOP(1) [b].[BankAccountNumber]
2026-08-07T23:40:22.2185752Z       FROM [Beneficiaries] AS [b]
2026-08-07T23:40:22.2185795Z       ORDER BY [b].[Id]
2026-08-07T23:40:25.4785601Z info: Microsoft.EntityFrameworkCore.Database.Command[20101]
2026-08-07T23:40:25.4786569Z       Executed DbCommand (2ms) [Parameters=[], CommandType='Text', CommandTimeout='30']
2026-08-07T23:40:25.4786687Z       SELECT 1
2026-08-07T23:40:25.4808059Z info: Microsoft.EntityFrameworkCore.Database.Command[20101]
2026-08-07T23:40:25.4808482Z       Executed DbCommand (2ms) [Parameters=[], CommandType='Text', CommandTimeout='30']
2026-08-07T23:40:25.4808580Z       SELECT OBJECT_ID(N'[__EFMigrationsHistory]');
2026-08-07T23:40:25.4831684Z info: Microsoft.EntityFrameworkCore.Database.Command[20101]
2026-08-07T23:40:25.4831993Z       Executed DbCommand (1ms) [Parameters=[], CommandType='Text', CommandTimeout='30']
2026-08-07T23:40:25.4832060Z       SELECT [MigrationId], [ProductVersion]
2026-08-07T23:40:25.4832108Z       FROM [__EFMigrationsHistory]
2026-08-07T23:40:25.4832191Z       ORDER BY [MigrationId];
2026-08-07T23:40:25.4850812Z info: Microsoft.EntityFrameworkCore.Database.Command[20101]
2026-08-07T23:40:25.4851119Z       Executed DbCommand (1ms) [Parameters=[], CommandType='Text', CommandTimeout='30']
2026-08-07T23:40:25.4851190Z       SELECT TOP(1) [b].[BankAccountNumber]
2026-08-07T23:40:25.4851237Z       FROM [Beneficiaries] AS [b]
2026-08-07T23:40:25.4851322Z       ORDER BY [b].[Id]
2026-08-07T23:40:37.0495733Z info: Microsoft.EntityFrameworkCore.Database.Command[20101]
2026-08-07T23:40:37.0496806Z       Executed DbCommand (3ms) [Parameters=[], CommandType='Text', CommandTimeout='30']
2026-08-07T23:40:37.0496922Z       SELECT 1
2026-08-07T23:40:37.0524416Z info: Microsoft.EntityFrameworkCore.Database.Command[20101]
2026-08-07T23:40:37.0524899Z       Executed DbCommand (2ms) [Parameters=[], CommandType='Text', CommandTimeout='30']
2026-08-07T23:40:37.0525015Z       SELECT OBJECT_ID(N'[__EFMigrationsHistory]');
2026-08-07T23:40:37.0539271Z info: Microsoft.EntityFrameworkCore.Database.Command[20101]
2026-08-07T23:40:37.0539641Z       Executed DbCommand (1ms) [Parameters=[], CommandType='Text', CommandTimeout='30']
2026-08-07T23:40:37.0539719Z       SELECT [MigrationId], [ProductVersion]
2026-08-07T23:40:37.0539813Z       FROM [__EFMigrationsHistory]
2026-08-07T23:40:37.0539882Z       ORDER BY [MigrationId];
2026-08-07T23:40:37.0560858Z info: Microsoft.EntityFrameworkCore.Database.Command[20101]
2026-08-07T23:40:37.0561191Z       Executed DbCommand (1ms) [Parameters=[], CommandType='Text', CommandTimeout='30']
2026-08-07T23:40:37.0561357Z       SELECT TOP(1) [b].[BankAccountNumber]
2026-08-07T23:40:37.0561453Z       FROM [Beneficiaries] AS [b]
2026-08-07T23:40:37.0561493Z       ORDER BY [b].[Id]
2026-08-07T23:40:40.2762387Z info: Microsoft.EntityFrameworkCore.Database.Command[20101]
2026-08-07T23:40:40.2763164Z       Executed DbCommand (2ms) [Parameters=[], CommandType='Text', CommandTimeout='30']
2026-08-07T23:40:40.2763359Z       SELECT 1
2026-08-07T23:40:40.2791125Z info: Microsoft.EntityFrameworkCore.Database.Command[20101]
2026-08-07T23:40:40.2791717Z       Executed DbCommand (2ms) [Parameters=[], CommandType='Text', CommandTimeout='30']
2026-08-07T23:40:40.2791799Z       SELECT OBJECT_ID(N'[__EFMigrationsHistory]');
2026-08-07T23:40:40.2809751Z info: Microsoft.EntityFrameworkCore.Database.Command[20101]
2026-08-07T23:40:40.2810217Z       Executed DbCommand (2ms) [Parameters=[], CommandType='Text', CommandTimeout='30']
2026-08-07T23:40:40.2810290Z       SELECT [MigrationId], [ProductVersion]
2026-08-07T23:40:40.2810332Z       FROM [__EFMigrationsHistory]
2026-08-07T23:40:40.2810377Z       ORDER BY [MigrationId];
2026-08-07T23:40:40.2824819Z info: Microsoft.EntityFrameworkCore.Database.Command[20101]
2026-08-07T23:40:40.2825185Z       Executed DbCommand (1ms) [Parameters=[], CommandType='Text', CommandTimeout='30']
2026-08-07T23:40:40.2825256Z       SELECT TOP(1) [b].[BankAccountNumber]
2026-08-07T23:40:40.2825397Z       FROM [Beneficiaries] AS [b]
2026-08-07T23:40:40.2825436Z       ORDER BY [b].[Id]
2026-08-07T23:40:49.3677478Z info: Microsoft.EntityFrameworkCore.Database.Command[20101]
2026-08-07T23:40:49.3678283Z       Executed DbCommand (2ms) [Parameters=[], CommandType='Text', CommandTimeout='30']
2026-08-07T23:40:49.3678413Z       SELECT 1
2026-08-07T23:40:49.3694694Z info: Microsoft.EntityFrameworkCore.Database.Command[20101]
2026-08-07T23:40:49.3695342Z       Executed DbCommand (2ms) [Parameters=[], CommandType='Text', CommandTimeout='30']
2026-08-07T23:40:49.3695441Z       SELECT OBJECT_ID(N'[__EFMigrationsHistory]');
2026-08-07T23:40:49.3724036Z info: Microsoft.EntityFrameworkCore.Database.Command[20101]
2026-08-07T23:40:49.3724506Z       Executed DbCommand (1ms) [Parameters=[], CommandType='Text', CommandTimeout='30']
2026-08-07T23:40:49.3724653Z       SELECT [MigrationId], [ProductVersion]
2026-08-07T23:40:49.3724716Z       FROM [__EFMigrationsHistory]
2026-08-07T23:40:49.3724773Z       ORDER BY [MigrationId];
2026-08-07T23:40:49.3737726Z info: Microsoft.EntityFrameworkCore.Database.Command[20101]
2026-08-07T23:40:49.3737971Z       Executed DbCommand (1ms) [Parameters=[], CommandType='Text', CommandTimeout='30']
2026-08-07T23:40:49.3738094Z       SELECT TOP(1) [b].[BankAccountNumber]
2026-08-07T23:40:49.3738138Z       FROM [Beneficiaries] AS [b]
2026-08-07T23:40:49.3738179Z       ORDER BY [b].[Id]
2026-08-07T23:40:52.1705742Z info: Microsoft.EntityFrameworkCore.Database.Command[20101]
2026-08-07T23:40:52.1706689Z       Executed DbCommand (2ms) [Parameters=[], CommandType='Text', CommandTimeout='30']
2026-08-07T23:40:52.1706833Z       SELECT 1
2026-08-07T23:40:52.1728159Z info: Microsoft.EntityFrameworkCore.Database.Command[20101]
2026-08-07T23:40:52.1728708Z       Executed DbCommand (2ms) [Parameters=[], CommandType='Text', CommandTimeout='30']
2026-08-07T23:40:52.1728799Z       SELECT OBJECT_ID(N'[__EFMigrationsHistory]');
2026-08-07T23:40:52.1753628Z info: Microsoft.EntityFrameworkCore.Database.Command[20101]
2026-08-07T23:40:52.1753949Z       Executed DbCommand (2ms) [Parameters=[], CommandType='Text', CommandTimeout='30']
2026-08-07T23:40:52.1754015Z       SELECT [MigrationId], [ProductVersion]
2026-08-07T23:40:52.1754057Z       FROM [__EFMigrationsHistory]
2026-08-07T23:40:52.1754139Z       ORDER BY [MigrationId];
2026-08-07T23:40:52.1770265Z info: Microsoft.EntityFrameworkCore.Database.Command[20101]
2026-08-07T23:40:52.1770564Z       Executed DbCommand (1ms) [Parameters=[], CommandType='Text', CommandTimeout='30']
2026-08-07T23:40:52.1770630Z       SELECT TOP(1) [b].[BankAccountNumber]
2026-08-07T23:40:52.1770669Z       FROM [Beneficiaries] AS [b]
2026-08-07T23:40:52.1770754Z       ORDER BY [b].[Id]
2026-08-07T23:40:56.6096222Z info: Microsoft.EntityFrameworkCore.Database.Command[20101]
2026-08-07T23:40:56.6097016Z       Executed DbCommand (2ms) [Parameters=[], CommandType='Text', CommandTimeout='30']
2026-08-07T23:40:56.6097112Z       SELECT 1
2026-08-07T23:40:56.6112758Z info: Microsoft.EntityFrameworkCore.Database.Command[20101]
2026-08-07T23:40:56.6113264Z       Executed DbCommand (2ms) [Parameters=[], CommandType='Text', CommandTimeout='30']
2026-08-07T23:40:56.6113350Z       SELECT OBJECT_ID(N'[__EFMigrationsHistory]');
2026-08-07T23:40:56.6141275Z info: Microsoft.EntityFrameworkCore.Database.Command[20101]
2026-08-07T23:40:56.6141691Z       Executed DbCommand (1ms) [Parameters=[], CommandType='Text', CommandTimeout='30']
2026-08-07T23:40:56.6141833Z       SELECT [MigrationId], [ProductVersion]
2026-08-07T23:40:56.6141874Z       FROM [__EFMigrationsHistory]
2026-08-07T23:40:56.6141914Z       ORDER BY [MigrationId];
2026-08-07T23:40:56.6153639Z info: Microsoft.EntityFrameworkCore.Database.Command[20101]
2026-08-07T23:40:56.6154140Z       Executed DbCommand (1ms) [Parameters=[], CommandType='Text', CommandTimeout='30']
2026-08-07T23:40:56.6154253Z       SELECT TOP(1) [b].[BankAccountNumber]
2026-08-07T23:40:56.6154295Z       FROM [Beneficiaries] AS [b]
2026-08-07T23:40:56.6154332Z       ORDER BY [b].[Id]
2026-08-07T23:40:56.9769864Z info: Microsoft.EntityFrameworkCore.Database.Command[20101]
2026-08-07T23:40:56.9770727Z       Executed DbCommand (2ms) [Parameters=[], CommandType='Text', CommandTimeout='30']
2026-08-07T23:40:56.9770832Z       SELECT 1
2026-08-07T23:40:56.9798386Z info: Microsoft.EntityFrameworkCore.Database.Command[20101]
2026-08-07T23:40:56.9800250Z       Executed DbCommand (2ms) [Parameters=[], CommandType='Text', CommandTimeout='30']
2026-08-07T23:40:56.9800355Z       SELECT OBJECT_ID(N'[__EFMigrationsHistory]');
2026-08-07T23:40:56.9811675Z info: Microsoft.EntityFrameworkCore.Database.Command[20101]
2026-08-07T23:40:56.9812096Z       Executed DbCommand (1ms) [Parameters=[], CommandType='Text', CommandTimeout='30']
2026-08-07T23:40:56.9812257Z       SELECT [MigrationId], [ProductVersion]
2026-08-07T23:40:56.9812306Z       FROM [__EFMigrationsHistory]
2026-08-07T23:40:56.9812400Z       ORDER BY [MigrationId];
2026-08-07T23:40:56.9829681Z info: Microsoft.EntityFrameworkCore.Database.Command[20101]
2026-08-07T23:40:56.9829990Z       Executed DbCommand (1ms) [Parameters=[], CommandType='Text', CommandTimeout='30']
2026-08-07T23:40:56.9830062Z       SELECT TOP(1) [b].[BankAccountNumber]
2026-08-07T23:40:56.9830110Z       FROM [Beneficiaries] AS [b]
2026-08-07T23:40:56.9841327Z       ORDER BY [b].[Id]
2026-08-07T23:40:57.4488723Z info: Microsoft.EntityFrameworkCore.Database.Command[20101]
2026-08-07T23:40:57.4489607Z       Executed DbCommand (2ms) [Parameters=[], CommandType='Text', CommandTimeout='30']
2026-08-07T23:40:57.4489707Z       SELECT 1
2026-08-07T23:40:57.4518911Z info: Microsoft.EntityFrameworkCore.Database.Command[20101]
2026-08-07T23:40:57.4519542Z       Executed DbCommand (2ms) [Parameters=[], CommandType='Text', CommandTimeout='30']
2026-08-07T23:40:57.4519627Z       SELECT OBJECT_ID(N'[__EFMigrationsHistory]');
2026-08-07T23:40:57.4534946Z info: Microsoft.EntityFrameworkCore.Database.Command[20101]
2026-08-07T23:40:57.4565512Z       Executed DbCommand (1ms) [Parameters=[], CommandType='Text', CommandTimeout='30']
2026-08-07T23:40:57.4565740Z       SELECT [MigrationId], [ProductVersion]
2026-08-07T23:40:57.4565786Z       FROM [__EFMigrationsHistory]
2026-08-07T23:40:57.4565825Z       ORDER BY [MigrationId];
2026-08-07T23:40:57.4578245Z info: Microsoft.EntityFrameworkCore.Database.Command[20101]
2026-08-07T23:40:57.4578654Z       Executed DbCommand (4ms) [Parameters=[], CommandType='Text', CommandTimeout='30']
2026-08-07T23:40:57.4578780Z       SELECT TOP(1) [b].[BankAccountNumber]
2026-08-07T23:40:57.4578828Z       FROM [Beneficiaries] AS [b]
2026-08-07T23:40:57.4578880Z       ORDER BY [b].[Id]
2026-08-07T23:40:58.8280643Z info: Microsoft.EntityFrameworkCore.Database.Command[20101]
2026-08-07T23:40:58.8281609Z       Executed DbCommand (2ms) [Parameters=[], CommandType='Text', CommandTimeout='30']
2026-08-07T23:40:58.8281724Z       SELECT 1
2026-08-07T23:40:58.8297755Z info: Microsoft.EntityFrameworkCore.Database.Command[20101]
2026-08-07T23:40:58.8298247Z       Executed DbCommand (2ms) [Parameters=[], CommandType='Text', CommandTimeout='30']
2026-08-07T23:40:58.8298325Z       SELECT OBJECT_ID(N'[__EFMigrationsHistory]');
2026-08-07T23:40:58.8342906Z info: Microsoft.EntityFrameworkCore.Database.Command[20101]
2026-08-07T23:40:58.8343429Z       Executed DbCommand (3ms) [Parameters=[], CommandType='Text', CommandTimeout='30']
2026-08-07T23:40:58.8343510Z       SELECT [MigrationId], [ProductVersion]
2026-08-07T23:40:58.8343562Z       FROM [__EFMigrationsHistory]
2026-08-07T23:40:58.8343654Z       ORDER BY [MigrationId];
2026-08-07T23:40:58.8458529Z info: Microsoft.EntityFrameworkCore.Database.Command[20101]
2026-08-07T23:40:58.8459209Z       Executed DbCommand (12ms) [Parameters=[], CommandType='Text', CommandTimeout='30']
2026-08-07T23:40:58.8459303Z       SELECT TOP(1) [b].[BankAccountNumber]
2026-08-07T23:40:58.8459334Z       FROM [Beneficiaries] AS [b]
2026-08-07T23:40:58.8459416Z       ORDER BY [b].[Id]
2026-08-07T23:40:59.3513504Z info: Microsoft.EntityFrameworkCore.Database.Command[20101]
2026-08-07T23:40:59.3514429Z       Executed DbCommand (3ms) [Parameters=[], CommandType='Text', CommandTimeout='30']
2026-08-07T23:40:59.3514549Z       SELECT 1
2026-08-07T23:40:59.3543553Z info: Microsoft.EntityFrameworkCore.Database.Command[20101]
2026-08-07T23:40:59.3544201Z       Executed DbCommand (2ms) [Parameters=[], CommandType='Text', CommandTimeout='30']
2026-08-07T23:40:59.3544282Z       SELECT OBJECT_ID(N'[__EFMigrationsHistory]');
2026-08-07T23:40:59.3556462Z info: Microsoft.EntityFrameworkCore.Database.Command[20101]
2026-08-07T23:40:59.3556863Z       Executed DbCommand (1ms) [Parameters=[], CommandType='Text', CommandTimeout='30']
2026-08-07T23:40:59.3556994Z       SELECT [MigrationId], [ProductVersion]
2026-08-07T23:40:59.3557043Z       FROM [__EFMigrationsHistory]
2026-08-07T23:40:59.3562667Z       ORDER BY [MigrationId];
2026-08-07T23:40:59.3575558Z info: Microsoft.EntityFrameworkCore.Database.Command[20101]
2026-08-07T23:40:59.3575887Z       Executed DbCommand (1ms) [Parameters=[], CommandType='Text', CommandTimeout='30']
2026-08-07T23:40:59.3575954Z       SELECT TOP(1) [b].[BankAccountNumber]
2026-08-07T23:40:59.3575992Z       FROM [Beneficiaries] AS [b]
2026-08-07T23:40:59.3576029Z       ORDER BY [b].[Id]
2026-08-07T23:41:04.8719039Z info: Microsoft.EntityFrameworkCore.Database.Command[20101]
2026-08-07T23:41:04.8719891Z       Executed DbCommand (2ms) [Parameters=[], CommandType='Text', CommandTimeout='30']
2026-08-07T23:41:04.8720000Z       SELECT 1
2026-08-07T23:41:04.8737157Z info: Microsoft.EntityFrameworkCore.Database.Command[20101]
2026-08-07T23:41:04.8748748Z       Executed DbCommand (2ms) [Parameters=[], CommandType='Text', CommandTimeout='30']
2026-08-07T23:41:04.8749019Z       SELECT OBJECT_ID(N'[__EFMigrationsHistory]');
2026-08-07T23:41:04.8767762Z info: Microsoft.EntityFrameworkCore.Database.Command[20101]
2026-08-07T23:41:04.8768110Z       Executed DbCommand (2ms) [Parameters=[], CommandType='Text', CommandTimeout='30']
2026-08-07T23:41:04.8768182Z       SELECT [MigrationId], [ProductVersion]
2026-08-07T23:41:04.8768224Z       FROM [__EFMigrationsHistory]
2026-08-07T23:41:04.8768311Z       ORDER BY [MigrationId];
2026-08-07T23:41:04.8788849Z info: Microsoft.EntityFrameworkCore.Database.Command[20101]
2026-08-07T23:41:04.8789193Z       Executed DbCommand (2ms) [Parameters=[], CommandType='Text', CommandTimeout='30']
2026-08-07T23:41:04.8789263Z       SELECT TOP(1) [b].[BankAccountNumber]
2026-08-07T23:41:04.8789304Z       FROM [Beneficiaries] AS [b]
2026-08-07T23:41:04.8789389Z       ORDER BY [b].[Id]
2026-08-07T23:41:07.3972546Z info: Microsoft.EntityFrameworkCore.Database.Command[20101]
2026-08-07T23:41:07.3973331Z       Executed DbCommand (2ms) [Parameters=[], CommandType='Text', CommandTimeout='30']
2026-08-07T23:41:07.3973441Z       SELECT 1
2026-08-07T23:41:07.3993379Z info: Microsoft.EntityFrameworkCore.Database.Command[20101]
2026-08-07T23:41:07.3993823Z       Executed DbCommand (2ms) [Parameters=[], CommandType='Text', CommandTimeout='30']
2026-08-07T23:41:07.3993908Z       SELECT OBJECT_ID(N'[__EFMigrationsHistory]');
2026-08-07T23:41:07.4023474Z info: Microsoft.EntityFrameworkCore.Database.Command[20101]
2026-08-07T23:41:07.4023874Z       Executed DbCommand (1ms) [Parameters=[], CommandType='Text', CommandTimeout='30']
2026-08-07T23:41:07.4023950Z       SELECT [MigrationId], [ProductVersion]
2026-08-07T23:41:07.4023995Z       FROM [__EFMigrationsHistory]
2026-08-07T23:41:07.4024038Z       ORDER BY [MigrationId];
2026-08-07T23:41:07.4035533Z info: Microsoft.EntityFrameworkCore.Database.Command[20101]
2026-08-07T23:41:07.4035892Z       Executed DbCommand (1ms) [Parameters=[], CommandType='Text', CommandTimeout='30']
2026-08-07T23:41:07.4035959Z       SELECT TOP(1) [b].[BankAccountNumber]
2026-08-07T23:41:07.4035998Z       FROM [Beneficiaries] AS [b]
2026-08-07T23:41:07.4036039Z       ORDER BY [b].[Id]
2026-08-07T23:41:09.2444027Z info: Microsoft.EntityFrameworkCore.Database.Command[20101]
2026-08-07T23:41:09.2444768Z       Executed DbCommand (2ms) [Parameters=[], CommandType='Text', CommandTimeout='30']
2026-08-07T23:41:09.2444874Z       SELECT 1
2026-08-07T23:41:09.2459993Z info: Microsoft.EntityFrameworkCore.Database.Command[20101]
2026-08-07T23:41:09.2460528Z       Executed DbCommand (2ms) [Parameters=[], CommandType='Text', CommandTimeout='30']
2026-08-07T23:41:09.2460671Z       SELECT OBJECT_ID(N'[__EFMigrationsHistory]');
2026-08-07T23:41:09.2487775Z info: Microsoft.EntityFrameworkCore.Database.Command[20101]
2026-08-07T23:41:09.2488115Z       Executed DbCommand (1ms) [Parameters=[], CommandType='Text', CommandTimeout='30']
2026-08-07T23:41:09.2488189Z       SELECT [MigrationId], [ProductVersion]
2026-08-07T23:41:09.2490192Z       FROM [__EFMigrationsHistory]
2026-08-07T23:41:09.2490426Z       ORDER BY [MigrationId];
2026-08-07T23:41:09.2502834Z info: Microsoft.EntityFrameworkCore.Database.Command[20101]
2026-08-07T23:41:09.2503166Z       Executed DbCommand (1ms) [Parameters=[], CommandType='Text', CommandTimeout='30']
2026-08-07T23:41:09.2503277Z       SELECT TOP(1) [b].[BankAccountNumber]
2026-08-07T23:41:09.2503321Z       FROM [Beneficiaries] AS [b]
2026-08-07T23:41:09.2503462Z       ORDER BY [b].[Id]
2026-08-07T23:41:09.5687528Z info: Microsoft.EntityFrameworkCore.Database.Command[20101]
2026-08-07T23:41:09.5688253Z       Executed DbCommand (2ms) [Parameters=[], CommandType='Text', CommandTimeout='30']
2026-08-07T23:41:09.5688469Z       SELECT 1
2026-08-07T23:41:09.5704709Z info: Microsoft.EntityFrameworkCore.Database.Command[20101]
2026-08-07T23:41:09.5705266Z       Executed DbCommand (2ms) [Parameters=[], CommandType='Text', CommandTimeout='30']
2026-08-07T23:41:09.5705377Z       SELECT OBJECT_ID(N'[__EFMigrationsHistory]');
2026-08-07T23:41:09.5732273Z info: Microsoft.EntityFrameworkCore.Database.Command[20101]
2026-08-07T23:41:09.5732794Z       Executed DbCommand (1ms) [Parameters=[], CommandType='Text', CommandTimeout='30']
2026-08-07T23:41:09.5732894Z       SELECT [MigrationId], [ProductVersion]
2026-08-07T23:41:09.5732948Z       FROM [__EFMigrationsHistory]
2026-08-07T23:41:09.5735738Z       ORDER BY [MigrationId];
2026-08-07T23:41:09.5753298Z info: Microsoft.EntityFrameworkCore.Database.Command[20101]
2026-08-07T23:41:09.5753691Z       Executed DbCommand (1ms) [Parameters=[], CommandType='Text', CommandTimeout='30']
2026-08-07T23:41:09.5753905Z       SELECT TOP(1) [b].[BankAccountNumber]
2026-08-07T23:41:09.5753967Z       FROM [Beneficiaries] AS [b]
2026-08-07T23:41:09.5754021Z       ORDER BY [b].[Id]
2026-08-07T23:41:12.1750999Z info: Microsoft.EntityFrameworkCore.Database.Command[20101]
2026-08-07T23:41:12.1751805Z       Executed DbCommand (2ms) [Parameters=[], CommandType='Text', CommandTimeout='30']
2026-08-07T23:41:12.1751931Z       SELECT 1
2026-08-07T23:41:12.1769405Z info: Microsoft.EntityFrameworkCore.Database.Command[20101]
2026-08-07T23:41:12.1769950Z       Executed DbCommand (2ms) [Parameters=[], CommandType='Text', CommandTimeout='30']
2026-08-07T23:41:12.1770044Z       SELECT OBJECT_ID(N'[__EFMigrationsHistory]');
2026-08-07T23:41:12.1799788Z info: Microsoft.EntityFrameworkCore.Database.Command[20101]
2026-08-07T23:41:12.1800263Z       Executed DbCommand (1ms) [Parameters=[], CommandType='Text', CommandTimeout='30']
2026-08-07T23:41:12.1800417Z       SELECT [MigrationId], [ProductVersion]
2026-08-07T23:41:12.1800469Z       FROM [__EFMigrationsHistory]
2026-08-07T23:41:12.1807986Z       ORDER BY [MigrationId];
2026-08-07T23:41:12.1819477Z info: Microsoft.EntityFrameworkCore.Database.Command[20101]
2026-08-07T23:41:12.1819890Z       Executed DbCommand (1ms) [Parameters=[], CommandType='Text', CommandTimeout='30']
2026-08-07T23:41:12.1819982Z       SELECT TOP(1) [b].[BankAccountNumber]
2026-08-07T23:41:12.1820038Z       FROM [Beneficiaries] AS [b]
2026-08-07T23:41:12.1820091Z       ORDER BY [b].[Id]
2026-08-07T23:41:18.4531155Z info: Microsoft.EntityFrameworkCore.Database.Command[20101]
2026-08-07T23:41:18.4532061Z       Executed DbCommand (2ms) [Parameters=[], CommandType='Text', CommandTimeout='30']
2026-08-07T23:41:18.4532204Z       SELECT 1
2026-08-07T23:41:18.4565772Z info: Microsoft.EntityFrameworkCore.Database.Command[20101]
2026-08-07T23:41:18.4566366Z       Executed DbCommand (2ms) [Parameters=[], CommandType='Text', CommandTimeout='30']
2026-08-07T23:41:18.4566521Z       SELECT OBJECT_ID(N'[__EFMigrationsHistory]');
2026-08-07T23:41:18.4584532Z info: Microsoft.EntityFrameworkCore.Database.Command[20101]
2026-08-07T23:41:18.4584951Z       Executed DbCommand (2ms) [Parameters=[], CommandType='Text', CommandTimeout='30']
2026-08-07T23:41:18.4585035Z       SELECT [MigrationId], [ProductVersion]
2026-08-07T23:41:18.4585084Z       FROM [__EFMigrationsHistory]
2026-08-07T23:41:18.4585180Z       ORDER BY [MigrationId];
2026-08-07T23:41:18.4604575Z info: Microsoft.EntityFrameworkCore.Database.Command[20101]
2026-08-07T23:41:18.4604945Z       Executed DbCommand (2ms) [Parameters=[], CommandType='Text', CommandTimeout='30']
2026-08-07T23:41:18.4605018Z       SELECT TOP(1) [b].[BankAccountNumber]
2026-08-07T23:41:18.4605063Z       FROM [Beneficiaries] AS [b]
2026-08-07T23:41:18.4605147Z       ORDER BY [b].[Id]
2026-08-07T23:41:19.9596746Z info: Microsoft.EntityFrameworkCore.Database.Command[20101]
2026-08-07T23:41:19.9597550Z       Executed DbCommand (2ms) [Parameters=[], CommandType='Text', CommandTimeout='30']
2026-08-07T23:41:19.9597680Z       SELECT 1
2026-08-07T23:41:19.9613574Z info: Microsoft.EntityFrameworkCore.Database.Command[20101]
2026-08-07T23:41:19.9614066Z       Executed DbCommand (2ms) [Parameters=[], CommandType='Text', CommandTimeout='30']
2026-08-07T23:41:19.9614172Z       SELECT OBJECT_ID(N'[__EFMigrationsHistory]');
2026-08-07T23:41:19.9651843Z info: Microsoft.EntityFrameworkCore.Database.Command[20101]
2026-08-07T23:41:19.9652294Z       Executed DbCommand (2ms) [Parameters=[], CommandType='Text', CommandTimeout='30']
2026-08-07T23:41:19.9652375Z       SELECT [MigrationId], [ProductVersion]
2026-08-07T23:41:19.9652422Z       FROM [__EFMigrationsHistory]
2026-08-07T23:41:19.9652461Z       ORDER BY [MigrationId];
2026-08-07T23:41:19.9674438Z info: Microsoft.EntityFrameworkCore.Database.Command[20101]
2026-08-07T23:41:19.9674815Z       Executed DbCommand (1ms) [Parameters=[], CommandType='Text', CommandTimeout='30']
2026-08-07T23:41:19.9674883Z       SELECT TOP(1) [b].[BankAccountNumber]
2026-08-07T23:41:19.9674928Z       FROM [Beneficiaries] AS [b]
2026-08-07T23:41:19.9674972Z       ORDER BY [b].[Id]
2026-08-07T23:41:21.6168817Z info: Microsoft.EntityFrameworkCore.Database.Command[20101]
2026-08-07T23:41:21.6169660Z       Executed DbCommand (2ms) [Parameters=[], CommandType='Text', CommandTimeout='30']
2026-08-07T23:41:21.6169778Z       SELECT 1
2026-08-07T23:41:21.6186897Z info: Microsoft.EntityFrameworkCore.Database.Command[20101]
2026-08-07T23:41:21.6187434Z       Executed DbCommand (2ms) [Parameters=[], CommandType='Text', CommandTimeout='30']
2026-08-07T23:41:21.6187580Z       SELECT OBJECT_ID(N'[__EFMigrationsHistory]');
2026-08-07T23:41:21.6219533Z info: Microsoft.EntityFrameworkCore.Database.Command[20101]
2026-08-07T23:41:21.6219914Z       Executed DbCommand (2ms) [Parameters=[], CommandType='Text', CommandTimeout='30']
2026-08-07T23:41:21.6219999Z       SELECT [MigrationId], [ProductVersion]
2026-08-07T23:41:21.6220118Z       FROM [__EFMigrationsHistory]
2026-08-07T23:41:21.6220165Z       ORDER BY [MigrationId];
2026-08-07T23:41:21.6234853Z info: Microsoft.EntityFrameworkCore.Database.Command[20101]
2026-08-07T23:41:21.6235144Z       Executed DbCommand (2ms) [Parameters=[], CommandType='Text', CommandTimeout='30']
2026-08-07T23:41:21.6235211Z       SELECT TOP(1) [b].[BankAccountNumber]
2026-08-07T23:41:21.6235293Z       FROM [Beneficiaries] AS [b]
2026-08-07T23:41:21.6235333Z       ORDER BY [b].[Id]
2026-08-07T23:41:23.9464621Z info: Microsoft.EntityFrameworkCore.Database.Command[20101]
2026-08-07T23:41:23.9465474Z       Executed DbCommand (2ms) [Parameters=[], CommandType='Text', CommandTimeout='30']
2026-08-07T23:41:23.9465634Z       SELECT 1
2026-08-07T23:41:23.9489259Z info: Microsoft.EntityFrameworkCore.Database.Command[20101]
2026-08-07T23:41:23.9489776Z       Executed DbCommand (2ms) [Parameters=[], CommandType='Text', CommandTimeout='30']
2026-08-07T23:41:23.9489857Z       SELECT OBJECT_ID(N'[__EFMigrationsHistory]');
2026-08-07T23:41:23.9508255Z info: Microsoft.EntityFrameworkCore.Database.Command[20101]
2026-08-07T23:41:23.9508610Z       Executed DbCommand (1ms) [Parameters=[], CommandType='Text', CommandTimeout='30']
2026-08-07T23:41:23.9508677Z       SELECT [MigrationId], [ProductVersion]
2026-08-07T23:41:23.9508716Z       FROM [__EFMigrationsHistory]
2026-08-07T23:41:23.9508760Z       ORDER BY [MigrationId];
2026-08-07T23:41:23.9526549Z info: Microsoft.EntityFrameworkCore.Database.Command[20101]
2026-08-07T23:41:23.9527245Z       Executed DbCommand (1ms) [Parameters=[], CommandType='Text', CommandTimeout='30']
2026-08-07T23:41:23.9527323Z       SELECT TOP(1) [b].[BankAccountNumber]
2026-08-07T23:41:23.9527366Z       FROM [Beneficiaries] AS [b]
2026-08-07T23:41:23.9527412Z       ORDER BY [b].[Id]
2026-08-07T23:41:31.3708886Z info: Microsoft.EntityFrameworkCore.Database.Command[20101]
2026-08-07T23:41:31.3709872Z       Executed DbCommand (2ms) [Parameters=[], CommandType='Text', CommandTimeout='30']
2026-08-07T23:41:31.3709978Z       SELECT 1
2026-08-07T23:41:31.3739434Z info: Microsoft.EntityFrameworkCore.Database.Command[20101]
2026-08-07T23:41:31.3739999Z       Executed DbCommand (2ms) [Parameters=[], CommandType='Text', CommandTimeout='30']
2026-08-07T23:41:31.3740152Z       SELECT OBJECT_ID(N'[__EFMigrationsHistory]');
2026-08-07T23:41:31.3750906Z info: Microsoft.EntityFrameworkCore.Database.Command[20101]
2026-08-07T23:41:31.3751289Z       Executed DbCommand (1ms) [Parameters=[], CommandType='Text', CommandTimeout='30']
2026-08-07T23:41:31.3751465Z       SELECT [MigrationId], [ProductVersion]
2026-08-07T23:41:31.3751544Z       FROM [__EFMigrationsHistory]
2026-08-07T23:41:31.3751589Z       ORDER BY [MigrationId];
2026-08-07T23:41:31.3773621Z info: Microsoft.EntityFrameworkCore.Database.Command[20101]
2026-08-07T23:41:31.3773946Z       Executed DbCommand (1ms) [Parameters=[], CommandType='Text', CommandTimeout='30']
2026-08-07T23:41:31.3774014Z       SELECT TOP(1) [b].[BankAccountNumber]
2026-08-07T23:41:31.3774285Z       FROM [Beneficiaries] AS [b]
2026-08-07T23:41:31.3774325Z       ORDER BY [b].[Id]
2026-08-07T23:41:32.6996065Z info: Microsoft.EntityFrameworkCore.Database.Command[20101]
2026-08-07T23:41:32.6996876Z       Executed DbCommand (2ms) [Parameters=[], CommandType='Text', CommandTimeout='30']
2026-08-07T23:41:32.6997082Z       SELECT 1
2026-08-07T23:41:32.7015374Z info: Microsoft.EntityFrameworkCore.Database.Command[20101]
2026-08-07T23:41:32.7015889Z       Executed DbCommand (2ms) [Parameters=[], CommandType='Text', CommandTimeout='30']
2026-08-07T23:41:32.7015974Z       SELECT OBJECT_ID(N'[__EFMigrationsHistory]');
2026-08-07T23:41:32.7045460Z info: Microsoft.EntityFrameworkCore.Database.Command[20101]
2026-08-07T23:41:32.7047134Z       Executed DbCommand (2ms) [Parameters=[], CommandType='Text', CommandTimeout='30']
2026-08-07T23:41:32.7047291Z       SELECT [MigrationId], [ProductVersion]
2026-08-07T23:41:32.7047352Z       FROM [__EFMigrationsHistory]
2026-08-07T23:41:32.7047406Z       ORDER BY [MigrationId];
2026-08-07T23:41:32.7061258Z info: Microsoft.EntityFrameworkCore.Database.Command[20101]
2026-08-07T23:41:32.7061611Z       Executed DbCommand (1ms) [Parameters=[], CommandType='Text', CommandTimeout='30']
2026-08-07T23:41:32.7061697Z       SELECT TOP(1) [b].[BankAccountNumber]
2026-08-07T23:41:32.7061755Z       FROM [Beneficiaries] AS [b]
2026-08-07T23:41:32.7061813Z       ORDER BY [b].[Id]
2026-08-07T23:41:38.6548575Z info: Microsoft.EntityFrameworkCore.Database.Command[20101]
2026-08-07T23:41:38.6549384Z       Executed DbCommand (2ms) [Parameters=[], CommandType='Text', CommandTimeout='30']
2026-08-07T23:41:38.6549474Z       SELECT 1
2026-08-07T23:41:38.6567802Z info: Microsoft.EntityFrameworkCore.Database.Command[20101]
2026-08-07T23:41:38.6568497Z       Executed DbCommand (1ms) [Parameters=[], CommandType='Text', CommandTimeout='30']
2026-08-07T23:41:38.6568592Z       SELECT OBJECT_ID(N'[__EFMigrationsHistory]');
2026-08-07T23:41:38.6593618Z info: Microsoft.EntityFrameworkCore.Database.Command[20101]
2026-08-07T23:41:38.6594032Z       Executed DbCommand (1ms) [Parameters=[], CommandType='Text', CommandTimeout='30']
2026-08-07T23:41:38.6594251Z       SELECT [MigrationId], [ProductVersion]
2026-08-07T23:41:38.6594297Z       FROM [__EFMigrationsHistory]
2026-08-07T23:41:38.6594472Z       ORDER BY [MigrationId];
2026-08-07T23:41:38.6612762Z info: Microsoft.EntityFrameworkCore.Database.Command[20101]
2026-08-07T23:41:38.6613149Z       Executed DbCommand (1ms) [Parameters=[], CommandType='Text', CommandTimeout='30']
2026-08-07T23:41:38.6613322Z       SELECT TOP(1) [b].[BankAccountNumber]
2026-08-07T23:41:38.6613370Z       FROM [Beneficiaries] AS [b]
2026-08-07T23:41:38.6613409Z       ORDER BY [b].[Id]
2026-08-07T23:41:39.3774001Z info: Microsoft.EntityFrameworkCore.Database.Command[20101]
2026-08-07T23:41:39.3774881Z       Executed DbCommand (6ms) [Parameters=[], CommandType='Text', CommandTimeout='30']
2026-08-07T23:41:39.3774982Z       SELECT 1
2026-08-07T23:41:39.3789805Z info: Microsoft.EntityFrameworkCore.Database.Command[20101]
2026-08-07T23:41:39.3790229Z       Executed DbCommand (2ms) [Parameters=[], CommandType='Text', CommandTimeout='30']
2026-08-07T23:41:39.3790352Z       SELECT OBJECT_ID(N'[__EFMigrationsHistory]');
2026-08-07T23:41:39.3821882Z info: Microsoft.EntityFrameworkCore.Database.Command[20101]
2026-08-07T23:41:39.3822323Z       Executed DbCommand (1ms) [Parameters=[], CommandType='Text', CommandTimeout='30']
2026-08-07T23:41:39.3822403Z       SELECT [MigrationId], [ProductVersion]
2026-08-07T23:41:39.3822447Z       FROM [__EFMigrationsHistory]
2026-08-07T23:41:39.3822539Z       ORDER BY [MigrationId];
2026-08-07T23:41:39.3834227Z info: Microsoft.EntityFrameworkCore.Database.Command[20101]
2026-08-07T23:41:39.3834576Z       Executed DbCommand (1ms) [Parameters=[], CommandType='Text', CommandTimeout='30']
2026-08-07T23:41:39.3834639Z       SELECT TOP(1) [b].[BankAccountNumber]
2026-08-07T23:41:39.3834687Z       FROM [Beneficiaries] AS [b]
2026-08-07T23:41:39.3834773Z       ORDER BY [b].[Id]
2026-08-07T23:41:43.2462998Z info: Microsoft.EntityFrameworkCore.Database.Command[20101]
2026-08-07T23:41:43.2463877Z       Executed DbCommand (2ms) [Parameters=[], CommandType='Text', CommandTimeout='30']
2026-08-07T23:41:43.2463986Z       SELECT 1
2026-08-07T23:41:43.2481243Z info: Microsoft.EntityFrameworkCore.Database.Command[20101]
2026-08-07T23:41:43.2481741Z       Executed DbCommand (2ms) [Parameters=[], CommandType='Text', CommandTimeout='30']
2026-08-07T23:41:43.2481837Z       SELECT OBJECT_ID(N'[__EFMigrationsHistory]');
2026-08-07T23:41:43.2513819Z info: Microsoft.EntityFrameworkCore.Database.Command[20101]
2026-08-07T23:41:43.2514325Z       Executed DbCommand (2ms) [Parameters=[], CommandType='Text', CommandTimeout='30']
2026-08-07T23:41:43.2514395Z       SELECT [MigrationId], [ProductVersion]
2026-08-07T23:41:43.2514433Z       FROM [__EFMigrationsHistory]
2026-08-07T23:41:43.2514969Z       ORDER BY [MigrationId];
2026-08-07T23:41:43.2532030Z info: Microsoft.EntityFrameworkCore.Database.Command[20101]
2026-08-07T23:41:43.2532357Z       Executed DbCommand (1ms) [Parameters=[], CommandType='Text', CommandTimeout='30']
2026-08-07T23:41:43.2532437Z       SELECT TOP(1) [b].[BankAccountNumber]
2026-08-07T23:41:43.2532476Z       FROM [Beneficiaries] AS [b]
2026-08-07T23:41:43.2532513Z       ORDER BY [b].[Id]
2026-08-07T23:41:48.4205735Z info: Microsoft.EntityFrameworkCore.Database.Command[20101]
2026-08-07T23:41:48.4206531Z       Executed DbCommand (2ms) [Parameters=[], CommandType='Text', CommandTimeout='30']
2026-08-07T23:41:48.4206631Z       SELECT 1
2026-08-07T23:41:48.4232273Z info: Microsoft.EntityFrameworkCore.Database.Command[20101]
2026-08-07T23:41:48.4232997Z       Executed DbCommand (2ms) [Parameters=[], CommandType='Text', CommandTimeout='30']
2026-08-07T23:41:48.4233082Z       SELECT OBJECT_ID(N'[__EFMigrationsHistory]');
2026-08-07T23:41:48.4249414Z info: Microsoft.EntityFrameworkCore.Database.Command[20101]
2026-08-07T23:41:48.4249831Z       Executed DbCommand (1ms) [Parameters=[], CommandType='Text', CommandTimeout='30']
2026-08-07T23:41:48.4250026Z       SELECT [MigrationId], [ProductVersion]
2026-08-07T23:41:48.4250117Z       FROM [__EFMigrationsHistory]
2026-08-07T23:41:48.4250913Z       ORDER BY [MigrationId];
2026-08-07T23:41:48.4266982Z info: Microsoft.EntityFrameworkCore.Database.Command[20101]
2026-08-07T23:41:48.4267343Z       Executed DbCommand (1ms) [Parameters=[], CommandType='Text', CommandTimeout='30']
2026-08-07T23:41:48.4267450Z       SELECT TOP(1) [b].[BankAccountNumber]
2026-08-07T23:41:48.4274202Z       FROM [Beneficiaries] AS [b]
2026-08-07T23:41:48.4274279Z       ORDER BY [b].[Id]
2026-08-07T23:41:50.4962078Z info: Microsoft.EntityFrameworkCore.Database.Command[20101]
2026-08-07T23:41:50.4962878Z       Executed DbCommand (2ms) [Parameters=[], CommandType='Text', CommandTimeout='30']
2026-08-07T23:41:50.4963070Z       SELECT 1
2026-08-07T23:41:50.4976708Z info: Microsoft.EntityFrameworkCore.Database.Command[20101]
2026-08-07T23:41:50.4977138Z       Executed DbCommand (2ms) [Parameters=[], CommandType='Text', CommandTimeout='30']
2026-08-07T23:41:50.4977212Z       SELECT OBJECT_ID(N'[__EFMigrationsHistory]');
2026-08-07T23:41:50.5006462Z info: Microsoft.EntityFrameworkCore.Database.Command[20101]
2026-08-07T23:41:50.5007091Z       Executed DbCommand (2ms) [Parameters=[], CommandType='Text', CommandTimeout='30']
2026-08-07T23:41:50.5007172Z       SELECT [MigrationId], [ProductVersion]
2026-08-07T23:41:50.5007215Z       FROM [__EFMigrationsHistory]
2026-08-07T23:41:50.5012768Z       ORDER BY [MigrationId];
2026-08-07T23:41:50.5028147Z info: Microsoft.EntityFrameworkCore.Database.Command[20101]
2026-08-07T23:41:50.5028436Z       Executed DbCommand (1ms) [Parameters=[], CommandType='Text', CommandTimeout='30']
2026-08-07T23:41:50.5028501Z       SELECT TOP(1) [b].[BankAccountNumber]
2026-08-07T23:41:50.5028537Z       FROM [Beneficiaries] AS [b]
2026-08-07T23:41:50.5028615Z       ORDER BY [b].[Id]
2026-08-07T23:41:51.8578055Z info: Microsoft.EntityFrameworkCore.Database.Command[20101]
2026-08-07T23:41:51.8578985Z       Executed DbCommand (2ms) [Parameters=[], CommandType='Text', CommandTimeout='30']
2026-08-07T23:41:51.8579111Z       SELECT 1
2026-08-07T23:41:51.8608254Z info: Microsoft.EntityFrameworkCore.Database.Command[20101]
2026-08-07T23:41:51.8608973Z       Executed DbCommand (2ms) [Parameters=[], CommandType='Text', CommandTimeout='30']
2026-08-07T23:41:51.8609074Z       SELECT OBJECT_ID(N'[__EFMigrationsHistory]');
2026-08-07T23:41:51.8625992Z info: Microsoft.EntityFrameworkCore.Database.Command[20101]
2026-08-07T23:41:51.8626540Z       Executed DbCommand (2ms) [Parameters=[], CommandType='Text', CommandTimeout='30']
2026-08-07T23:41:51.8626681Z       SELECT [MigrationId], [ProductVersion]
2026-08-07T23:41:51.8626734Z       FROM [__EFMigrationsHistory]
2026-08-07T23:41:51.8628487Z       ORDER BY [MigrationId];
2026-08-07T23:41:51.8640088Z info: Microsoft.EntityFrameworkCore.Database.Command[20101]
2026-08-07T23:41:51.8640496Z       Executed DbCommand (1ms) [Parameters=[], CommandType='Text', CommandTimeout='30']
2026-08-07T23:41:51.8640680Z       SELECT TOP(1) [b].[BankAccountNumber]
2026-08-07T23:41:51.8640730Z       FROM [Beneficiaries] AS [b]
2026-08-07T23:41:51.8640777Z       ORDER BY [b].[Id]
2026-08-07T23:41:51.9219445Z info: Microsoft.EntityFrameworkCore.Database.Command[20101]
2026-08-07T23:41:51.9220277Z       Executed DbCommand (2ms) [Parameters=[], CommandType='Text', CommandTimeout='30']
2026-08-07T23:41:51.9220381Z       SELECT 1
2026-08-07T23:41:51.9236518Z info: Microsoft.EntityFrameworkCore.Database.Command[20101]
2026-08-07T23:41:51.9236956Z       Executed DbCommand (1ms) [Parameters=[], CommandType='Text', CommandTimeout='30']
2026-08-07T23:41:51.9237092Z       SELECT OBJECT_ID(N'[__EFMigrationsHistory]');
2026-08-07T23:41:51.9266187Z info: Microsoft.EntityFrameworkCore.Database.Command[20101]
2026-08-07T23:41:51.9266569Z       Executed DbCommand (1ms) [Parameters=[], CommandType='Text', CommandTimeout='30']
2026-08-07T23:41:51.9266654Z       SELECT [MigrationId], [ProductVersion]
2026-08-07T23:41:51.9266699Z       FROM [__EFMigrationsHistory]
2026-08-07T23:41:51.9266789Z       ORDER BY [MigrationId];
2026-08-07T23:41:51.9278137Z info: Microsoft.EntityFrameworkCore.Database.Command[20101]
2026-08-07T23:41:51.9278442Z       Executed DbCommand (1ms) [Parameters=[], CommandType='Text', CommandTimeout='30']
2026-08-07T23:41:51.9278516Z       SELECT TOP(1) [b].[BankAccountNumber]
2026-08-07T23:41:51.9278563Z       FROM [Beneficiaries] AS [b]
2026-08-07T23:41:51.9278650Z       ORDER BY [b].[Id]
2026-08-07T23:41:52.1706344Z info: Microsoft.EntityFrameworkCore.Database.Command[20101]
2026-08-07T23:41:52.1707100Z       Executed DbCommand (2ms) [Parameters=[], CommandType='Text', CommandTimeout='30']
2026-08-07T23:41:52.1707194Z       SELECT 1
2026-08-07T23:41:52.1735754Z info: Microsoft.EntityFrameworkCore.Database.Command[20101]
2026-08-07T23:41:52.1736266Z       Executed DbCommand (2ms) [Parameters=[], CommandType='Text', CommandTimeout='30']
2026-08-07T23:41:52.1736380Z       SELECT OBJECT_ID(N'[__EFMigrationsHistory]');
2026-08-07T23:41:52.1769585Z info: Microsoft.EntityFrameworkCore.Database.Command[20101]
2026-08-07T23:41:52.1770037Z       Executed DbCommand (2ms) [Parameters=[], CommandType='Text', CommandTimeout='30']
2026-08-07T23:41:52.1770117Z       SELECT [MigrationId], [ProductVersion]
2026-08-07T23:41:52.1770166Z       FROM [__EFMigrationsHistory]
2026-08-07T23:41:52.1775920Z       ORDER BY [MigrationId];
2026-08-07T23:41:52.1794055Z info: Microsoft.EntityFrameworkCore.Database.Command[20101]
2026-08-07T23:41:52.1794351Z       Executed DbCommand (1ms) [Parameters=[], CommandType='Text', CommandTimeout='30']
2026-08-07T23:41:52.1794427Z       SELECT TOP(1) [b].[BankAccountNumber]
2026-08-07T23:41:52.1794475Z       FROM [Beneficiaries] AS [b]
2026-08-07T23:41:52.1794521Z       ORDER BY [b].[Id]
2026-08-07T23:41:54.0754833Z info: Microsoft.EntityFrameworkCore.Database.Command[20101]
2026-08-07T23:41:54.0755737Z       Executed DbCommand (2ms) [Parameters=[], CommandType='Text', CommandTimeout='30']
2026-08-07T23:41:54.0755864Z       SELECT 1
2026-08-07T23:41:54.0782478Z info: Microsoft.EntityFrameworkCore.Database.Command[20101]
2026-08-07T23:41:54.0783178Z       Executed DbCommand (2ms) [Parameters=[], CommandType='Text', CommandTimeout='30']
2026-08-07T23:41:54.0783294Z       SELECT OBJECT_ID(N'[__EFMigrationsHistory]');
2026-08-07T23:41:54.0797253Z info: Microsoft.EntityFrameworkCore.Database.Command[20101]
2026-08-07T23:41:54.0797614Z       Executed DbCommand (2ms) [Parameters=[], CommandType='Text', CommandTimeout='30']
2026-08-07T23:41:54.0797678Z       SELECT [MigrationId], [ProductVersion]
2026-08-07T23:41:54.0797963Z       FROM [__EFMigrationsHistory]
2026-08-07T23:41:54.0798513Z       ORDER BY [MigrationId];
2026-08-07T23:41:54.0814560Z info: Microsoft.EntityFrameworkCore.Database.Command[20101]
2026-08-07T23:41:54.0814894Z       Executed DbCommand (1ms) [Parameters=[], CommandType='Text', CommandTimeout='30']
2026-08-07T23:41:54.0815003Z       SELECT TOP(1) [b].[BankAccountNumber]
2026-08-07T23:41:54.0815046Z       FROM [Beneficiaries] AS [b]
2026-08-07T23:41:54.0815083Z       ORDER BY [b].[Id]
2026-08-07T23:41:55.3335969Z info: Microsoft.EntityFrameworkCore.Database.Command[20101]
2026-08-07T23:41:55.3336713Z       Executed DbCommand (2ms) [Parameters=[], CommandType='Text', CommandTimeout='30']
2026-08-07T23:41:55.3336878Z       SELECT 1
2026-08-07T23:41:55.3364923Z info: Microsoft.EntityFrameworkCore.Database.Command[20101]
2026-08-07T23:41:55.3366461Z       Executed DbCommand (2ms) [Parameters=[], CommandType='Text', CommandTimeout='30']
2026-08-07T23:41:55.3366605Z       SELECT OBJECT_ID(N'[__EFMigrationsHistory]');
2026-08-07T23:41:55.3383777Z info: Microsoft.EntityFrameworkCore.Database.Command[20101]
2026-08-07T23:41:55.3384132Z       Executed DbCommand (2ms) [Parameters=[], CommandType='Text', CommandTimeout='30']
2026-08-07T23:41:55.3384186Z       SELECT [MigrationId], [ProductVersion]
2026-08-07T23:41:55.3384219Z       FROM [__EFMigrationsHistory]
2026-08-07T23:41:55.3384250Z       ORDER BY [MigrationId];
2026-08-07T23:41:55.3399864Z info: Microsoft.EntityFrameworkCore.Database.Command[20101]
2026-08-07T23:41:55.3400200Z       Executed DbCommand (1ms) [Parameters=[], CommandType='Text', CommandTimeout='30']
2026-08-07T23:41:55.3400267Z       SELECT TOP(1) [b].[BankAccountNumber]
2026-08-07T23:41:55.3400310Z       FROM [Beneficiaries] AS [b]
2026-08-07T23:41:55.3400398Z       ORDER BY [b].[Id]
2026-08-07T23:42:03.1797726Z info: Microsoft.EntityFrameworkCore.Database.Command[20101]
2026-08-07T23:42:03.1798585Z       Executed DbCommand (2ms) [Parameters=[], CommandType='Text', CommandTimeout='30']
2026-08-07T23:42:03.1798726Z       SELECT 1
2026-08-07T23:42:03.1824664Z info: Microsoft.EntityFrameworkCore.Database.Command[20101]
2026-08-07T23:42:03.1825242Z       Executed DbCommand (2ms) [Parameters=[], CommandType='Text', CommandTimeout='30']
2026-08-07T23:42:03.1825329Z       SELECT OBJECT_ID(N'[__EFMigrationsHistory]');
2026-08-07T23:42:03.1839741Z info: Microsoft.EntityFrameworkCore.Database.Command[20101]
2026-08-07T23:42:03.1840164Z       Executed DbCommand (1ms) [Parameters=[], CommandType='Text', CommandTimeout='30']
2026-08-07T23:42:03.1840279Z       SELECT [MigrationId], [ProductVersion]
2026-08-07T23:42:03.1840323Z       FROM [__EFMigrationsHistory]
2026-08-07T23:42:03.1844309Z       ORDER BY [MigrationId];
2026-08-07T23:42:03.1855013Z info: Microsoft.EntityFrameworkCore.Database.Command[20101]
2026-08-07T23:42:03.1855339Z       Executed DbCommand (1ms) [Parameters=[], CommandType='Text', CommandTimeout='30']
2026-08-07T23:42:03.1855402Z       SELECT TOP(1) [b].[BankAccountNumber]
2026-08-07T23:42:03.1855440Z       FROM [Beneficiaries] AS [b]
2026-08-07T23:42:03.1855476Z       ORDER BY [b].[Id]
2026-08-07T23:42:04.4653492Z info: Microsoft.EntityFrameworkCore.Database.Command[20101]
2026-08-07T23:42:04.4654388Z       Executed DbCommand (2ms) [Parameters=[], CommandType='Text', CommandTimeout='30']
2026-08-07T23:42:04.4654498Z       SELECT 1
2026-08-07T23:42:04.4684645Z info: Microsoft.EntityFrameworkCore.Database.Command[20101]
2026-08-07T23:42:04.4685757Z       Executed DbCommand (2ms) [Parameters=[], CommandType='Text', CommandTimeout='30']
2026-08-07T23:42:04.4685910Z       SELECT OBJECT_ID(N'[__EFMigrationsHistory]');
2026-08-07T23:42:04.4699053Z info: Microsoft.EntityFrameworkCore.Database.Command[20101]
2026-08-07T23:42:04.4699436Z       Executed DbCommand (2ms) [Parameters=[], CommandType='Text', CommandTimeout='30']
2026-08-07T23:42:04.4699618Z       SELECT [MigrationId], [ProductVersion]
2026-08-07T23:42:04.4699666Z       FROM [__EFMigrationsHistory]
2026-08-07T23:42:04.4701091Z       ORDER BY [MigrationId];
2026-08-07T23:42:04.4716092Z info: Microsoft.EntityFrameworkCore.Database.Command[20101]
2026-08-07T23:42:04.4716499Z       Executed DbCommand (1ms) [Parameters=[], CommandType='Text', CommandTimeout='30']
2026-08-07T23:42:04.4716575Z       SELECT TOP(1) [b].[BankAccountNumber]
2026-08-07T23:42:04.4716664Z       FROM [Beneficiaries] AS [b]
2026-08-07T23:42:04.4716710Z       ORDER BY [b].[Id]
2026-08-07T23:42:05.2953087Z info: Microsoft.EntityFrameworkCore.Database.Command[20101]
2026-08-07T23:42:05.2954031Z       Executed DbCommand (2ms) [Parameters=[], CommandType='Text', CommandTimeout='30']
2026-08-07T23:42:05.2954130Z       SELECT 1
2026-08-07T23:42:05.2981174Z info: Microsoft.EntityFrameworkCore.Database.Command[20101]
2026-08-07T23:42:05.2981602Z       Executed DbCommand (2ms) [Parameters=[], CommandType='Text', CommandTimeout='30']
2026-08-07T23:42:05.2981678Z       SELECT OBJECT_ID(N'[__EFMigrationsHistory]');
2026-08-07T23:42:05.2993046Z info: Microsoft.EntityFrameworkCore.Database.Command[20101]
2026-08-07T23:42:05.2993487Z       Executed DbCommand (1ms) [Parameters=[], CommandType='Text', CommandTimeout='30']
2026-08-07T23:42:05.2993552Z       SELECT [MigrationId], [ProductVersion]
2026-08-07T23:42:05.2993593Z       FROM [__EFMigrationsHistory]
2026-08-07T23:42:05.2993632Z       ORDER BY [MigrationId];
2026-08-07T23:42:05.3011607Z info: Microsoft.EntityFrameworkCore.Database.Command[20101]
2026-08-07T23:42:05.3011969Z       Executed DbCommand (1ms) [Parameters=[], CommandType='Text', CommandTimeout='30']
2026-08-07T23:42:05.3012044Z       SELECT TOP(1) [b].[BankAccountNumber]
2026-08-07T23:42:05.3012188Z       FROM [Beneficiaries] AS [b]
2026-08-07T23:42:05.3012230Z       ORDER BY [b].[Id]
2026-08-07T23:42:07.6543891Z info: Microsoft.EntityFrameworkCore.Database.Command[20101]
2026-08-07T23:42:07.6544858Z       Executed DbCommand (2ms) [Parameters=[], CommandType='Text', CommandTimeout='30']
2026-08-07T23:42:07.6544966Z       SELECT 1
2026-08-07T23:42:07.6572482Z info: Microsoft.EntityFrameworkCore.Database.Command[20101]
2026-08-07T23:42:07.6573026Z       Executed DbCommand (1ms) [Parameters=[], CommandType='Text', CommandTimeout='30']
2026-08-07T23:42:07.6573180Z       SELECT OBJECT_ID(N'[__EFMigrationsHistory]');
2026-08-07T23:42:07.6586800Z info: Microsoft.EntityFrameworkCore.Database.Command[20101]
2026-08-07T23:42:07.6587115Z       Executed DbCommand (2ms) [Parameters=[], CommandType='Text', CommandTimeout='30']
2026-08-07T23:42:07.6587190Z       SELECT [MigrationId], [ProductVersion]
2026-08-07T23:42:07.6587285Z       FROM [__EFMigrationsHistory]
2026-08-07T23:42:07.6595371Z       ORDER BY [MigrationId];
2026-08-07T23:42:07.6606870Z info: Microsoft.EntityFrameworkCore.Database.Command[20101]
2026-08-07T23:42:07.6619418Z       Executed DbCommand (1ms) [Parameters=[], CommandType='Text', CommandTimeout='30']
2026-08-07T23:42:07.6619603Z       SELECT TOP(1) [b].[BankAccountNumber]
2026-08-07T23:42:07.6619651Z       FROM [Beneficiaries] AS [b]
2026-08-07T23:42:07.6619696Z       ORDER BY [b].[Id]
2026-08-07T23:42:10.4213569Z info: Microsoft.EntityFrameworkCore.Database.Command[20101]
2026-08-07T23:42:10.4214344Z       Executed DbCommand (2ms) [Parameters=[], CommandType='Text', CommandTimeout='30']
2026-08-07T23:42:10.4214528Z       SELECT 1
2026-08-07T23:42:10.4242350Z info: Microsoft.EntityFrameworkCore.Database.Command[20101]
2026-08-07T23:42:10.4242866Z       Executed DbCommand (2ms) [Parameters=[], CommandType='Text', CommandTimeout='30']
2026-08-07T23:42:10.4242948Z       SELECT OBJECT_ID(N'[__EFMigrationsHistory]');
2026-08-07T23:42:10.4256927Z info: Microsoft.EntityFrameworkCore.Database.Command[20101]
2026-08-07T23:42:10.4257269Z       Executed DbCommand (1ms) [Parameters=[], CommandType='Text', CommandTimeout='30']
2026-08-07T23:42:10.4257336Z       SELECT [MigrationId], [ProductVersion]
2026-08-07T23:42:10.4257374Z       FROM [__EFMigrationsHistory]
2026-08-07T23:42:10.4257410Z       ORDER BY [MigrationId];
2026-08-07T23:42:10.4279520Z info: Microsoft.EntityFrameworkCore.Database.Command[20101]
2026-08-07T23:42:10.4279738Z       Executed DbCommand (2ms) [Parameters=[], CommandType='Text', CommandTimeout='30']
2026-08-07T23:42:10.4279802Z       SELECT TOP(1) [b].[BankAccountNumber]
2026-08-07T23:42:10.4279845Z       FROM [Beneficiaries] AS [b]
2026-08-07T23:42:10.4279883Z       ORDER BY [b].[Id]
2026-08-07T23:42:10.8598415Z info: Microsoft.EntityFrameworkCore.Database.Command[20101]
2026-08-07T23:42:10.8599271Z       Executed DbCommand (2ms) [Parameters=[], CommandType='Text', CommandTimeout='30']
2026-08-07T23:42:10.8599384Z       SELECT 1
2026-08-07T23:42:10.8623878Z info: Microsoft.EntityFrameworkCore.Database.Command[20101]
2026-08-07T23:42:10.8624485Z       Executed DbCommand (2ms) [Parameters=[], CommandType='Text', CommandTimeout='30']
2026-08-07T23:42:10.8624581Z       SELECT OBJECT_ID(N'[__EFMigrationsHistory]');
2026-08-07T23:42:10.8647808Z info: Microsoft.EntityFrameworkCore.Database.Command[20101]
2026-08-07T23:42:10.8648313Z       Executed DbCommand (2ms) [Parameters=[], CommandType='Text', CommandTimeout='30']
2026-08-07T23:42:10.8648435Z       SELECT [MigrationId], [ProductVersion]
2026-08-07T23:42:10.8648479Z       FROM [__EFMigrationsHistory]
2026-08-07T23:42:10.8649800Z       ORDER BY [MigrationId];
2026-08-07T23:42:10.8664651Z info: Microsoft.EntityFrameworkCore.Database.Command[20101]
2026-08-07T23:42:10.8665019Z       Executed DbCommand (1ms) [Parameters=[], CommandType='Text', CommandTimeout='30']
2026-08-07T23:42:10.8665092Z       SELECT TOP(1) [b].[BankAccountNumber]
2026-08-07T23:42:10.8665131Z       FROM [Beneficiaries] AS [b]
2026-08-07T23:42:10.8665262Z       ORDER BY [b].[Id]
2026-08-07T23:42:22.0679461Z info: Microsoft.EntityFrameworkCore.Database.Command[20101]
2026-08-07T23:42:22.0680490Z       Executed DbCommand (2ms) [Parameters=[], CommandType='Text', CommandTimeout='30']
2026-08-07T23:42:22.0680646Z       SELECT 1
2026-08-07T23:42:22.0698444Z info: Microsoft.EntityFrameworkCore.Database.Command[20101]
2026-08-07T23:42:22.0699207Z       Executed DbCommand (2ms) [Parameters=[], CommandType='Text', CommandTimeout='30']
2026-08-07T23:42:22.0699386Z       SELECT OBJECT_ID(N'[__EFMigrationsHistory]');
2026-08-07T23:42:22.0733670Z info: Microsoft.EntityFrameworkCore.Database.Command[20101]
2026-08-07T23:42:22.0736418Z       Executed DbCommand (2ms) [Parameters=[], CommandType='Text', CommandTimeout='30']
2026-08-07T23:42:22.0736566Z       SELECT [MigrationId], [ProductVersion]
2026-08-07T23:42:22.0736623Z       FROM [__EFMigrationsHistory]
2026-08-07T23:42:22.0736733Z       ORDER BY [MigrationId];
2026-08-07T23:42:22.0755050Z info: Microsoft.EntityFrameworkCore.Database.Command[20101]
2026-08-07T23:42:22.0755284Z       Executed DbCommand (1ms) [Parameters=[], CommandType='Text', CommandTimeout='30']
2026-08-07T23:42:22.0755350Z       SELECT TOP(1) [b].[BankAccountNumber]
2026-08-07T23:42:22.0755388Z       FROM [Beneficiaries] AS [b]
2026-08-07T23:42:22.0755465Z       ORDER BY [b].[Id]
2026-08-07T23:42:27.3905992Z info: Microsoft.EntityFrameworkCore.Database.Command[20101]
2026-08-07T23:42:27.3906754Z       Executed DbCommand (2ms) [Parameters=[], CommandType='Text', CommandTimeout='30']
2026-08-07T23:42:27.3906851Z       SELECT 1
2026-08-07T23:42:27.3921047Z info: Microsoft.EntityFrameworkCore.Database.Command[20101]
2026-08-07T23:42:27.3921591Z       Executed DbCommand (2ms) [Parameters=[], CommandType='Text', CommandTimeout='30']
2026-08-07T23:42:27.3921672Z       SELECT OBJECT_ID(N'[__EFMigrationsHistory]');
2026-08-07T23:42:27.3949935Z info: Microsoft.EntityFrameworkCore.Database.Command[20101]
2026-08-07T23:42:27.3950304Z       Executed DbCommand (1ms) [Parameters=[], CommandType='Text', CommandTimeout='30']
2026-08-07T23:42:27.3950371Z       SELECT [MigrationId], [ProductVersion]
2026-08-07T23:42:27.3950415Z       FROM [__EFMigrationsHistory]
2026-08-07T23:42:27.3950452Z       ORDER BY [MigrationId];
2026-08-07T23:42:27.3969510Z info: Microsoft.EntityFrameworkCore.Database.Command[20101]
2026-08-07T23:42:27.3969934Z       Executed DbCommand (1ms) [Parameters=[], CommandType='Text', CommandTimeout='30']
2026-08-07T23:42:27.3970005Z       SELECT TOP(1) [b].[BankAccountNumber]
2026-08-07T23:42:27.3970053Z       FROM [Beneficiaries] AS [b]
2026-08-07T23:42:27.3970099Z       ORDER BY [b].[Id]
2026-08-07T23:42:27.7970967Z info: Microsoft.EntityFrameworkCore.Database.Command[20101]
2026-08-07T23:42:27.7972102Z       Executed DbCommand (2ms) [Parameters=[], CommandType='Text', CommandTimeout='30']
2026-08-07T23:42:27.7972201Z       SELECT 1
2026-08-07T23:42:27.7987661Z info: Microsoft.EntityFrameworkCore.Database.Command[20101]
2026-08-07T23:42:27.7988174Z       Executed DbCommand (2ms) [Parameters=[], CommandType='Text', CommandTimeout='30']
2026-08-07T23:42:27.7988317Z       SELECT OBJECT_ID(N'[__EFMigrationsHistory]');
2026-08-07T23:42:27.8016031Z info: Microsoft.EntityFrameworkCore.Database.Command[20101]
2026-08-07T23:42:27.8016421Z       Executed DbCommand (1ms) [Parameters=[], CommandType='Text', CommandTimeout='30']
2026-08-07T23:42:27.8016505Z       SELECT [MigrationId], [ProductVersion]
2026-08-07T23:42:27.8016604Z       FROM [__EFMigrationsHistory]
2026-08-07T23:42:27.8016656Z       ORDER BY [MigrationId];
2026-08-07T23:42:27.8031417Z info: Microsoft.EntityFrameworkCore.Database.Command[20101]
2026-08-07T23:42:27.8031708Z       Executed DbCommand (1ms) [Parameters=[], CommandType='Text', CommandTimeout='30']
2026-08-07T23:42:27.8031768Z       SELECT TOP(1) [b].[BankAccountNumber]
2026-08-07T23:42:27.8031848Z       FROM [Beneficiaries] AS [b]
2026-08-07T23:42:27.8031885Z       ORDER BY [b].[Id]
2026-08-07T23:42:29.7958923Z info: Microsoft.EntityFrameworkCore.Database.Command[20101]
2026-08-07T23:42:29.7959815Z       Executed DbCommand (2ms) [Parameters=[], CommandType='Text', CommandTimeout='30']
2026-08-07T23:42:29.7960004Z       SELECT 1
2026-08-07T23:42:29.7977239Z info: Microsoft.EntityFrameworkCore.Database.Command[20101]
2026-08-07T23:42:29.7977860Z       Executed DbCommand (1ms) [Parameters=[], CommandType='Text', CommandTimeout='30']
2026-08-07T23:42:29.7977935Z       SELECT OBJECT_ID(N'[__EFMigrationsHistory]');
2026-08-07T23:42:29.8002321Z info: Microsoft.EntityFrameworkCore.Database.Command[20101]
2026-08-07T23:42:29.8002753Z       Executed DbCommand (1ms) [Parameters=[], CommandType='Text', CommandTimeout='30']
2026-08-07T23:42:29.8003008Z       SELECT [MigrationId], [ProductVersion]
2026-08-07T23:42:29.8003056Z       FROM [__EFMigrationsHistory]
2026-08-07T23:42:29.8003095Z       ORDER BY [MigrationId];
2026-08-07T23:42:29.8020320Z info: Microsoft.EntityFrameworkCore.Database.Command[20101]
2026-08-07T23:42:29.8020641Z       Executed DbCommand (1ms) [Parameters=[], CommandType='Text', CommandTimeout='30']
2026-08-07T23:42:29.8020712Z       SELECT TOP(1) [b].[BankAccountNumber]
2026-08-07T23:42:29.8020751Z       FROM [Beneficiaries] AS [b]
2026-08-07T23:42:29.8021122Z       ORDER BY [b].[Id]
2026-08-07T23:42:31.3916129Z info: Microsoft.EntityFrameworkCore.Database.Command[20101]
2026-08-07T23:42:31.3917091Z       Executed DbCommand (2ms) [Parameters=[], CommandType='Text', CommandTimeout='30']
2026-08-07T23:42:31.3917226Z       SELECT 1
2026-08-07T23:42:31.3931550Z info: Microsoft.EntityFrameworkCore.Database.Command[20101]
2026-08-07T23:42:31.3932116Z       Executed DbCommand (2ms) [Parameters=[], CommandType='Text', CommandTimeout='30']
2026-08-07T23:42:31.3932211Z       SELECT OBJECT_ID(N'[__EFMigrationsHistory]');
2026-08-07T23:42:31.3958000Z info: Microsoft.EntityFrameworkCore.Database.Command[20101]
2026-08-07T23:42:31.3958358Z       Executed DbCommand (1ms) [Parameters=[], CommandType='Text', CommandTimeout='30']
2026-08-07T23:42:31.3958491Z       SELECT [MigrationId], [ProductVersion]
2026-08-07T23:42:31.3958534Z       FROM [__EFMigrationsHistory]
2026-08-07T23:42:31.3959048Z       ORDER BY [MigrationId];
2026-08-07T23:42:31.3976276Z info: Microsoft.EntityFrameworkCore.Database.Command[20101]
2026-08-07T23:42:31.3976630Z       Executed DbCommand (1ms) [Parameters=[], CommandType='Text', CommandTimeout='30']
2026-08-07T23:42:31.3976703Z       SELECT TOP(1) [b].[BankAccountNumber]
2026-08-07T23:42:31.3976748Z       FROM [Beneficiaries] AS [b]
2026-08-07T23:42:31.3976794Z       ORDER BY [b].[Id]
2026-08-07T23:42:31.8815759Z info: Microsoft.EntityFrameworkCore.Database.Command[20101]
2026-08-07T23:42:31.8816676Z       Executed DbCommand (2ms) [Parameters=[], CommandType='Text', CommandTimeout='30']
2026-08-07T23:42:31.8816794Z       SELECT 1
2026-08-07T23:42:31.8846081Z info: Microsoft.EntityFrameworkCore.Database.Command[20101]
2026-08-07T23:42:31.8847028Z       Executed DbCommand (2ms) [Parameters=[], CommandType='Text', CommandTimeout='30']
2026-08-07T23:42:31.8847209Z       SELECT OBJECT_ID(N'[__EFMigrationsHistory]');
2026-08-07T23:42:31.8859907Z info: Microsoft.EntityFrameworkCore.Database.Command[20101]
2026-08-07T23:42:31.8860419Z       Executed DbCommand (1ms) [Parameters=[], CommandType='Text', CommandTimeout='30']
2026-08-07T23:42:31.8860523Z       SELECT [MigrationId], [ProductVersion]
2026-08-07T23:42:31.8860584Z       FROM [__EFMigrationsHistory]
2026-08-07T23:42:31.8860699Z       ORDER BY [MigrationId];
2026-08-07T23:42:31.8884773Z info: Microsoft.EntityFrameworkCore.Database.Command[20101]
2026-08-07T23:42:31.8885115Z       Executed DbCommand (2ms) [Parameters=[], CommandType='Text', CommandTimeout='30']
2026-08-07T23:42:31.8885182Z       SELECT TOP(1) [b].[BankAccountNumber]
2026-08-07T23:42:31.8885225Z       FROM [Beneficiaries] AS [b]
2026-08-07T23:42:31.8885314Z       ORDER BY [b].[Id]
2026-08-07T23:42:41.8668334Z info: Microsoft.EntityFrameworkCore.Database.Command[20101]
2026-08-07T23:42:41.8669101Z       Executed DbCommand (2ms) [Parameters=[], CommandType='Text', CommandTimeout='30']
2026-08-07T23:42:41.8669214Z       SELECT 1
2026-08-07T23:42:41.8696852Z info: Microsoft.EntityFrameworkCore.Database.Command[20101]
2026-08-07T23:42:41.8697340Z       Executed DbCommand (2ms) [Parameters=[], CommandType='Text', CommandTimeout='30']
2026-08-07T23:42:41.8697421Z       SELECT OBJECT_ID(N'[__EFMigrationsHistory]');
2026-08-07T23:42:41.8715110Z info: Microsoft.EntityFrameworkCore.Database.Command[20101]
2026-08-07T23:42:41.8715492Z       Executed DbCommand (2ms) [Parameters=[], CommandType='Text', CommandTimeout='30']
2026-08-07T23:42:41.8715566Z       SELECT [MigrationId], [ProductVersion]
2026-08-07T23:42:41.8715611Z       FROM [__EFMigrationsHistory]
2026-08-07T23:42:41.8715654Z       ORDER BY [MigrationId];
2026-08-07T23:42:41.8729843Z info: Microsoft.EntityFrameworkCore.Database.Command[20101]
2026-08-07T23:42:41.8730184Z       Executed DbCommand (2ms) [Parameters=[], CommandType='Text', CommandTimeout='30']
2026-08-07T23:42:41.8730256Z       SELECT TOP(1) [b].[BankAccountNumber]
2026-08-07T23:42:41.8730299Z       FROM [Beneficiaries] AS [b]
2026-08-07T23:42:41.8730342Z       ORDER BY [b].[Id]
2026-08-07T23:42:41.9896031Z info: Microsoft.EntityFrameworkCore.Database.Command[20101]
2026-08-07T23:42:41.9896946Z       Executed DbCommand (2ms) [Parameters=[], CommandType='Text', CommandTimeout='30']
2026-08-07T23:42:41.9897071Z       SELECT 1
2026-08-07T23:42:41.9919913Z info: Microsoft.EntityFrameworkCore.Database.Command[20101]
2026-08-07T23:42:41.9920610Z       Executed DbCommand (2ms) [Parameters=[], CommandType='Text', CommandTimeout='30']
2026-08-07T23:42:41.9920780Z       SELECT OBJECT_ID(N'[__EFMigrationsHistory]');
2026-08-07T23:42:41.9936650Z info: Microsoft.EntityFrameworkCore.Database.Command[20101]
2026-08-07T23:42:41.9937046Z       Executed DbCommand (1ms) [Parameters=[], CommandType='Text', CommandTimeout='30']
2026-08-07T23:42:41.9937119Z       SELECT [MigrationId], [ProductVersion]
2026-08-07T23:42:41.9937214Z       FROM [__EFMigrationsHistory]
2026-08-07T23:42:41.9937262Z       ORDER BY [MigrationId];
2026-08-07T23:42:41.9948977Z info: Microsoft.EntityFrameworkCore.Database.Command[20101]
2026-08-07T23:42:41.9949315Z       Executed DbCommand (1ms) [Parameters=[], CommandType='Text', CommandTimeout='30']
2026-08-07T23:42:41.9949383Z       SELECT TOP(1) [b].[BankAccountNumber]
2026-08-07T23:42:41.9949429Z       FROM [Beneficiaries] AS [b]
2026-08-07T23:42:41.9949990Z       ORDER BY [b].[Id]
2026-08-07T23:42:43.6973516Z info: Microsoft.EntityFrameworkCore.Database.Command[20101]
2026-08-07T23:42:43.6974323Z       Executed DbCommand (2ms) [Parameters=[], CommandType='Text', CommandTimeout='30']
2026-08-07T23:42:43.6974453Z       SELECT 1
2026-08-07T23:42:43.7000525Z info: Microsoft.EntityFrameworkCore.Database.Command[20101]
2026-08-07T23:42:43.7001057Z       Executed DbCommand (2ms) [Parameters=[], CommandType='Text', CommandTimeout='30']
2026-08-07T23:42:43.7001123Z       SELECT OBJECT_ID(N'[__EFMigrationsHistory]');
2026-08-07T23:42:43.7024698Z info: Microsoft.EntityFrameworkCore.Database.Command[20101]
2026-08-07T23:42:43.7025205Z       Executed DbCommand (2ms) [Parameters=[], CommandType='Text', CommandTimeout='30']
2026-08-07T23:42:43.7025324Z       SELECT [MigrationId], [ProductVersion]
2026-08-07T23:42:43.7025368Z       FROM [__EFMigrationsHistory]
2026-08-07T23:42:43.7032087Z       ORDER BY [MigrationId];
2026-08-07T23:42:43.7059230Z info: Microsoft.EntityFrameworkCore.Database.Command[20101]
2026-08-07T23:42:43.7059536Z       Executed DbCommand (3ms) [Parameters=[], CommandType='Text', CommandTimeout='30']
2026-08-07T23:42:43.7059605Z       SELECT TOP(1) [b].[BankAccountNumber]
2026-08-07T23:42:43.7059644Z       FROM [Beneficiaries] AS [b]
2026-08-07T23:42:43.7059685Z       ORDER BY [b].[Id]
2026-08-07T23:42:45.3573971Z info: Microsoft.EntityFrameworkCore.Database.Command[20101]
2026-08-07T23:42:45.3574802Z       Executed DbCommand (2ms) [Parameters=[], CommandType='Text', CommandTimeout='30']
2026-08-07T23:42:45.3574908Z       SELECT 1
2026-08-07T23:42:45.3608095Z info: Microsoft.EntityFrameworkCore.Database.Command[20101]
2026-08-07T23:42:45.3611498Z       Executed DbCommand (2ms) [Parameters=[], CommandType='Text', CommandTimeout='30']
2026-08-07T23:42:45.3611734Z       SELECT OBJECT_ID(N'[__EFMigrationsHistory]');
2026-08-07T23:42:45.3629957Z info: Microsoft.EntityFrameworkCore.Database.Command[20101]
2026-08-07T23:42:45.3630281Z       Executed DbCommand (1ms) [Parameters=[], CommandType='Text', CommandTimeout='30']
2026-08-07T23:42:45.3630359Z       SELECT [MigrationId], [ProductVersion]
2026-08-07T23:42:45.3637498Z       FROM [__EFMigrationsHistory]
2026-08-07T23:42:45.3640133Z       ORDER BY [MigrationId];
2026-08-07T23:42:45.3652082Z info: Microsoft.EntityFrameworkCore.Database.Command[20101]
2026-08-07T23:42:45.3652314Z       Executed DbCommand (1ms) [Parameters=[], CommandType='Text', CommandTimeout='30']
2026-08-07T23:42:45.3652389Z       SELECT TOP(1) [b].[BankAccountNumber]
2026-08-07T23:42:45.3652476Z       FROM [Beneficiaries] AS [b]
2026-08-07T23:42:45.3652521Z       ORDER BY [b].[Id]
2026-08-07T23:42:45.9238381Z info: Microsoft.EntityFrameworkCore.Database.Command[20101]
2026-08-07T23:42:45.9239266Z       Executed DbCommand (2ms) [Parameters=[], CommandType='Text', CommandTimeout='30']
2026-08-07T23:42:45.9239383Z       SELECT 1
2026-08-07T23:42:45.9267549Z info: Microsoft.EntityFrameworkCore.Database.Command[20101]
2026-08-07T23:42:45.9268191Z       Executed DbCommand (2ms) [Parameters=[], CommandType='Text', CommandTimeout='30']
2026-08-07T23:42:45.9268278Z       SELECT OBJECT_ID(N'[__EFMigrationsHistory]');
2026-08-07T23:42:45.9286514Z info: Microsoft.EntityFrameworkCore.Database.Command[20101]
2026-08-07T23:42:45.9287165Z       Executed DbCommand (2ms) [Parameters=[], CommandType='Text', CommandTimeout='30']
2026-08-07T23:42:45.9287247Z       SELECT [MigrationId], [ProductVersion]
2026-08-07T23:42:45.9287294Z       FROM [__EFMigrationsHistory]
2026-08-07T23:42:45.9287338Z       ORDER BY [MigrationId];
2026-08-07T23:42:45.9299248Z info: Microsoft.EntityFrameworkCore.Database.Command[20101]
2026-08-07T23:42:45.9299598Z       Executed DbCommand (1ms) [Parameters=[], CommandType='Text', CommandTimeout='30']
2026-08-07T23:42:45.9299671Z       SELECT TOP(1) [b].[BankAccountNumber]
2026-08-07T23:42:45.9299718Z       FROM [Beneficiaries] AS [b]
2026-08-07T23:42:45.9299854Z       ORDER BY [b].[Id]
2026-08-07T23:42:46.6123356Z info: Microsoft.EntityFrameworkCore.Database.Command[20101]
2026-08-07T23:42:46.6124134Z       Executed DbCommand (2ms) [Parameters=[], CommandType='Text', CommandTimeout='30']
2026-08-07T23:42:46.6124239Z       SELECT 1
2026-08-07T23:42:46.6139339Z info: Microsoft.EntityFrameworkCore.Database.Command[20101]
2026-08-07T23:42:46.6139840Z       Executed DbCommand (2ms) [Parameters=[], CommandType='Text', CommandTimeout='30']
2026-08-07T23:42:46.6140000Z       SELECT OBJECT_ID(N'[__EFMigrationsHistory]');
2026-08-07T23:42:46.6165815Z info: Microsoft.EntityFrameworkCore.Database.Command[20101]
2026-08-07T23:42:46.6166181Z       Executed DbCommand (1ms) [Parameters=[], CommandType='Text', CommandTimeout='30']
2026-08-07T23:42:46.6166259Z       SELECT [MigrationId], [ProductVersion]
2026-08-07T23:42:46.6166348Z       FROM [__EFMigrationsHistory]
2026-08-07T23:42:46.6166390Z       ORDER BY [MigrationId];
2026-08-07T23:42:46.6184692Z info: Microsoft.EntityFrameworkCore.Database.Command[20101]
2026-08-07T23:42:46.6184990Z       Executed DbCommand (2ms) [Parameters=[], CommandType='Text', CommandTimeout='30']
2026-08-07T23:42:46.6185056Z       SELECT TOP(1) [b].[BankAccountNumber]
2026-08-07T23:42:46.6185145Z       FROM [Beneficiaries] AS [b]
2026-08-07T23:42:46.6185194Z       ORDER BY [b].[Id]
2026-08-07T23:42:49.0476739Z info: Microsoft.EntityFrameworkCore.Database.Command[20101]
2026-08-07T23:42:49.0477547Z       Executed DbCommand (2ms) [Parameters=[], CommandType='Text', CommandTimeout='30']
2026-08-07T23:42:49.0477739Z       SELECT 1
2026-08-07T23:42:49.0494652Z info: Microsoft.EntityFrameworkCore.Database.Command[20101]
2026-08-07T23:42:49.0495316Z       Executed DbCommand (2ms) [Parameters=[], CommandType='Text', CommandTimeout='30']
2026-08-07T23:42:49.0495398Z       SELECT OBJECT_ID(N'[__EFMigrationsHistory]');
2026-08-07T23:42:49.0521825Z info: Microsoft.EntityFrameworkCore.Database.Command[20101]
2026-08-07T23:42:49.0522241Z       Executed DbCommand (1ms) [Parameters=[], CommandType='Text', CommandTimeout='30']
2026-08-07T23:42:49.0522360Z       SELECT [MigrationId], [ProductVersion]
2026-08-07T23:42:49.0522411Z       FROM [__EFMigrationsHistory]
2026-08-07T23:42:49.0524905Z       ORDER BY [MigrationId];
2026-08-07T23:42:49.0545526Z info: Microsoft.EntityFrameworkCore.Database.Command[20101]
2026-08-07T23:42:49.0545881Z       Executed DbCommand (1ms) [Parameters=[], CommandType='Text', CommandTimeout='30']
2026-08-07T23:42:49.0545959Z       SELECT TOP(1) [b].[BankAccountNumber]
2026-08-07T23:42:49.0546007Z       FROM [Beneficiaries] AS [b]
2026-08-07T23:42:49.0546053Z       ORDER BY [b].[Id]
2026-08-07T23:42:49.1424579Z info: Microsoft.EntityFrameworkCore.Database.Command[20101]
2026-08-07T23:42:49.1425458Z       Executed DbCommand (2ms) [Parameters=[], CommandType='Text', CommandTimeout='30']
2026-08-07T23:42:49.1425558Z       SELECT 1
2026-08-07T23:42:49.1449052Z info: Microsoft.EntityFrameworkCore.Database.Command[20101]
2026-08-07T23:42:49.1449604Z       Executed DbCommand (2ms) [Parameters=[], CommandType='Text', CommandTimeout='30']
2026-08-07T23:42:49.1449753Z       SELECT OBJECT_ID(N'[__EFMigrationsHistory]');
2026-08-07T23:42:49.1476150Z info: Microsoft.EntityFrameworkCore.Database.Command[20101]
2026-08-07T23:42:49.1476498Z       Executed DbCommand (2ms) [Parameters=[], CommandType='Text', CommandTimeout='30']
2026-08-07T23:42:49.1476992Z       SELECT [MigrationId], [ProductVersion]
2026-08-07T23:42:49.1477044Z       FROM [__EFMigrationsHistory]
2026-08-07T23:42:49.1477122Z       ORDER BY [MigrationId];
2026-08-07T23:42:49.1489643Z info: Microsoft.EntityFrameworkCore.Database.Command[20101]
2026-08-07T23:42:49.1489937Z       Executed DbCommand (1ms) [Parameters=[], CommandType='Text', CommandTimeout='30']
2026-08-07T23:42:49.1490000Z       SELECT TOP(1) [b].[BankAccountNumber]
2026-08-07T23:42:49.1490038Z       FROM [Beneficiaries] AS [b]
2026-08-07T23:42:49.1490119Z       ORDER BY [b].[Id]
2026-08-07T23:42:52.1665164Z info: Microsoft.EntityFrameworkCore.Database.Command[20101]
2026-08-07T23:42:52.1666023Z       Executed DbCommand (2ms) [Parameters=[], CommandType='Text', CommandTimeout='30']
2026-08-07T23:42:52.1666153Z       SELECT 1
2026-08-07T23:42:52.1683129Z info: Microsoft.EntityFrameworkCore.Database.Command[20101]
2026-08-07T23:42:52.1683723Z       Executed DbCommand (2ms) [Parameters=[], CommandType='Text', CommandTimeout='30']
2026-08-07T23:42:52.1683834Z       SELECT OBJECT_ID(N'[__EFMigrationsHistory]');
2026-08-07T23:42:52.1720462Z info: Microsoft.EntityFrameworkCore.Database.Command[20101]
2026-08-07T23:42:52.1721147Z       Executed DbCommand (1ms) [Parameters=[], CommandType='Text', CommandTimeout='30']
2026-08-07T23:42:52.1721228Z       SELECT [MigrationId], [ProductVersion]
2026-08-07T23:42:52.1721270Z       FROM [__EFMigrationsHistory]
2026-08-07T23:42:52.1721313Z       ORDER BY [MigrationId];
2026-08-07T23:42:52.1733334Z info: Microsoft.EntityFrameworkCore.Database.Command[20101]
2026-08-07T23:42:52.1733731Z       Executed DbCommand (1ms) [Parameters=[], CommandType='Text', CommandTimeout='30']
2026-08-07T23:42:52.1733799Z       SELECT TOP(1) [b].[BankAccountNumber]
2026-08-07T23:42:52.1733839Z       FROM [Beneficiaries] AS [b]
2026-08-07T23:42:52.1733880Z       ORDER BY [b].[Id]
2026-08-07T23:42:56.3802203Z info: Microsoft.EntityFrameworkCore.Database.Command[20101]
2026-08-07T23:42:56.3803021Z       Executed DbCommand (2ms) [Parameters=[], CommandType='Text', CommandTimeout='30']
2026-08-07T23:42:56.3803148Z       SELECT 1
2026-08-07T23:42:56.3823250Z info: Microsoft.EntityFrameworkCore.Database.Command[20101]
2026-08-07T23:42:56.3823830Z       Executed DbCommand (2ms) [Parameters=[], CommandType='Text', CommandTimeout='30']
2026-08-07T23:42:56.3824012Z       SELECT OBJECT_ID(N'[__EFMigrationsHistory]');
2026-08-07T23:42:56.3869797Z info: Microsoft.EntityFrameworkCore.Database.Command[20101]
2026-08-07T23:42:56.3870317Z       Executed DbCommand (2ms) [Parameters=[], CommandType='Text', CommandTimeout='30']
2026-08-07T23:42:56.3870404Z       SELECT [MigrationId], [ProductVersion]
2026-08-07T23:42:56.3870488Z       FROM [__EFMigrationsHistory]
2026-08-07T23:42:56.3871376Z       ORDER BY [MigrationId];
2026-08-07T23:42:56.3888424Z info: Microsoft.EntityFrameworkCore.Database.Command[20101]
2026-08-07T23:42:56.3888843Z       Executed DbCommand (1ms) [Parameters=[], CommandType='Text', CommandTimeout='30']
2026-08-07T23:42:56.3892921Z       SELECT TOP(1) [b].[BankAccountNumber]
2026-08-07T23:42:56.3893160Z       FROM [Beneficiaries] AS [b]
2026-08-07T23:42:56.3893209Z       ORDER BY [b].[Id]
2026-08-07T23:42:57.5208232Z info: Microsoft.EntityFrameworkCore.Database.Command[20101]
2026-08-07T23:42:57.5209011Z       Executed DbCommand (2ms) [Parameters=[], CommandType='Text', CommandTimeout='30']
2026-08-07T23:42:57.5209198Z       SELECT 1
2026-08-07T23:42:57.5235188Z info: Microsoft.EntityFrameworkCore.Database.Command[20101]
2026-08-07T23:42:57.5235840Z       Executed DbCommand (2ms) [Parameters=[], CommandType='Text', CommandTimeout='30']
2026-08-07T23:42:57.5235946Z       SELECT OBJECT_ID(N'[__EFMigrationsHistory]');
2026-08-07T23:42:57.5252239Z info: Microsoft.EntityFrameworkCore.Database.Command[20101]
2026-08-07T23:42:57.5252792Z       Executed DbCommand (1ms) [Parameters=[], CommandType='Text', CommandTimeout='30']
2026-08-07T23:42:57.5252867Z       SELECT [MigrationId], [ProductVersion]
2026-08-07T23:42:57.5252916Z       FROM [__EFMigrationsHistory]
2026-08-07T23:42:57.5252954Z       ORDER BY [MigrationId];
2026-08-07T23:42:57.5268531Z info: Microsoft.EntityFrameworkCore.Database.Command[20101]
2026-08-07T23:42:57.5268931Z       Executed DbCommand (1ms) [Parameters=[], CommandType='Text', CommandTimeout='30']
2026-08-07T23:42:57.5268999Z       SELECT TOP(1) [b].[BankAccountNumber]
2026-08-07T23:42:57.5269045Z       FROM [Beneficiaries] AS [b]
2026-08-07T23:42:57.5269083Z       ORDER BY [b].[Id]
2026-08-07T23:43:07.4968682Z info: Microsoft.EntityFrameworkCore.Database.Command[20101]
2026-08-07T23:43:07.4969540Z       Executed DbCommand (2ms) [Parameters=[], CommandType='Text', CommandTimeout='30']
2026-08-07T23:43:07.4969664Z       SELECT 1
2026-08-07T23:43:07.4997189Z info: Microsoft.EntityFrameworkCore.Database.Command[20101]
2026-08-07T23:43:07.4998936Z       Executed DbCommand (2ms) [Parameters=[], CommandType='Text', CommandTimeout='30']
2026-08-07T23:43:07.4999052Z       SELECT OBJECT_ID(N'[__EFMigrationsHistory]');
2026-08-07T23:43:07.5012259Z info: Microsoft.EntityFrameworkCore.Database.Command[20101]
2026-08-07T23:43:07.5012649Z       Executed DbCommand (1ms) [Parameters=[], CommandType='Text', CommandTimeout='30']
2026-08-07T23:43:07.5012768Z       SELECT [MigrationId], [ProductVersion]
2026-08-07T23:43:07.5012814Z       FROM [__EFMigrationsHistory]
2026-08-07T23:43:07.5012859Z       ORDER BY [MigrationId];
2026-08-07T23:43:07.5033762Z info: Microsoft.EntityFrameworkCore.Database.Command[20101]
2026-08-07T23:43:07.5034054Z       Executed DbCommand (1ms) [Parameters=[], CommandType='Text', CommandTimeout='30']
2026-08-07T23:43:07.5034169Z       SELECT TOP(1) [b].[BankAccountNumber]
2026-08-07T23:43:07.5034211Z       FROM [Beneficiaries] AS [b]
2026-08-07T23:43:07.5034254Z       ORDER BY [b].[Id]
2026-08-07T23:43:10.3577249Z info: Microsoft.EntityFrameworkCore.Database.Command[20101]
2026-08-07T23:43:10.3578199Z       Executed DbCommand (2ms) [Parameters=[], CommandType='Text', CommandTimeout='30']
2026-08-07T23:43:10.3578318Z       SELECT 1
2026-08-07T23:43:10.3594166Z info: Microsoft.EntityFrameworkCore.Database.Command[20101]
2026-08-07T23:43:10.3594638Z       Executed DbCommand (2ms) [Parameters=[], CommandType='Text', CommandTimeout='30']
2026-08-07T23:43:10.3594723Z       SELECT OBJECT_ID(N'[__EFMigrationsHistory]');
2026-08-07T23:43:10.3627527Z info: Microsoft.EntityFrameworkCore.Database.Command[20101]
2026-08-07T23:43:10.3627914Z       Executed DbCommand (1ms) [Parameters=[], CommandType='Text', CommandTimeout='30']
2026-08-07T23:43:10.3627990Z       SELECT [MigrationId], [ProductVersion]
2026-08-07T23:43:10.3628040Z       FROM [__EFMigrationsHistory]
2026-08-07T23:43:10.3628126Z       ORDER BY [MigrationId];
2026-08-07T23:43:10.3642239Z info: Microsoft.EntityFrameworkCore.Database.Command[20101]
2026-08-07T23:43:10.3642535Z       Executed DbCommand (2ms) [Parameters=[], CommandType='Text', CommandTimeout='30']
2026-08-07T23:43:10.3642601Z       SELECT TOP(1) [b].[BankAccountNumber]
2026-08-07T23:43:10.3642641Z       FROM [Beneficiaries] AS [b]
2026-08-07T23:43:10.3642720Z       ORDER BY [b].[Id]
2026-08-07T23:43:14.6041615Z info: Microsoft.EntityFrameworkCore.Database.Command[20101]
2026-08-07T23:43:14.6042482Z       Executed DbCommand (2ms) [Parameters=[], CommandType='Text', CommandTimeout='30']
2026-08-07T23:43:14.6042614Z       SELECT 1
2026-08-07T23:43:14.6069822Z info: Microsoft.EntityFrameworkCore.Database.Command[20101]
2026-08-07T23:43:14.6070441Z       Executed DbCommand (2ms) [Parameters=[], CommandType='Text', CommandTimeout='30']
2026-08-07T23:43:14.6070534Z       SELECT OBJECT_ID(N'[__EFMigrationsHistory]');
2026-08-07T23:43:14.6131962Z info: Microsoft.EntityFrameworkCore.Database.Command[20101]
2026-08-07T23:43:14.6132584Z       Executed DbCommand (6ms) [Parameters=[], CommandType='Text', CommandTimeout='30']
2026-08-07T23:43:14.6132724Z       SELECT [MigrationId], [ProductVersion]
2026-08-07T23:43:14.6132767Z       FROM [__EFMigrationsHistory]
2026-08-07T23:43:14.6132806Z       ORDER BY [MigrationId];
2026-08-07T23:43:14.6151941Z info: Microsoft.EntityFrameworkCore.Database.Command[20101]
2026-08-07T23:43:14.6152372Z       Executed DbCommand (1ms) [Parameters=[], CommandType='Text', CommandTimeout='30']
2026-08-07T23:43:14.6152512Z       SELECT TOP(1) [b].[BankAccountNumber]
2026-08-07T23:43:14.6152561Z       FROM [Beneficiaries] AS [b]
2026-08-07T23:43:14.6152599Z       ORDER BY [b].[Id]
2026-08-07T23:43:19.8397855Z info: Microsoft.EntityFrameworkCore.Database.Command[20101]
2026-08-07T23:43:19.8398752Z       Executed DbCommand (2ms) [Parameters=[], CommandType='Text', CommandTimeout='30']
2026-08-07T23:43:19.8398853Z       SELECT 1
2026-08-07T23:43:19.8426111Z info: Microsoft.EntityFrameworkCore.Database.Command[20101]
2026-08-07T23:43:19.8426682Z       Executed DbCommand (2ms) [Parameters=[], CommandType='Text', CommandTimeout='30']
2026-08-07T23:43:19.8426764Z       SELECT OBJECT_ID(N'[__EFMigrationsHistory]');
2026-08-07T23:43:19.8443879Z info: Microsoft.EntityFrameworkCore.Database.Command[20101]
2026-08-07T23:43:19.8444219Z       Executed DbCommand (1ms) [Parameters=[], CommandType='Text', CommandTimeout='30']
2026-08-07T23:43:19.8444290Z       SELECT [MigrationId], [ProductVersion]
2026-08-07T23:43:19.8444337Z       FROM [__EFMigrationsHistory]
2026-08-07T23:43:19.8444435Z       ORDER BY [MigrationId];
2026-08-07T23:43:19.8459625Z info: Microsoft.EntityFrameworkCore.Database.Command[20101]
2026-08-07T23:43:19.8459943Z       Executed DbCommand (1ms) [Parameters=[], CommandType='Text', CommandTimeout='30']
2026-08-07T23:43:19.8460021Z       SELECT TOP(1) [b].[BankAccountNumber]
2026-08-07T23:43:19.8460070Z       FROM [Beneficiaries] AS [b]
2026-08-07T23:43:19.8460165Z       ORDER BY [b].[Id]
2026-08-07T23:43:21.1584654Z info: Microsoft.EntityFrameworkCore.Database.Command[20101]
2026-08-07T23:43:21.1585503Z       Executed DbCommand (2ms) [Parameters=[], CommandType='Text', CommandTimeout='30']
2026-08-07T23:43:21.1585628Z       SELECT 1
2026-08-07T23:43:21.1629458Z info: Microsoft.EntityFrameworkCore.Database.Command[20101]
2026-08-07T23:43:21.1630048Z       Executed DbCommand (3ms) [Parameters=[], CommandType='Text', CommandTimeout='30']
2026-08-07T23:43:21.1630144Z       SELECT OBJECT_ID(N'[__EFMigrationsHistory]');
2026-08-07T23:43:21.1644355Z info: Microsoft.EntityFrameworkCore.Database.Command[20101]
2026-08-07T23:43:21.1644841Z       Executed DbCommand (2ms) [Parameters=[], CommandType='Text', CommandTimeout='30']
2026-08-07T23:43:21.1644966Z       SELECT [MigrationId], [ProductVersion]
2026-08-07T23:43:21.1645009Z       FROM [__EFMigrationsHistory]
2026-08-07T23:43:21.1645047Z       ORDER BY [MigrationId];
2026-08-07T23:43:21.1660838Z info: Microsoft.EntityFrameworkCore.Database.Command[20101]
2026-08-07T23:43:21.1661223Z       Executed DbCommand (1ms) [Parameters=[], CommandType='Text', CommandTimeout='30']
2026-08-07T23:43:21.1661334Z       SELECT TOP(1) [b].[BankAccountNumber]
2026-08-07T23:43:21.1661376Z       FROM [Beneficiaries] AS [b]
2026-08-07T23:43:21.1661413Z       ORDER BY [b].[Id]
2026-08-07T23:43:23.2003390Z info: Microsoft.EntityFrameworkCore.Database.Command[20101]
2026-08-07T23:43:23.2004666Z       Executed DbCommand (2ms) [Parameters=[], CommandType='Text', CommandTimeout='30']
2026-08-07T23:43:23.2004805Z       SELECT 1
2026-08-07T23:43:23.2020783Z info: Microsoft.EntityFrameworkCore.Database.Command[20101]
2026-08-07T23:43:23.2021286Z       Executed DbCommand (2ms) [Parameters=[], CommandType='Text', CommandTimeout='30']
2026-08-07T23:43:23.2021395Z       SELECT OBJECT_ID(N'[__EFMigrationsHistory]');
2026-08-07T23:43:23.2050323Z info: Microsoft.EntityFrameworkCore.Database.Command[20101]
2026-08-07T23:43:23.2050679Z       Executed DbCommand (1ms) [Parameters=[], CommandType='Text', CommandTimeout='30']
2026-08-07T23:43:23.2050746Z       SELECT [MigrationId], [ProductVersion]
2026-08-07T23:43:23.2050783Z       FROM [__EFMigrationsHistory]
2026-08-07T23:43:23.2057156Z       ORDER BY [MigrationId];
2026-08-07T23:43:23.2068408Z info: Microsoft.EntityFrameworkCore.Database.Command[20101]
2026-08-07T23:43:23.2068705Z       Executed DbCommand (1ms) [Parameters=[], CommandType='Text', CommandTimeout='30']
2026-08-07T23:43:23.2068772Z       SELECT TOP(1) [b].[BankAccountNumber]
2026-08-07T23:43:23.2068819Z       FROM [Beneficiaries] AS [b]
2026-08-07T23:43:23.2068906Z       ORDER BY [b].[Id]
2026-08-07T23:43:26.1120272Z info: Microsoft.EntityFrameworkCore.Database.Command[20101]
2026-08-07T23:43:26.1121103Z       Executed DbCommand (2ms) [Parameters=[], CommandType='Text', CommandTimeout='30']
2026-08-07T23:43:26.1121215Z       SELECT 1
2026-08-07T23:43:26.1151114Z info: Microsoft.EntityFrameworkCore.Database.Command[20101]
2026-08-07T23:43:26.1151687Z       Executed DbCommand (2ms) [Parameters=[], CommandType='Text', CommandTimeout='30']
2026-08-07T23:43:26.1151784Z       SELECT OBJECT_ID(N'[__EFMigrationsHistory]');
2026-08-07T23:43:26.1165118Z info: Microsoft.EntityFrameworkCore.Database.Command[20101]
2026-08-07T23:43:26.1165505Z       Executed DbCommand (1ms) [Parameters=[], CommandType='Text', CommandTimeout='30']
2026-08-07T23:43:26.1165744Z       SELECT [MigrationId], [ProductVersion]
2026-08-07T23:43:26.1165786Z       FROM [__EFMigrationsHistory]
2026-08-07T23:43:26.1165831Z       ORDER BY [MigrationId];
2026-08-07T23:43:26.1188775Z info: Microsoft.EntityFrameworkCore.Database.Command[20101]
2026-08-07T23:43:26.1189147Z       Executed DbCommand (1ms) [Parameters=[], CommandType='Text', CommandTimeout='30']
2026-08-07T23:43:26.1189223Z       SELECT TOP(1) [b].[BankAccountNumber]
2026-08-07T23:43:26.1189365Z       FROM [Beneficiaries] AS [b]
2026-08-07T23:43:26.1189411Z       ORDER BY [b].[Id]
2026-08-07T23:43:26.9298547Z info: Microsoft.EntityFrameworkCore.Database.Command[20101]
2026-08-07T23:43:26.9299402Z       Executed DbCommand (2ms) [Parameters=[], CommandType='Text', CommandTimeout='30']
2026-08-07T23:43:26.9299526Z       SELECT 1
2026-08-07T23:43:26.9327853Z info: Microsoft.EntityFrameworkCore.Database.Command[20101]
2026-08-07T23:43:26.9328312Z       Executed DbCommand (2ms) [Parameters=[], CommandType='Text', CommandTimeout='30']
2026-08-07T23:43:26.9328446Z       SELECT OBJECT_ID(N'[__EFMigrationsHistory]');
2026-08-07T23:43:26.9342903Z info: Microsoft.EntityFrameworkCore.Database.Command[20101]
2026-08-07T23:43:26.9343259Z       Executed DbCommand (1ms) [Parameters=[], CommandType='Text', CommandTimeout='30']
2026-08-07T23:43:26.9343329Z       SELECT [MigrationId], [ProductVersion]
2026-08-07T23:43:26.9343371Z       FROM [__EFMigrationsHistory]
2026-08-07T23:43:26.9343446Z       ORDER BY [MigrationId];
2026-08-07T23:43:26.9361536Z info: Microsoft.EntityFrameworkCore.Database.Command[20101]
2026-08-07T23:43:26.9361856Z       Executed DbCommand (2ms) [Parameters=[], CommandType='Text', CommandTimeout='30']
2026-08-07T23:43:26.9361917Z       SELECT TOP(1) [b].[BankAccountNumber]
2026-08-07T23:43:26.9361957Z       FROM [Beneficiaries] AS [b]
2026-08-07T23:43:26.9362148Z       ORDER BY [b].[Id]
2026-08-07T23:43:27.5323289Z info: Microsoft.EntityFrameworkCore.Database.Command[20101]
2026-08-07T23:43:27.5324301Z       Executed DbCommand (2ms) [Parameters=[], CommandType='Text', CommandTimeout='30']
2026-08-07T23:43:27.5324429Z       SELECT 1
2026-08-07T23:43:27.5341504Z info: Microsoft.EntityFrameworkCore.Database.Command[20101]
2026-08-07T23:43:27.5341935Z       Executed DbCommand (2ms) [Parameters=[], CommandType='Text', CommandTimeout='30']
2026-08-07T23:43:27.5342481Z       SELECT OBJECT_ID(N'[__EFMigrationsHistory]');
2026-08-07T23:43:27.5369996Z info: Microsoft.EntityFrameworkCore.Database.Command[20101]
2026-08-07T23:43:27.5370328Z       Executed DbCommand (2ms) [Parameters=[], CommandType='Text', CommandTimeout='30']
2026-08-07T23:43:27.5370391Z       SELECT [MigrationId], [ProductVersion]
2026-08-07T23:43:27.5370584Z       FROM [__EFMigrationsHistory]
2026-08-07T23:43:27.5370627Z       ORDER BY [MigrationId];
2026-08-07T23:43:27.5393862Z info: Microsoft.EntityFrameworkCore.Database.Command[20101]
2026-08-07T23:43:27.5394179Z       Executed DbCommand (2ms) [Parameters=[], CommandType='Text', CommandTimeout='30']
2026-08-07T23:43:27.5394259Z       SELECT TOP(1) [b].[BankAccountNumber]
2026-08-07T23:43:27.5397330Z       FROM [Beneficiaries] AS [b]
2026-08-07T23:43:27.5397386Z       ORDER BY [b].[Id]
2026-08-07T23:43:29.5723739Z info: Microsoft.EntityFrameworkCore.Database.Command[20101]
2026-08-07T23:43:29.5724497Z       Executed DbCommand (4ms) [Parameters=[], CommandType='Text', CommandTimeout='30']
2026-08-07T23:43:29.5724608Z       SELECT 1
2026-08-07T23:43:29.5741334Z info: Microsoft.EntityFrameworkCore.Database.Command[20101]
2026-08-07T23:43:29.5741816Z       Executed DbCommand (2ms) [Parameters=[], CommandType='Text', CommandTimeout='30']
2026-08-07T23:43:29.5741902Z       SELECT OBJECT_ID(N'[__EFMigrationsHistory]');
2026-08-07T23:43:29.5769975Z info: Microsoft.EntityFrameworkCore.Database.Command[20101]
2026-08-07T23:43:29.5770308Z       Executed DbCommand (1ms) [Parameters=[], CommandType='Text', CommandTimeout='30']
2026-08-07T23:43:29.5770429Z       SELECT [MigrationId], [ProductVersion]
2026-08-07T23:43:29.5770613Z       FROM [__EFMigrationsHistory]
2026-08-07T23:43:29.5777122Z       ORDER BY [MigrationId];
2026-08-07T23:43:29.5791367Z info: Microsoft.EntityFrameworkCore.Database.Command[20101]
2026-08-07T23:43:29.5791699Z       Executed DbCommand (2ms) [Parameters=[], CommandType='Text', CommandTimeout='30']
2026-08-07T23:43:29.5791774Z       SELECT TOP(1) [b].[BankAccountNumber]
2026-08-07T23:43:29.5791822Z       FROM [Beneficiaries] AS [b]
2026-08-07T23:43:29.5791870Z       ORDER BY [b].[Id]
2026-08-07T23:43:36.3083394Z info: Microsoft.EntityFrameworkCore.Database.Command[20101]
2026-08-07T23:43:36.3084306Z       Executed DbCommand (2ms) [Parameters=[], CommandType='Text', CommandTimeout='30']
2026-08-07T23:43:36.3084424Z       SELECT 1
2026-08-07T23:43:36.3112393Z info: Microsoft.EntityFrameworkCore.Database.Command[20101]
2026-08-07T23:43:36.3114137Z       Executed DbCommand (2ms) [Parameters=[], CommandType='Text', CommandTimeout='30']
2026-08-07T23:43:36.3114344Z       SELECT OBJECT_ID(N'[__EFMigrationsHistory]');
2026-08-07T23:43:36.3131272Z info: Microsoft.EntityFrameworkCore.Database.Command[20101]
2026-08-07T23:43:36.3131697Z       Executed DbCommand (1ms) [Parameters=[], CommandType='Text', CommandTimeout='30']
2026-08-07T23:43:36.3131801Z       SELECT [MigrationId], [ProductVersion]
2026-08-07T23:43:36.3131863Z       FROM [__EFMigrationsHistory]
2026-08-07T23:43:36.3131973Z       ORDER BY [MigrationId];
2026-08-07T23:43:36.3154271Z info: Microsoft.EntityFrameworkCore.Database.Command[20101]
2026-08-07T23:43:36.3154605Z       Executed DbCommand (1ms) [Parameters=[], CommandType='Text', CommandTimeout='30']
2026-08-07T23:43:36.3154691Z       SELECT TOP(1) [b].[BankAccountNumber]
2026-08-07T23:43:36.3154739Z       FROM [Beneficiaries] AS [b]
2026-08-07T23:43:36.3154823Z       ORDER BY [b].[Id]
2026-08-07T23:43:40.3217659Z info: Microsoft.EntityFrameworkCore.Database.Command[20101]
2026-08-07T23:43:40.3218513Z       Executed DbCommand (2ms) [Parameters=[], CommandType='Text', CommandTimeout='30']
2026-08-07T23:43:40.3218633Z       SELECT 1
2026-08-07T23:43:40.3247519Z info: Microsoft.EntityFrameworkCore.Database.Command[20101]
2026-08-07T23:43:40.3248087Z       Executed DbCommand (2ms) [Parameters=[], CommandType='Text', CommandTimeout='30']
2026-08-07T23:43:40.3248175Z       SELECT OBJECT_ID(N'[__EFMigrationsHistory]');
2026-08-07T23:43:40.3261373Z info: Microsoft.EntityFrameworkCore.Database.Command[20101]
2026-08-07T23:43:40.3261813Z       Executed DbCommand (1ms) [Parameters=[], CommandType='Text', CommandTimeout='30']
2026-08-07T23:43:40.3261981Z       SELECT [MigrationId], [ProductVersion]
2026-08-07T23:43:40.3262023Z       FROM [__EFMigrationsHistory]
2026-08-07T23:43:40.3262198Z       ORDER BY [MigrationId];
2026-08-07T23:43:40.3279965Z info: Microsoft.EntityFrameworkCore.Database.Command[20101]
2026-08-07T23:43:40.3280307Z       Executed DbCommand (1ms) [Parameters=[], CommandType='Text', CommandTimeout='30']
2026-08-07T23:43:40.3280386Z       SELECT TOP(1) [b].[BankAccountNumber]
2026-08-07T23:43:40.3280431Z       FROM [Beneficiaries] AS [b]
2026-08-07T23:43:40.3280479Z       ORDER BY [b].[Id]
2026-08-07T23:43:49.0326256Z info: Microsoft.EntityFrameworkCore.Database.Command[20101]
2026-08-07T23:43:49.0327532Z       Executed DbCommand (2ms) [Parameters=[], CommandType='Text', CommandTimeout='30']
2026-08-07T23:43:49.0327664Z       SELECT 1
2026-08-07T23:43:49.0342123Z info: Microsoft.EntityFrameworkCore.Database.Command[20101]
2026-08-07T23:43:49.0342684Z       Executed DbCommand (2ms) [Parameters=[], CommandType='Text', CommandTimeout='30']
2026-08-07T23:43:49.0342785Z       SELECT OBJECT_ID(N'[__EFMigrationsHistory]');
2026-08-07T23:43:49.0377601Z info: Microsoft.EntityFrameworkCore.Database.Command[20101]
2026-08-07T23:43:49.0377906Z       Executed DbCommand (2ms) [Parameters=[], CommandType='Text', CommandTimeout='30']
2026-08-07T23:43:49.0377979Z       SELECT [MigrationId], [ProductVersion]
2026-08-07T23:43:49.0378068Z       FROM [__EFMigrationsHistory]
2026-08-07T23:43:49.0378115Z       ORDER BY [MigrationId];
2026-08-07T23:43:49.0390657Z info: Microsoft.EntityFrameworkCore.Database.Command[20101]
2026-08-07T23:43:49.0390961Z       Executed DbCommand (1ms) [Parameters=[], CommandType='Text', CommandTimeout='30']
2026-08-07T23:43:49.0391070Z       SELECT TOP(1) [b].[BankAccountNumber]
2026-08-07T23:43:49.0391112Z       FROM [Beneficiaries] AS [b]
2026-08-07T23:43:49.0391150Z       ORDER BY [b].[Id]
2026-08-07T23:43:52.1701667Z info: Microsoft.EntityFrameworkCore.Database.Command[20101]
2026-08-07T23:43:52.1702489Z       Executed DbCommand (2ms) [Parameters=[], CommandType='Text', CommandTimeout='30']
2026-08-07T23:43:52.1702691Z       SELECT 1
2026-08-07T23:43:52.1718053Z info: Microsoft.EntityFrameworkCore.Database.Command[20101]
2026-08-07T23:43:52.1718483Z       Executed DbCommand (2ms) [Parameters=[], CommandType='Text', CommandTimeout='30']
2026-08-07T23:43:52.1721390Z       SELECT OBJECT_ID(N'[__EFMigrationsHistory]');
2026-08-07T23:43:52.1748643Z info: Microsoft.EntityFrameworkCore.Database.Command[20101]
2026-08-07T23:43:52.1748968Z       Executed DbCommand (2ms) [Parameters=[], CommandType='Text', CommandTimeout='30']
2026-08-07T23:43:52.1749041Z       SELECT [MigrationId], [ProductVersion]
2026-08-07T23:43:52.1749085Z       FROM [__EFMigrationsHistory]
2026-08-07T23:43:52.1753333Z       ORDER BY [MigrationId];
2026-08-07T23:43:52.1767491Z info: Microsoft.EntityFrameworkCore.Database.Command[20101]
2026-08-07T23:43:52.1767789Z       Executed DbCommand (1ms) [Parameters=[], CommandType='Text', CommandTimeout='30']
2026-08-07T23:43:52.1767862Z       SELECT TOP(1) [b].[BankAccountNumber]
2026-08-07T23:43:52.1767907Z       FROM [Beneficiaries] AS [b]
2026-08-07T23:43:52.1767994Z       ORDER BY [b].[Id]
2026-08-07T23:43:54.2211931Z info: Microsoft.EntityFrameworkCore.Database.Command[20101]
2026-08-07T23:43:54.2212760Z       Executed DbCommand (2ms) [Parameters=[], CommandType='Text', CommandTimeout='30']
2026-08-07T23:43:54.2212858Z       SELECT 1
2026-08-07T23:43:54.2228293Z info: Microsoft.EntityFrameworkCore.Database.Command[20101]
2026-08-07T23:43:54.2228821Z       Executed DbCommand (2ms) [Parameters=[], CommandType='Text', CommandTimeout='30']
2026-08-07T23:43:54.2228908Z       SELECT OBJECT_ID(N'[__EFMigrationsHistory]');
2026-08-07T23:43:54.2260204Z info: Microsoft.EntityFrameworkCore.Database.Command[20101]
2026-08-07T23:43:54.2260552Z       Executed DbCommand (2ms) [Parameters=[], CommandType='Text', CommandTimeout='30']
2026-08-07T23:43:54.2262326Z       SELECT [MigrationId], [ProductVersion]
2026-08-07T23:43:54.2262442Z       FROM [__EFMigrationsHistory]
2026-08-07T23:43:54.2262492Z       ORDER BY [MigrationId];
2026-08-07T23:43:54.2275897Z info: Microsoft.EntityFrameworkCore.Database.Command[20101]
2026-08-07T23:43:54.2276208Z       Executed DbCommand (1ms) [Parameters=[], CommandType='Text', CommandTimeout='30']
2026-08-07T23:43:54.2276324Z       SELECT TOP(1) [b].[BankAccountNumber]
2026-08-07T23:43:54.2276364Z       FROM [Beneficiaries] AS [b]
2026-08-07T23:43:54.2276515Z       ORDER BY [b].[Id]
2026-08-07T23:43:55.6168689Z info: Microsoft.EntityFrameworkCore.Database.Command[20101]
2026-08-07T23:43:55.6169551Z       Executed DbCommand (2ms) [Parameters=[], CommandType='Text', CommandTimeout='30']
2026-08-07T23:43:55.6169658Z       SELECT 1
2026-08-07T23:43:55.6196304Z info: Microsoft.EntityFrameworkCore.Database.Command[20101]
2026-08-07T23:43:55.6196794Z       Executed DbCommand (2ms) [Parameters=[], CommandType='Text', CommandTimeout='30']
2026-08-07T23:43:55.6196877Z       SELECT OBJECT_ID(N'[__EFMigrationsHistory]');
2026-08-07T23:43:55.6214624Z info: Microsoft.EntityFrameworkCore.Database.Command[20101]
2026-08-07T23:43:55.6214932Z       Executed DbCommand (2ms) [Parameters=[], CommandType='Text', CommandTimeout='30']
2026-08-07T23:43:55.6215000Z       SELECT [MigrationId], [ProductVersion]
2026-08-07T23:43:55.6215040Z       FROM [__EFMigrationsHistory]
2026-08-07T23:43:55.6215126Z       ORDER BY [MigrationId];
2026-08-07T23:43:55.6236984Z info: Microsoft.EntityFrameworkCore.Database.Command[20101]
2026-08-07T23:43:55.6237286Z       Executed DbCommand (2ms) [Parameters=[], CommandType='Text', CommandTimeout='30']
2026-08-07T23:43:55.6237360Z       SELECT TOP(1) [b].[BankAccountNumber]
2026-08-07T23:43:55.6237408Z       FROM [Beneficiaries] AS [b]
2026-08-07T23:43:55.6237494Z       ORDER BY [b].[Id]
2026-08-07T23:43:56.6404040Z info: Microsoft.EntityFrameworkCore.Database.Command[20101]
2026-08-07T23:43:56.6404818Z       Executed DbCommand (2ms) [Parameters=[], CommandType='Text', CommandTimeout='30']
2026-08-07T23:43:56.6404946Z       SELECT 1
2026-08-07T23:43:56.6429799Z info: Microsoft.EntityFrameworkCore.Database.Command[20101]
2026-08-07T23:43:56.6430261Z       Executed DbCommand (2ms) [Parameters=[], CommandType='Text', CommandTimeout='30']
2026-08-07T23:43:56.6430356Z       SELECT OBJECT_ID(N'[__EFMigrationsHistory]');
2026-08-07T23:43:56.6443181Z info: Microsoft.EntityFrameworkCore.Database.Command[20101]
2026-08-07T23:43:56.6443491Z       Executed DbCommand (1ms) [Parameters=[], CommandType='Text', CommandTimeout='30']
2026-08-07T23:43:56.6443605Z       SELECT [MigrationId], [ProductVersion]
2026-08-07T23:43:56.6443648Z       FROM [__EFMigrationsHistory]
2026-08-07T23:43:56.6443691Z       ORDER BY [MigrationId];
2026-08-07T23:43:56.6462084Z info: Microsoft.EntityFrameworkCore.Database.Command[20101]
2026-08-07T23:43:56.6462384Z       Executed DbCommand (1ms) [Parameters=[], CommandType='Text', CommandTimeout='30']
2026-08-07T23:43:56.6462492Z       SELECT TOP(1) [b].[BankAccountNumber]
2026-08-07T23:43:56.6462534Z       FROM [Beneficiaries] AS [b]
2026-08-07T23:43:56.6462572Z       ORDER BY [b].[Id]
2026-08-07T23:44:03.9315068Z info: Microsoft.EntityFrameworkCore.Database.Command[20101]
2026-08-07T23:44:03.9316031Z       Executed DbCommand (2ms) [Parameters=[], CommandType='Text', CommandTimeout='30']
2026-08-07T23:44:03.9316153Z       SELECT 1
2026-08-07T23:44:03.9330793Z info: Microsoft.EntityFrameworkCore.Database.Command[20101]
2026-08-07T23:44:03.9331328Z       Executed DbCommand (2ms) [Parameters=[], CommandType='Text', CommandTimeout='30']
2026-08-07T23:44:03.9331426Z       SELECT OBJECT_ID(N'[__EFMigrationsHistory]');
2026-08-07T23:44:03.9367618Z info: Microsoft.EntityFrameworkCore.Database.Command[20101]
2026-08-07T23:44:03.9368041Z       Executed DbCommand (2ms) [Parameters=[], CommandType='Text', CommandTimeout='30']
2026-08-07T23:44:03.9368132Z       SELECT [MigrationId], [ProductVersion]
2026-08-07T23:44:03.9368189Z       FROM [__EFMigrationsHistory]
2026-08-07T23:44:03.9368286Z       ORDER BY [MigrationId];
2026-08-07T23:44:03.9386486Z info: Microsoft.EntityFrameworkCore.Database.Command[20101]
2026-08-07T23:44:03.9386819Z       Executed DbCommand (1ms) [Parameters=[], CommandType='Text', CommandTimeout='30']
2026-08-07T23:44:03.9386881Z       SELECT TOP(1) [b].[BankAccountNumber]
2026-08-07T23:44:03.9386926Z       FROM [Beneficiaries] AS [b]
2026-08-07T23:44:03.9387006Z       ORDER BY [b].[Id]
2026-08-07T23:44:05.8502112Z info: Microsoft.EntityFrameworkCore.Database.Command[20101]
2026-08-07T23:44:05.8502780Z       Executed DbCommand (3ms) [Parameters=[], CommandType='Text', CommandTimeout='30']
2026-08-07T23:44:05.8502886Z       SELECT 1
2026-08-07T23:44:05.8521144Z info: Microsoft.EntityFrameworkCore.Database.Command[20101]
2026-08-07T23:44:05.8521591Z       Executed DbCommand (2ms) [Parameters=[], CommandType='Text', CommandTimeout='30']
2026-08-07T23:44:05.8521661Z       SELECT OBJECT_ID(N'[__EFMigrationsHistory]');
2026-08-07T23:44:05.8553359Z info: Microsoft.EntityFrameworkCore.Database.Command[20101]
2026-08-07T23:44:05.8553767Z       Executed DbCommand (2ms) [Parameters=[], CommandType='Text', CommandTimeout='30']
2026-08-07T23:44:05.8554826Z       SELECT [MigrationId], [ProductVersion]
2026-08-07T23:44:05.8554955Z       FROM [__EFMigrationsHistory]
2026-08-07T23:44:05.8555001Z       ORDER BY [MigrationId];
2026-08-07T23:44:05.8573331Z info: Microsoft.EntityFrameworkCore.Database.Command[20101]
2026-08-07T23:44:05.8573531Z       Executed DbCommand (1ms) [Parameters=[], CommandType='Text', CommandTimeout='30']
2026-08-07T23:44:05.8573621Z       SELECT TOP(1) [b].[BankAccountNumber]
2026-08-07T23:44:05.8573651Z       FROM [Beneficiaries] AS [b]
2026-08-07T23:44:05.8573678Z       ORDER BY [b].[Id]
2026-08-07T23:44:08.9111785Z info: Microsoft.EntityFrameworkCore.Database.Command[20101]
2026-08-07T23:44:08.9112600Z       Executed DbCommand (2ms) [Parameters=[], CommandType='Text', CommandTimeout='30']
2026-08-07T23:44:08.9112731Z       SELECT 1
2026-08-07T23:44:08.9143362Z info: Microsoft.EntityFrameworkCore.Database.Command[20101]
2026-08-07T23:44:08.9143872Z       Executed DbCommand (2ms) [Parameters=[], CommandType='Text', CommandTimeout='30']
2026-08-07T23:44:08.9143959Z       SELECT OBJECT_ID(N'[__EFMigrationsHistory]');
2026-08-07T23:44:08.9184823Z info: Microsoft.EntityFrameworkCore.Database.Command[20101]
2026-08-07T23:44:08.9185339Z       Executed DbCommand (4ms) [Parameters=[], CommandType='Text', CommandTimeout='30']
2026-08-07T23:44:08.9185421Z       SELECT [MigrationId], [ProductVersion]
2026-08-07T23:44:08.9185463Z       FROM [__EFMigrationsHistory]
2026-08-07T23:44:08.9185568Z       ORDER BY [MigrationId];
2026-08-07T23:44:08.9232195Z info: Microsoft.EntityFrameworkCore.Database.Command[20101]
2026-08-07T23:44:08.9232607Z       Executed DbCommand (5ms) [Parameters=[], CommandType='Text', CommandTimeout='30']
2026-08-07T23:44:08.9232778Z       SELECT TOP(1) [b].[BankAccountNumber]
2026-08-07T23:44:08.9232818Z       FROM [Beneficiaries] AS [b]
2026-08-07T23:44:08.9232918Z       ORDER BY [b].[Id]
2026-08-07T23:44:10.9566881Z info: Microsoft.EntityFrameworkCore.Database.Command[20101]
2026-08-07T23:44:10.9567648Z       Executed DbCommand (2ms) [Parameters=[], CommandType='Text', CommandTimeout='30']
2026-08-07T23:44:10.9567768Z       SELECT 1
2026-08-07T23:44:10.9588167Z info: Microsoft.EntityFrameworkCore.Database.Command[20101]
2026-08-07T23:44:10.9588611Z       Executed DbCommand (2ms) [Parameters=[], CommandType='Text', CommandTimeout='30']
2026-08-07T23:44:10.9588689Z       SELECT OBJECT_ID(N'[__EFMigrationsHistory]');
2026-08-07T23:44:10.9612809Z info: Microsoft.EntityFrameworkCore.Database.Command[20101]
2026-08-07T23:44:10.9613163Z       Executed DbCommand (1ms) [Parameters=[], CommandType='Text', CommandTimeout='30']
2026-08-07T23:44:10.9613452Z       SELECT [MigrationId], [ProductVersion]
2026-08-07T23:44:10.9613511Z       FROM [__EFMigrationsHistory]
2026-08-07T23:44:10.9618610Z       ORDER BY [MigrationId];
2026-08-07T23:44:10.9632582Z info: Microsoft.EntityFrameworkCore.Database.Command[20101]
2026-08-07T23:44:10.9632920Z       Executed DbCommand (2ms) [Parameters=[], CommandType='Text', CommandTimeout='30']
2026-08-07T23:44:10.9633000Z       SELECT TOP(1) [b].[BankAccountNumber]
2026-08-07T23:44:10.9633053Z       FROM [Beneficiaries] AS [b]
2026-08-07T23:44:10.9635707Z       ORDER BY [b].[Id]
2026-08-07T23:44:12.0054852Z info: Microsoft.EntityFrameworkCore.Database.Command[20101]
2026-08-07T23:44:12.0055777Z       Executed DbCommand (2ms) [Parameters=[], CommandType='Text', CommandTimeout='30']
2026-08-07T23:44:12.0055863Z       SELECT 1
2026-08-07T23:44:12.0071948Z info: Microsoft.EntityFrameworkCore.Database.Command[20101]
2026-08-07T23:44:12.0072392Z       Executed DbCommand (2ms) [Parameters=[], CommandType='Text', CommandTimeout='30']
2026-08-07T23:44:12.0072518Z       SELECT OBJECT_ID(N'[__EFMigrationsHistory]');
2026-08-07T23:44:12.0101886Z info: Microsoft.EntityFrameworkCore.Database.Command[20101]
2026-08-07T23:44:12.0102296Z       Executed DbCommand (1ms) [Parameters=[], CommandType='Text', CommandTimeout='30']
2026-08-07T23:44:12.0102375Z       SELECT [MigrationId], [ProductVersion]
2026-08-07T23:44:12.0102417Z       FROM [__EFMigrationsHistory]
2026-08-07T23:44:12.0102501Z       ORDER BY [MigrationId];
2026-08-07T23:44:12.0118816Z info: Microsoft.EntityFrameworkCore.Database.Command[20101]
2026-08-07T23:44:12.0119104Z       Executed DbCommand (2ms) [Parameters=[], CommandType='Text', CommandTimeout='30']
2026-08-07T23:44:12.0119168Z       SELECT TOP(1) [b].[BankAccountNumber]
2026-08-07T23:44:12.0119209Z       FROM [Beneficiaries] AS [b]
2026-08-07T23:44:12.0119293Z       ORDER BY [b].[Id]
2026-08-07T23:44:13.4163133Z info: Microsoft.EntityFrameworkCore.Database.Command[20101]
2026-08-07T23:44:13.4163952Z       Executed DbCommand (3ms) [Parameters=[], CommandType='Text', CommandTimeout='30']
2026-08-07T23:44:13.4164074Z       SELECT 1
2026-08-07T23:44:13.4182668Z info: Microsoft.EntityFrameworkCore.Database.Command[20101]
2026-08-07T23:44:13.4183252Z       Executed DbCommand (2ms) [Parameters=[], CommandType='Text', CommandTimeout='30']
2026-08-07T23:44:13.4183340Z       SELECT OBJECT_ID(N'[__EFMigrationsHistory]');
2026-08-07T23:44:13.4211845Z info: Microsoft.EntityFrameworkCore.Database.Command[20101]
2026-08-07T23:44:13.4212395Z       Executed DbCommand (2ms) [Parameters=[], CommandType='Text', CommandTimeout='30']
2026-08-07T23:44:13.4212476Z       SELECT [MigrationId], [ProductVersion]
2026-08-07T23:44:13.4212517Z       FROM [__EFMigrationsHistory]
2026-08-07T23:44:13.4212559Z       ORDER BY [MigrationId];
2026-08-07T23:44:13.4225563Z info: Microsoft.EntityFrameworkCore.Database.Command[20101]
2026-08-07T23:44:13.4225948Z       Executed DbCommand (1ms) [Parameters=[], CommandType='Text', CommandTimeout='30']
2026-08-07T23:44:13.4226015Z       SELECT TOP(1) [b].[BankAccountNumber]
2026-08-07T23:44:13.4226207Z       FROM [Beneficiaries] AS [b]
2026-08-07T23:44:13.4226251Z       ORDER BY [b].[Id]
2026-08-07T23:44:14.3630347Z info: Microsoft.EntityFrameworkCore.Database.Command[20101]
2026-08-07T23:44:14.3631324Z       Executed DbCommand (2ms) [Parameters=[], CommandType='Text', CommandTimeout='30']
2026-08-07T23:44:14.3631452Z       SELECT 1
2026-08-07T23:44:14.3650825Z info: Microsoft.EntityFrameworkCore.Database.Command[20101]
2026-08-07T23:44:14.3651423Z       Executed DbCommand (2ms) [Parameters=[], CommandType='Text', CommandTimeout='30']
2026-08-07T23:44:14.3651607Z       SELECT OBJECT_ID(N'[__EFMigrationsHistory]');
2026-08-07T23:44:14.3677972Z info: Microsoft.EntityFrameworkCore.Database.Command[20101]
2026-08-07T23:44:14.3678446Z       Executed DbCommand (2ms) [Parameters=[], CommandType='Text', CommandTimeout='30']
2026-08-07T23:44:14.3678546Z       SELECT [MigrationId], [ProductVersion]
2026-08-07T23:44:14.3678656Z       FROM [__EFMigrationsHistory]
2026-08-07T23:44:14.3678718Z       ORDER BY [MigrationId];
2026-08-07T23:44:14.3692770Z info: Microsoft.EntityFrameworkCore.Database.Command[20101]
2026-08-07T23:44:14.3698589Z       Executed DbCommand (1ms) [Parameters=[], CommandType='Text', CommandTimeout='30']
2026-08-07T23:44:14.3698653Z       SELECT TOP(1) [b].[BankAccountNumber]
2026-08-07T23:44:14.3698737Z       FROM [Beneficiaries] AS [b]
2026-08-07T23:44:14.3698778Z       ORDER BY [b].[Id]
2026-08-07T23:44:20.7533119Z info: Microsoft.EntityFrameworkCore.Database.Command[20101]
2026-08-07T23:44:20.7533952Z       Executed DbCommand (2ms) [Parameters=[], CommandType='Text', CommandTimeout='30']
2026-08-07T23:44:20.7534163Z       SELECT 1
2026-08-07T23:44:20.7550715Z info: Microsoft.EntityFrameworkCore.Database.Command[20101]
2026-08-07T23:44:20.7551395Z       Executed DbCommand (2ms) [Parameters=[], CommandType='Text', CommandTimeout='30']
2026-08-07T23:44:20.7551492Z       SELECT OBJECT_ID(N'[__EFMigrationsHistory]');
2026-08-07T23:44:20.7580682Z info: Microsoft.EntityFrameworkCore.Database.Command[20101]
2026-08-07T23:44:20.7581120Z       Executed DbCommand (1ms) [Parameters=[], CommandType='Text', CommandTimeout='30']
2026-08-07T23:44:20.7581218Z       SELECT [MigrationId], [ProductVersion]
2026-08-07T23:44:20.7581271Z       FROM [__EFMigrationsHistory]
2026-08-07T23:44:20.7581325Z       ORDER BY [MigrationId];
2026-08-07T23:44:20.7593995Z info: Microsoft.EntityFrameworkCore.Database.Command[20101]
2026-08-07T23:44:20.7594352Z       Executed DbCommand (1ms) [Parameters=[], CommandType='Text', CommandTimeout='30']
2026-08-07T23:44:20.7594435Z       SELECT TOP(1) [b].[BankAccountNumber]
2026-08-07T23:44:20.7595816Z       FROM [Beneficiaries] AS [b]
2026-08-07T23:44:20.7595910Z       ORDER BY [b].[Id]
2026-08-07T23:44:22.3566403Z info: Microsoft.EntityFrameworkCore.Database.Command[20101]
2026-08-07T23:44:22.3567712Z       Executed DbCommand (2ms) [Parameters=[], CommandType='Text', CommandTimeout='30']
2026-08-07T23:44:22.3567834Z       SELECT 1
2026-08-07T23:44:22.3582914Z info: Microsoft.EntityFrameworkCore.Database.Command[20101]
2026-08-07T23:44:22.3585026Z       Executed DbCommand (2ms) [Parameters=[], CommandType='Text', CommandTimeout='30']
2026-08-07T23:44:22.3585136Z       SELECT OBJECT_ID(N'[__EFMigrationsHistory]');
2026-08-07T23:44:22.3613867Z info: Microsoft.EntityFrameworkCore.Database.Command[20101]
2026-08-07T23:44:22.3614273Z       Executed DbCommand (1ms) [Parameters=[], CommandType='Text', CommandTimeout='30']
2026-08-07T23:44:22.3614398Z       SELECT [MigrationId], [ProductVersion]
2026-08-07T23:44:22.3614427Z       FROM [__EFMigrationsHistory]
2026-08-07T23:44:22.3614454Z       ORDER BY [MigrationId];
2026-08-07T23:44:22.3629281Z info: Microsoft.EntityFrameworkCore.Database.Command[20101]
2026-08-07T23:44:22.3629622Z       Executed DbCommand (2ms) [Parameters=[], CommandType='Text', CommandTimeout='30']
2026-08-07T23:44:22.3629747Z       SELECT TOP(1) [b].[BankAccountNumber]
2026-08-07T23:44:22.3629876Z       FROM [Beneficiaries] AS [b]
2026-08-07T23:44:22.3629919Z       ORDER BY [b].[Id]
2026-08-07T23:44:23.4383062Z info: Microsoft.EntityFrameworkCore.Database.Command[20101]
2026-08-07T23:44:23.4383966Z       Executed DbCommand (2ms) [Parameters=[], CommandType='Text', CommandTimeout='30']
2026-08-07T23:44:23.4384095Z       SELECT 1
2026-08-07T23:44:23.4402700Z info: Microsoft.EntityFrameworkCore.Database.Command[20101]
2026-08-07T23:44:23.4405044Z       Executed DbCommand (2ms) [Parameters=[], CommandType='Text', CommandTimeout='30']
2026-08-07T23:44:23.4405221Z       SELECT OBJECT_ID(N'[__EFMigrationsHistory]');
2026-08-07T23:44:23.4435419Z info: Microsoft.EntityFrameworkCore.Database.Command[20101]
2026-08-07T23:44:23.4435865Z       Executed DbCommand (1ms) [Parameters=[], CommandType='Text', CommandTimeout='30']
2026-08-07T23:44:23.4435968Z       SELECT [MigrationId], [ProductVersion]
2026-08-07T23:44:23.4436031Z       FROM [__EFMigrationsHistory]
2026-08-07T23:44:23.4436136Z       ORDER BY [MigrationId];
2026-08-07T23:44:23.4448902Z info: Microsoft.EntityFrameworkCore.Database.Command[20101]
2026-08-07T23:44:23.4449207Z       Executed DbCommand (1ms) [Parameters=[], CommandType='Text', CommandTimeout='30']
2026-08-07T23:44:23.4449278Z       SELECT TOP(1) [b].[BankAccountNumber]
2026-08-07T23:44:23.4449317Z       FROM [Beneficiaries] AS [b]
2026-08-07T23:44:23.4449488Z       ORDER BY [b].[Id]
2026-08-07T23:44:25.3859054Z info: Microsoft.EntityFrameworkCore.Database.Command[20101]
2026-08-07T23:44:25.3859893Z       Executed DbCommand (2ms) [Parameters=[], CommandType='Text', CommandTimeout='30']
2026-08-07T23:44:25.3860025Z       SELECT 1
2026-08-07T23:44:25.3888330Z info: Microsoft.EntityFrameworkCore.Database.Command[20101]
2026-08-07T23:44:25.3888867Z       Executed DbCommand (2ms) [Parameters=[], CommandType='Text', CommandTimeout='30']
2026-08-07T23:44:25.3888970Z       SELECT OBJECT_ID(N'[__EFMigrationsHistory]');
2026-08-07T23:44:25.3910555Z info: Microsoft.EntityFrameworkCore.Database.Command[20101]
2026-08-07T23:44:25.3911166Z       Executed DbCommand (2ms) [Parameters=[], CommandType='Text', CommandTimeout='30']
2026-08-07T23:44:25.3911306Z       SELECT [MigrationId], [ProductVersion]
2026-08-07T23:44:25.3911362Z       FROM [__EFMigrationsHistory]
2026-08-07T23:44:25.3911410Z       ORDER BY [MigrationId];
2026-08-07T23:44:25.3926226Z info: Microsoft.EntityFrameworkCore.Database.Command[20101]
2026-08-07T23:44:25.3926570Z       Executed DbCommand (1ms) [Parameters=[], CommandType='Text', CommandTimeout='30']
2026-08-07T23:44:25.3926950Z       SELECT TOP(1) [b].[BankAccountNumber]
2026-08-07T23:44:25.3926996Z       FROM [Beneficiaries] AS [b]
2026-08-07T23:44:25.3927036Z       ORDER BY [b].[Id]
2026-08-07T23:44:33.2502265Z info: Microsoft.EntityFrameworkCore.Database.Command[20101]
2026-08-07T23:44:33.2503074Z       Executed DbCommand (2ms) [Parameters=[], CommandType='Text', CommandTimeout='30']
2026-08-07T23:44:33.2503181Z       SELECT 1
2026-08-07T23:44:33.2523581Z info: Microsoft.EntityFrameworkCore.Database.Command[20101]
2026-08-07T23:44:33.2524063Z       Executed DbCommand (2ms) [Parameters=[], CommandType='Text', CommandTimeout='30']
2026-08-07T23:44:33.2524153Z       SELECT OBJECT_ID(N'[__EFMigrationsHistory]');
2026-08-07T23:44:33.2554150Z info: Microsoft.EntityFrameworkCore.Database.Command[20101]
2026-08-07T23:44:33.2555902Z       Executed DbCommand (2ms) [Parameters=[], CommandType='Text', CommandTimeout='30']
2026-08-07T23:44:33.2556163Z       SELECT [MigrationId], [ProductVersion]
2026-08-07T23:44:33.2556214Z       FROM [__EFMigrationsHistory]
2026-08-07T23:44:33.2556291Z       ORDER BY [MigrationId];
2026-08-07T23:44:33.2567669Z info: Microsoft.EntityFrameworkCore.Database.Command[20101]
2026-08-07T23:44:33.2567958Z       Executed DbCommand (1ms) [Parameters=[], CommandType='Text', CommandTimeout='30']
2026-08-07T23:44:33.2568038Z       SELECT TOP(1) [b].[BankAccountNumber]
2026-08-07T23:44:33.2568082Z       FROM [Beneficiaries] AS [b]
2026-08-07T23:44:33.2568167Z       ORDER BY [b].[Id]
2026-08-07T23:44:33.4072833Z info: Microsoft.EntityFrameworkCore.Database.Command[20101]
2026-08-07T23:44:33.4073552Z       Executed DbCommand (2ms) [Parameters=[], CommandType='Text', CommandTimeout='30']
2026-08-07T23:44:33.4073664Z       SELECT 1
2026-08-07T23:44:33.4091296Z info: Microsoft.EntityFrameworkCore.Database.Command[20101]
2026-08-07T23:44:33.4091829Z       Executed DbCommand (2ms) [Parameters=[], CommandType='Text', CommandTimeout='30']
2026-08-07T23:44:33.4091915Z       SELECT OBJECT_ID(N'[__EFMigrationsHistory]');
2026-08-07T23:44:33.4119520Z info: Microsoft.EntityFrameworkCore.Database.Command[20101]
2026-08-07T23:44:33.4119874Z       Executed DbCommand (2ms) [Parameters=[], CommandType='Text', CommandTimeout='30']
2026-08-07T23:44:33.4119987Z       SELECT [MigrationId], [ProductVersion]
2026-08-07T23:44:33.4122880Z       FROM [__EFMigrationsHistory]
2026-08-07T23:44:33.4123131Z       ORDER BY [MigrationId];
2026-08-07T23:44:33.4143832Z info: Microsoft.EntityFrameworkCore.Database.Command[20101]
2026-08-07T23:44:33.4144164Z       Executed DbCommand (2ms) [Parameters=[], CommandType='Text', CommandTimeout='30']
2026-08-07T23:44:33.4144229Z       SELECT TOP(1) [b].[BankAccountNumber]
2026-08-07T23:44:33.4144267Z       FROM [Beneficiaries] AS [b]
2026-08-07T23:44:33.4144303Z       ORDER BY [b].[Id]
2026-08-07T23:44:39.5012932Z info: Microsoft.EntityFrameworkCore.Database.Command[20101]
2026-08-07T23:44:39.5013964Z       Executed DbCommand (2ms) [Parameters=[], CommandType='Text', CommandTimeout='30']
2026-08-07T23:44:39.5014094Z       SELECT 1
2026-08-07T23:44:39.5027164Z info: Microsoft.EntityFrameworkCore.Database.Command[20101]
2026-08-07T23:44:39.5029772Z       Executed DbCommand (2ms) [Parameters=[], CommandType='Text', CommandTimeout='30']
2026-08-07T23:44:39.5029948Z       SELECT OBJECT_ID(N'[__EFMigrationsHistory]');
2026-08-07T23:44:39.5061900Z info: Microsoft.EntityFrameworkCore.Database.Command[20101]
2026-08-07T23:44:39.5062265Z       Executed DbCommand (2ms) [Parameters=[], CommandType='Text', CommandTimeout='30']
2026-08-07T23:44:39.5062359Z       SELECT [MigrationId], [ProductVersion]
2026-08-07T23:44:39.5062421Z       FROM [__EFMigrationsHistory]
2026-08-07T23:44:39.5062523Z       ORDER BY [MigrationId];
2026-08-07T23:44:39.5078522Z info: Microsoft.EntityFrameworkCore.Database.Command[20101]
2026-08-07T23:44:39.5078831Z       Executed DbCommand (2ms) [Parameters=[], CommandType='Text', CommandTimeout='30']
2026-08-07T23:44:39.5078897Z       SELECT TOP(1) [b].[BankAccountNumber]
2026-08-07T23:44:39.5078939Z       FROM [Beneficiaries] AS [b]
2026-08-07T23:44:39.5079210Z       ORDER BY [b].[Id]
2026-08-07T23:44:42.0278060Z info: Microsoft.EntityFrameworkCore.Database.Command[20101]
2026-08-07T23:44:42.0278945Z       Executed DbCommand (2ms) [Parameters=[], CommandType='Text', CommandTimeout='30']
2026-08-07T23:44:42.0279085Z       SELECT 1
2026-08-07T23:44:42.0306907Z info: Microsoft.EntityFrameworkCore.Database.Command[20101]
2026-08-07T23:44:42.0307341Z       Executed DbCommand (2ms) [Parameters=[], CommandType='Text', CommandTimeout='30']
2026-08-07T23:44:42.0307420Z       SELECT OBJECT_ID(N'[__EFMigrationsHistory]');
2026-08-07T23:44:42.0324460Z info: Microsoft.EntityFrameworkCore.Database.Command[20101]
2026-08-07T23:44:42.0324913Z       Executed DbCommand (2ms) [Parameters=[], CommandType='Text', CommandTimeout='30']
2026-08-07T23:44:42.0325091Z       SELECT [MigrationId], [ProductVersion]
2026-08-07T23:44:42.0325139Z       FROM [__EFMigrationsHistory]
2026-08-07T23:44:42.0325178Z       ORDER BY [MigrationId];
2026-08-07T23:44:42.0338379Z info: Microsoft.EntityFrameworkCore.Database.Command[20101]
2026-08-07T23:44:42.0338734Z       Executed DbCommand (1ms) [Parameters=[], CommandType='Text', CommandTimeout='30']
2026-08-07T23:44:42.0338805Z       SELECT TOP(1) [b].[BankAccountNumber]
2026-08-07T23:44:42.0338849Z       FROM [Beneficiaries] AS [b]
2026-08-07T23:44:42.0338896Z       ORDER BY [b].[Id]
2026-08-07T23:44:44.1833940Z info: Microsoft.EntityFrameworkCore.Database.Command[20101]
2026-08-07T23:44:44.1834839Z       Executed DbCommand (2ms) [Parameters=[], CommandType='Text', CommandTimeout='30']
2026-08-07T23:44:44.1834990Z       SELECT 1
2026-08-07T23:44:44.1857532Z info: Microsoft.EntityFrameworkCore.Database.Command[20101]
2026-08-07T23:44:44.1858085Z       Executed DbCommand (2ms) [Parameters=[], CommandType='Text', CommandTimeout='30']
2026-08-07T23:44:44.1858238Z       SELECT OBJECT_ID(N'[__EFMigrationsHistory]');
2026-08-07T23:44:44.1884640Z info: Microsoft.EntityFrameworkCore.Database.Command[20101]
2026-08-07T23:44:44.1885011Z       Executed DbCommand (1ms) [Parameters=[], CommandType='Text', CommandTimeout='30']
2026-08-07T23:44:44.1885078Z       SELECT [MigrationId], [ProductVersion]
2026-08-07T23:44:44.1885166Z       FROM [__EFMigrationsHistory]
2026-08-07T23:44:44.1891223Z       ORDER BY [MigrationId];
2026-08-07T23:44:44.1903925Z info: Microsoft.EntityFrameworkCore.Database.Command[20101]
2026-08-07T23:44:44.1904246Z       Executed DbCommand (1ms) [Parameters=[], CommandType='Text', CommandTimeout='30']
2026-08-07T23:44:44.1904360Z       SELECT TOP(1) [b].[BankAccountNumber]
2026-08-07T23:44:44.1904404Z       FROM [Beneficiaries] AS [b]
2026-08-07T23:44:44.1904444Z       ORDER BY [b].[Id]
2026-08-07T23:44:51.4840126Z info: Microsoft.EntityFrameworkCore.Database.Command[20101]
2026-08-07T23:44:51.4840998Z       Executed DbCommand (2ms) [Parameters=[], CommandType='Text', CommandTimeout='30']
2026-08-07T23:44:51.4841205Z       SELECT 1
2026-08-07T23:44:51.4857852Z info: Microsoft.EntityFrameworkCore.Database.Command[20101]
2026-08-07T23:44:51.4858371Z       Executed DbCommand (2ms) [Parameters=[], CommandType='Text', CommandTimeout='30']
2026-08-07T23:44:51.4858457Z       SELECT OBJECT_ID(N'[__EFMigrationsHistory]');
2026-08-07T23:44:51.4888064Z info: Microsoft.EntityFrameworkCore.Database.Command[20101]
2026-08-07T23:44:51.4888684Z       Executed DbCommand (1ms) [Parameters=[], CommandType='Text', CommandTimeout='30']
2026-08-07T23:44:51.4888765Z       SELECT [MigrationId], [ProductVersion]
2026-08-07T23:44:51.4888813Z       FROM [__EFMigrationsHistory]
2026-08-07T23:44:51.4888856Z       ORDER BY [MigrationId];
2026-08-07T23:44:51.4904183Z info: Microsoft.EntityFrameworkCore.Database.Command[20101]
2026-08-07T23:44:51.4904530Z       Executed DbCommand (2ms) [Parameters=[], CommandType='Text', CommandTimeout='30']
2026-08-07T23:44:51.4904596Z       SELECT TOP(1) [b].[BankAccountNumber]
2026-08-07T23:44:51.4904641Z       FROM [Beneficiaries] AS [b]
2026-08-07T23:44:51.4904690Z       ORDER BY [b].[Id]
2026-08-07T23:44:52.1699846Z info: Microsoft.EntityFrameworkCore.Database.Command[20101]
2026-08-07T23:44:52.1700741Z       Executed DbCommand (2ms) [Parameters=[], CommandType='Text', CommandTimeout='30']
2026-08-07T23:44:52.1700880Z       SELECT 1
2026-08-07T23:44:52.1715801Z info: Microsoft.EntityFrameworkCore.Database.Command[20101]
2026-08-07T23:44:52.1718129Z       Executed DbCommand (2ms) [Parameters=[], CommandType='Text', CommandTimeout='30']
2026-08-07T23:44:52.1718262Z       SELECT OBJECT_ID(N'[__EFMigrationsHistory]');
2026-08-07T23:44:52.1744226Z info: Microsoft.EntityFrameworkCore.Database.Command[20101]
2026-08-07T23:44:52.1744578Z       Executed DbCommand (1ms) [Parameters=[], CommandType='Text', CommandTimeout='30']
2026-08-07T23:44:52.1748544Z       SELECT [MigrationId], [ProductVersion]
2026-08-07T23:44:52.1748711Z       FROM [__EFMigrationsHistory]
2026-08-07T23:44:52.1748913Z       ORDER BY [MigrationId];
2026-08-07T23:44:52.1764239Z info: Microsoft.EntityFrameworkCore.Database.Command[20101]
2026-08-07T23:44:52.1764576Z       Executed DbCommand (2ms) [Parameters=[], CommandType='Text', CommandTimeout='30']
2026-08-07T23:44:52.1764646Z       SELECT TOP(1) [b].[BankAccountNumber]
2026-08-07T23:44:52.1764686Z       FROM [Beneficiaries] AS [b]
2026-08-07T23:44:52.1764725Z       ORDER BY [b].[Id]
2026-08-07T23:44:55.3270016Z info: Microsoft.EntityFrameworkCore.Database.Command[20101]
2026-08-07T23:44:55.3271045Z       Executed DbCommand (2ms) [Parameters=[], CommandType='Text', CommandTimeout='30']
2026-08-07T23:44:55.3271168Z       SELECT 1
2026-08-07T23:44:55.3299115Z info: Microsoft.EntityFrameworkCore.Database.Command[20101]
2026-08-07T23:44:55.3299760Z       Executed DbCommand (2ms) [Parameters=[], CommandType='Text', CommandTimeout='30']
2026-08-07T23:44:55.3299894Z       SELECT OBJECT_ID(N'[__EFMigrationsHistory]');
2026-08-07T23:44:55.3316528Z info: Microsoft.EntityFrameworkCore.Database.Command[20101]
2026-08-07T23:44:55.3316880Z       Executed DbCommand (1ms) [Parameters=[], CommandType='Text', CommandTimeout='30']
2026-08-07T23:44:55.3316954Z       SELECT [MigrationId], [ProductVersion]
2026-08-07T23:44:55.3317041Z       FROM [__EFMigrationsHistory]
2026-08-07T23:44:55.3317088Z       ORDER BY [MigrationId];
2026-08-07T23:44:55.3329378Z info: Microsoft.EntityFrameworkCore.Database.Command[20101]
2026-08-07T23:44:55.3329707Z       Executed DbCommand (1ms) [Parameters=[], CommandType='Text', CommandTimeout='30']
2026-08-07T23:44:55.3329770Z       SELECT TOP(1) [b].[BankAccountNumber]
2026-08-07T23:44:55.3333188Z       FROM [Beneficiaries] AS [b]
2026-08-07T23:44:55.3333401Z       ORDER BY [b].[Id]
2026-08-07T23:44:55.8617007Z info: Microsoft.EntityFrameworkCore.Database.Command[20101]
2026-08-07T23:44:55.8618189Z       Executed DbCommand (4ms) [Parameters=[], CommandType='Text', CommandTimeout='30']
2026-08-07T23:44:55.8618440Z       SELECT 1
2026-08-07T23:44:55.8673288Z info: Microsoft.EntityFrameworkCore.Database.Command[20101]
2026-08-07T23:44:55.8674451Z       Executed DbCommand (5ms) [Parameters=[], CommandType='Text', CommandTimeout='30']
2026-08-07T23:44:55.8674551Z       SELECT OBJECT_ID(N'[__EFMigrationsHistory]');
2026-08-07T23:44:55.8706039Z info: Microsoft.EntityFrameworkCore.Database.Command[20101]
2026-08-07T23:44:55.8706500Z       Executed DbCommand (1ms) [Parameters=[], CommandType='Text', CommandTimeout='30']
2026-08-07T23:44:55.8706586Z       SELECT [MigrationId], [ProductVersion]
2026-08-07T23:44:55.8706633Z       FROM [__EFMigrationsHistory]
2026-08-07T23:44:55.8706681Z       ORDER BY [MigrationId];
2026-08-07T23:44:55.8720642Z info: Microsoft.EntityFrameworkCore.Database.Command[20101]
2026-08-07T23:44:55.8721011Z       Executed DbCommand (1ms) [Parameters=[], CommandType='Text', CommandTimeout='30']
2026-08-07T23:44:55.8721083Z       SELECT TOP(1) [b].[BankAccountNumber]
2026-08-07T23:44:55.8721124Z       FROM [Beneficiaries] AS [b]
2026-08-07T23:44:55.8721162Z       ORDER BY [b].[Id]
2026-08-07T23:44:57.2312516Z info: Microsoft.EntityFrameworkCore.Database.Command[20101]
2026-08-07T23:44:57.2313292Z       Executed DbCommand (2ms) [Parameters=[], CommandType='Text', CommandTimeout='30']
2026-08-07T23:44:57.2313414Z       SELECT 1
2026-08-07T23:44:57.2339814Z info: Microsoft.EntityFrameworkCore.Database.Command[20101]
2026-08-07T23:44:57.2340441Z       Executed DbCommand (2ms) [Parameters=[], CommandType='Text', CommandTimeout='30']
2026-08-07T23:44:57.2340524Z       SELECT OBJECT_ID(N'[__EFMigrationsHistory]');
2026-08-07T23:44:57.2357665Z info: Microsoft.EntityFrameworkCore.Database.Command[20101]
2026-08-07T23:44:57.2358127Z       Executed DbCommand (2ms) [Parameters=[], CommandType='Text', CommandTimeout='30']
2026-08-07T23:44:57.2358267Z       SELECT [MigrationId], [ProductVersion]
2026-08-07T23:44:57.2358316Z       FROM [__EFMigrationsHistory]
2026-08-07T23:44:57.2358363Z       ORDER BY [MigrationId];
2026-08-07T23:44:57.2373335Z info: Microsoft.EntityFrameworkCore.Database.Command[20101]
2026-08-07T23:44:57.2373713Z       Executed DbCommand (1ms) [Parameters=[], CommandType='Text', CommandTimeout='30']
2026-08-07T23:44:57.2373830Z       SELECT TOP(1) [b].[BankAccountNumber]
2026-08-07T23:44:57.2373872Z       FROM [Beneficiaries] AS [b]
2026-08-07T23:44:57.2373914Z       ORDER BY [b].[Id]
2026-08-07T23:45:01.0139153Z info: Microsoft.EntityFrameworkCore.Database.Command[20101]
2026-08-07T23:45:01.0139955Z       Executed DbCommand (2ms) [Parameters=[], CommandType='Text', CommandTimeout='30']
2026-08-07T23:45:01.0140070Z       SELECT 1
2026-08-07T23:45:01.0179130Z info: Microsoft.EntityFrameworkCore.Database.Command[20101]
2026-08-07T23:45:01.0179815Z       Executed DbCommand (3ms) [Parameters=[], CommandType='Text', CommandTimeout='30']
2026-08-07T23:45:01.0179920Z       SELECT OBJECT_ID(N'[__EFMigrationsHistory]');
2026-08-07T23:45:01.0197366Z info: Microsoft.EntityFrameworkCore.Database.Command[20101]
2026-08-07T23:45:01.0197917Z       Executed DbCommand (2ms) [Parameters=[], CommandType='Text', CommandTimeout='30']
2026-08-07T23:45:01.0198007Z       SELECT [MigrationId], [ProductVersion]
2026-08-07T23:45:01.0198049Z       FROM [__EFMigrationsHistory]
2026-08-07T23:45:01.0198149Z       ORDER BY [MigrationId];
2026-08-07T23:45:01.0211986Z info: Microsoft.EntityFrameworkCore.Database.Command[20101]
2026-08-07T23:45:01.0212379Z       Executed DbCommand (1ms) [Parameters=[], CommandType='Text', CommandTimeout='30']
2026-08-07T23:45:01.0212468Z       SELECT TOP(1) [b].[BankAccountNumber]
2026-08-07T23:45:01.0212515Z       FROM [Beneficiaries] AS [b]
2026-08-07T23:45:01.0212601Z       ORDER BY [b].[Id]
2026-08-07T23:45:01.7207125Z info: Microsoft.EntityFrameworkCore.Database.Command[20101]
2026-08-07T23:45:01.7208076Z       Executed DbCommand (2ms) [Parameters=[], CommandType='Text', CommandTimeout='30']
2026-08-07T23:45:01.7208206Z       SELECT 1
2026-08-07T23:45:01.7222011Z info: Microsoft.EntityFrameworkCore.Database.Command[20101]
2026-08-07T23:45:01.7222509Z       Executed DbCommand (2ms) [Parameters=[], CommandType='Text', CommandTimeout='30']
2026-08-07T23:45:01.7222653Z       SELECT OBJECT_ID(N'[__EFMigrationsHistory]');
2026-08-07T23:45:01.7251303Z info: Microsoft.EntityFrameworkCore.Database.Command[20101]
2026-08-07T23:45:01.7251698Z       Executed DbCommand (1ms) [Parameters=[], CommandType='Text', CommandTimeout='30']
2026-08-07T23:45:01.7251785Z       SELECT [MigrationId], [ProductVersion]
2026-08-07T23:45:01.7251883Z       FROM [__EFMigrationsHistory]
2026-08-07T23:45:01.7257517Z       ORDER BY [MigrationId];
2026-08-07T23:45:01.7268746Z info: Microsoft.EntityFrameworkCore.Database.Command[20101]
2026-08-07T23:45:01.7269056Z       Executed DbCommand (1ms) [Parameters=[], CommandType='Text', CommandTimeout='30']
2026-08-07T23:45:01.7269132Z       SELECT TOP(1) [b].[BankAccountNumber]
2026-08-07T23:45:01.7269229Z       FROM [Beneficiaries] AS [b]
2026-08-07T23:45:01.7269280Z       ORDER BY [b].[Id]
2026-08-07T23:45:03.3295524Z info: Microsoft.EntityFrameworkCore.Database.Command[20101]
2026-08-07T23:45:03.3296346Z       Executed DbCommand (2ms) [Parameters=[], CommandType='Text', CommandTimeout='30']
2026-08-07T23:45:03.3296460Z       SELECT 1
2026-08-07T23:45:03.3333810Z info: Microsoft.EntityFrameworkCore.Database.Command[20101]
2026-08-07T23:45:03.3334268Z       Executed DbCommand (2ms) [Parameters=[], CommandType='Text', CommandTimeout='30']
2026-08-07T23:45:03.3334353Z       SELECT OBJECT_ID(N'[__EFMigrationsHistory]');
2026-08-07T23:45:03.3346941Z info: Microsoft.EntityFrameworkCore.Database.Command[20101]
2026-08-07T23:45:03.3347315Z       Executed DbCommand (1ms) [Parameters=[], CommandType='Text', CommandTimeout='30']
2026-08-07T23:45:03.3347382Z       SELECT [MigrationId], [ProductVersion]
2026-08-07T23:45:03.3347419Z       FROM [__EFMigrationsHistory]
2026-08-07T23:45:03.3347459Z       ORDER BY [MigrationId];
2026-08-07T23:45:03.3369018Z info: Microsoft.EntityFrameworkCore.Database.Command[20101]
2026-08-07T23:45:03.3369370Z       Executed DbCommand (1ms) [Parameters=[], CommandType='Text', CommandTimeout='30']
2026-08-07T23:45:03.3369440Z       SELECT TOP(1) [b].[BankAccountNumber]
2026-08-07T23:45:03.3369481Z       FROM [Beneficiaries] AS [b]
2026-08-07T23:45:03.3369521Z       ORDER BY [b].[Id]
2026-08-07T23:45:05.8777480Z info: Microsoft.EntityFrameworkCore.Database.Command[20101]
2026-08-07T23:45:05.8778140Z       Executed DbCommand (2ms) [Parameters=[], CommandType='Text', CommandTimeout='30']
2026-08-07T23:45:05.8778240Z       SELECT 1
2026-08-07T23:45:05.8779740Z info: Microsoft.EntityFrameworkCore.Database.Command[20101]
2026-08-07T23:45:05.8779971Z       Executed DbCommand (2ms) [Parameters=[], CommandType='Text', CommandTimeout='30']
2026-08-07T23:45:05.8780033Z       SELECT OBJECT_ID(N'[__EFMigrationsHistory]');
2026-08-07T23:45:05.8808322Z info: Microsoft.EntityFrameworkCore.Database.Command[20101]
2026-08-07T23:45:05.8808857Z       Executed DbCommand (1ms) [Parameters=[], CommandType='Text', CommandTimeout='30']
2026-08-07T23:45:05.8808982Z       SELECT [MigrationId], [ProductVersion]
2026-08-07T23:45:05.8809023Z       FROM [__EFMigrationsHistory]
2026-08-07T23:45:05.8809060Z       ORDER BY [MigrationId];
2026-08-07T23:45:05.8853524Z info: Microsoft.EntityFrameworkCore.Database.Command[20101]
2026-08-07T23:45:05.8853937Z       Executed DbCommand (3ms) [Parameters=[], CommandType='Text', CommandTimeout='30']
2026-08-07T23:45:05.8854067Z       SELECT TOP(1) [b].[BankAccountNumber]
2026-08-07T23:45:05.8854118Z       FROM [Beneficiaries] AS [b]
2026-08-07T23:45:05.8854161Z       ORDER BY [b].[Id]
2026-08-07T23:45:06.7419369Z info: Microsoft.EntityFrameworkCore.Database.Command[20101]
2026-08-07T23:45:06.7420296Z       Executed DbCommand (2ms) [Parameters=[], CommandType='Text', CommandTimeout='30']
2026-08-07T23:45:06.7420409Z       SELECT 1
2026-08-07T23:45:06.7442711Z info: Microsoft.EntityFrameworkCore.Database.Command[20101]
2026-08-07T23:45:06.7443372Z       Executed DbCommand (2ms) [Parameters=[], CommandType='Text', CommandTimeout='30']
2026-08-07T23:45:06.7443465Z       SELECT OBJECT_ID(N'[__EFMigrationsHistory]');
2026-08-07T23:45:06.7459373Z info: Microsoft.EntityFrameworkCore.Database.Command[20101]
2026-08-07T23:45:06.7462815Z       Executed DbCommand (1ms) [Parameters=[], CommandType='Text', CommandTimeout='30']
2026-08-07T23:45:06.7462892Z       SELECT [MigrationId], [ProductVersion]
2026-08-07T23:45:06.7462923Z       FROM [__EFMigrationsHistory]
2026-08-07T23:45:06.7462982Z       ORDER BY [MigrationId];
2026-08-07T23:45:06.7479093Z info: Microsoft.EntityFrameworkCore.Database.Command[20101]
2026-08-07T23:45:06.7479417Z       Executed DbCommand (1ms) [Parameters=[], CommandType='Text', CommandTimeout='30']
2026-08-07T23:45:06.7489391Z       SELECT TOP(1) [b].[BankAccountNumber]
2026-08-07T23:45:06.7489450Z       FROM [Beneficiaries] AS [b]
2026-08-07T23:45:06.7489540Z       ORDER BY [b].[Id]
2026-08-07T23:45:09.9725549Z info: Microsoft.EntityFrameworkCore.Database.Command[20101]
2026-08-07T23:45:09.9726435Z       Executed DbCommand (2ms) [Parameters=[], CommandType='Text', CommandTimeout='30']
2026-08-07T23:45:09.9726561Z       SELECT 1
2026-08-07T23:45:09.9752549Z info: Microsoft.EntityFrameworkCore.Database.Command[20101]
2026-08-07T23:45:09.9753240Z       Executed DbCommand (2ms) [Parameters=[], CommandType='Text', CommandTimeout='30']
2026-08-07T23:45:09.9753348Z       SELECT OBJECT_ID(N'[__EFMigrationsHistory]');
2026-08-07T23:45:09.9771225Z info: Microsoft.EntityFrameworkCore.Database.Command[20101]
2026-08-07T23:45:09.9771698Z       Executed DbCommand (2ms) [Parameters=[], CommandType='Text', CommandTimeout='30']
2026-08-07T23:45:09.9771828Z       SELECT [MigrationId], [ProductVersion]
2026-08-07T23:45:09.9771876Z       FROM [__EFMigrationsHistory]
2026-08-07T23:45:09.9771921Z       ORDER BY [MigrationId];
2026-08-07T23:45:09.9785483Z info: Microsoft.EntityFrameworkCore.Database.Command[20101]
2026-08-07T23:45:09.9785748Z       Executed DbCommand (1ms) [Parameters=[], CommandType='Text', CommandTimeout='30']
2026-08-07T23:45:09.9785872Z       SELECT TOP(1) [b].[BankAccountNumber]
2026-08-07T23:45:09.9785922Z       FROM [Beneficiaries] AS [b]
2026-08-07T23:45:09.9785969Z       ORDER BY [b].[Id]
2026-08-07T23:45:15.9129977Z info: Microsoft.EntityFrameworkCore.Database.Command[20101]
2026-08-07T23:45:15.9130849Z       Executed DbCommand (2ms) [Parameters=[], CommandType='Text', CommandTimeout='30']
2026-08-07T23:45:15.9130977Z       SELECT 1
2026-08-07T23:45:15.9145771Z info: Microsoft.EntityFrameworkCore.Database.Command[20101]
2026-08-07T23:45:15.9146234Z       Executed DbCommand (2ms) [Parameters=[], CommandType='Text', CommandTimeout='30']
2026-08-07T23:45:15.9146317Z       SELECT OBJECT_ID(N'[__EFMigrationsHistory]');
2026-08-07T23:45:15.9178649Z info: Microsoft.EntityFrameworkCore.Database.Command[20101]
2026-08-07T23:45:15.9179085Z       Executed DbCommand (2ms) [Parameters=[], CommandType='Text', CommandTimeout='30']
2026-08-07T23:45:15.9179164Z       SELECT [MigrationId], [ProductVersion]
2026-08-07T23:45:15.9179207Z       FROM [__EFMigrationsHistory]
2026-08-07T23:45:15.9179280Z       ORDER BY [MigrationId];
2026-08-07T23:45:15.9191135Z info: Microsoft.EntityFrameworkCore.Database.Command[20101]
2026-08-07T23:45:15.9191471Z       Executed DbCommand (1ms) [Parameters=[], CommandType='Text', CommandTimeout='30']
2026-08-07T23:45:15.9191541Z       SELECT TOP(1) [b].[BankAccountNumber]
2026-08-07T23:45:15.9191579Z       FROM [Beneficiaries] AS [b]
2026-08-07T23:45:15.9191660Z       ORDER BY [b].[Id]
2026-08-07T23:45:16.1069094Z info: Microsoft.EntityFrameworkCore.Database.Command[20101]
2026-08-07T23:45:16.1070777Z       Executed DbCommand (2ms) [Parameters=[], CommandType='Text', CommandTimeout='30']
2026-08-07T23:45:16.1070914Z       SELECT 1
2026-08-07T23:45:16.1095088Z info: Microsoft.EntityFrameworkCore.Database.Command[20101]
2026-08-07T23:45:16.1095600Z       Executed DbCommand (2ms) [Parameters=[], CommandType='Text', CommandTimeout='30']
2026-08-07T23:45:16.1095681Z       SELECT OBJECT_ID(N'[__EFMigrationsHistory]');
2026-08-07T23:45:16.1108835Z info: Microsoft.EntityFrameworkCore.Database.Command[20101]
2026-08-07T23:45:16.1109157Z       Executed DbCommand (1ms) [Parameters=[], CommandType='Text', CommandTimeout='30']
2026-08-07T23:45:16.1109265Z       SELECT [MigrationId], [ProductVersion]
2026-08-07T23:45:16.1109311Z       FROM [__EFMigrationsHistory]
2026-08-07T23:45:16.1115154Z       ORDER BY [MigrationId];
2026-08-07T23:45:16.1128686Z info: Microsoft.EntityFrameworkCore.Database.Command[20101]
2026-08-07T23:45:16.1129022Z       Executed DbCommand (2ms) [Parameters=[], CommandType='Text', CommandTimeout='30']
2026-08-07T23:45:16.1129098Z       SELECT TOP(1) [b].[BankAccountNumber]
2026-08-07T23:45:16.1129140Z       FROM [Beneficiaries] AS [b]
2026-08-07T23:45:16.1129183Z       ORDER BY [b].[Id]
2026-08-07T23:45:19.5866258Z info: Microsoft.EntityFrameworkCore.Database.Command[20101]
2026-08-07T23:45:19.5866924Z       Executed DbCommand (2ms) [Parameters=[], CommandType='Text', CommandTimeout='30']
2026-08-07T23:45:19.5867042Z       SELECT 1
2026-08-07T23:45:19.5900126Z info: Microsoft.EntityFrameworkCore.Database.Command[20101]
2026-08-07T23:45:19.5900869Z       Executed DbCommand (2ms) [Parameters=[], CommandType='Text', CommandTimeout='30']
2026-08-07T23:45:19.5901036Z       SELECT OBJECT_ID(N'[__EFMigrationsHistory]');
2026-08-07T23:45:19.5916370Z info: Microsoft.EntityFrameworkCore.Database.Command[20101]
2026-08-07T23:45:19.5916745Z       Executed DbCommand (2ms) [Parameters=[], CommandType='Text', CommandTimeout='30']
2026-08-07T23:45:19.5916844Z       SELECT [MigrationId], [ProductVersion]
2026-08-07T23:45:19.5916906Z       FROM [__EFMigrationsHistory]
2026-08-07T23:45:19.5917527Z       ORDER BY [MigrationId];
2026-08-07T23:45:19.5938164Z info: Microsoft.EntityFrameworkCore.Database.Command[20101]
2026-08-07T23:45:19.5938616Z       Executed DbCommand (2ms) [Parameters=[], CommandType='Text', CommandTimeout='30']
2026-08-07T23:45:19.5938711Z       SELECT TOP(1) [b].[BankAccountNumber]
2026-08-07T23:45:19.5938824Z       FROM [Beneficiaries] AS [b]
2026-08-07T23:45:19.5938887Z       ORDER BY [b].[Id]
2026-08-07T23:45:24.0536520Z info: Microsoft.EntityFrameworkCore.Database.Command[20101]
2026-08-07T23:45:24.0537387Z       Executed DbCommand (2ms) [Parameters=[], CommandType='Text', CommandTimeout='30']
2026-08-07T23:45:24.0537485Z       SELECT 1
2026-08-07T23:45:24.0552489Z info: Microsoft.EntityFrameworkCore.Database.Command[20101]
2026-08-07T23:45:24.0564894Z       Executed DbCommand (2ms) [Parameters=[], CommandType='Text', CommandTimeout='30']
2026-08-07T23:45:24.0565098Z       SELECT OBJECT_ID(N'[__EFMigrationsHistory]');
2026-08-07T23:45:24.0578910Z info: Microsoft.EntityFrameworkCore.Database.Command[20101]
2026-08-07T23:45:24.0579502Z       Executed DbCommand (1ms) [Parameters=[], CommandType='Text', CommandTimeout='30']
2026-08-07T23:45:24.0579577Z       SELECT [MigrationId], [ProductVersion]
2026-08-07T23:45:24.0579617Z       FROM [__EFMigrationsHistory]
2026-08-07T23:45:24.0579657Z       ORDER BY [MigrationId];
2026-08-07T23:45:24.0604540Z info: Microsoft.EntityFrameworkCore.Database.Command[20101]
2026-08-07T23:45:24.0604951Z       Executed DbCommand (1ms) [Parameters=[], CommandType='Text', CommandTimeout='30']
2026-08-07T23:45:24.0605119Z       SELECT TOP(1) [b].[BankAccountNumber]
2026-08-07T23:45:24.0605161Z       FROM [Beneficiaries] AS [b]
2026-08-07T23:45:24.0605196Z       ORDER BY [b].[Id]
2026-08-07T23:45:26.6242273Z info: Microsoft.EntityFrameworkCore.Database.Command[20101]
2026-08-07T23:45:26.6245623Z       Executed DbCommand (2ms) [Parameters=[], CommandType='Text', CommandTimeout='30']
2026-08-07T23:45:26.6245838Z       SELECT 1
2026-08-07T23:45:26.6269470Z info: Microsoft.EntityFrameworkCore.Database.Command[20101]
2026-08-07T23:45:26.6269966Z       Executed DbCommand (2ms) [Parameters=[], CommandType='Text', CommandTimeout='30']
2026-08-07T23:45:26.6270105Z       SELECT OBJECT_ID(N'[__EFMigrationsHistory]');
2026-08-07T23:45:26.6292648Z info: Microsoft.EntityFrameworkCore.Database.Command[20101]
2026-08-07T23:45:26.6293039Z       Executed DbCommand (2ms) [Parameters=[], CommandType='Text', CommandTimeout='30']
2026-08-07T23:45:26.6293114Z       SELECT [MigrationId], [ProductVersion]
2026-08-07T23:45:26.6293198Z       FROM [__EFMigrationsHistory]
2026-08-07T23:45:26.6293239Z       ORDER BY [MigrationId];
2026-08-07T23:45:26.6313126Z info: Microsoft.EntityFrameworkCore.Database.Command[20101]
2026-08-07T23:45:26.6313472Z       Executed DbCommand (2ms) [Parameters=[], CommandType='Text', CommandTimeout='30']
2026-08-07T23:45:26.6313540Z       SELECT TOP(1) [b].[BankAccountNumber]
2026-08-07T23:45:26.6313624Z       FROM [Beneficiaries] AS [b]
2026-08-07T23:45:26.6313661Z       ORDER BY [b].[Id]
2026-08-07T23:45:28.7825796Z info: Microsoft.EntityFrameworkCore.Database.Command[20101]
2026-08-07T23:45:28.7826849Z       Executed DbCommand (2ms) [Parameters=[], CommandType='Text', CommandTimeout='30']
2026-08-07T23:45:28.7826974Z       SELECT 1
2026-08-07T23:45:28.7859086Z info: Microsoft.EntityFrameworkCore.Database.Command[20101]
2026-08-07T23:45:28.7859604Z       Executed DbCommand (2ms) [Parameters=[], CommandType='Text', CommandTimeout='30']
2026-08-07T23:45:28.7859748Z       SELECT OBJECT_ID(N'[__EFMigrationsHistory]');
2026-08-07T23:45:28.7880645Z info: Microsoft.EntityFrameworkCore.Database.Command[20101]
2026-08-07T23:45:28.7881073Z       Executed DbCommand (2ms) [Parameters=[], CommandType='Text', CommandTimeout='30']
2026-08-07T23:45:28.7881169Z       SELECT [MigrationId], [ProductVersion]
2026-08-07T23:45:28.7881278Z       FROM [__EFMigrationsHistory]
2026-08-07T23:45:28.7881382Z       ORDER BY [MigrationId];
2026-08-07T23:45:28.7897193Z info: Microsoft.EntityFrameworkCore.Database.Command[20101]
2026-08-07T23:45:28.7897568Z       Executed DbCommand (1ms) [Parameters=[], CommandType='Text', CommandTimeout='30']
2026-08-07T23:45:28.7897645Z       SELECT TOP(1) [b].[BankAccountNumber]
2026-08-07T23:45:28.7897742Z       FROM [Beneficiaries] AS [b]
2026-08-07T23:45:28.7897790Z       ORDER BY [b].[Id]
2026-08-07T23:45:33.8939906Z info: Microsoft.EntityFrameworkCore.Database.Command[20101]
2026-08-07T23:45:33.8940935Z       Executed DbCommand (2ms) [Parameters=[], CommandType='Text', CommandTimeout='30']
2026-08-07T23:45:33.8941146Z       SELECT 1
2026-08-07T23:45:33.8956488Z info: Microsoft.EntityFrameworkCore.Database.Command[20101]
2026-08-07T23:45:33.8957129Z       Executed DbCommand (2ms) [Parameters=[], CommandType='Text', CommandTimeout='30']
2026-08-07T23:45:33.8957237Z       SELECT OBJECT_ID(N'[__EFMigrationsHistory]');
2026-08-07T23:45:33.8989880Z info: Microsoft.EntityFrameworkCore.Database.Command[20101]
2026-08-07T23:45:33.8990428Z       Executed DbCommand (1ms) [Parameters=[], CommandType='Text', CommandTimeout='30']
2026-08-07T23:45:33.8990511Z       SELECT [MigrationId], [ProductVersion]
2026-08-07T23:45:33.8990562Z       FROM [__EFMigrationsHistory]
2026-08-07T23:45:33.8990611Z       ORDER BY [MigrationId];
2026-08-07T23:45:33.9001913Z info: Microsoft.EntityFrameworkCore.Database.Command[20101]
2026-08-07T23:45:33.9002326Z       Executed DbCommand (1ms) [Parameters=[], CommandType='Text', CommandTimeout='30']
2026-08-07T23:45:33.9002395Z       SELECT TOP(1) [b].[BankAccountNumber]
2026-08-07T23:45:33.9002439Z       FROM [Beneficiaries] AS [b]
2026-08-07T23:45:33.9002486Z       ORDER BY [b].[Id]
2026-08-07T23:45:45.9909155Z info: Microsoft.EntityFrameworkCore.Database.Command[20101]
2026-08-07T23:45:45.9909743Z       Executed DbCommand (3ms) [Parameters=[], CommandType='Text', CommandTimeout='30']
2026-08-07T23:45:45.9909857Z       SELECT 1
2026-08-07T23:45:45.9937683Z info: Microsoft.EntityFrameworkCore.Database.Command[20101]
2026-08-07T23:45:45.9938199Z       Executed DbCommand (2ms) [Parameters=[], CommandType='Text', CommandTimeout='30']
2026-08-07T23:45:45.9938282Z       SELECT OBJECT_ID(N'[__EFMigrationsHistory]');
2026-08-07T23:45:45.9956938Z info: Microsoft.EntityFrameworkCore.Database.Command[20101]
2026-08-07T23:45:45.9957315Z       Executed DbCommand (2ms) [Parameters=[], CommandType='Text', CommandTimeout='30']
2026-08-07T23:45:45.9957440Z       SELECT [MigrationId], [ProductVersion]
2026-08-07T23:45:45.9957488Z       FROM [__EFMigrationsHistory]
2026-08-07T23:45:45.9959672Z       ORDER BY [MigrationId];
2026-08-07T23:45:45.9976257Z info: Microsoft.EntityFrameworkCore.Database.Command[20101]
2026-08-07T23:45:45.9976623Z       Executed DbCommand (2ms) [Parameters=[], CommandType='Text', CommandTimeout='30']
2026-08-07T23:45:45.9976796Z       SELECT TOP(1) [b].[BankAccountNumber]
2026-08-07T23:45:45.9976846Z       FROM [Beneficiaries] AS [b]
2026-08-07T23:45:45.9976892Z       ORDER BY [b].[Id]
2026-08-07T23:45:51.4294558Z info: Microsoft.EntityFrameworkCore.Database.Command[20101]
2026-08-07T23:45:51.4295378Z       Executed DbCommand (2ms) [Parameters=[], CommandType='Text', CommandTimeout='30']
2026-08-07T23:45:51.4295475Z       SELECT 1
2026-08-07T23:45:51.4316031Z info: Microsoft.EntityFrameworkCore.Database.Command[20101]
2026-08-07T23:45:51.4316483Z       Executed DbCommand (2ms) [Parameters=[], CommandType='Text', CommandTimeout='30']
2026-08-07T23:45:51.4316565Z       SELECT OBJECT_ID(N'[__EFMigrationsHistory]');
2026-08-07T23:45:51.4346563Z info: Microsoft.EntityFrameworkCore.Database.Command[20101]
2026-08-07T23:45:51.4346926Z       Executed DbCommand (1ms) [Parameters=[], CommandType='Text', CommandTimeout='30']
2026-08-07T23:45:51.4347002Z       SELECT [MigrationId], [ProductVersion]
2026-08-07T23:45:51.4347052Z       FROM [__EFMigrationsHistory]
2026-08-07T23:45:51.4347180Z       ORDER BY [MigrationId];
2026-08-07T23:45:51.4359400Z info: Microsoft.EntityFrameworkCore.Database.Command[20101]
2026-08-07T23:45:51.4359704Z       Executed DbCommand (1ms) [Parameters=[], CommandType='Text', CommandTimeout='30']
2026-08-07T23:45:51.4359768Z       SELECT TOP(1) [b].[BankAccountNumber]
2026-08-07T23:45:51.4359812Z       FROM [Beneficiaries] AS [b]
2026-08-07T23:45:51.4359894Z       ORDER BY [b].[Id]
2026-08-07T23:45:52.1708319Z info: Microsoft.EntityFrameworkCore.Database.Command[20101]
2026-08-07T23:45:52.1709028Z       Executed DbCommand (2ms) [Parameters=[], CommandType='Text', CommandTimeout='30']
2026-08-07T23:45:52.1709126Z       SELECT 1
2026-08-07T23:45:52.1739318Z info: Microsoft.EntityFrameworkCore.Database.Command[20101]
2026-08-07T23:45:52.1739828Z       Executed DbCommand (2ms) [Parameters=[], CommandType='Text', CommandTimeout='30']
2026-08-07T23:45:52.1739911Z       SELECT OBJECT_ID(N'[__EFMigrationsHistory]');
2026-08-07T23:45:52.1751829Z info: Microsoft.EntityFrameworkCore.Database.Command[20101]
2026-08-07T23:45:52.1752158Z       Executed DbCommand (1ms) [Parameters=[], CommandType='Text', CommandTimeout='30']
2026-08-07T23:45:52.1752269Z       SELECT [MigrationId], [ProductVersion]
2026-08-07T23:45:52.1752311Z       FROM [__EFMigrationsHistory]
2026-08-07T23:45:52.1757712Z       ORDER BY [MigrationId];
2026-08-07T23:45:52.1768717Z info: Microsoft.EntityFrameworkCore.Database.Command[20101]
2026-08-07T23:45:52.1769046Z       Executed DbCommand (1ms) [Parameters=[], CommandType='Text', CommandTimeout='30']
2026-08-07T23:45:52.1769116Z       SELECT TOP(1) [b].[BankAccountNumber]
2026-08-07T23:45:52.1769169Z       FROM [Beneficiaries] AS [b]
2026-08-07T23:45:52.1769214Z       ORDER BY [b].[Id]
2026-08-07T23:45:53.3991603Z info: Microsoft.EntityFrameworkCore.Database.Command[20101]
2026-08-07T23:45:53.3992430Z       Executed DbCommand (2ms) [Parameters=[], CommandType='Text', CommandTimeout='30']
2026-08-07T23:45:53.3992551Z       SELECT 1
2026-08-07T23:45:53.4024833Z info: Microsoft.EntityFrameworkCore.Database.Command[20101]
2026-08-07T23:45:53.4025335Z       Executed DbCommand (2ms) [Parameters=[], CommandType='Text', CommandTimeout='30']
2026-08-07T23:45:53.4025494Z       SELECT OBJECT_ID(N'[__EFMigrationsHistory]');
2026-08-07T23:45:53.4042807Z info: Microsoft.EntityFrameworkCore.Database.Command[20101]
2026-08-07T23:45:53.4043239Z       Executed DbCommand (2ms) [Parameters=[], CommandType='Text', CommandTimeout='30']
2026-08-07T23:45:53.4043504Z       SELECT [MigrationId], [ProductVersion]
2026-08-07T23:45:53.4043561Z       FROM [__EFMigrationsHistory]
2026-08-07T23:45:53.4043667Z       ORDER BY [MigrationId];
2026-08-07T23:45:53.4057919Z info: Microsoft.EntityFrameworkCore.Database.Command[20101]
2026-08-07T23:45:53.4058239Z       Executed DbCommand (1ms) [Parameters=[], CommandType='Text', CommandTimeout='30']
2026-08-07T23:45:53.4058313Z       SELECT TOP(1) [b].[BankAccountNumber]
2026-08-07T23:45:53.4058360Z       FROM [Beneficiaries] AS [b]
2026-08-07T23:45:53.4058453Z       ORDER BY [b].[Id]
2026-08-07T23:45:55.0564677Z info: Microsoft.EntityFrameworkCore.Database.Command[20101]
2026-08-07T23:45:55.0565625Z       Executed DbCommand (2ms) [Parameters=[], CommandType='Text', CommandTimeout='30']
2026-08-07T23:45:55.0565767Z       SELECT 1
2026-08-07T23:45:55.0597046Z info: Microsoft.EntityFrameworkCore.Database.Command[20101]
2026-08-07T23:45:55.0597987Z       Executed DbCommand (2ms) [Parameters=[], CommandType='Text', CommandTimeout='30']
2026-08-07T23:45:55.0598095Z       SELECT OBJECT_ID(N'[__EFMigrationsHistory]');
2026-08-07T23:45:55.0612510Z info: Microsoft.EntityFrameworkCore.Database.Command[20101]
2026-08-07T23:45:55.0613047Z       Executed DbCommand (1ms) [Parameters=[], CommandType='Text', CommandTimeout='30']
2026-08-07T23:45:55.0613133Z       SELECT [MigrationId], [ProductVersion]
2026-08-07T23:45:55.0613232Z       FROM [__EFMigrationsHistory]
2026-08-07T23:45:55.0613272Z       ORDER BY [MigrationId];
2026-08-07T23:45:55.0630569Z info: Microsoft.EntityFrameworkCore.Database.Command[20101]
2026-08-07T23:45:55.0630917Z       Executed DbCommand (1ms) [Parameters=[], CommandType='Text', CommandTimeout='30']
2026-08-07T23:45:55.0630988Z       SELECT TOP(1) [b].[BankAccountNumber]
2026-08-07T23:45:55.0631073Z       FROM [Beneficiaries] AS [b]
2026-08-07T23:45:55.0631113Z       ORDER BY [b].[Id]
2026-08-07T23:45:58.3501398Z info: Microsoft.EntityFrameworkCore.Database.Command[20101]
2026-08-07T23:45:58.3502362Z       Executed DbCommand (4ms) [Parameters=[], CommandType='Text', CommandTimeout='30']
2026-08-07T23:45:58.3502582Z       SELECT 1
2026-08-07T23:45:58.3519226Z info: Microsoft.EntityFrameworkCore.Database.Command[20101]
2026-08-07T23:45:58.3519889Z       Executed DbCommand (2ms) [Parameters=[], CommandType='Text', CommandTimeout='30']
2026-08-07T23:45:58.3519969Z       SELECT OBJECT_ID(N'[__EFMigrationsHistory]');
2026-08-07T23:45:58.3548173Z info: Microsoft.EntityFrameworkCore.Database.Command[20101]
2026-08-07T23:45:58.3548511Z       Executed DbCommand (2ms) [Parameters=[], CommandType='Text', CommandTimeout='30']
2026-08-07T23:45:58.3548580Z       SELECT [MigrationId], [ProductVersion]
2026-08-07T23:45:58.3548624Z       FROM [__EFMigrationsHistory]
2026-08-07T23:45:58.3549322Z       ORDER BY [MigrationId];
2026-08-07T23:45:58.3565260Z info: Microsoft.EntityFrameworkCore.Database.Command[20101]
2026-08-07T23:45:58.3565586Z       Executed DbCommand (1ms) [Parameters=[], CommandType='Text', CommandTimeout='30']
2026-08-07T23:45:58.3565660Z       SELECT TOP(1) [b].[BankAccountNumber]
2026-08-07T23:45:58.3565701Z       FROM [Beneficiaries] AS [b]
2026-08-07T23:45:58.3565786Z       ORDER BY [b].[Id]
2026-08-07T23:46:00.5782165Z info: Microsoft.EntityFrameworkCore.Database.Command[20101]
2026-08-07T23:46:00.5783258Z       Executed DbCommand (3ms) [Parameters=[], CommandType='Text', CommandTimeout='30']
2026-08-07T23:46:00.5783369Z       SELECT 1
2026-08-07T23:46:00.5868311Z info: Microsoft.EntityFrameworkCore.Database.Command[20101]
2026-08-07T23:46:00.5869199Z       Executed DbCommand (8ms) [Parameters=[], CommandType='Text', CommandTimeout='30']
2026-08-07T23:46:00.5869297Z       SELECT OBJECT_ID(N'[__EFMigrationsHistory]');
2026-08-07T23:46:00.5900837Z info: Microsoft.EntityFrameworkCore.Database.Command[20101]
2026-08-07T23:46:00.5901324Z       Executed DbCommand (1ms) [Parameters=[], CommandType='Text', CommandTimeout='30']
2026-08-07T23:46:00.5901462Z       SELECT [MigrationId], [ProductVersion]
2026-08-07T23:46:00.5901503Z       FROM [__EFMigrationsHistory]
2026-08-07T23:46:00.5901534Z       ORDER BY [MigrationId];
2026-08-07T23:46:00.5913977Z info: Microsoft.EntityFrameworkCore.Database.Command[20101]
2026-08-07T23:46:00.5914346Z       Executed DbCommand (1ms) [Parameters=[], CommandType='Text', CommandTimeout='30']
2026-08-07T23:46:00.5914465Z       SELECT TOP(1) [b].[BankAccountNumber]
2026-08-07T23:46:00.5914506Z       FROM [Beneficiaries] AS [b]
2026-08-07T23:46:00.5914543Z       ORDER BY [b].[Id]
2026-08-07T23:46:00.8746275Z info: Microsoft.EntityFrameworkCore.Database.Command[20101]
2026-08-07T23:46:00.8747316Z       Executed DbCommand (2ms) [Parameters=[], CommandType='Text', CommandTimeout='30']
2026-08-07T23:46:00.8747430Z       SELECT 1
2026-08-07T23:46:00.8764369Z info: Microsoft.EntityFrameworkCore.Database.Command[20101]
2026-08-07T23:46:00.8766485Z       Executed DbCommand (2ms) [Parameters=[], CommandType='Text', CommandTimeout='30']
2026-08-07T23:46:00.8766607Z       SELECT OBJECT_ID(N'[__EFMigrationsHistory]');
2026-08-07T23:46:00.8796335Z info: Microsoft.EntityFrameworkCore.Database.Command[20101]
2026-08-07T23:46:00.8796691Z       Executed DbCommand (1ms) [Parameters=[], CommandType='Text', CommandTimeout='30']
2026-08-07T23:46:00.8796824Z       SELECT [MigrationId], [ProductVersion]
2026-08-07T23:46:00.8796873Z       FROM [__EFMigrationsHistory]
2026-08-07T23:46:00.8796964Z       ORDER BY [MigrationId];
2026-08-07T23:46:00.8809676Z info: Microsoft.EntityFrameworkCore.Database.Command[20101]
2026-08-07T23:46:00.8809986Z       Executed DbCommand (1ms) [Parameters=[], CommandType='Text', CommandTimeout='30']
2026-08-07T23:46:00.8810049Z       SELECT TOP(1) [b].[BankAccountNumber]
2026-08-07T23:46:00.8810090Z       FROM [Beneficiaries] AS [b]
2026-08-07T23:46:00.8810176Z       ORDER BY [b].[Id]
2026-08-07T23:46:05.4854150Z info: Microsoft.EntityFrameworkCore.Database.Command[20101]
2026-08-07T23:46:05.4854957Z       Executed DbCommand (2ms) [Parameters=[], CommandType='Text', CommandTimeout='30']
2026-08-07T23:46:05.4855077Z       SELECT 1
2026-08-07T23:46:05.4883216Z info: Microsoft.EntityFrameworkCore.Database.Command[20101]
2026-08-07T23:46:05.4883701Z       Executed DbCommand (2ms) [Parameters=[], CommandType='Text', CommandTimeout='30']
2026-08-07T23:46:05.4883777Z       SELECT OBJECT_ID(N'[__EFMigrationsHistory]');
2026-08-07T23:46:05.4895705Z info: Microsoft.EntityFrameworkCore.Database.Command[20101]
2026-08-07T23:46:05.4896024Z       Executed DbCommand (1ms) [Parameters=[], CommandType='Text', CommandTimeout='30']
2026-08-07T23:46:05.4896137Z       SELECT [MigrationId], [ProductVersion]
2026-08-07T23:46:05.4896183Z       FROM [__EFMigrationsHistory]
2026-08-07T23:46:05.4896222Z       ORDER BY [MigrationId];
2026-08-07T23:46:05.4913743Z info: Microsoft.EntityFrameworkCore.Database.Command[20101]
2026-08-07T23:46:05.4914088Z       Executed DbCommand (1ms) [Parameters=[], CommandType='Text', CommandTimeout='30']
2026-08-07T23:46:05.4914201Z       SELECT TOP(1) [b].[BankAccountNumber]
2026-08-07T23:46:05.4914239Z       FROM [Beneficiaries] AS [b]
2026-08-07T23:46:05.4914278Z       ORDER BY [b].[Id]
2026-08-07T23:46:07.1125546Z info: Microsoft.EntityFrameworkCore.Database.Command[20101]
2026-08-07T23:46:07.1126412Z       Executed DbCommand (2ms) [Parameters=[], CommandType='Text', CommandTimeout='30']
2026-08-07T23:46:07.1126529Z       SELECT 1
2026-08-07T23:46:07.1141128Z info: Microsoft.EntityFrameworkCore.Database.Command[20101]
2026-08-07T23:46:07.1141549Z       Executed DbCommand (1ms) [Parameters=[], CommandType='Text', CommandTimeout='30']
2026-08-07T23:46:07.1141636Z       SELECT OBJECT_ID(N'[__EFMigrationsHistory]');
2026-08-07T23:46:07.1169203Z info: Microsoft.EntityFrameworkCore.Database.Command[20101]
2026-08-07T23:46:07.1169583Z       Executed DbCommand (2ms) [Parameters=[], CommandType='Text', CommandTimeout='30']
2026-08-07T23:46:07.1169657Z       SELECT [MigrationId], [ProductVersion]
2026-08-07T23:46:07.1169799Z       FROM [__EFMigrationsHistory]
2026-08-07T23:46:07.1175655Z       ORDER BY [MigrationId];
2026-08-07T23:46:07.1190378Z info: Microsoft.EntityFrameworkCore.Database.Command[20101]
2026-08-07T23:46:07.1190709Z       Executed DbCommand (1ms) [Parameters=[], CommandType='Text', CommandTimeout='30']
2026-08-07T23:46:07.1190778Z       SELECT TOP(1) [b].[BankAccountNumber]
2026-08-07T23:46:07.1190822Z       FROM [Beneficiaries] AS [b]
2026-08-07T23:46:07.1191006Z       ORDER BY [b].[Id]
2026-08-07T23:46:07.7099265Z info: Microsoft.EntityFrameworkCore.Database.Command[20101]
2026-08-07T23:46:07.7100230Z       Executed DbCommand (2ms) [Parameters=[], CommandType='Text', CommandTimeout='30']
2026-08-07T23:46:07.7100348Z       SELECT 1
2026-08-07T23:46:07.7130704Z info: Microsoft.EntityFrameworkCore.Database.Command[20101]
2026-08-07T23:46:07.7131165Z       Executed DbCommand (2ms) [Parameters=[], CommandType='Text', CommandTimeout='30']
2026-08-07T23:46:07.7131263Z       SELECT OBJECT_ID(N'[__EFMigrationsHistory]');
2026-08-07T23:46:07.7146650Z info: Microsoft.EntityFrameworkCore.Database.Command[20101]
2026-08-07T23:46:07.7146985Z       Executed DbCommand (1ms) [Parameters=[], CommandType='Text', CommandTimeout='30']
2026-08-07T23:46:07.7147096Z       SELECT [MigrationId], [ProductVersion]
2026-08-07T23:46:07.7147255Z       FROM [__EFMigrationsHistory]
2026-08-07T23:46:07.7147299Z       ORDER BY [MigrationId];
2026-08-07T23:46:07.7159940Z info: Microsoft.EntityFrameworkCore.Database.Command[20101]
2026-08-07T23:46:07.7160296Z       Executed DbCommand (1ms) [Parameters=[], CommandType='Text', CommandTimeout='30']
2026-08-07T23:46:07.7160360Z       SELECT TOP(1) [b].[BankAccountNumber]
2026-08-07T23:46:07.7160397Z       FROM [Beneficiaries] AS [b]
2026-08-07T23:46:07.7160439Z       ORDER BY [b].[Id]
2026-08-07T23:46:11.3828959Z info: Microsoft.EntityFrameworkCore.Database.Command[20101]
2026-08-07T23:46:11.3829833Z       Executed DbCommand (2ms) [Parameters=[], CommandType='Text', CommandTimeout='30']
2026-08-07T23:46:11.3829957Z       SELECT 1
2026-08-07T23:46:11.3866663Z info: Microsoft.EntityFrameworkCore.Database.Command[20101]
2026-08-07T23:46:11.3867384Z       Executed DbCommand (2ms) [Parameters=[], CommandType='Text', CommandTimeout='30']
2026-08-07T23:46:11.3867570Z       SELECT OBJECT_ID(N'[__EFMigrationsHistory]');
2026-08-07T23:46:11.3887810Z info: Microsoft.EntityFrameworkCore.Database.Command[20101]
2026-08-07T23:46:11.3888275Z       Executed DbCommand (2ms) [Parameters=[], CommandType='Text', CommandTimeout='30']
2026-08-07T23:46:11.3888369Z       SELECT [MigrationId], [ProductVersion]
2026-08-07T23:46:11.3888429Z       FROM [__EFMigrationsHistory]
2026-08-07T23:46:11.3888535Z       ORDER BY [MigrationId];
2026-08-07T23:46:11.3904723Z info: Microsoft.EntityFrameworkCore.Database.Command[20101]
2026-08-07T23:46:11.3905557Z       Executed DbCommand (2ms) [Parameters=[], CommandType='Text', CommandTimeout='30']
2026-08-07T23:46:11.3905664Z       SELECT TOP(1) [b].[BankAccountNumber]
2026-08-07T23:46:11.3905713Z       FROM [Beneficiaries] AS [b]
2026-08-07T23:46:11.3905820Z       ORDER BY [b].[Id]
2026-08-07T23:46:11.7954560Z info: Microsoft.EntityFrameworkCore.Database.Command[20101]
2026-08-07T23:46:11.7955486Z       Executed DbCommand (2ms) [Parameters=[], CommandType='Text', CommandTimeout='30']
2026-08-07T23:46:11.7955581Z       SELECT 1
2026-08-07T23:46:11.7982490Z info: Microsoft.EntityFrameworkCore.Database.Command[20101]
2026-08-07T23:46:11.7983044Z       Executed DbCommand (2ms) [Parameters=[], CommandType='Text', CommandTimeout='30']
2026-08-07T23:46:11.7983138Z       SELECT OBJECT_ID(N'[__EFMigrationsHistory]');
2026-08-07T23:46:11.8012474Z info: Microsoft.EntityFrameworkCore.Database.Command[20101]
2026-08-07T23:46:11.8012874Z       Executed DbCommand (2ms) [Parameters=[], CommandType='Text', CommandTimeout='30']
2026-08-07T23:46:11.8012948Z       SELECT [MigrationId], [ProductVersion]
2026-08-07T23:46:11.8012989Z       FROM [__EFMigrationsHistory]
2026-08-07T23:46:11.8013030Z       ORDER BY [MigrationId];
2026-08-07T23:46:11.8032068Z info: Microsoft.EntityFrameworkCore.Database.Command[20101]
2026-08-07T23:46:11.8032401Z       Executed DbCommand (1ms) [Parameters=[], CommandType='Text', CommandTimeout='30']
2026-08-07T23:46:11.8032470Z       SELECT TOP(1) [b].[BankAccountNumber]
2026-08-07T23:46:11.8032510Z       FROM [Beneficiaries] AS [b]
2026-08-07T23:46:11.8032544Z       ORDER BY [b].[Id]
2026-08-07T23:46:14.8782396Z info: Microsoft.EntityFrameworkCore.Database.Command[20101]
2026-08-07T23:46:14.8783290Z       Executed DbCommand (2ms) [Parameters=[], CommandType='Text', CommandTimeout='30']
2026-08-07T23:46:14.8783416Z       SELECT 1
2026-08-07T23:46:14.8810798Z info: Microsoft.EntityFrameworkCore.Database.Command[20101]
2026-08-07T23:46:14.8811288Z       Executed DbCommand (3ms) [Parameters=[], CommandType='Text', CommandTimeout='30']
2026-08-07T23:46:14.8811451Z       SELECT OBJECT_ID(N'[__EFMigrationsHistory]');
2026-08-07T23:46:14.8842839Z info: Microsoft.EntityFrameworkCore.Database.Command[20101]
2026-08-07T23:46:14.8843201Z       Executed DbCommand (2ms) [Parameters=[], CommandType='Text', CommandTimeout='30']
2026-08-07T23:46:14.8843279Z       SELECT [MigrationId], [ProductVersion]
2026-08-07T23:46:14.8843369Z       FROM [__EFMigrationsHistory]
2026-08-07T23:46:14.8844268Z       ORDER BY [MigrationId];
2026-08-07T23:46:14.8862329Z info: Microsoft.EntityFrameworkCore.Database.Command[20101]
2026-08-07T23:46:14.8862626Z       Executed DbCommand (1ms) [Parameters=[], CommandType='Text', CommandTimeout='30']
2026-08-07T23:46:14.8862731Z       SELECT TOP(1) [b].[BankAccountNumber]
2026-08-07T23:46:14.8862779Z       FROM [Beneficiaries] AS [b]
2026-08-07T23:46:14.8862823Z       ORDER BY [b].[Id]
2026-08-07T23:46:16.7389136Z info: Microsoft.EntityFrameworkCore.Database.Command[20101]
2026-08-07T23:46:16.7389808Z       Executed DbCommand (10ms) [Parameters=[], CommandType='Text', CommandTimeout='30']
2026-08-07T23:46:16.7389968Z       SELECT 1
2026-08-07T23:46:16.7403697Z info: Microsoft.EntityFrameworkCore.Database.Command[20101]
2026-08-07T23:46:16.7404144Z       Executed DbCommand (2ms) [Parameters=[], CommandType='Text', CommandTimeout='30']
2026-08-07T23:46:16.7404227Z       SELECT OBJECT_ID(N'[__EFMigrationsHistory]');
2026-08-07T23:46:16.7437158Z info: Microsoft.EntityFrameworkCore.Database.Command[20101]
2026-08-07T23:46:16.7437555Z       Executed DbCommand (2ms) [Parameters=[], CommandType='Text', CommandTimeout='30']
2026-08-07T23:46:16.7437643Z       SELECT [MigrationId], [ProductVersion]
2026-08-07T23:46:16.7437689Z       FROM [__EFMigrationsHistory]
2026-08-07T23:46:16.7437737Z       ORDER BY [MigrationId];
2026-08-07T23:46:16.7453026Z info: Microsoft.EntityFrameworkCore.Database.Command[20101]
2026-08-07T23:46:16.7453368Z       Executed DbCommand (1ms) [Parameters=[], CommandType='Text', CommandTimeout='30']
2026-08-07T23:46:16.7453441Z       SELECT TOP(1) [b].[BankAccountNumber]
2026-08-07T23:46:16.7453487Z       FROM [Beneficiaries] AS [b]
2026-08-07T23:46:16.7453524Z       ORDER BY [b].[Id]
2026-08-07T23:46:19.5104904Z info: Microsoft.EntityFrameworkCore.Database.Command[20101]
2026-08-07T23:46:19.5105719Z       Executed DbCommand (2ms) [Parameters=[], CommandType='Text', CommandTimeout='30']
2026-08-07T23:46:19.5105853Z       SELECT 1
2026-08-07T23:46:19.5159106Z info: Microsoft.EntityFrameworkCore.Database.Command[20101]
2026-08-07T23:46:19.5161769Z       Executed DbCommand (4ms) [Parameters=[], CommandType='Text', CommandTimeout='30']
2026-08-07T23:46:19.5161901Z       SELECT OBJECT_ID(N'[__EFMigrationsHistory]');
2026-08-07T23:46:19.5172470Z info: Microsoft.EntityFrameworkCore.Database.Command[20101]
2026-08-07T23:46:19.5172862Z       Executed DbCommand (1ms) [Parameters=[], CommandType='Text', CommandTimeout='30']
2026-08-07T23:46:19.5172987Z       SELECT [MigrationId], [ProductVersion]
2026-08-07T23:46:19.5173036Z       FROM [__EFMigrationsHistory]
2026-08-07T23:46:19.5173084Z       ORDER BY [MigrationId];
2026-08-07T23:46:19.5189361Z info: Microsoft.EntityFrameworkCore.Database.Command[20101]
2026-08-07T23:46:19.5189649Z       Executed DbCommand (1ms) [Parameters=[], CommandType='Text', CommandTimeout='30']
2026-08-07T23:46:19.5189760Z       SELECT TOP(1) [b].[BankAccountNumber]
2026-08-07T23:46:19.5189804Z       FROM [Beneficiaries] AS [b]
2026-08-07T23:46:19.5189847Z       ORDER BY [b].[Id]
2026-08-07T23:46:19.8981848Z info: Microsoft.EntityFrameworkCore.Database.Command[20101]
2026-08-07T23:46:19.8982815Z       Executed DbCommand (2ms) [Parameters=[], CommandType='Text', CommandTimeout='30']
2026-08-07T23:46:19.8982944Z       SELECT 1
2026-08-07T23:46:19.9011057Z info: Microsoft.EntityFrameworkCore.Database.Command[20101]
2026-08-07T23:46:19.9011657Z       Executed DbCommand (2ms) [Parameters=[], CommandType='Text', CommandTimeout='30']
2026-08-07T23:46:19.9011738Z       SELECT OBJECT_ID(N'[__EFMigrationsHistory]');
2026-08-07T23:46:19.9025606Z info: Microsoft.EntityFrameworkCore.Database.Command[20101]
2026-08-07T23:46:19.9025985Z       Executed DbCommand (2ms) [Parameters=[], CommandType='Text', CommandTimeout='30']
2026-08-07T23:46:19.9026056Z       SELECT [MigrationId], [ProductVersion]
2026-08-07T23:46:19.9026098Z       FROM [__EFMigrationsHistory]
2026-08-07T23:46:19.9026581Z       ORDER BY [MigrationId];
2026-08-07T23:46:19.9042820Z info: Microsoft.EntityFrameworkCore.Database.Command[20101]
2026-08-07T23:46:19.9043151Z       Executed DbCommand (1ms) [Parameters=[], CommandType='Text', CommandTimeout='30']
2026-08-07T23:46:19.9043554Z       SELECT TOP(1) [b].[BankAccountNumber]
2026-08-07T23:46:19.9043623Z       FROM [Beneficiaries] AS [b]
2026-08-07T23:46:19.9043703Z       ORDER BY [b].[Id]
2026-08-07T23:46:20.1994676Z info: Microsoft.EntityFrameworkCore.Database.Command[20101]
2026-08-07T23:46:20.1995518Z       Executed DbCommand (2ms) [Parameters=[], CommandType='Text', CommandTimeout='30']
2026-08-07T23:46:20.1995651Z       SELECT 1
2026-08-07T23:46:20.2011537Z info: Microsoft.EntityFrameworkCore.Database.Command[20101]
2026-08-07T23:46:20.2011977Z       Executed DbCommand (2ms) [Parameters=[], CommandType='Text', CommandTimeout='30']
2026-08-07T23:46:20.2012048Z       SELECT OBJECT_ID(N'[__EFMigrationsHistory]');
2026-08-07T23:46:20.2042551Z info: Microsoft.EntityFrameworkCore.Database.Command[20101]
2026-08-07T23:46:20.2042920Z       Executed DbCommand (2ms) [Parameters=[], CommandType='Text', CommandTimeout='30']
2026-08-07T23:46:20.2045340Z       SELECT [MigrationId], [ProductVersion]
2026-08-07T23:46:20.2045457Z       FROM [__EFMigrationsHistory]
2026-08-07T23:46:20.2045500Z       ORDER BY [MigrationId];
2026-08-07T23:46:20.2056601Z info: Microsoft.EntityFrameworkCore.Database.Command[20101]
2026-08-07T23:46:20.2056921Z       Executed DbCommand (1ms) [Parameters=[], CommandType='Text', CommandTimeout='30']
2026-08-07T23:46:20.2056992Z       SELECT TOP(1) [b].[BankAccountNumber]
2026-08-07T23:46:20.2057038Z       FROM [Beneficiaries] AS [b]
2026-08-07T23:46:20.2057084Z       ORDER BY [b].[Id]
2026-08-07T23:46:36.4194669Z info: Microsoft.EntityFrameworkCore.Database.Command[20101]
2026-08-07T23:46:36.4195505Z       Executed DbCommand (3ms) [Parameters=[], CommandType='Text', CommandTimeout='30']
2026-08-07T23:46:36.4195616Z       SELECT 1
2026-08-07T23:46:36.4211657Z info: Microsoft.EntityFrameworkCore.Database.Command[20101]
2026-08-07T23:46:36.4212254Z       Executed DbCommand (2ms) [Parameters=[], CommandType='Text', CommandTimeout='30']
2026-08-07T23:46:36.4212386Z       SELECT OBJECT_ID(N'[__EFMigrationsHistory]');
2026-08-07T23:46:36.4254543Z info: Microsoft.EntityFrameworkCore.Database.Command[20101]
2026-08-07T23:46:36.4255115Z       Executed DbCommand (2ms) [Parameters=[], CommandType='Text', CommandTimeout='30']
2026-08-07T23:46:36.4255210Z       SELECT [MigrationId], [ProductVersion]
2026-08-07T23:46:36.4255263Z       FROM [__EFMigrationsHistory]
2026-08-07T23:46:36.4255367Z       ORDER BY [MigrationId];
2026-08-07T23:46:36.4340761Z info: Microsoft.EntityFrameworkCore.Database.Command[20101]
2026-08-07T23:46:36.4342111Z       Executed DbCommand (8ms) [Parameters=[], CommandType='Text', CommandTimeout='30']
2026-08-07T23:46:36.4342193Z       SELECT TOP(1) [b].[BankAccountNumber]
2026-08-07T23:46:36.4342235Z       FROM [Beneficiaries] AS [b]
2026-08-07T23:46:36.4342323Z       ORDER BY [b].[Id]
2026-08-07T23:46:41.0868678Z info: Microsoft.EntityFrameworkCore.Database.Command[20101]
2026-08-07T23:46:41.0869475Z       Executed DbCommand (3ms) [Parameters=[], CommandType='Text', CommandTimeout='30']
2026-08-07T23:46:41.0869581Z       SELECT 1
2026-08-07T23:46:41.0884918Z info: Microsoft.EntityFrameworkCore.Database.Command[20101]
2026-08-07T23:46:41.0885488Z       Executed DbCommand (2ms) [Parameters=[], CommandType='Text', CommandTimeout='30']
2026-08-07T23:46:41.0885590Z       SELECT OBJECT_ID(N'[__EFMigrationsHistory]');
2026-08-07T23:46:41.0917218Z info: Microsoft.EntityFrameworkCore.Database.Command[20101]
2026-08-07T23:46:41.0917604Z       Executed DbCommand (2ms) [Parameters=[], CommandType='Text', CommandTimeout='30']
2026-08-07T23:46:41.0917669Z       SELECT [MigrationId], [ProductVersion]
2026-08-07T23:46:41.0917810Z       FROM [__EFMigrationsHistory]
2026-08-07T23:46:41.0923664Z       ORDER BY [MigrationId];
2026-08-07T23:46:41.0933796Z info: Microsoft.EntityFrameworkCore.Database.Command[20101]
2026-08-07T23:46:41.0934125Z       Executed DbCommand (1ms) [Parameters=[], CommandType='Text', CommandTimeout='30']
2026-08-07T23:46:41.0934190Z       SELECT TOP(1) [b].[BankAccountNumber]
2026-08-07T23:46:41.0934233Z       FROM [Beneficiaries] AS [b]
2026-08-07T23:46:41.0934272Z       ORDER BY [b].[Id]
2026-08-07T23:46:43.9920525Z info: Microsoft.EntityFrameworkCore.Database.Command[20101]
2026-08-07T23:46:43.9921354Z       Executed DbCommand (2ms) [Parameters=[], CommandType='Text', CommandTimeout='30']
2026-08-07T23:46:43.9921461Z       SELECT 1
2026-08-07T23:46:43.9940229Z info: Microsoft.EntityFrameworkCore.Database.Command[20101]
2026-08-07T23:46:43.9940948Z       Executed DbCommand (2ms) [Parameters=[], CommandType='Text', CommandTimeout='30']
2026-08-07T23:46:43.9941044Z       SELECT OBJECT_ID(N'[__EFMigrationsHistory]');
2026-08-07T23:46:43.9969675Z info: Microsoft.EntityFrameworkCore.Database.Command[20101]
2026-08-07T23:46:43.9970128Z       Executed DbCommand (2ms) [Parameters=[], CommandType='Text', CommandTimeout='30']
2026-08-07T23:46:43.9970203Z       SELECT [MigrationId], [ProductVersion]
2026-08-07T23:46:43.9970293Z       FROM [__EFMigrationsHistory]
2026-08-07T23:46:43.9970334Z       ORDER BY [MigrationId];
2026-08-07T23:46:43.9990795Z info: Microsoft.EntityFrameworkCore.Database.Command[20101]
2026-08-07T23:46:43.9991124Z       Executed DbCommand (2ms) [Parameters=[], CommandType='Text', CommandTimeout='30']
2026-08-07T23:46:43.9991230Z       SELECT TOP(1) [b].[BankAccountNumber]
2026-08-07T23:46:43.9991278Z       FROM [Beneficiaries] AS [b]
2026-08-07T23:46:43.9991421Z       ORDER BY [b].[Id]
2026-08-07T23:46:44.8636137Z info: Microsoft.EntityFrameworkCore.Database.Command[20101]
2026-08-07T23:46:44.8636945Z       Executed DbCommand (2ms) [Parameters=[], CommandType='Text', CommandTimeout='30']
2026-08-07T23:46:44.8637160Z       SELECT 1
2026-08-07T23:46:44.8653517Z info: Microsoft.EntityFrameworkCore.Database.Command[20101]
2026-08-07T23:46:44.8666971Z       Executed DbCommand (2ms) [Parameters=[], CommandType='Text', CommandTimeout='30']
2026-08-07T23:46:44.8667165Z       SELECT OBJECT_ID(N'[__EFMigrationsHistory]');
2026-08-07T23:46:44.8681991Z info: Microsoft.EntityFrameworkCore.Database.Command[20101]
2026-08-07T23:46:44.8682372Z       Executed DbCommand (2ms) [Parameters=[], CommandType='Text', CommandTimeout='30']
2026-08-07T23:46:44.8682543Z       SELECT [MigrationId], [ProductVersion]
2026-08-07T23:46:44.8682599Z       FROM [__EFMigrationsHistory]
2026-08-07T23:46:44.8682640Z       ORDER BY [MigrationId];
2026-08-07T23:46:44.8701467Z info: Microsoft.EntityFrameworkCore.Database.Command[20101]
2026-08-07T23:46:44.8701786Z       Executed DbCommand (1ms) [Parameters=[], CommandType='Text', CommandTimeout='30']
2026-08-07T23:46:44.8701860Z       SELECT TOP(1) [b].[BankAccountNumber]
2026-08-07T23:46:44.8701910Z       FROM [Beneficiaries] AS [b]
2026-08-07T23:46:44.8701949Z       ORDER BY [b].[Id]
2026-08-07T23:46:48.8175221Z info: Microsoft.EntityFrameworkCore.Database.Command[20101]
2026-08-07T23:46:48.8176002Z       Executed DbCommand (2ms) [Parameters=[], CommandType='Text', CommandTimeout='30']
2026-08-07T23:46:48.8176244Z       SELECT 1
2026-08-07T23:46:48.8196319Z info: Microsoft.EntityFrameworkCore.Database.Command[20101]
2026-08-07T23:46:48.8196994Z       Executed DbCommand (2ms) [Parameters=[], CommandType='Text', CommandTimeout='30']
2026-08-07T23:46:48.8197106Z       SELECT OBJECT_ID(N'[__EFMigrationsHistory]');
2026-08-07T23:46:48.8228124Z info: Microsoft.EntityFrameworkCore.Database.Command[20101]
2026-08-07T23:46:48.8228609Z       Executed DbCommand (1ms) [Parameters=[], CommandType='Text', CommandTimeout='30']
2026-08-07T23:46:48.8228762Z       SELECT [MigrationId], [ProductVersion]
2026-08-07T23:46:48.8228817Z       FROM [__EFMigrationsHistory]
2026-08-07T23:46:48.8228865Z       ORDER BY [MigrationId];
2026-08-07T23:46:48.8243937Z info: Microsoft.EntityFrameworkCore.Database.Command[20101]
2026-08-07T23:46:48.8244300Z       Executed DbCommand (1ms) [Parameters=[], CommandType='Text', CommandTimeout='30']
2026-08-07T23:46:48.8244442Z       SELECT TOP(1) [b].[BankAccountNumber]
2026-08-07T23:46:48.8244493Z       FROM [Beneficiaries] AS [b]
2026-08-07T23:46:48.8244542Z       ORDER BY [b].[Id]
2026-08-07T23:46:51.3490812Z info: Microsoft.EntityFrameworkCore.Database.Command[20101]
2026-08-07T23:46:51.3491752Z       Executed DbCommand (2ms) [Parameters=[], CommandType='Text', CommandTimeout='30']
2026-08-07T23:46:51.3491871Z       SELECT 1
2026-08-07T23:46:51.3508423Z info: Microsoft.EntityFrameworkCore.Database.Command[20101]
2026-08-07T23:46:51.3509005Z       Executed DbCommand (2ms) [Parameters=[], CommandType='Text', CommandTimeout='30']
2026-08-07T23:46:51.3509105Z       SELECT OBJECT_ID(N'[__EFMigrationsHistory]');
2026-08-07T23:46:51.3538724Z info: Microsoft.EntityFrameworkCore.Database.Command[20101]
2026-08-07T23:46:51.3539052Z       Executed DbCommand (2ms) [Parameters=[], CommandType='Text', CommandTimeout='30']
2026-08-07T23:46:51.3539120Z       SELECT [MigrationId], [ProductVersion]
2026-08-07T23:46:51.3539161Z       FROM [__EFMigrationsHistory]
2026-08-07T23:46:51.3541776Z       ORDER BY [MigrationId];
2026-08-07T23:46:51.3554780Z info: Microsoft.EntityFrameworkCore.Database.Command[20101]
2026-08-07T23:46:51.3555068Z       Executed DbCommand (1ms) [Parameters=[], CommandType='Text', CommandTimeout='30']
2026-08-07T23:46:51.3555133Z       SELECT TOP(1) [b].[BankAccountNumber]
2026-08-07T23:46:51.3555172Z       FROM [Beneficiaries] AS [b]
2026-08-07T23:46:51.3555251Z       ORDER BY [b].[Id]
2026-08-07T23:46:52.1728659Z info: Microsoft.EntityFrameworkCore.Database.Command[20101]
2026-08-07T23:46:52.1729508Z       Executed DbCommand (7ms) [Parameters=[], CommandType='Text', CommandTimeout='30']
2026-08-07T23:46:52.1729627Z       SELECT 1
2026-08-07T23:46:52.1757438Z info: Microsoft.EntityFrameworkCore.Database.Command[20101]
2026-08-07T23:46:52.1757995Z       Executed DbCommand (2ms) [Parameters=[], CommandType='Text', CommandTimeout='30']
2026-08-07T23:46:52.1758083Z       SELECT OBJECT_ID(N'[__EFMigrationsHistory]');
2026-08-07T23:46:52.1778596Z info: Microsoft.EntityFrameworkCore.Database.Command[20101]
2026-08-07T23:46:52.1779003Z       Executed DbCommand (2ms) [Parameters=[], CommandType='Text', CommandTimeout='30']
2026-08-07T23:46:52.1779215Z       SELECT [MigrationId], [ProductVersion]
2026-08-07T23:46:52.1779263Z       FROM [__EFMigrationsHistory]
2026-08-07T23:46:52.1779300Z       ORDER BY [MigrationId];
2026-08-07T23:46:52.1790903Z info: Microsoft.EntityFrameworkCore.Database.Command[20101]
2026-08-07T23:46:52.1791283Z       Executed DbCommand (1ms) [Parameters=[], CommandType='Text', CommandTimeout='30']
2026-08-07T23:46:52.1791350Z       SELECT TOP(1) [b].[BankAccountNumber]
2026-08-07T23:46:52.1791476Z       FROM [Beneficiaries] AS [b]
2026-08-07T23:46:52.1791518Z       ORDER BY [b].[Id]
2026-08-07T23:46:53.9489049Z info: Microsoft.EntityFrameworkCore.Database.Command[20101]
2026-08-07T23:46:53.9490075Z       Executed DbCommand (2ms) [Parameters=[], CommandType='Text', CommandTimeout='30']
2026-08-07T23:46:53.9490201Z       SELECT 1
2026-08-07T23:46:53.9518301Z info: Microsoft.EntityFrameworkCore.Database.Command[20101]
2026-08-07T23:46:53.9518866Z       Executed DbCommand (2ms) [Parameters=[], CommandType='Text', CommandTimeout='30']
2026-08-07T23:46:53.9519009Z       SELECT OBJECT_ID(N'[__EFMigrationsHistory]');
2026-08-07T23:46:53.9532180Z info: Microsoft.EntityFrameworkCore.Database.Command[20101]
2026-08-07T23:46:53.9532549Z       Executed DbCommand (1ms) [Parameters=[], CommandType='Text', CommandTimeout='30']
2026-08-07T23:46:53.9532720Z       SELECT [MigrationId], [ProductVersion]
2026-08-07T23:46:53.9532765Z       FROM [__EFMigrationsHistory]
2026-08-07T23:46:53.9533010Z       ORDER BY [MigrationId];
2026-08-07T23:46:53.9549133Z info: Microsoft.EntityFrameworkCore.Database.Command[20101]
2026-08-07T23:46:53.9549465Z       Executed DbCommand (1ms) [Parameters=[], CommandType='Text', CommandTimeout='30']
2026-08-07T23:46:53.9549532Z       SELECT TOP(1) [b].[BankAccountNumber]
2026-08-07T23:46:53.9549609Z       FROM [Beneficiaries] AS [b]
2026-08-07T23:46:53.9549649Z       ORDER BY [b].[Id]
2026-08-07T23:46:54.4765710Z info: Microsoft.EntityFrameworkCore.Database.Command[20101]
2026-08-07T23:46:54.4766569Z       Executed DbCommand (2ms) [Parameters=[], CommandType='Text', CommandTimeout='30']
2026-08-07T23:46:54.4766943Z       SELECT 1
2026-08-07T23:46:54.4794364Z info: Microsoft.EntityFrameworkCore.Database.Command[20101]
2026-08-07T23:46:54.4794972Z       Executed DbCommand (2ms) [Parameters=[], CommandType='Text', CommandTimeout='30']
2026-08-07T23:46:54.4795041Z       SELECT OBJECT_ID(N'[__EFMigrationsHistory]');
2026-08-07T23:46:54.4808041Z info: Microsoft.EntityFrameworkCore.Database.Command[20101]
2026-08-07T23:46:54.4808453Z       Executed DbCommand (1ms) [Parameters=[], CommandType='Text', CommandTimeout='30']
2026-08-07T23:46:54.4808532Z       SELECT [MigrationId], [ProductVersion]
2026-08-07T23:46:54.4808573Z       FROM [__EFMigrationsHistory]
2026-08-07T23:46:54.4812251Z       ORDER BY [MigrationId];
2026-08-07T23:46:54.4835563Z info: Microsoft.EntityFrameworkCore.Database.Command[20101]
2026-08-07T23:46:54.4835875Z       Executed DbCommand (1ms) [Parameters=[], CommandType='Text', CommandTimeout='30']
2026-08-07T23:46:54.4835939Z       SELECT TOP(1) [b].[BankAccountNumber]
2026-08-07T23:46:54.4835987Z       FROM [Beneficiaries] AS [b]
2026-08-07T23:46:54.4836027Z       ORDER BY [b].[Id]
2026-08-07T23:46:55.0710180Z info: Microsoft.EntityFrameworkCore.Database.Command[20101]
2026-08-07T23:46:55.0711094Z       Executed DbCommand (2ms) [Parameters=[], CommandType='Text', CommandTimeout='30']
2026-08-07T23:46:55.0711198Z       SELECT 1
2026-08-07T23:46:55.0727861Z info: Microsoft.EntityFrameworkCore.Database.Command[20101]
2026-08-07T23:46:55.0728592Z       Executed DbCommand (2ms) [Parameters=[], CommandType='Text', CommandTimeout='30']
2026-08-07T23:46:55.0728681Z       SELECT OBJECT_ID(N'[__EFMigrationsHistory]');
2026-08-07T23:46:55.0755787Z info: Microsoft.EntityFrameworkCore.Database.Command[20101]
2026-08-07T23:46:55.0756216Z       Executed DbCommand (1ms) [Parameters=[], CommandType='Text', CommandTimeout='30']
2026-08-07T23:46:55.0756295Z       SELECT [MigrationId], [ProductVersion]
2026-08-07T23:46:55.0756404Z       FROM [__EFMigrationsHistory]
2026-08-07T23:46:55.0756451Z       ORDER BY [MigrationId];
2026-08-07T23:46:55.0777831Z info: Microsoft.EntityFrameworkCore.Database.Command[20101]
2026-08-07T23:46:55.0778103Z       Executed DbCommand (2ms) [Parameters=[], CommandType='Text', CommandTimeout='30']
2026-08-07T23:46:55.0778221Z       SELECT TOP(1) [b].[BankAccountNumber]
2026-08-07T23:46:55.0778271Z       FROM [Beneficiaries] AS [b]
2026-08-07T23:46:55.0778314Z       ORDER BY [b].[Id]
2026-08-07T23:46:56.0041187Z info: Microsoft.EntityFrameworkCore.Database.Command[20101]
2026-08-07T23:46:56.0042004Z       Executed DbCommand (2ms) [Parameters=[], CommandType='Text', CommandTimeout='30']
2026-08-07T23:46:56.0042203Z       SELECT 1
2026-08-07T23:46:56.0059977Z info: Microsoft.EntityFrameworkCore.Database.Command[20101]
2026-08-07T23:46:56.0060552Z       Executed DbCommand (2ms) [Parameters=[], CommandType='Text', CommandTimeout='30']
2026-08-07T23:46:56.0060630Z       SELECT OBJECT_ID(N'[__EFMigrationsHistory]');
2026-08-07T23:46:56.0088606Z info: Microsoft.EntityFrameworkCore.Database.Command[20101]
2026-08-07T23:46:56.0088971Z       Executed DbCommand (1ms) [Parameters=[], CommandType='Text', CommandTimeout='30']
2026-08-07T23:46:56.0089138Z       SELECT [MigrationId], [ProductVersion]
2026-08-07T23:46:56.0089183Z       FROM [__EFMigrationsHistory]
2026-08-07T23:46:56.0089221Z       ORDER BY [MigrationId];
2026-08-07T23:46:56.0108168Z info: Microsoft.EntityFrameworkCore.Database.Command[20101]
2026-08-07T23:46:56.0108503Z       Executed DbCommand (1ms) [Parameters=[], CommandType='Text', CommandTimeout='30']
2026-08-07T23:46:56.0108574Z       SELECT TOP(1) [b].[BankAccountNumber]
2026-08-07T23:46:56.0108623Z       FROM [Beneficiaries] AS [b]
2026-08-07T23:46:56.0108671Z       ORDER BY [b].[Id]
2026-08-07T23:46:56.9724811Z info: Microsoft.EntityFrameworkCore.Database.Command[20101]
2026-08-07T23:46:56.9725624Z       Executed DbCommand (2ms) [Parameters=[], CommandType='Text', CommandTimeout='30']
2026-08-07T23:46:56.9725723Z       SELECT 1
2026-08-07T23:46:56.9753864Z info: Microsoft.EntityFrameworkCore.Database.Command[20101]
2026-08-07T23:46:56.9754484Z       Executed DbCommand (2ms) [Parameters=[], CommandType='Text', CommandTimeout='30']
2026-08-07T23:46:56.9754576Z       SELECT OBJECT_ID(N'[__EFMigrationsHistory]');
2026-08-07T23:46:56.9768829Z info: Microsoft.EntityFrameworkCore.Database.Command[20101]
2026-08-07T23:46:56.9769224Z       Executed DbCommand (2ms) [Parameters=[], CommandType='Text', CommandTimeout='30']
2026-08-07T23:46:56.9769349Z       SELECT [MigrationId], [ProductVersion]
2026-08-07T23:46:56.9769399Z       FROM [__EFMigrationsHistory]
2026-08-07T23:46:56.9769917Z       ORDER BY [MigrationId];
2026-08-07T23:46:56.9793134Z info: Microsoft.EntityFrameworkCore.Database.Command[20101]
2026-08-07T23:46:56.9793477Z       Executed DbCommand (2ms) [Parameters=[], CommandType='Text', CommandTimeout='30']
2026-08-07T23:46:56.9793551Z       SELECT TOP(1) [b].[BankAccountNumber]
2026-08-07T23:46:56.9793598Z       FROM [Beneficiaries] AS [b]
2026-08-07T23:46:56.9793645Z       ORDER BY [b].[Id]
2026-08-07T23:47:00.6131921Z info: Microsoft.EntityFrameworkCore.Database.Command[20101]
2026-08-07T23:47:00.6132963Z       Executed DbCommand (2ms) [Parameters=[], CommandType='Text', CommandTimeout='30']
2026-08-07T23:47:00.6133088Z       SELECT 1
2026-08-07T23:47:00.6146958Z info: Microsoft.EntityFrameworkCore.Database.Command[20101]
2026-08-07T23:47:00.6147389Z       Executed DbCommand (1ms) [Parameters=[], CommandType='Text', CommandTimeout='30']
2026-08-07T23:47:00.6152154Z       SELECT OBJECT_ID(N'[__EFMigrationsHistory]');
2026-08-07T23:47:00.6176807Z info: Microsoft.EntityFrameworkCore.Database.Command[20101]
2026-08-07T23:47:00.6177122Z       Executed DbCommand (2ms) [Parameters=[], CommandType='Text', CommandTimeout='30']
2026-08-07T23:47:00.6177184Z       SELECT [MigrationId], [ProductVersion]
2026-08-07T23:47:00.6177264Z       FROM [__EFMigrationsHistory]
2026-08-07T23:47:00.6183083Z       ORDER BY [MigrationId];
2026-08-07T23:47:00.6194103Z info: Microsoft.EntityFrameworkCore.Database.Command[20101]
2026-08-07T23:47:00.6194410Z       Executed DbCommand (1ms) [Parameters=[], CommandType='Text', CommandTimeout='30']
2026-08-07T23:47:00.6194517Z       SELECT TOP(1) [b].[BankAccountNumber]
2026-08-07T23:47:00.6194557Z       FROM [Beneficiaries] AS [b]
2026-08-07T23:47:00.6194594Z       ORDER BY [b].[Id]
2026-08-07T23:47:00.8370519Z info: Microsoft.EntityFrameworkCore.Database.Command[20101]
2026-08-07T23:47:00.8371354Z       Executed DbCommand (2ms) [Parameters=[], CommandType='Text', CommandTimeout='30']
2026-08-07T23:47:00.8371583Z       SELECT 1
2026-08-07T23:47:00.8399458Z info: Microsoft.EntityFrameworkCore.Database.Command[20101]
2026-08-07T23:47:00.8400005Z       Executed DbCommand (2ms) [Parameters=[], CommandType='Text', CommandTimeout='30']
2026-08-07T23:47:00.8400088Z       SELECT OBJECT_ID(N'[__EFMigrationsHistory]');
2026-08-07T23:47:00.8413654Z info: Microsoft.EntityFrameworkCore.Database.Command[20101]
2026-08-07T23:47:00.8414025Z       Executed DbCommand (1ms) [Parameters=[], CommandType='Text', CommandTimeout='30']
2026-08-07T23:47:00.8414097Z       SELECT [MigrationId], [ProductVersion]
2026-08-07T23:47:00.8414145Z       FROM [__EFMigrationsHistory]
2026-08-07T23:47:00.8419262Z       ORDER BY [MigrationId];
2026-08-07T23:47:00.8448776Z info: Microsoft.EntityFrameworkCore.Database.Command[20101]
2026-08-07T23:47:00.8449670Z       Executed DbCommand (2ms) [Parameters=[], CommandType='Text', CommandTimeout='30']
2026-08-07T23:47:00.8449762Z       SELECT TOP(1) [b].[BankAccountNumber]
2026-08-07T23:47:00.8449808Z       FROM [Beneficiaries] AS [b]
2026-08-07T23:47:00.8449893Z       ORDER BY [b].[Id]
2026-08-07T23:47:01.7177124Z info: Microsoft.EntityFrameworkCore.Database.Command[20101]
2026-08-07T23:47:01.7177980Z       Executed DbCommand (4ms) [Parameters=[], CommandType='Text', CommandTimeout='30']
2026-08-07T23:47:01.7178092Z       SELECT 1
2026-08-07T23:47:01.7205329Z info: Microsoft.EntityFrameworkCore.Database.Command[20101]
2026-08-07T23:47:01.7206062Z       Executed DbCommand (2ms) [Parameters=[], CommandType='Text', CommandTimeout='30']
2026-08-07T23:47:01.7206146Z       SELECT OBJECT_ID(N'[__EFMigrationsHistory]');
2026-08-07T23:47:01.7220524Z info: Microsoft.EntityFrameworkCore.Database.Command[20101]
2026-08-07T23:47:01.7220933Z       Executed DbCommand (1ms) [Parameters=[], CommandType='Text', CommandTimeout='30']
2026-08-07T23:47:01.7221067Z       SELECT [MigrationId], [ProductVersion]
2026-08-07T23:47:01.7221101Z       FROM [__EFMigrationsHistory]
2026-08-07T23:47:01.7221267Z       ORDER BY [MigrationId];
2026-08-07T23:47:01.7245282Z info: Microsoft.EntityFrameworkCore.Database.Command[20101]
2026-08-07T23:47:01.7245668Z       Executed DbCommand (2ms) [Parameters=[], CommandType='Text', CommandTimeout='30']
2026-08-07T23:47:01.7245748Z       SELECT TOP(1) [b].[BankAccountNumber]
2026-08-07T23:47:01.7245792Z       FROM [Beneficiaries] AS [b]
2026-08-07T23:47:01.7245834Z       ORDER BY [b].[Id]
2026-08-07T23:47:02.6421754Z info: Microsoft.EntityFrameworkCore.Database.Command[20101]
2026-08-07T23:47:02.6422683Z       Executed DbCommand (2ms) [Parameters=[], CommandType='Text', CommandTimeout='30']
2026-08-07T23:47:02.6422794Z       SELECT 1
2026-08-07T23:47:02.6448959Z info: Microsoft.EntityFrameworkCore.Database.Command[20101]
2026-08-07T23:47:02.6449615Z       Executed DbCommand (2ms) [Parameters=[], CommandType='Text', CommandTimeout='30']
2026-08-07T23:47:02.6449758Z       SELECT OBJECT_ID(N'[__EFMigrationsHistory]');
2026-08-07T23:47:02.6467727Z info: Microsoft.EntityFrameworkCore.Database.Command[20101]
2026-08-07T23:47:02.6468111Z       Executed DbCommand (2ms) [Parameters=[], CommandType='Text', CommandTimeout='30']
2026-08-07T23:47:02.6468188Z       SELECT [MigrationId], [ProductVersion]
2026-08-07T23:47:02.6468235Z       FROM [__EFMigrationsHistory]
2026-08-07T23:47:02.6468331Z       ORDER BY [MigrationId];
2026-08-07T23:47:02.6480011Z info: Microsoft.EntityFrameworkCore.Database.Command[20101]
2026-08-07T23:47:02.6480346Z       Executed DbCommand (1ms) [Parameters=[], CommandType='Text', CommandTimeout='30']
2026-08-07T23:47:02.6480411Z       SELECT TOP(1) [b].[BankAccountNumber]
2026-08-07T23:47:02.6480451Z       FROM [Beneficiaries] AS [b]
2026-08-07T23:47:02.6480626Z       ORDER BY [b].[Id]
2026-08-07T23:47:09.8387764Z info: Microsoft.EntityFrameworkCore.Database.Command[20101]
2026-08-07T23:47:09.8388444Z       Executed DbCommand (3ms) [Parameters=[], CommandType='Text', CommandTimeout='30']
2026-08-07T23:47:09.8388567Z       SELECT 1
2026-08-07T23:47:09.8408164Z info: Microsoft.EntityFrameworkCore.Database.Command[20101]
2026-08-07T23:47:09.8408884Z       Executed DbCommand (2ms) [Parameters=[], CommandType='Text', CommandTimeout='30']
2026-08-07T23:47:09.8408970Z       SELECT OBJECT_ID(N'[__EFMigrationsHistory]');
2026-08-07T23:47:09.8436473Z info: Microsoft.EntityFrameworkCore.Database.Command[20101]
2026-08-07T23:47:09.8436937Z       Executed DbCommand (1ms) [Parameters=[], CommandType='Text', CommandTimeout='30']
2026-08-07T23:47:09.8437178Z       SELECT [MigrationId], [ProductVersion]
2026-08-07T23:47:09.8437223Z       FROM [__EFMigrationsHistory]
2026-08-07T23:47:09.8437261Z       ORDER BY [MigrationId];
2026-08-07T23:47:09.8460549Z info: Microsoft.EntityFrameworkCore.Database.Command[20101]
2026-08-07T23:47:09.8462518Z       Executed DbCommand (1ms) [Parameters=[], CommandType='Text', CommandTimeout='30']
2026-08-07T23:47:09.8462638Z       SELECT TOP(1) [b].[BankAccountNumber]
2026-08-07T23:47:09.8462681Z       FROM [Beneficiaries] AS [b]
2026-08-07T23:47:09.8462719Z       ORDER BY [b].[Id]
2026-08-07T23:47:23.1564067Z info: Microsoft.EntityFrameworkCore.Database.Command[20101]
2026-08-07T23:47:23.1564964Z       Executed DbCommand (2ms) [Parameters=[], CommandType='Text', CommandTimeout='30']
2026-08-07T23:47:23.1565057Z       SELECT 1
2026-08-07T23:47:23.1578732Z info: Microsoft.EntityFrameworkCore.Database.Command[20101]
2026-08-07T23:47:23.1579243Z       Executed DbCommand (2ms) [Parameters=[], CommandType='Text', CommandTimeout='30']
2026-08-07T23:47:23.1579409Z       SELECT OBJECT_ID(N'[__EFMigrationsHistory]');
2026-08-07T23:47:23.1622898Z info: Microsoft.EntityFrameworkCore.Database.Command[20101]
2026-08-07T23:47:23.1623325Z       Executed DbCommand (3ms) [Parameters=[], CommandType='Text', CommandTimeout='30']
2026-08-07T23:47:23.1623414Z       SELECT [MigrationId], [ProductVersion]
2026-08-07T23:47:23.1623519Z       FROM [__EFMigrationsHistory]
2026-08-07T23:47:23.1629912Z       ORDER BY [MigrationId];
2026-08-07T23:47:23.1642611Z info: Microsoft.EntityFrameworkCore.Database.Command[20101]
2026-08-07T23:47:23.1642931Z       Executed DbCommand (1ms) [Parameters=[], CommandType='Text', CommandTimeout='30']
2026-08-07T23:47:23.1643047Z       SELECT TOP(1) [b].[BankAccountNumber]
2026-08-07T23:47:23.1643092Z       FROM [Beneficiaries] AS [b]
2026-08-07T23:47:23.1643135Z       ORDER BY [b].[Id]
2026-08-07T23:47:26.1943859Z info: Microsoft.EntityFrameworkCore.Database.Command[20101]
2026-08-07T23:47:26.1944646Z       Executed DbCommand (2ms) [Parameters=[], CommandType='Text', CommandTimeout='30']
2026-08-07T23:47:26.1944871Z       SELECT 1
2026-08-07T23:47:26.1960483Z info: Microsoft.EntityFrameworkCore.Database.Command[20101]
2026-08-07T23:47:26.1960971Z       Executed DbCommand (2ms) [Parameters=[], CommandType='Text', CommandTimeout='30']
2026-08-07T23:47:26.1961061Z       SELECT OBJECT_ID(N'[__EFMigrationsHistory]');
2026-08-07T23:47:26.1991568Z info: Microsoft.EntityFrameworkCore.Database.Command[20101]
2026-08-07T23:47:26.1991904Z       Executed DbCommand (1ms) [Parameters=[], CommandType='Text', CommandTimeout='30']
2026-08-07T23:47:26.1992089Z       SELECT [MigrationId], [ProductVersion]
2026-08-07T23:47:26.1992133Z       FROM [__EFMigrationsHistory]
2026-08-07T23:47:26.1992169Z       ORDER BY [MigrationId];
2026-08-07T23:47:26.2009761Z info: Microsoft.EntityFrameworkCore.Database.Command[20101]
2026-08-07T23:47:26.2010065Z       Executed DbCommand (1ms) [Parameters=[], CommandType='Text', CommandTimeout='30']
2026-08-07T23:47:26.2010133Z       SELECT TOP(1) [b].[BankAccountNumber]
2026-08-07T23:47:26.2010176Z       FROM [Beneficiaries] AS [b]
2026-08-07T23:47:26.2013703Z       ORDER BY [b].[Id]
2026-08-07T23:47:33.8257380Z info: Microsoft.EntityFrameworkCore.Database.Command[20101]
2026-08-07T23:47:33.8258708Z       Executed DbCommand (2ms) [Parameters=[], CommandType='Text', CommandTimeout='30']
2026-08-07T23:47:33.8258835Z       SELECT 1
2026-08-07T23:47:33.8272843Z info: Microsoft.EntityFrameworkCore.Database.Command[20101]
2026-08-07T23:47:33.8273406Z       Executed DbCommand (2ms) [Parameters=[], CommandType='Text', CommandTimeout='30']
2026-08-07T23:47:33.8273543Z       SELECT OBJECT_ID(N'[__EFMigrationsHistory]');
2026-08-07T23:47:33.8309164Z info: Microsoft.EntityFrameworkCore.Database.Command[20101]
2026-08-07T23:47:33.8309573Z       Executed DbCommand (2ms) [Parameters=[], CommandType='Text', CommandTimeout='30']
2026-08-07T23:47:33.8309651Z       SELECT [MigrationId], [ProductVersion]
2026-08-07T23:47:33.8309745Z       FROM [__EFMigrationsHistory]
2026-08-07T23:47:33.8311229Z       ORDER BY [MigrationId];
2026-08-07T23:47:33.8324506Z info: Microsoft.EntityFrameworkCore.Database.Command[20101]
2026-08-07T23:47:33.8324798Z       Executed DbCommand (2ms) [Parameters=[], CommandType='Text', CommandTimeout='30']
2026-08-07T23:47:33.8324858Z       SELECT TOP(1) [b].[BankAccountNumber]
2026-08-07T23:47:33.8324935Z       FROM [Beneficiaries] AS [b]
2026-08-07T23:47:33.8324972Z       ORDER BY [b].[Id]
2026-08-07T23:47:34.0730330Z info: Microsoft.EntityFrameworkCore.Database.Command[20101]
2026-08-07T23:47:34.0731274Z       Executed DbCommand (2ms) [Parameters=[], CommandType='Text', CommandTimeout='30']
2026-08-07T23:47:34.0731487Z       SELECT 1
2026-08-07T23:47:34.0758067Z info: Microsoft.EntityFrameworkCore.Database.Command[20101]
2026-08-07T23:47:34.0758725Z       Executed DbCommand (2ms) [Parameters=[], CommandType='Text', CommandTimeout='30']
2026-08-07T23:47:34.0758839Z       SELECT OBJECT_ID(N'[__EFMigrationsHistory]');
2026-08-07T23:47:34.0770774Z info: Microsoft.EntityFrameworkCore.Database.Command[20101]
2026-08-07T23:47:34.0771232Z       Executed DbCommand (1ms) [Parameters=[], CommandType='Text', CommandTimeout='30']
2026-08-07T23:47:34.0771332Z       SELECT [MigrationId], [ProductVersion]
2026-08-07T23:47:34.0771396Z       FROM [__EFMigrationsHistory]
2026-08-07T23:47:34.0771456Z       ORDER BY [MigrationId];
2026-08-07T23:47:34.0795353Z info: Microsoft.EntityFrameworkCore.Database.Command[20101]
2026-08-07T23:47:34.0801932Z       Executed DbCommand (2ms) [Parameters=[], CommandType='Text', CommandTimeout='30']
2026-08-07T23:47:34.0802020Z       SELECT TOP(1) [b].[BankAccountNumber]
2026-08-07T23:47:34.0802059Z       FROM [Beneficiaries] AS [b]
2026-08-07T23:47:34.0802096Z       ORDER BY [b].[Id]
2026-08-07T23:47:35.4894608Z info: Microsoft.EntityFrameworkCore.Database.Command[20101]
2026-08-07T23:47:35.4895505Z       Executed DbCommand (2ms) [Parameters=[], CommandType='Text', CommandTimeout='30']
2026-08-07T23:47:35.4895640Z       SELECT 1
2026-08-07T23:47:35.4912023Z info: Microsoft.EntityFrameworkCore.Database.Command[20101]
2026-08-07T23:47:35.4912584Z       Executed DbCommand (2ms) [Parameters=[], CommandType='Text', CommandTimeout='30']
2026-08-07T23:47:35.4912673Z       SELECT OBJECT_ID(N'[__EFMigrationsHistory]');
2026-08-07T23:47:35.4939160Z info: Microsoft.EntityFrameworkCore.Database.Command[20101]
2026-08-07T23:47:35.4939487Z       Executed DbCommand (1ms) [Parameters=[], CommandType='Text', CommandTimeout='30']
2026-08-07T23:47:35.4939610Z       SELECT [MigrationId], [ProductVersion]
2026-08-07T23:47:35.4939661Z       FROM [__EFMigrationsHistory]
2026-08-07T23:47:35.4940181Z       ORDER BY [MigrationId];
2026-08-07T23:47:35.4958565Z info: Microsoft.EntityFrameworkCore.Database.Command[20101]
2026-08-07T23:47:35.4958902Z       Executed DbCommand (1ms) [Parameters=[], CommandType='Text', CommandTimeout='30']
2026-08-07T23:47:35.4958976Z       SELECT TOP(1) [b].[BankAccountNumber]
2026-08-07T23:47:35.4959021Z       FROM [Beneficiaries] AS [b]
2026-08-07T23:47:35.4959067Z       ORDER BY [b].[Id]
2026-08-07T23:47:35.7917844Z info: Microsoft.EntityFrameworkCore.Database.Command[20101]
2026-08-07T23:47:35.7918806Z       Executed DbCommand (2ms) [Parameters=[], CommandType='Text', CommandTimeout='30']
2026-08-07T23:47:35.7918918Z       SELECT 1
2026-08-07T23:47:35.7946311Z info: Microsoft.EntityFrameworkCore.Database.Command[20101]
2026-08-07T23:47:35.7947889Z       Executed DbCommand (2ms) [Parameters=[], CommandType='Text', CommandTimeout='30']
2026-08-07T23:47:35.7948046Z       SELECT OBJECT_ID(N'[__EFMigrationsHistory]');
2026-08-07T23:47:35.7963407Z info: Microsoft.EntityFrameworkCore.Database.Command[20101]
2026-08-07T23:47:35.7963898Z       Executed DbCommand (1ms) [Parameters=[], CommandType='Text', CommandTimeout='30']
2026-08-07T23:47:35.7964032Z       SELECT [MigrationId], [ProductVersion]
2026-08-07T23:47:35.7964085Z       FROM [__EFMigrationsHistory]
2026-08-07T23:47:35.7964181Z       ORDER BY [MigrationId];
2026-08-07T23:47:35.7976477Z info: Microsoft.EntityFrameworkCore.Database.Command[20101]
2026-08-07T23:47:35.7981690Z       Executed DbCommand (1ms) [Parameters=[], CommandType='Text', CommandTimeout='30']
2026-08-07T23:47:35.7981789Z       SELECT TOP(1) [b].[BankAccountNumber]
2026-08-07T23:47:35.7981838Z       FROM [Beneficiaries] AS [b]
2026-08-07T23:47:35.7981933Z       ORDER BY [b].[Id]
2026-08-07T23:47:37.3202494Z info: Microsoft.EntityFrameworkCore.Database.Command[20101]
2026-08-07T23:47:37.3203288Z       Executed DbCommand (2ms) [Parameters=[], CommandType='Text', CommandTimeout='30']
2026-08-07T23:47:37.3203403Z       SELECT 1
2026-08-07T23:47:37.3230659Z info: Microsoft.EntityFrameworkCore.Database.Command[20101]
2026-08-07T23:47:37.3231141Z       Executed DbCommand (2ms) [Parameters=[], CommandType='Text', CommandTimeout='30']
2026-08-07T23:47:37.3231230Z       SELECT OBJECT_ID(N'[__EFMigrationsHistory]');
2026-08-07T23:47:37.3247344Z info: Microsoft.EntityFrameworkCore.Database.Command[20101]
2026-08-07T23:47:37.3247726Z       Executed DbCommand (2ms) [Parameters=[], CommandType='Text', CommandTimeout='30']
2026-08-07T23:47:37.3247884Z       SELECT [MigrationId], [ProductVersion]
2026-08-07T23:47:37.3247930Z       FROM [__EFMigrationsHistory]
2026-08-07T23:47:37.3254075Z       ORDER BY [MigrationId];
2026-08-07T23:47:37.3271141Z info: Microsoft.EntityFrameworkCore.Database.Command[20101]
2026-08-07T23:47:37.3283061Z       Executed DbCommand (2ms) [Parameters=[], CommandType='Text', CommandTimeout='30']
2026-08-07T23:47:37.3283312Z       SELECT TOP(1) [b].[BankAccountNumber]
2026-08-07T23:47:37.3283351Z       FROM [Beneficiaries] AS [b]
2026-08-07T23:47:37.3283381Z       ORDER BY [b].[Id]
2026-08-07T23:47:39.4774775Z info: Microsoft.EntityFrameworkCore.Database.Command[20101]
2026-08-07T23:47:39.4775565Z       Executed DbCommand (2ms) [Parameters=[], CommandType='Text', CommandTimeout='30']
2026-08-07T23:47:39.4775668Z       SELECT 1
2026-08-07T23:47:39.4800094Z info: Microsoft.EntityFrameworkCore.Database.Command[20101]
2026-08-07T23:47:39.4800683Z       Executed DbCommand (1ms) [Parameters=[], CommandType='Text', CommandTimeout='30']
2026-08-07T23:47:39.4800771Z       SELECT OBJECT_ID(N'[__EFMigrationsHistory]');
2026-08-07T23:47:39.4812972Z info: Microsoft.EntityFrameworkCore.Database.Command[20101]
2026-08-07T23:47:39.4813301Z       Executed DbCommand (1ms) [Parameters=[], CommandType='Text', CommandTimeout='30']
2026-08-07T23:47:39.4813369Z       SELECT [MigrationId], [ProductVersion]
2026-08-07T23:47:39.4813450Z       FROM [__EFMigrationsHistory]
2026-08-07T23:47:39.4813487Z       ORDER BY [MigrationId];
2026-08-07T23:47:39.4831860Z info: Microsoft.EntityFrameworkCore.Database.Command[20101]
2026-08-07T23:47:39.4832197Z       Executed DbCommand (1ms) [Parameters=[], CommandType='Text', CommandTimeout='30']
2026-08-07T23:47:39.4832304Z       SELECT TOP(1) [b].[BankAccountNumber]
2026-08-07T23:47:39.4832349Z       FROM [Beneficiaries] AS [b]
2026-08-07T23:47:39.4832395Z       ORDER BY [b].[Id]
2026-08-07T23:47:41.3587780Z info: Microsoft.EntityFrameworkCore.Database.Command[20101]
2026-08-07T23:47:41.3588624Z       Executed DbCommand (2ms) [Parameters=[], CommandType='Text', CommandTimeout='30']
2026-08-07T23:47:41.3588850Z       SELECT 1
2026-08-07T23:47:41.3603306Z info: Microsoft.EntityFrameworkCore.Database.Command[20101]
2026-08-07T23:47:41.3603826Z       Executed DbCommand (2ms) [Parameters=[], CommandType='Text', CommandTimeout='30']
2026-08-07T23:47:41.3603933Z       SELECT OBJECT_ID(N'[__EFMigrationsHistory]');
2026-08-07T23:47:41.3636961Z info: Microsoft.EntityFrameworkCore.Database.Command[20101]
2026-08-07T23:47:41.3637553Z       Executed DbCommand (1ms) [Parameters=[], CommandType='Text', CommandTimeout='30']
2026-08-07T23:47:41.3637639Z       SELECT [MigrationId], [ProductVersion]
2026-08-07T23:47:41.3637689Z       FROM [__EFMigrationsHistory]
2026-08-07T23:47:41.3637730Z       ORDER BY [MigrationId];
2026-08-07T23:47:41.3649791Z info: Microsoft.EntityFrameworkCore.Database.Command[20101]
2026-08-07T23:47:41.3650149Z       Executed DbCommand (1ms) [Parameters=[], CommandType='Text', CommandTimeout='30']
2026-08-07T23:47:41.3650220Z       SELECT TOP(1) [b].[BankAccountNumber]
2026-08-07T23:47:41.3650269Z       FROM [Beneficiaries] AS [b]
2026-08-07T23:47:41.3650313Z       ORDER BY [b].[Id]
2026-08-07T23:47:43.2223356Z info: Microsoft.EntityFrameworkCore.Database.Command[20101]
2026-08-07T23:47:43.2224627Z       Executed DbCommand (2ms) [Parameters=[], CommandType='Text', CommandTimeout='30']
2026-08-07T23:47:43.2224772Z       SELECT 1
2026-08-07T23:47:43.2255990Z info: Microsoft.EntityFrameworkCore.Database.Command[20101]
2026-08-07T23:47:43.2256517Z       Executed DbCommand (2ms) [Parameters=[], CommandType='Text', CommandTimeout='30']
2026-08-07T23:47:43.2256591Z       SELECT OBJECT_ID(N'[__EFMigrationsHistory]');
2026-08-07T23:47:43.2285782Z info: Microsoft.EntityFrameworkCore.Database.Command[20101]
2026-08-07T23:47:43.2286158Z       Executed DbCommand (1ms) [Parameters=[], CommandType='Text', CommandTimeout='30']
2026-08-07T23:47:43.2286278Z       SELECT [MigrationId], [ProductVersion]
2026-08-07T23:47:43.2286328Z       FROM [__EFMigrationsHistory]
2026-08-07T23:47:43.2294756Z       ORDER BY [MigrationId];
2026-08-07T23:47:43.2307617Z info: Microsoft.EntityFrameworkCore.Database.Command[20101]
2026-08-07T23:47:43.2307960Z       Executed DbCommand (1ms) [Parameters=[], CommandType='Text', CommandTimeout='30']
2026-08-07T23:47:43.2308031Z       SELECT TOP(1) [b].[BankAccountNumber]
2026-08-07T23:47:43.2308070Z       FROM [Beneficiaries] AS [b]
2026-08-07T23:47:43.2308108Z       ORDER BY [b].[Id]
2026-08-07T23:47:43.3621048Z info: Microsoft.EntityFrameworkCore.Database.Command[20101]
2026-08-07T23:47:43.3621995Z       Executed DbCommand (2ms) [Parameters=[], CommandType='Text', CommandTimeout='30']
2026-08-07T23:47:43.3622089Z       SELECT 1
2026-08-07T23:47:43.3638011Z info: Microsoft.EntityFrameworkCore.Database.Command[20101]
2026-08-07T23:47:43.3638556Z       Executed DbCommand (2ms) [Parameters=[], CommandType='Text', CommandTimeout='30']
2026-08-07T23:47:43.3638700Z       SELECT OBJECT_ID(N'[__EFMigrationsHistory]');
2026-08-07T23:47:43.3666935Z info: Microsoft.EntityFrameworkCore.Database.Command[20101]
2026-08-07T23:47:43.3667328Z       Executed DbCommand (1ms) [Parameters=[], CommandType='Text', CommandTimeout='30']
2026-08-07T23:47:43.3667567Z       SELECT [MigrationId], [ProductVersion]
2026-08-07T23:47:43.3667614Z       FROM [__EFMigrationsHistory]
2026-08-07T23:47:43.3667699Z       ORDER BY [MigrationId];
2026-08-07T23:47:43.3682548Z info: Microsoft.EntityFrameworkCore.Database.Command[20101]
2026-08-07T23:47:43.3682886Z       Executed DbCommand (1ms) [Parameters=[], CommandType='Text', CommandTimeout='30']
2026-08-07T23:47:43.3682963Z       SELECT TOP(1) [b].[BankAccountNumber]
2026-08-07T23:47:43.3683008Z       FROM [Beneficiaries] AS [b]
2026-08-07T23:47:43.3683881Z       ORDER BY [b].[Id]
2026-08-07T23:47:46.6541362Z info: Microsoft.EntityFrameworkCore.Database.Command[20101]
2026-08-07T23:47:46.6542166Z       Executed DbCommand (2ms) [Parameters=[], CommandType='Text', CommandTimeout='30']
2026-08-07T23:47:46.6542274Z       SELECT 1
2026-08-07T23:47:46.6559651Z info: Microsoft.EntityFrameworkCore.Database.Command[20101]
2026-08-07T23:47:46.6560143Z       Executed DbCommand (2ms) [Parameters=[], CommandType='Text', CommandTimeout='30']
2026-08-07T23:47:46.6560226Z       SELECT OBJECT_ID(N'[__EFMigrationsHistory]');
2026-08-07T23:47:46.6588070Z info: Microsoft.EntityFrameworkCore.Database.Command[20101]
2026-08-07T23:47:46.6588524Z       Executed DbCommand (1ms) [Parameters=[], CommandType='Text', CommandTimeout='30']
2026-08-07T23:47:46.6588606Z       SELECT [MigrationId], [ProductVersion]
2026-08-07T23:47:46.6588649Z       FROM [__EFMigrationsHistory]
2026-08-07T23:47:46.6588689Z       ORDER BY [MigrationId];
2026-08-07T23:47:46.6610238Z info: Microsoft.EntityFrameworkCore.Database.Command[20101]
2026-08-07T23:47:46.6610612Z       Executed DbCommand (2ms) [Parameters=[], CommandType='Text', CommandTimeout='30']
2026-08-07T23:47:46.6610687Z       SELECT TOP(1) [b].[BankAccountNumber]
2026-08-07T23:47:46.6610730Z       FROM [Beneficiaries] AS [b]
2026-08-07T23:47:46.6610766Z       ORDER BY [b].[Id]
2026-08-07T23:47:52.1723234Z info: Microsoft.EntityFrameworkCore.Database.Command[20101]
2026-08-07T23:47:52.1724201Z       Executed DbCommand (2ms) [Parameters=[], CommandType='Text', CommandTimeout='30']
2026-08-07T23:47:52.1724332Z       SELECT 1
2026-08-07T23:47:52.1753313Z info: Microsoft.EntityFrameworkCore.Database.Command[20101]
2026-08-07T23:47:52.1753799Z       Executed DbCommand (2ms) [Parameters=[], CommandType='Text', CommandTimeout='30']
2026-08-07T23:47:52.1753948Z       SELECT OBJECT_ID(N'[__EFMigrationsHistory]');
2026-08-07T23:47:52.1768612Z info: Microsoft.EntityFrameworkCore.Database.Command[20101]
2026-08-07T23:47:52.1769054Z       Executed DbCommand (2ms) [Parameters=[], CommandType='Text', CommandTimeout='30']
2026-08-07T23:47:52.1769262Z       SELECT [MigrationId], [ProductVersion]
2026-08-07T23:47:52.1769365Z       FROM [__EFMigrationsHistory]
2026-08-07T23:47:52.1769618Z       ORDER BY [MigrationId];
2026-08-07T23:47:52.1791710Z info: Microsoft.EntityFrameworkCore.Database.Command[20101]
2026-08-07T23:47:52.1792098Z       Executed DbCommand (1ms) [Parameters=[], CommandType='Text', CommandTimeout='30']
2026-08-07T23:47:52.1792305Z       SELECT TOP(1) [b].[BankAccountNumber]
2026-08-07T23:47:52.1792353Z       FROM [Beneficiaries] AS [b]
2026-08-07T23:47:52.1792391Z       ORDER BY [b].[Id]
2026-08-07T23:47:53.3733492Z info: Microsoft.EntityFrameworkCore.Database.Command[20101]
2026-08-07T23:47:53.3735940Z       Executed DbCommand (2ms) [Parameters=[], CommandType='Text', CommandTimeout='30']
2026-08-07T23:47:53.3736127Z       SELECT 1
2026-08-07T23:47:53.3749037Z info: Microsoft.EntityFrameworkCore.Database.Command[20101]
2026-08-07T23:47:53.3749582Z       Executed DbCommand (2ms) [Parameters=[], CommandType='Text', CommandTimeout='30']
2026-08-07T23:47:53.3749692Z       SELECT OBJECT_ID(N'[__EFMigrationsHistory]');
2026-08-07T23:47:53.3777282Z info: Microsoft.EntityFrameworkCore.Database.Command[20101]
2026-08-07T23:47:53.3777642Z       Executed DbCommand (1ms) [Parameters=[], CommandType='Text', CommandTimeout='30']
2026-08-07T23:47:53.3777724Z       SELECT [MigrationId], [ProductVersion]
2026-08-07T23:47:53.3777766Z       FROM [__EFMigrationsHistory]
2026-08-07T23:47:53.3779852Z       ORDER BY [MigrationId];
2026-08-07T23:47:53.3800608Z info: Microsoft.EntityFrameworkCore.Database.Command[20101]
2026-08-07T23:47:53.3800907Z       Executed DbCommand (1ms) [Parameters=[], CommandType='Text', CommandTimeout='30']
2026-08-07T23:47:53.3800979Z       SELECT TOP(1) [b].[BankAccountNumber]
2026-08-07T23:47:53.3801024Z       FROM [Beneficiaries] AS [b]
2026-08-07T23:47:53.3801114Z       ORDER BY [b].[Id]
2026-08-07T23:47:53.3858050Z info: Microsoft.EntityFrameworkCore.Database.Command[20101]
2026-08-07T23:47:53.3858407Z       Executed DbCommand (1ms) [Parameters=[], CommandType='Text', CommandTimeout='30']
2026-08-07T23:47:53.3858484Z       SELECT 1
2026-08-07T23:47:53.3879886Z info: Microsoft.EntityFrameworkCore.Database.Command[20101]
2026-08-07T23:47:53.3880221Z       Executed DbCommand (2ms) [Parameters=[], CommandType='Text', CommandTimeout='30']
2026-08-07T23:47:53.3880291Z       SELECT OBJECT_ID(N'[__EFMigrationsHistory]');
2026-08-07T23:47:53.3909550Z info: Microsoft.EntityFrameworkCore.Database.Command[20101]
2026-08-07T23:47:53.3909860Z       Executed DbCommand (1ms) [Parameters=[], CommandType='Text', CommandTimeout='30']
2026-08-07T23:47:53.3909977Z       SELECT [MigrationId], [ProductVersion]
2026-08-07T23:47:53.3910029Z       FROM [__EFMigrationsHistory]
2026-08-07T23:47:53.3910076Z       ORDER BY [MigrationId];
2026-08-07T23:47:53.3983159Z info: Microsoft.EntityFrameworkCore.Database.Command[20101]
2026-08-07T23:47:53.3983639Z       Executed DbCommand (7ms) [Parameters=[], CommandType='Text', CommandTimeout='30']
2026-08-07T23:47:53.3983764Z       SELECT TOP(1) [b].[BankAccountNumber]
2026-08-07T23:47:53.3983813Z       FROM [Beneficiaries] AS [b]
2026-08-07T23:47:53.3983859Z       ORDER BY [b].[Id]
2026-08-07T23:47:58.9854333Z info: Microsoft.EntityFrameworkCore.Database.Command[20101]
2026-08-07T23:47:58.9855191Z       Executed DbCommand (2ms) [Parameters=[], CommandType='Text', CommandTimeout='30']
2026-08-07T23:47:58.9855303Z       SELECT 1
2026-08-07T23:47:58.9880726Z info: Microsoft.EntityFrameworkCore.Database.Command[20101]
2026-08-07T23:47:58.9881294Z       Executed DbCommand (2ms) [Parameters=[], CommandType='Text', CommandTimeout='30']
2026-08-07T23:47:58.9881393Z       SELECT OBJECT_ID(N'[__EFMigrationsHistory]');
2026-08-07T23:47:58.9899260Z info: Microsoft.EntityFrameworkCore.Database.Command[20101]
2026-08-07T23:47:58.9899705Z       Executed DbCommand (2ms) [Parameters=[], CommandType='Text', CommandTimeout='30']
2026-08-07T23:47:58.9899777Z       SELECT [MigrationId], [ProductVersion]
2026-08-07T23:47:58.9899821Z       FROM [__EFMigrationsHistory]
2026-08-07T23:47:58.9899910Z       ORDER BY [MigrationId];
2026-08-07T23:47:58.9914627Z info: Microsoft.EntityFrameworkCore.Database.Command[20101]
2026-08-07T23:47:58.9921535Z       Executed DbCommand (1ms) [Parameters=[], CommandType='Text', CommandTimeout='30']
2026-08-07T23:47:58.9921770Z       SELECT TOP(1) [b].[BankAccountNumber]
2026-08-07T23:47:58.9921822Z       FROM [Beneficiaries] AS [b]
2026-08-07T23:47:58.9921900Z       ORDER BY [b].[Id]
2026-08-07T23:47:59.2488414Z info: Microsoft.EntityFrameworkCore.Database.Command[20101]
2026-08-07T23:47:59.2489256Z       Executed DbCommand (2ms) [Parameters=[], CommandType='Text', CommandTimeout='30']
2026-08-07T23:47:59.2489368Z       SELECT 1
2026-08-07T23:47:59.2507548Z info: Microsoft.EntityFrameworkCore.Database.Command[20101]
2026-08-07T23:47:59.2508171Z       Executed DbCommand (2ms) [Parameters=[], CommandType='Text', CommandTimeout='30']
2026-08-07T23:47:59.2508261Z       SELECT OBJECT_ID(N'[__EFMigrationsHistory]');
2026-08-07T23:47:59.2536787Z info: Microsoft.EntityFrameworkCore.Database.Command[20101]
2026-08-07T23:47:59.2537272Z       Executed DbCommand (2ms) [Parameters=[], CommandType='Text', CommandTimeout='30']
2026-08-07T23:47:59.2537410Z       SELECT [MigrationId], [ProductVersion]
2026-08-07T23:47:59.2537462Z       FROM [__EFMigrationsHistory]
2026-08-07T23:47:59.2537503Z       ORDER BY [MigrationId];
2026-08-07T23:47:59.2555830Z info: Microsoft.EntityFrameworkCore.Database.Command[20101]
2026-08-07T23:47:59.2556213Z       Executed DbCommand (1ms) [Parameters=[], CommandType='Text', CommandTimeout='30']
2026-08-07T23:47:59.2556328Z       SELECT TOP(1) [b].[BankAccountNumber]
2026-08-07T23:47:59.2556373Z       FROM [Beneficiaries] AS [b]
2026-08-07T23:47:59.2556415Z       ORDER BY [b].[Id]
2026-08-07T23:48:07.9079631Z info: Microsoft.EntityFrameworkCore.Database.Command[20101]
2026-08-07T23:48:07.9080479Z       Executed DbCommand (2ms) [Parameters=[], CommandType='Text', CommandTimeout='30']
2026-08-07T23:48:07.9080596Z       SELECT 1
2026-08-07T23:48:07.9103296Z info: Microsoft.EntityFrameworkCore.Database.Command[20101]
2026-08-07T23:48:07.9103792Z       Executed DbCommand (2ms) [Parameters=[], CommandType='Text', CommandTimeout='30']
2026-08-07T23:48:07.9103899Z       SELECT OBJECT_ID(N'[__EFMigrationsHistory]');
2026-08-07T23:48:07.9137011Z info: Microsoft.EntityFrameworkCore.Database.Command[20101]
2026-08-07T23:48:07.9137459Z       Executed DbCommand (2ms) [Parameters=[], CommandType='Text', CommandTimeout='30']
2026-08-07T23:48:07.9137559Z       SELECT [MigrationId], [ProductVersion]
2026-08-07T23:48:07.9137611Z       FROM [__EFMigrationsHistory]
2026-08-07T23:48:07.9137711Z       ORDER BY [MigrationId];
2026-08-07T23:48:07.9152159Z info: Microsoft.EntityFrameworkCore.Database.Command[20101]
2026-08-07T23:48:07.9152540Z       Executed DbCommand (2ms) [Parameters=[], CommandType='Text', CommandTimeout='30']
2026-08-07T23:48:07.9152632Z       SELECT TOP(1) [b].[BankAccountNumber]
2026-08-07T23:48:07.9152905Z       FROM [Beneficiaries] AS [b]
2026-08-07T23:48:07.9153082Z       ORDER BY [b].[Id]
2026-08-07T23:48:08.0382072Z info: Microsoft.EntityFrameworkCore.Database.Command[20101]
2026-08-07T23:48:08.0382949Z       Executed DbCommand (2ms) [Parameters=[], CommandType='Text', CommandTimeout='30']
2026-08-07T23:48:08.0383074Z       SELECT 1
2026-08-07T23:48:08.0398828Z info: Microsoft.EntityFrameworkCore.Database.Command[20101]
2026-08-07T23:48:08.0399400Z       Executed DbCommand (2ms) [Parameters=[], CommandType='Text', CommandTimeout='30']
2026-08-07T23:48:08.0399499Z       SELECT OBJECT_ID(N'[__EFMigrationsHistory]');
2026-08-07T23:48:08.0436199Z info: Microsoft.EntityFrameworkCore.Database.Command[20101]
2026-08-07T23:48:08.0436614Z       Executed DbCommand (2ms) [Parameters=[], CommandType='Text', CommandTimeout='30']
2026-08-07T23:48:08.0436756Z       SELECT [MigrationId], [ProductVersion]
2026-08-07T23:48:08.0436818Z       FROM [__EFMigrationsHistory]
2026-08-07T23:48:08.0436874Z       ORDER BY [MigrationId];
2026-08-07T23:48:08.0450706Z info: Microsoft.EntityFrameworkCore.Database.Command[20101]
2026-08-07T23:48:08.0451065Z       Executed DbCommand (1ms) [Parameters=[], CommandType='Text', CommandTimeout='30']
2026-08-07T23:48:08.0451177Z       SELECT TOP(1) [b].[BankAccountNumber]
2026-08-07T23:48:08.0451395Z       FROM [Beneficiaries] AS [b]
2026-08-07T23:48:08.0451457Z       ORDER BY [b].[Id]
2026-08-07T23:48:17.1556094Z info: Microsoft.EntityFrameworkCore.Database.Command[20101]
2026-08-07T23:48:17.1556956Z       Executed DbCommand (2ms) [Parameters=[], CommandType='Text', CommandTimeout='30']
2026-08-07T23:48:17.1557066Z       SELECT 1
2026-08-07T23:48:17.1572465Z info: Microsoft.EntityFrameworkCore.Database.Command[20101]
2026-08-07T23:48:17.1572923Z       Executed DbCommand (2ms) [Parameters=[], CommandType='Text', CommandTimeout='30']
2026-08-07T23:48:17.1573000Z       SELECT OBJECT_ID(N'[__EFMigrationsHistory]');
2026-08-07T23:48:17.1605494Z info: Microsoft.EntityFrameworkCore.Database.Command[20101]
2026-08-07T23:48:17.1605854Z       Executed DbCommand (2ms) [Parameters=[], CommandType='Text', CommandTimeout='30']
2026-08-07T23:48:17.1605929Z       SELECT [MigrationId], [ProductVersion]
2026-08-07T23:48:17.1605970Z       FROM [__EFMigrationsHistory]
2026-08-07T23:48:17.1606049Z       ORDER BY [MigrationId];
2026-08-07T23:48:17.1623147Z info: Microsoft.EntityFrameworkCore.Database.Command[20101]
2026-08-07T23:48:17.1623442Z       Executed DbCommand (2ms) [Parameters=[], CommandType='Text', CommandTimeout='30']
2026-08-07T23:48:17.1623511Z       SELECT TOP(1) [b].[BankAccountNumber]
2026-08-07T23:48:17.1623555Z       FROM [Beneficiaries] AS [b]
2026-08-07T23:48:17.1623643Z       ORDER BY [b].[Id]
2026-08-07T23:48:20.2041224Z info: Microsoft.EntityFrameworkCore.Database.Command[20101]
2026-08-07T23:48:20.2042115Z       Executed DbCommand (2ms) [Parameters=[], CommandType='Text', CommandTimeout='30']
2026-08-07T23:48:20.2042215Z       SELECT 1
2026-08-07T23:48:20.2066353Z info: Microsoft.EntityFrameworkCore.Database.Command[20101]
2026-08-07T23:48:20.2066958Z       Executed DbCommand (2ms) [Parameters=[], CommandType='Text', CommandTimeout='30']
2026-08-07T23:48:20.2067046Z       SELECT OBJECT_ID(N'[__EFMigrationsHistory]');
2026-08-07T23:48:20.2088057Z info: Microsoft.EntityFrameworkCore.Database.Command[20101]
2026-08-07T23:48:20.2088445Z       Executed DbCommand (1ms) [Parameters=[], CommandType='Text', CommandTimeout='30']
2026-08-07T23:48:20.2088569Z       SELECT [MigrationId], [ProductVersion]
2026-08-07T23:48:20.2088610Z       FROM [__EFMigrationsHistory]
2026-08-07T23:48:20.2088651Z       ORDER BY [MigrationId];
2026-08-07T23:48:20.2107182Z info: Microsoft.EntityFrameworkCore.Database.Command[20101]
2026-08-07T23:48:20.2107514Z       Executed DbCommand (2ms) [Parameters=[], CommandType='Text', CommandTimeout='30']
2026-08-07T23:48:20.2107634Z       SELECT TOP(1) [b].[BankAccountNumber]
2026-08-07T23:48:20.2107675Z       FROM [Beneficiaries] AS [b]
2026-08-07T23:48:20.2107714Z       ORDER BY [b].[Id]
2026-08-07T23:48:23.4341036Z info: Microsoft.EntityFrameworkCore.Database.Command[20101]
2026-08-07T23:48:23.4342068Z       Executed DbCommand (2ms) [Parameters=[], CommandType='Text', CommandTimeout='30']
2026-08-07T23:48:23.4342209Z       SELECT 1
2026-08-07T23:48:23.4357978Z info: Microsoft.EntityFrameworkCore.Database.Command[20101]
2026-08-07T23:48:23.4358488Z       Executed DbCommand (2ms) [Parameters=[], CommandType='Text', CommandTimeout='30']
2026-08-07T23:48:23.4358582Z       SELECT OBJECT_ID(N'[__EFMigrationsHistory]');
2026-08-07T23:48:23.4389670Z info: Microsoft.EntityFrameworkCore.Database.Command[20101]
2026-08-07T23:48:23.4390002Z       Executed DbCommand (2ms) [Parameters=[], CommandType='Text', CommandTimeout='30']
2026-08-07T23:48:23.4390066Z       SELECT [MigrationId], [ProductVersion]
2026-08-07T23:48:23.4390113Z       FROM [__EFMigrationsHistory]
2026-08-07T23:48:23.4390191Z       ORDER BY [MigrationId];
2026-08-07T23:48:23.4406390Z info: Microsoft.EntityFrameworkCore.Database.Command[20101]
2026-08-07T23:48:23.4408954Z       Executed DbCommand (1ms) [Parameters=[], CommandType='Text', CommandTimeout='30']
2026-08-07T23:48:23.4409097Z       SELECT TOP(1) [b].[BankAccountNumber]
2026-08-07T23:48:23.4409139Z       FROM [Beneficiaries] AS [b]
2026-08-07T23:48:23.4409212Z       ORDER BY [b].[Id]
2026-08-07T23:48:24.3459984Z info: Microsoft.EntityFrameworkCore.Database.Command[20101]
2026-08-07T23:48:24.3460721Z       Executed DbCommand (2ms) [Parameters=[], CommandType='Text', CommandTimeout='30']
2026-08-07T23:48:24.3460845Z       SELECT 1
2026-08-07T23:48:24.3488079Z info: Microsoft.EntityFrameworkCore.Database.Command[20101]
2026-08-07T23:48:24.3488844Z       Executed DbCommand (2ms) [Parameters=[], CommandType='Text', CommandTimeout='30']
2026-08-07T23:48:24.3488947Z       SELECT OBJECT_ID(N'[__EFMigrationsHistory]');
2026-08-07T23:48:24.3502023Z info: Microsoft.EntityFrameworkCore.Database.Command[20101]
2026-08-07T23:48:24.3502426Z       Executed DbCommand (1ms) [Parameters=[], CommandType='Text', CommandTimeout='30']
2026-08-07T23:48:24.3507076Z       SELECT [MigrationId], [ProductVersion]
2026-08-07T23:48:24.3507252Z       FROM [__EFMigrationsHistory]
2026-08-07T23:48:24.3507299Z       ORDER BY [MigrationId];
2026-08-07T23:48:24.3521558Z info: Microsoft.EntityFrameworkCore.Database.Command[20101]
2026-08-07T23:48:24.3521861Z       Executed DbCommand (2ms) [Parameters=[], CommandType='Text', CommandTimeout='30']
2026-08-07T23:48:24.3521965Z       SELECT TOP(1) [b].[BankAccountNumber]
2026-08-07T23:48:24.3522004Z       FROM [Beneficiaries] AS [b]
2026-08-07T23:48:24.3522041Z       ORDER BY [b].[Id]
2026-08-07T23:48:30.5212388Z info: Microsoft.EntityFrameworkCore.Database.Command[20101]
2026-08-07T23:48:30.5213243Z       Executed DbCommand (2ms) [Parameters=[], CommandType='Text', CommandTimeout='30']
2026-08-07T23:48:30.5213355Z       SELECT 1
2026-08-07T23:48:30.5235513Z info: Microsoft.EntityFrameworkCore.Database.Command[20101]
2026-08-07T23:48:30.5236056Z       Executed DbCommand (2ms) [Parameters=[], CommandType='Text', CommandTimeout='30']
2026-08-07T23:48:30.5236165Z       SELECT OBJECT_ID(N'[__EFMigrationsHistory]');
2026-08-07T23:48:30.5274679Z info: Microsoft.EntityFrameworkCore.Database.Command[20101]
2026-08-07T23:48:30.5276478Z       Executed DbCommand (2ms) [Parameters=[], CommandType='Text', CommandTimeout='30']
2026-08-07T23:48:30.5276611Z       SELECT [MigrationId], [ProductVersion]
2026-08-07T23:48:30.5276673Z       FROM [__EFMigrationsHistory]
2026-08-07T23:48:30.5276770Z       ORDER BY [MigrationId];
2026-08-07T23:48:30.5287379Z info: Microsoft.EntityFrameworkCore.Database.Command[20101]
2026-08-07T23:48:30.5287707Z       Executed DbCommand (1ms) [Parameters=[], CommandType='Text', CommandTimeout='30']
2026-08-07T23:48:30.5287777Z       SELECT TOP(1) [b].[BankAccountNumber]
2026-08-07T23:48:30.5287866Z       FROM [Beneficiaries] AS [b]
2026-08-07T23:48:30.5290850Z       ORDER BY [b].[Id]
2026-08-07T23:48:31.7675787Z info: Microsoft.EntityFrameworkCore.Database.Command[20101]
2026-08-07T23:48:31.7676595Z       Executed DbCommand (2ms) [Parameters=[], CommandType='Text', CommandTimeout='30']
2026-08-07T23:48:31.7676696Z       SELECT 1
2026-08-07T23:48:31.7698484Z info: Microsoft.EntityFrameworkCore.Database.Command[20101]
2026-08-07T23:48:31.7698936Z       Executed DbCommand (2ms) [Parameters=[], CommandType='Text', CommandTimeout='30']
2026-08-07T23:48:31.7699025Z       SELECT OBJECT_ID(N'[__EFMigrationsHistory]');
2026-08-07T23:48:31.7724141Z info: Microsoft.EntityFrameworkCore.Database.Command[20101]
2026-08-07T23:48:31.7724567Z       Executed DbCommand (2ms) [Parameters=[], CommandType='Text', CommandTimeout='30']
2026-08-07T23:48:31.7724697Z       SELECT [MigrationId], [ProductVersion]
2026-08-07T23:48:31.7724741Z       FROM [__EFMigrationsHistory]
2026-08-07T23:48:31.7724780Z       ORDER BY [MigrationId];
2026-08-07T23:48:31.7749187Z info: Microsoft.EntityFrameworkCore.Database.Command[20101]
2026-08-07T23:48:31.7749505Z       Executed DbCommand (2ms) [Parameters=[], CommandType='Text', CommandTimeout='30']
2026-08-07T23:48:31.7749623Z       SELECT TOP(1) [b].[BankAccountNumber]
2026-08-07T23:48:31.7749662Z       FROM [Beneficiaries] AS [b]
2026-08-07T23:48:31.7749698Z       ORDER BY [b].[Id]
2026-08-07T23:48:49.8363977Z info: Microsoft.EntityFrameworkCore.Database.Command[20101]
2026-08-07T23:48:49.8364891Z       Executed DbCommand (2ms) [Parameters=[], CommandType='Text', CommandTimeout='30']
2026-08-07T23:48:49.8364994Z       SELECT 1
2026-08-07T23:48:49.8379830Z info: Microsoft.EntityFrameworkCore.Database.Command[20101]
2026-08-07T23:48:49.8380329Z       Executed DbCommand (2ms) [Parameters=[], CommandType='Text', CommandTimeout='30']
2026-08-07T23:48:49.8380406Z       SELECT OBJECT_ID(N'[__EFMigrationsHistory]');
2026-08-07T23:48:49.8412534Z info: Microsoft.EntityFrameworkCore.Database.Command[20101]
2026-08-07T23:48:49.8412959Z       Executed DbCommand (2ms) [Parameters=[], CommandType='Text', CommandTimeout='30']
2026-08-07T23:48:49.8413038Z       SELECT [MigrationId], [ProductVersion]
2026-08-07T23:48:49.8413086Z       FROM [__EFMigrationsHistory]
2026-08-07T23:48:49.8413182Z       ORDER BY [MigrationId];
2026-08-07T23:48:49.8425058Z info: Microsoft.EntityFrameworkCore.Database.Command[20101]
2026-08-07T23:48:49.8425407Z       Executed DbCommand (1ms) [Parameters=[], CommandType='Text', CommandTimeout='30']
2026-08-07T23:48:49.8425477Z       SELECT TOP(1) [b].[BankAccountNumber]
2026-08-07T23:48:49.8425525Z       FROM [Beneficiaries] AS [b]
2026-08-07T23:48:49.8425712Z       ORDER BY [b].[Id]
2026-08-07T23:48:51.1217163Z info: Microsoft.EntityFrameworkCore.Database.Command[20101]
2026-08-07T23:48:51.1218025Z       Executed DbCommand (2ms) [Parameters=[], CommandType='Text', CommandTimeout='30']
2026-08-07T23:48:51.1218142Z       SELECT 1
2026-08-07T23:48:51.1232297Z info: Microsoft.EntityFrameworkCore.Database.Command[20101]
2026-08-07T23:48:51.1232848Z       Executed DbCommand (2ms) [Parameters=[], CommandType='Text', CommandTimeout='30']
2026-08-07T23:48:51.1232942Z       SELECT OBJECT_ID(N'[__EFMigrationsHistory]');
2026-08-07T23:48:51.1261861Z info: Microsoft.EntityFrameworkCore.Database.Command[20101]
2026-08-07T23:48:51.1262300Z       Executed DbCommand (2ms) [Parameters=[], CommandType='Text', CommandTimeout='30']
2026-08-07T23:48:51.1262435Z       SELECT [MigrationId], [ProductVersion]
2026-08-07T23:48:51.1262481Z       FROM [__EFMigrationsHistory]
2026-08-07T23:48:51.1262524Z       ORDER BY [MigrationId];
2026-08-07T23:48:51.1280148Z info: Microsoft.EntityFrameworkCore.Database.Command[20101]
2026-08-07T23:48:51.1280515Z       Executed DbCommand (1ms) [Parameters=[], CommandType='Text', CommandTimeout='30']
2026-08-07T23:48:51.1280734Z       SELECT TOP(1) [b].[BankAccountNumber]
2026-08-07T23:48:51.1280790Z       FROM [Beneficiaries] AS [b]
2026-08-07T23:48:51.1280832Z       ORDER BY [b].[Id]
2026-08-07T23:48:52.1691558Z info: Microsoft.EntityFrameworkCore.Database.Command[20101]
2026-08-07T23:48:52.1692591Z       Executed DbCommand (2ms) [Parameters=[], CommandType='Text', CommandTimeout='30']
2026-08-07T23:48:52.1692723Z       SELECT 1
2026-08-07T23:48:52.1722106Z info: Microsoft.EntityFrameworkCore.Database.Command[20101]
2026-08-07T23:48:52.1722626Z       Executed DbCommand (2ms) [Parameters=[], CommandType='Text', CommandTimeout='30']
2026-08-07T23:48:52.1722712Z       SELECT OBJECT_ID(N'[__EFMigrationsHistory]');
2026-08-07T23:48:52.1737671Z info: Microsoft.EntityFrameworkCore.Database.Command[20101]
2026-08-07T23:48:52.1742450Z       Executed DbCommand (2ms) [Parameters=[], CommandType='Text', CommandTimeout='30']
2026-08-07T23:48:52.1742665Z       SELECT [MigrationId], [ProductVersion]
2026-08-07T23:48:52.1742712Z       FROM [__EFMigrationsHistory]
2026-08-07T23:48:52.1742950Z       ORDER BY [MigrationId];
2026-08-07T23:48:52.1757269Z info: Microsoft.EntityFrameworkCore.Database.Command[20101]
2026-08-07T23:48:52.1757576Z       Executed DbCommand (1ms) [Parameters=[], CommandType='Text', CommandTimeout='30']
2026-08-07T23:48:52.1757649Z       SELECT TOP(1) [b].[BankAccountNumber]
2026-08-07T23:48:52.1757704Z       FROM [Beneficiaries] AS [b]
2026-08-07T23:48:52.1757789Z       ORDER BY [b].[Id]
2026-08-07T23:48:53.0476017Z info: Microsoft.EntityFrameworkCore.Database.Command[20101]
2026-08-07T23:48:53.0476779Z       Executed DbCommand (2ms) [Parameters=[], CommandType='Text', CommandTimeout='30']
2026-08-07T23:48:53.0476888Z       SELECT 1
2026-08-07T23:48:53.0493077Z info: Microsoft.EntityFrameworkCore.Database.Command[20101]
2026-08-07T23:48:53.0493660Z       Executed DbCommand (2ms) [Parameters=[], CommandType='Text', CommandTimeout='30']
2026-08-07T23:48:53.0493738Z       SELECT OBJECT_ID(N'[__EFMigrationsHistory]');
2026-08-07T23:48:53.0519112Z info: Microsoft.EntityFrameworkCore.Database.Command[20101]
2026-08-07T23:48:53.0519521Z       Executed DbCommand (1ms) [Parameters=[], CommandType='Text', CommandTimeout='30']
2026-08-07T23:48:53.0519646Z       SELECT [MigrationId], [ProductVersion]
2026-08-07T23:48:53.0519691Z       FROM [__EFMigrationsHistory]
2026-08-07T23:48:53.0519884Z       ORDER BY [MigrationId];
2026-08-07T23:48:53.0537125Z info: Microsoft.EntityFrameworkCore.Database.Command[20101]
2026-08-07T23:48:53.0537522Z       Executed DbCommand (1ms) [Parameters=[], CommandType='Text', CommandTimeout='30']
2026-08-07T23:48:53.0537588Z       SELECT TOP(1) [b].[BankAccountNumber]
2026-08-07T23:48:53.0537628Z       FROM [Beneficiaries] AS [b]
2026-08-07T23:48:53.0537667Z       ORDER BY [b].[Id]
2026-08-07T23:48:56.0730533Z info: Microsoft.EntityFrameworkCore.Database.Command[20101]
2026-08-07T23:48:56.0731256Z       Executed DbCommand (2ms) [Parameters=[], CommandType='Text', CommandTimeout='30']
2026-08-07T23:48:56.0731355Z       SELECT 1
2026-08-07T23:48:56.0747093Z info: Microsoft.EntityFrameworkCore.Database.Command[20101]
2026-08-07T23:48:56.0747566Z       Executed DbCommand (2ms) [Parameters=[], CommandType='Text', CommandTimeout='30']
2026-08-07T23:48:56.0747707Z       SELECT OBJECT_ID(N'[__EFMigrationsHistory]');
2026-08-07T23:48:56.0774346Z info: Microsoft.EntityFrameworkCore.Database.Command[20101]
2026-08-07T23:48:56.0774723Z       Executed DbCommand (2ms) [Parameters=[], CommandType='Text', CommandTimeout='30']
2026-08-07T23:48:56.0774800Z       SELECT [MigrationId], [ProductVersion]
2026-08-07T23:48:56.0774875Z       FROM [__EFMigrationsHistory]
2026-08-07T23:48:56.0775074Z       ORDER BY [MigrationId];
2026-08-07T23:48:56.0795497Z info: Microsoft.EntityFrameworkCore.Database.Command[20101]
2026-08-07T23:48:56.0795862Z       Executed DbCommand (1ms) [Parameters=[], CommandType='Text', CommandTimeout='30']
2026-08-07T23:48:56.0795947Z       SELECT TOP(1) [b].[BankAccountNumber]
2026-08-07T23:48:56.0796025Z       FROM [Beneficiaries] AS [b]
2026-08-07T23:48:56.0796062Z       ORDER BY [b].[Id]
2026-08-07T23:48:58.1573321Z info: Microsoft.EntityFrameworkCore.Database.Command[20101]
2026-08-07T23:48:58.1574256Z       Executed DbCommand (2ms) [Parameters=[], CommandType='Text', CommandTimeout='30']
2026-08-07T23:48:58.1574379Z       SELECT 1
2026-08-07T23:48:58.1588947Z info: Microsoft.EntityFrameworkCore.Database.Command[20101]
2026-08-07T23:48:58.1589374Z       Executed DbCommand (2ms) [Parameters=[], CommandType='Text', CommandTimeout='30']
2026-08-07T23:48:58.1589456Z       SELECT OBJECT_ID(N'[__EFMigrationsHistory]');
2026-08-07T23:48:58.1617370Z info: Microsoft.EntityFrameworkCore.Database.Command[20101]
2026-08-07T23:48:58.1617912Z       Executed DbCommand (2ms) [Parameters=[], CommandType='Text', CommandTimeout='30']
2026-08-07T23:48:58.1617994Z       SELECT [MigrationId], [ProductVersion]
2026-08-07T23:48:58.1618038Z       FROM [__EFMigrationsHistory]
2026-08-07T23:48:58.1618201Z       ORDER BY [MigrationId];
2026-08-07T23:48:58.1638163Z info: Microsoft.EntityFrameworkCore.Database.Command[20101]
2026-08-07T23:48:58.1638498Z       Executed DbCommand (1ms) [Parameters=[], CommandType='Text', CommandTimeout='30']
2026-08-07T23:48:58.1638566Z       SELECT TOP(1) [b].[BankAccountNumber]
2026-08-07T23:48:58.1638608Z       FROM [Beneficiaries] AS [b]
2026-08-07T23:48:58.1638649Z       ORDER BY [b].[Id]
2026-08-07T23:48:59.1621192Z info: Microsoft.EntityFrameworkCore.Database.Command[20101]
2026-08-07T23:48:59.1622035Z       Executed DbCommand (2ms) [Parameters=[], CommandType='Text', CommandTimeout='30']
2026-08-07T23:48:59.1622159Z       SELECT 1
2026-08-07T23:48:59.1648196Z info: Microsoft.EntityFrameworkCore.Database.Command[20101]
2026-08-07T23:48:59.1649160Z       Executed DbCommand (2ms) [Parameters=[], CommandType='Text', CommandTimeout='30']
2026-08-07T23:48:59.1649273Z       SELECT OBJECT_ID(N'[__EFMigrationsHistory]');
2026-08-07T23:48:59.1676349Z info: Microsoft.EntityFrameworkCore.Database.Command[20101]
2026-08-07T23:48:59.1676762Z       Executed DbCommand (2ms) [Parameters=[], CommandType='Text', CommandTimeout='30']
2026-08-07T23:48:59.1679045Z       SELECT [MigrationId], [ProductVersion]
2026-08-07T23:48:59.1679188Z       FROM [__EFMigrationsHistory]
2026-08-07T23:48:59.1679240Z       ORDER BY [MigrationId];
2026-08-07T23:48:59.1690169Z info: Microsoft.EntityFrameworkCore.Database.Command[20101]
2026-08-07T23:48:59.1690479Z       Executed DbCommand (1ms) [Parameters=[], CommandType='Text', CommandTimeout='30']
2026-08-07T23:48:59.1690592Z       SELECT TOP(1) [b].[BankAccountNumber]
2026-08-07T23:48:59.1690632Z       FROM [Beneficiaries] AS [b]
2026-08-07T23:48:59.1690669Z       ORDER BY [b].[Id]
2026-08-07T23:49:00.8851545Z info: Microsoft.EntityFrameworkCore.Database.Command[20101]
2026-08-07T23:49:00.8852418Z       Executed DbCommand (2ms) [Parameters=[], CommandType='Text', CommandTimeout='30']
2026-08-07T23:49:00.8852658Z       SELECT 1
2026-08-07T23:49:00.8870031Z info: Microsoft.EntityFrameworkCore.Database.Command[20101]
2026-08-07T23:49:00.8870454Z       Executed DbCommand (2ms) [Parameters=[], CommandType='Text', CommandTimeout='30']
2026-08-07T23:49:00.8870544Z       SELECT OBJECT_ID(N'[__EFMigrationsHistory]');
2026-08-07T23:49:00.8904456Z info: Microsoft.EntityFrameworkCore.Database.Command[20101]
2026-08-07T23:49:00.8904831Z       Executed DbCommand (2ms) [Parameters=[], CommandType='Text', CommandTimeout='30']
2026-08-07T23:49:00.8904905Z       SELECT [MigrationId], [ProductVersion]
2026-08-07T23:49:00.8904945Z       FROM [__EFMigrationsHistory]
2026-08-07T23:49:00.8904983Z       ORDER BY [MigrationId];
2026-08-07T23:49:00.8926279Z info: Microsoft.EntityFrameworkCore.Database.Command[20101]
2026-08-07T23:49:00.8926610Z       Executed DbCommand (1ms) [Parameters=[], CommandType='Text', CommandTimeout='30']
2026-08-07T23:49:00.8926944Z       SELECT TOP(1) [b].[BankAccountNumber]
2026-08-07T23:49:00.8926995Z       FROM [Beneficiaries] AS [b]
2026-08-07T23:49:00.8927035Z       ORDER BY [b].[Id]
2026-08-07T23:49:04.1523753Z info: Microsoft.EntityFrameworkCore.Database.Command[20101]
2026-08-07T23:49:04.1524688Z       Executed DbCommand (2ms) [Parameters=[], CommandType='Text', CommandTimeout='30']
2026-08-07T23:49:04.1524799Z       SELECT 1
2026-08-07T23:49:04.1540487Z info: Microsoft.EntityFrameworkCore.Database.Command[20101]
2026-08-07T23:49:04.1540992Z       Executed DbCommand (2ms) [Parameters=[], CommandType='Text', CommandTimeout='30']
2026-08-07T23:49:04.1541140Z       SELECT OBJECT_ID(N'[__EFMigrationsHistory]');
2026-08-07T23:49:04.1571085Z info: Microsoft.EntityFrameworkCore.Database.Command[20101]
2026-08-07T23:49:04.1571452Z       Executed DbCommand (1ms) [Parameters=[], CommandType='Text', CommandTimeout='30']
2026-08-07T23:49:04.1571527Z       SELECT [MigrationId], [ProductVersion]
2026-08-07T23:49:04.1571603Z       FROM [__EFMigrationsHistory]
2026-08-07T23:49:04.1571644Z       ORDER BY [MigrationId];
2026-08-07T23:49:04.1584798Z info: Microsoft.EntityFrameworkCore.Database.Command[20101]
2026-08-07T23:49:04.1585128Z       Executed DbCommand (1ms) [Parameters=[], CommandType='Text', CommandTimeout='30']
2026-08-07T23:49:04.1585196Z       SELECT TOP(1) [b].[BankAccountNumber]
2026-08-07T23:49:04.1585281Z       FROM [Beneficiaries] AS [b]
2026-08-07T23:49:04.1585324Z       ORDER BY [b].[Id]
2026-08-07T23:49:05.3328474Z info: Microsoft.EntityFrameworkCore.Database.Command[20101]
2026-08-07T23:49:05.3329305Z       Executed DbCommand (2ms) [Parameters=[], CommandType='Text', CommandTimeout='30']
2026-08-07T23:49:05.3329501Z       SELECT 1
2026-08-07T23:49:05.3346185Z info: Microsoft.EntityFrameworkCore.Database.Command[20101]
2026-08-07T23:49:05.3346750Z       Executed DbCommand (2ms) [Parameters=[], CommandType='Text', CommandTimeout='30']
2026-08-07T23:49:05.3347270Z       SELECT OBJECT_ID(N'[__EFMigrationsHistory]');
2026-08-07T23:49:05.3374287Z info: Microsoft.EntityFrameworkCore.Database.Command[20101]
2026-08-07T23:49:05.3374687Z       Executed DbCommand (1ms) [Parameters=[], CommandType='Text', CommandTimeout='30']
2026-08-07T23:49:05.3374763Z       SELECT [MigrationId], [ProductVersion]
2026-08-07T23:49:05.3374805Z       FROM [__EFMigrationsHistory]
2026-08-07T23:49:05.3374846Z       ORDER BY [MigrationId];
2026-08-07T23:49:05.3392763Z info: Microsoft.EntityFrameworkCore.Database.Command[20101]
2026-08-07T23:49:05.3393080Z       Executed DbCommand (2ms) [Parameters=[], CommandType='Text', CommandTimeout='30']
2026-08-07T23:49:05.3393154Z       SELECT TOP(1) [b].[BankAccountNumber]
2026-08-07T23:49:05.3393206Z       FROM [Beneficiaries] AS [b]
2026-08-07T23:49:05.3393252Z       ORDER BY [b].[Id]
2026-08-07T23:49:08.3601768Z info: Microsoft.EntityFrameworkCore.Database.Command[20101]
2026-08-07T23:49:08.3602787Z       Executed DbCommand (2ms) [Parameters=[], CommandType='Text', CommandTimeout='30']
2026-08-07T23:49:08.3602998Z       SELECT 1
2026-08-07T23:49:08.3631953Z info: Microsoft.EntityFrameworkCore.Database.Command[20101]
2026-08-07T23:49:08.3632678Z       Executed DbCommand (2ms) [Parameters=[], CommandType='Text', CommandTimeout='30']
2026-08-07T23:49:08.3632792Z       SELECT OBJECT_ID(N'[__EFMigrationsHistory]');
2026-08-07T23:49:08.3650957Z info: Microsoft.EntityFrameworkCore.Database.Command[20101]
2026-08-07T23:49:08.3651361Z       Executed DbCommand (1ms) [Parameters=[], CommandType='Text', CommandTimeout='30']
2026-08-07T23:49:08.3651501Z       SELECT [MigrationId], [ProductVersion]
2026-08-07T23:49:08.3651557Z       FROM [__EFMigrationsHistory]
2026-08-07T23:49:08.3651596Z       ORDER BY [MigrationId];
2026-08-07T23:49:08.3667397Z info: Microsoft.EntityFrameworkCore.Database.Command[20101]
2026-08-07T23:49:08.3667690Z       Executed DbCommand (1ms) [Parameters=[], CommandType='Text', CommandTimeout='30']
2026-08-07T23:49:08.3667802Z       SELECT TOP(1) [b].[BankAccountNumber]
2026-08-07T23:49:08.3667845Z       FROM [Beneficiaries] AS [b]
2026-08-07T23:49:08.3667885Z       ORDER BY [b].[Id]
2026-08-07T23:49:11.0563060Z info: Microsoft.EntityFrameworkCore.Database.Command[20101]
2026-08-07T23:49:11.0564206Z       Executed DbCommand (2ms) [Parameters=[], CommandType='Text', CommandTimeout='30']
2026-08-07T23:49:11.0564408Z       SELECT 1
2026-08-07T23:49:11.0580989Z info: Microsoft.EntityFrameworkCore.Database.Command[20101]
2026-08-07T23:49:11.0581698Z       Executed DbCommand (2ms) [Parameters=[], CommandType='Text', CommandTimeout='30']
2026-08-07T23:49:11.0581796Z       SELECT OBJECT_ID(N'[__EFMigrationsHistory]');
2026-08-07T23:49:11.0612869Z info: Microsoft.EntityFrameworkCore.Database.Command[20101]
2026-08-07T23:49:11.0613300Z       Executed DbCommand (2ms) [Parameters=[], CommandType='Text', CommandTimeout='30']
2026-08-07T23:49:11.0613398Z       SELECT [MigrationId], [ProductVersion]
2026-08-07T23:49:11.0613450Z       FROM [__EFMigrationsHistory]
2026-08-07T23:49:11.0621881Z       ORDER BY [MigrationId];
2026-08-07T23:49:11.0631290Z info: Microsoft.EntityFrameworkCore.Database.Command[20101]
2026-08-07T23:49:11.0631635Z       Executed DbCommand (1ms) [Parameters=[], CommandType='Text', CommandTimeout='30']
2026-08-07T23:49:11.0631705Z       SELECT TOP(1) [b].[BankAccountNumber]
2026-08-07T23:49:11.0631747Z       FROM [Beneficiaries] AS [b]
2026-08-07T23:49:11.0631828Z       ORDER BY [b].[Id]
2026-08-07T23:49:15.9553353Z info: Microsoft.EntityFrameworkCore.Database.Command[20101]
2026-08-07T23:49:15.9554197Z       Executed DbCommand (4ms) [Parameters=[], CommandType='Text', CommandTimeout='30']
2026-08-07T23:49:15.9554342Z       SELECT 1
2026-08-07T23:49:15.9581898Z info: Microsoft.EntityFrameworkCore.Database.Command[20101]
2026-08-07T23:49:15.9582489Z       Executed DbCommand (2ms) [Parameters=[], CommandType='Text', CommandTimeout='30']
2026-08-07T23:49:15.9582580Z       SELECT OBJECT_ID(N'[__EFMigrationsHistory]');
2026-08-07T23:49:15.9595671Z info: Microsoft.EntityFrameworkCore.Database.Command[20101]
2026-08-07T23:49:15.9596751Z       Executed DbCommand (1ms) [Parameters=[], CommandType='Text', CommandTimeout='30']
2026-08-07T23:49:15.9596922Z       SELECT [MigrationId], [ProductVersion]
2026-08-07T23:49:15.9596967Z       FROM [__EFMigrationsHistory]
2026-08-07T23:49:15.9597202Z       ORDER BY [MigrationId];
2026-08-07T23:49:15.9613759Z info: Microsoft.EntityFrameworkCore.Database.Command[20101]
2026-08-07T23:49:15.9614174Z       Executed DbCommand (1ms) [Parameters=[], CommandType='Text', CommandTimeout='30']
2026-08-07T23:49:15.9614341Z       SELECT TOP(1) [b].[BankAccountNumber]
2026-08-07T23:49:15.9614383Z       FROM [Beneficiaries] AS [b]
2026-08-07T23:49:15.9614419Z       ORDER BY [b].[Id]
2026-08-07T23:49:18.9065099Z info: Microsoft.EntityFrameworkCore.Database.Command[20101]
2026-08-07T23:49:18.9066043Z       Executed DbCommand (2ms) [Parameters=[], CommandType='Text', CommandTimeout='30']
2026-08-07T23:49:18.9066171Z       SELECT 1
2026-08-07T23:49:18.9092925Z info: Microsoft.EntityFrameworkCore.Database.Command[20101]
2026-08-07T23:49:18.9093421Z       Executed DbCommand (2ms) [Parameters=[], CommandType='Text', CommandTimeout='30']
2026-08-07T23:49:18.9093548Z       SELECT OBJECT_ID(N'[__EFMigrationsHistory]');
2026-08-07T23:49:18.9110342Z info: Microsoft.EntityFrameworkCore.Database.Command[20101]
2026-08-07T23:49:18.9110699Z       Executed DbCommand (2ms) [Parameters=[], CommandType='Text', CommandTimeout='30']
2026-08-07T23:49:18.9110776Z       SELECT [MigrationId], [ProductVersion]
2026-08-07T23:49:18.9110858Z       FROM [__EFMigrationsHistory]
2026-08-07T23:49:18.9110900Z       ORDER BY [MigrationId];
2026-08-07T23:49:18.9129977Z info: Microsoft.EntityFrameworkCore.Database.Command[20101]
2026-08-07T23:49:18.9130297Z       Executed DbCommand (1ms) [Parameters=[], CommandType='Text', CommandTimeout='30']
2026-08-07T23:49:18.9130370Z       SELECT TOP(1) [b].[BankAccountNumber]
2026-08-07T23:49:18.9130449Z       FROM [Beneficiaries] AS [b]
2026-08-07T23:49:18.9130491Z       ORDER BY [b].[Id]
2026-08-07T23:49:19.5747022Z info: Microsoft.EntityFrameworkCore.Database.Command[20101]
2026-08-07T23:49:19.5747973Z       Executed DbCommand (2ms) [Parameters=[], CommandType='Text', CommandTimeout='30']
2026-08-07T23:49:19.5748105Z       SELECT 1
2026-08-07T23:49:19.5774965Z info: Microsoft.EntityFrameworkCore.Database.Command[20101]
2026-08-07T23:49:19.5775732Z       Executed DbCommand (2ms) [Parameters=[], CommandType='Text', CommandTimeout='30']
2026-08-07T23:49:19.5775837Z       SELECT OBJECT_ID(N'[__EFMigrationsHistory]');
2026-08-07T23:49:19.5791344Z info: Microsoft.EntityFrameworkCore.Database.Command[20101]
2026-08-07T23:49:19.5791752Z       Executed DbCommand (1ms) [Parameters=[], CommandType='Text', CommandTimeout='30']
2026-08-07T23:49:19.5791841Z       SELECT [MigrationId], [ProductVersion]
2026-08-07T23:49:19.5791885Z       FROM [__EFMigrationsHistory]
2026-08-07T23:49:19.5791932Z       ORDER BY [MigrationId];
2026-08-07T23:49:19.5806553Z info: Microsoft.EntityFrameworkCore.Database.Command[20101]
2026-08-07T23:49:19.5807236Z       Executed DbCommand (1ms) [Parameters=[], CommandType='Text', CommandTimeout='30']
2026-08-07T23:49:19.5807315Z       SELECT TOP(1) [b].[BankAccountNumber]
2026-08-07T23:49:19.5807354Z       FROM [Beneficiaries] AS [b]
2026-08-07T23:49:19.5807396Z       ORDER BY [b].[Id]
2026-08-07T23:49:37.9626695Z info: Microsoft.EntityFrameworkCore.Database.Command[20101]
2026-08-07T23:49:37.9627480Z       Executed DbCommand (2ms) [Parameters=[], CommandType='Text', CommandTimeout='30']
2026-08-07T23:49:37.9627598Z       SELECT 1
2026-08-07T23:49:37.9643026Z info: Microsoft.EntityFrameworkCore.Database.Command[20101]
2026-08-07T23:49:37.9643574Z       Executed DbCommand (2ms) [Parameters=[], CommandType='Text', CommandTimeout='30']
2026-08-07T23:49:37.9643695Z       SELECT OBJECT_ID(N'[__EFMigrationsHistory]');
2026-08-07T23:49:37.9673594Z info: Microsoft.EntityFrameworkCore.Database.Command[20101]
2026-08-07T23:49:37.9674025Z       Executed DbCommand (1ms) [Parameters=[], CommandType='Text', CommandTimeout='30']
2026-08-07T23:49:37.9674103Z       SELECT [MigrationId], [ProductVersion]
2026-08-07T23:49:37.9676616Z       FROM [__EFMigrationsHistory]
2026-08-07T23:49:37.9676679Z       ORDER BY [MigrationId];
2026-08-07T23:49:37.9688644Z info: Microsoft.EntityFrameworkCore.Database.Command[20101]
2026-08-07T23:49:37.9688921Z       Executed DbCommand (1ms) [Parameters=[], CommandType='Text', CommandTimeout='30']
2026-08-07T23:49:37.9688990Z       SELECT TOP(1) [b].[BankAccountNumber]
2026-08-07T23:49:37.9689077Z       FROM [Beneficiaries] AS [b]
2026-08-07T23:49:37.9689116Z       ORDER BY [b].[Id]
2026-08-07T23:49:39.1097321Z info: Microsoft.EntityFrameworkCore.Database.Command[20101]
2026-08-07T23:49:39.1098116Z       Executed DbCommand (2ms) [Parameters=[], CommandType='Text', CommandTimeout='30']
2026-08-07T23:49:39.1098344Z       SELECT 1
2026-08-07T23:49:39.1121672Z info: Microsoft.EntityFrameworkCore.Database.Command[20101]
2026-08-07T23:49:39.1122321Z       Executed DbCommand (2ms) [Parameters=[], CommandType='Text', CommandTimeout='30']
2026-08-07T23:49:39.1122405Z       SELECT OBJECT_ID(N'[__EFMigrationsHistory]');
2026-08-07T23:49:39.1148691Z info: Microsoft.EntityFrameworkCore.Database.Command[20101]
2026-08-07T23:49:39.1149092Z       Executed DbCommand (1ms) [Parameters=[], CommandType='Text', CommandTimeout='30']
2026-08-07T23:49:39.1149749Z       SELECT [MigrationId], [ProductVersion]
2026-08-07T23:49:39.1149827Z       FROM [__EFMigrationsHistory]
2026-08-07T23:49:39.1149989Z       ORDER BY [MigrationId];
2026-08-07T23:49:39.1169386Z info: Microsoft.EntityFrameworkCore.Database.Command[20101]
2026-08-07T23:49:39.1169740Z       Executed DbCommand (1ms) [Parameters=[], CommandType='Text', CommandTimeout='30']
2026-08-07T23:49:39.1169912Z       SELECT TOP(1) [b].[BankAccountNumber]
2026-08-07T23:49:39.1169961Z       FROM [Beneficiaries] AS [b]
2026-08-07T23:49:39.1170048Z       ORDER BY [b].[Id]
2026-08-07T23:49:42.7452615Z info: Microsoft.EntityFrameworkCore.Database.Command[20101]
2026-08-07T23:49:42.7453480Z       Executed DbCommand (2ms) [Parameters=[], CommandType='Text', CommandTimeout='30']
2026-08-07T23:49:42.7453608Z       SELECT 1
2026-08-07T23:49:42.7591013Z info: Microsoft.EntityFrameworkCore.Database.Command[20101]
2026-08-07T23:49:42.7591889Z       Executed DbCommand (14ms) [Parameters=[], CommandType='Text', CommandTimeout='30']
2026-08-07T23:49:42.7591985Z       SELECT OBJECT_ID(N'[__EFMigrationsHistory]');
2026-08-07T23:49:42.7621240Z info: Microsoft.EntityFrameworkCore.Database.Command[20101]
2026-08-07T23:49:42.7621688Z       Executed DbCommand (2ms) [Parameters=[], CommandType='Text', CommandTimeout='30']
2026-08-07T23:49:42.7621828Z       SELECT [MigrationId], [ProductVersion]
2026-08-07T23:49:42.7621880Z       FROM [__EFMigrationsHistory]
2026-08-07T23:49:42.7621926Z       ORDER BY [MigrationId];
2026-08-07T23:49:42.7634027Z info: Microsoft.EntityFrameworkCore.Database.Command[20101]
2026-08-07T23:49:42.7634346Z       Executed DbCommand (1ms) [Parameters=[], CommandType='Text', CommandTimeout='30']
2026-08-07T23:49:42.7634458Z       SELECT TOP(1) [b].[BankAccountNumber]
2026-08-07T23:49:42.7634497Z       FROM [Beneficiaries] AS [b]
2026-08-07T23:49:42.7634533Z       ORDER BY [b].[Id]
2026-08-07T23:49:44.5337807Z info: Microsoft.EntityFrameworkCore.Database.Command[20101]
2026-08-07T23:49:44.5338700Z       Executed DbCommand (2ms) [Parameters=[], CommandType='Text', CommandTimeout='30']
2026-08-07T23:49:44.5338821Z       SELECT 1
2026-08-07T23:49:44.5367463Z info: Microsoft.EntityFrameworkCore.Database.Command[20101]
2026-08-07T23:49:44.5368033Z       Executed DbCommand (2ms) [Parameters=[], CommandType='Text', CommandTimeout='30']
2026-08-07T23:49:44.5368142Z       SELECT OBJECT_ID(N'[__EFMigrationsHistory]');
2026-08-07T23:49:44.5390462Z info: Microsoft.EntityFrameworkCore.Database.Command[20101]
2026-08-07T23:49:44.5390828Z       Executed DbCommand (2ms) [Parameters=[], CommandType='Text', CommandTimeout='30']
2026-08-07T23:49:44.5390916Z       SELECT [MigrationId], [ProductVersion]
2026-08-07T23:49:44.5390970Z       FROM [__EFMigrationsHistory]
2026-08-07T23:49:44.5394126Z       ORDER BY [MigrationId];
2026-08-07T23:49:44.5415225Z info: Microsoft.EntityFrameworkCore.Database.Command[20101]
2026-08-07T23:49:44.5415529Z       Executed DbCommand (1ms) [Parameters=[], CommandType='Text', CommandTimeout='30']
2026-08-07T23:49:44.5415600Z       SELECT TOP(1) [b].[BankAccountNumber]
2026-08-07T23:49:44.5415648Z       FROM [Beneficiaries] AS [b]
2026-08-07T23:49:44.5415723Z       ORDER BY [b].[Id]
2026-08-07T23:49:46.3290810Z info: Microsoft.EntityFrameworkCore.Database.Command[20101]
2026-08-07T23:49:46.3291597Z       Executed DbCommand (2ms) [Parameters=[], CommandType='Text', CommandTimeout='30']
2026-08-07T23:49:46.3291716Z       SELECT 1
2026-08-07T23:49:46.3307868Z info: Microsoft.EntityFrameworkCore.Database.Command[20101]
2026-08-07T23:49:46.3308287Z       Executed DbCommand (2ms) [Parameters=[], CommandType='Text', CommandTimeout='30']
2026-08-07T23:49:46.3308456Z       SELECT OBJECT_ID(N'[__EFMigrationsHistory]');
2026-08-07T23:49:46.3335091Z info: Microsoft.EntityFrameworkCore.Database.Command[20101]
2026-08-07T23:49:46.3335444Z       Executed DbCommand (1ms) [Parameters=[], CommandType='Text', CommandTimeout='30']
2026-08-07T23:49:46.3335557Z       SELECT [MigrationId], [ProductVersion]
2026-08-07T23:49:46.3335600Z       FROM [__EFMigrationsHistory]
2026-08-07T23:49:46.3335639Z       ORDER BY [MigrationId];
2026-08-07T23:49:46.3353965Z info: Microsoft.EntityFrameworkCore.Database.Command[20101]
2026-08-07T23:49:46.3354315Z       Executed DbCommand (1ms) [Parameters=[], CommandType='Text', CommandTimeout='30']
2026-08-07T23:49:46.3354383Z       SELECT TOP(1) [b].[BankAccountNumber]
2026-08-07T23:49:46.3354424Z       FROM [Beneficiaries] AS [b]
2026-08-07T23:49:46.3354461Z       ORDER BY [b].[Id]
2026-08-07T23:49:48.5362902Z info: Microsoft.EntityFrameworkCore.Database.Command[20101]
2026-08-07T23:49:48.5363663Z       Executed DbCommand (2ms) [Parameters=[], CommandType='Text', CommandTimeout='30']
2026-08-07T23:49:48.5363795Z       SELECT 1
2026-08-07T23:49:48.5373986Z info: Microsoft.EntityFrameworkCore.Database.Command[20101]
2026-08-07T23:49:48.5374309Z       Executed DbCommand (2ms) [Parameters=[], CommandType='Text', CommandTimeout='30']
2026-08-07T23:49:48.5374451Z       SELECT OBJECT_ID(N'[__EFMigrationsHistory]');
2026-08-07T23:49:48.5403993Z info: Microsoft.EntityFrameworkCore.Database.Command[20101]
2026-08-07T23:49:48.5404400Z       Executed DbCommand (2ms) [Parameters=[], CommandType='Text', CommandTimeout='30']
2026-08-07T23:49:48.5411257Z       SELECT [MigrationId], [ProductVersion]
2026-08-07T23:49:48.5411387Z       FROM [__EFMigrationsHistory]
2026-08-07T23:49:48.5411713Z       ORDER BY [MigrationId];
2026-08-07T23:49:48.5424656Z info: Microsoft.EntityFrameworkCore.Database.Command[20101]
2026-08-07T23:49:48.5425035Z       Executed DbCommand (1ms) [Parameters=[], CommandType='Text', CommandTimeout='30']
2026-08-07T23:49:48.5425131Z       SELECT TOP(1) [b].[BankAccountNumber]
2026-08-07T23:49:48.5425349Z       FROM [Beneficiaries] AS [b]
2026-08-07T23:49:48.5425414Z       ORDER BY [b].[Id]
2026-08-07T23:49:49.5933334Z info: Microsoft.EntityFrameworkCore.Database.Command[20101]
2026-08-07T23:49:49.5934160Z       Executed DbCommand (2ms) [Parameters=[], CommandType='Text', CommandTimeout='30']
2026-08-07T23:49:49.5934267Z       SELECT 1
2026-08-07T23:49:49.5968444Z info: Microsoft.EntityFrameworkCore.Database.Command[20101]
2026-08-07T23:49:49.5968972Z       Executed DbCommand (2ms) [Parameters=[], CommandType='Text', CommandTimeout='30']
2026-08-07T23:49:49.5969051Z       SELECT OBJECT_ID(N'[__EFMigrationsHistory]');
2026-08-07T23:49:49.5985122Z info: Microsoft.EntityFrameworkCore.Database.Command[20101]
2026-08-07T23:49:49.5985554Z       Executed DbCommand (2ms) [Parameters=[], CommandType='Text', CommandTimeout='30']
2026-08-07T23:49:49.5985719Z       SELECT [MigrationId], [ProductVersion]
2026-08-07T23:49:49.5985764Z       FROM [__EFMigrationsHistory]
2026-08-07T23:49:49.5985812Z       ORDER BY [MigrationId];
2026-08-07T23:49:49.6007467Z info: Microsoft.EntityFrameworkCore.Database.Command[20101]
2026-08-07T23:49:49.6008048Z       Executed DbCommand (2ms) [Parameters=[], CommandType='Text', CommandTimeout='30']
2026-08-07T23:49:49.6008115Z       SELECT TOP(1) [b].[BankAccountNumber]
2026-08-07T23:49:49.6008157Z       FROM [Beneficiaries] AS [b]
2026-08-07T23:49:49.6008196Z       ORDER BY [b].[Id]
2026-08-07T23:49:51.6338286Z info: Microsoft.EntityFrameworkCore.Database.Command[20101]
2026-08-07T23:49:51.6341386Z       Executed DbCommand (2ms) [Parameters=[], CommandType='Text', CommandTimeout='30']
2026-08-07T23:49:51.6341547Z       SELECT 1
2026-08-07T23:49:51.6354608Z info: Microsoft.EntityFrameworkCore.Database.Command[20101]
2026-08-07T23:49:51.6355024Z       Executed DbCommand (2ms) [Parameters=[], CommandType='Text', CommandTimeout='30']
2026-08-07T23:49:51.6355148Z       SELECT OBJECT_ID(N'[__EFMigrationsHistory]');
2026-08-07T23:49:51.6381218Z info: Microsoft.EntityFrameworkCore.Database.Command[20101]
2026-08-07T23:49:51.6381575Z       Executed DbCommand (1ms) [Parameters=[], CommandType='Text', CommandTimeout='30']
2026-08-07T23:49:51.6381644Z       SELECT [MigrationId], [ProductVersion]
2026-08-07T23:49:51.6381726Z       FROM [__EFMigrationsHistory]
2026-08-07T23:49:51.6381772Z       ORDER BY [MigrationId];
2026-08-07T23:49:51.6402218Z info: Microsoft.EntityFrameworkCore.Database.Command[20101]
2026-08-07T23:49:51.6402567Z       Executed DbCommand (1ms) [Parameters=[], CommandType='Text', CommandTimeout='30']
2026-08-07T23:49:51.6407020Z       SELECT TOP(1) [b].[BankAccountNumber]
2026-08-07T23:49:51.6407126Z       FROM [Beneficiaries] AS [b]
2026-08-07T23:49:51.6407170Z       ORDER BY [b].[Id]
2026-08-07T23:49:52.1771400Z info: Microsoft.EntityFrameworkCore.Database.Command[20101]
2026-08-07T23:49:52.1774941Z       Executed DbCommand (9ms) [Parameters=[], CommandType='Text', CommandTimeout='30']
2026-08-07T23:49:52.1775191Z       SELECT 1
2026-08-07T23:49:52.1798734Z info: Microsoft.EntityFrameworkCore.Database.Command[20101]
2026-08-07T23:49:52.1799242Z       Executed DbCommand (2ms) [Parameters=[], CommandType='Text', CommandTimeout='30']
2026-08-07T23:49:52.1800921Z       SELECT OBJECT_ID(N'[__EFMigrationsHistory]');
2026-08-07T23:49:52.1818102Z info: Microsoft.EntityFrameworkCore.Database.Command[20101]
2026-08-07T23:49:52.1818455Z       Executed DbCommand (2ms) [Parameters=[], CommandType='Text', CommandTimeout='30']
2026-08-07T23:49:52.1818528Z       SELECT [MigrationId], [ProductVersion]
2026-08-07T23:49:52.1818578Z       FROM [__EFMigrationsHistory]
2026-08-07T23:49:52.1818625Z       ORDER BY [MigrationId];
2026-08-07T23:49:52.1834678Z info: Microsoft.EntityFrameworkCore.Database.Command[20101]
2026-08-07T23:49:52.1835003Z       Executed DbCommand (1ms) [Parameters=[], CommandType='Text', CommandTimeout='30']
2026-08-07T23:49:52.1835073Z       SELECT TOP(1) [b].[BankAccountNumber]
2026-08-07T23:49:52.1835116Z       FROM [Beneficiaries] AS [b]
2026-08-07T23:49:52.1835152Z       ORDER BY [b].[Id]
2026-08-07T23:49:52.4787672Z info: Microsoft.EntityFrameworkCore.Database.Command[20101]
2026-08-07T23:49:52.4806162Z       Executed DbCommand (4ms) [Parameters=[], CommandType='Text', CommandTimeout='30']
2026-08-07T23:49:52.4806315Z       SELECT 1
2026-08-07T23:49:52.4814647Z info: Microsoft.EntityFrameworkCore.Database.Command[20101]
2026-08-07T23:49:52.4815029Z       Executed DbCommand (2ms) [Parameters=[], CommandType='Text', CommandTimeout='30']
2026-08-07T23:49:52.4815113Z       SELECT OBJECT_ID(N'[__EFMigrationsHistory]');
2026-08-07T23:49:52.4821630Z info: Microsoft.EntityFrameworkCore.Database.Command[20101]
2026-08-07T23:49:52.4821893Z       Executed DbCommand (2ms) [Parameters=[], CommandType='Text', CommandTimeout='30']
2026-08-07T23:49:52.4822017Z       SELECT [MigrationId], [ProductVersion]
2026-08-07T23:49:52.4822064Z       FROM [__EFMigrationsHistory]
2026-08-07T23:49:52.4822109Z       ORDER BY [MigrationId];
2026-08-07T23:49:52.4863312Z info: Microsoft.EntityFrameworkCore.Database.Command[20101]
2026-08-07T23:49:52.4863644Z       Executed DbCommand (3ms) [Parameters=[], CommandType='Text', CommandTimeout='30']
2026-08-07T23:49:52.4863761Z       SELECT TOP(1) [b].[BankAccountNumber]
2026-08-07T23:49:52.4863803Z       FROM [Beneficiaries] AS [b]
2026-08-07T23:49:52.4863844Z       ORDER BY [b].[Id]
2026-08-07T23:49:52.6507848Z info: Microsoft.EntityFrameworkCore.Database.Command[20101]
2026-08-07T23:49:52.6508642Z       Executed DbCommand (2ms) [Parameters=[], CommandType='Text', CommandTimeout='30']
2026-08-07T23:49:52.6508755Z       SELECT 1
2026-08-07T23:49:52.6524066Z info: Microsoft.EntityFrameworkCore.Database.Command[20101]
2026-08-07T23:49:52.6527198Z       Executed DbCommand (2ms) [Parameters=[], CommandType='Text', CommandTimeout='30']
2026-08-07T23:49:52.6527327Z       SELECT OBJECT_ID(N'[__EFMigrationsHistory]');
2026-08-07T23:49:52.6565114Z info: Microsoft.EntityFrameworkCore.Database.Command[20101]
2026-08-07T23:49:52.6565529Z       Executed DbCommand (3ms) [Parameters=[], CommandType='Text', CommandTimeout='30']
2026-08-07T23:49:52.6565671Z       SELECT [MigrationId], [ProductVersion]
2026-08-07T23:49:52.6565719Z       FROM [__EFMigrationsHistory]
2026-08-07T23:49:52.6565762Z       ORDER BY [MigrationId];
2026-08-07T23:49:52.6586363Z info: Microsoft.EntityFrameworkCore.Database.Command[20101]
2026-08-07T23:49:52.6586805Z       Executed DbCommand (1ms) [Parameters=[], CommandType='Text', CommandTimeout='30']
2026-08-07T23:49:52.6588726Z       SELECT TOP(1) [b].[BankAccountNumber]
2026-08-07T23:49:52.6588810Z       FROM [Beneficiaries] AS [b]
2026-08-07T23:49:52.6588853Z       ORDER BY [b].[Id]
2026-08-07T23:49:58.3490971Z info: Microsoft.EntityFrameworkCore.Database.Command[20101]
2026-08-07T23:49:58.3491827Z       Executed DbCommand (2ms) [Parameters=[], CommandType='Text', CommandTimeout='30']
2026-08-07T23:49:58.3491926Z       SELECT 1
2026-08-07T23:49:58.3520102Z info: Microsoft.EntityFrameworkCore.Database.Command[20101]
2026-08-07T23:49:58.3520704Z       Executed DbCommand (2ms) [Parameters=[], CommandType='Text', CommandTimeout='30']
2026-08-07T23:49:58.3520795Z       SELECT OBJECT_ID(N'[__EFMigrationsHistory]');
2026-08-07T23:49:58.3541005Z info: Microsoft.EntityFrameworkCore.Database.Command[20101]
2026-08-07T23:49:58.3541438Z       Executed DbCommand (2ms) [Parameters=[], CommandType='Text', CommandTimeout='30']
2026-08-07T23:49:58.3541515Z       SELECT [MigrationId], [ProductVersion]
2026-08-07T23:49:58.3541555Z       FROM [__EFMigrationsHistory]
2026-08-07T23:49:58.3541644Z       ORDER BY [MigrationId];
2026-08-07T23:49:58.3554462Z info: Microsoft.EntityFrameworkCore.Database.Command[20101]
2026-08-07T23:49:58.3554785Z       Executed DbCommand (1ms) [Parameters=[], CommandType='Text', CommandTimeout='30']
2026-08-07T23:49:58.3554851Z       SELECT TOP(1) [b].[BankAccountNumber]
2026-08-07T23:49:58.3554891Z       FROM [Beneficiaries] AS [b]
2026-08-07T23:49:58.3555280Z       ORDER BY [b].[Id]
2026-08-07T23:50:00.9226490Z info: Microsoft.EntityFrameworkCore.Database.Command[20101]
2026-08-07T23:50:00.9227364Z       Executed DbCommand (2ms) [Parameters=[], CommandType='Text', CommandTimeout='30']
2026-08-07T23:50:00.9227494Z       SELECT 1
2026-08-07T23:50:00.9241276Z info: Microsoft.EntityFrameworkCore.Database.Command[20101]
2026-08-07T23:50:00.9241665Z       Executed DbCommand (1ms) [Parameters=[], CommandType='Text', CommandTimeout='30']
2026-08-07T23:50:00.9241835Z       SELECT OBJECT_ID(N'[__EFMigrationsHistory]');
2026-08-07T23:50:00.9272884Z info: Microsoft.EntityFrameworkCore.Database.Command[20101]
2026-08-07T23:50:00.9273184Z       Executed DbCommand (1ms) [Parameters=[], CommandType='Text', CommandTimeout='30']
2026-08-07T23:50:00.9273296Z       SELECT [MigrationId], [ProductVersion]
2026-08-07T23:50:00.9273345Z       FROM [__EFMigrationsHistory]
2026-08-07T23:50:00.9273393Z       ORDER BY [MigrationId];
2026-08-07T23:50:00.9290956Z info: Microsoft.EntityFrameworkCore.Database.Command[20101]
2026-08-07T23:50:00.9291240Z       Executed DbCommand (1ms) [Parameters=[], CommandType='Text', CommandTimeout='30']
2026-08-07T23:50:00.9291356Z       SELECT TOP(1) [b].[BankAccountNumber]
2026-08-07T23:50:00.9291404Z       FROM [Beneficiaries] AS [b]
2026-08-07T23:50:00.9295771Z       ORDER BY [b].[Id]
2026-08-07T23:50:07.1068125Z info: Microsoft.EntityFrameworkCore.Database.Command[20101]
2026-08-07T23:50:07.1069027Z       Executed DbCommand (2ms) [Parameters=[], CommandType='Text', CommandTimeout='30']
2026-08-07T23:50:07.1069132Z       SELECT 1
2026-08-07T23:50:07.1096447Z info: Microsoft.EntityFrameworkCore.Database.Command[20101]
2026-08-07T23:50:07.1096933Z       Executed DbCommand (2ms) [Parameters=[], CommandType='Text', CommandTimeout='30']
2026-08-07T23:50:07.1097013Z       SELECT OBJECT_ID(N'[__EFMigrationsHistory]');
2026-08-07T23:50:07.1111588Z info: Microsoft.EntityFrameworkCore.Database.Command[20101]
2026-08-07T23:50:07.1112001Z       Executed DbCommand (2ms) [Parameters=[], CommandType='Text', CommandTimeout='30']
2026-08-07T23:50:07.1112068Z       SELECT [MigrationId], [ProductVersion]
2026-08-07T23:50:07.1112203Z       FROM [__EFMigrationsHistory]
2026-08-07T23:50:07.1112296Z       ORDER BY [MigrationId];
2026-08-07T23:50:07.1129133Z info: Microsoft.EntityFrameworkCore.Database.Command[20101]
2026-08-07T23:50:07.1129433Z       Executed DbCommand (1ms) [Parameters=[], CommandType='Text', CommandTimeout='30']
2026-08-07T23:50:07.1129499Z       SELECT TOP(1) [b].[BankAccountNumber]
2026-08-07T23:50:07.1129538Z       FROM [Beneficiaries] AS [b]
2026-08-07T23:50:07.1129712Z       ORDER BY [b].[Id]
2026-08-07T23:50:13.8614694Z info: Microsoft.EntityFrameworkCore.Database.Command[20101]
2026-08-07T23:50:13.8615534Z       Executed DbCommand (2ms) [Parameters=[], CommandType='Text', CommandTimeout='30']
2026-08-07T23:50:13.8615671Z       SELECT 1
2026-08-07T23:50:13.8645748Z info: Microsoft.EntityFrameworkCore.Database.Command[20101]
2026-08-07T23:50:13.8646328Z       Executed DbCommand (2ms) [Parameters=[], CommandType='Text', CommandTimeout='30']
2026-08-07T23:50:13.8646441Z       SELECT OBJECT_ID(N'[__EFMigrationsHistory]');
2026-08-07T23:50:13.8660733Z info: Microsoft.EntityFrameworkCore.Database.Command[20101]
2026-08-07T23:50:13.8661146Z       Executed DbCommand (2ms) [Parameters=[], CommandType='Text', CommandTimeout='30']
2026-08-07T23:50:13.8661273Z       SELECT [MigrationId], [ProductVersion]
2026-08-07T23:50:13.8661315Z       FROM [__EFMigrationsHistory]
2026-08-07T23:50:13.8662428Z       ORDER BY [MigrationId];
2026-08-07T23:50:13.8679067Z info: Microsoft.EntityFrameworkCore.Database.Command[20101]
2026-08-07T23:50:13.8679479Z       Executed DbCommand (1ms) [Parameters=[], CommandType='Text', CommandTimeout='30']
2026-08-07T23:50:13.8679553Z       SELECT TOP(1) [b].[BankAccountNumber]
2026-08-07T23:50:13.8679597Z       FROM [Beneficiaries] AS [b]
2026-08-07T23:50:13.8679641Z       ORDER BY [b].[Id]
2026-08-07T23:50:16.5043904Z info: Microsoft.EntityFrameworkCore.Database.Command[20101]
2026-08-07T23:50:16.5044799Z       Executed DbCommand (2ms) [Parameters=[], CommandType='Text', CommandTimeout='30']
2026-08-07T23:50:16.5044907Z       SELECT 1
2026-08-07T23:50:16.5071629Z info: Microsoft.EntityFrameworkCore.Database.Command[20101]
2026-08-07T23:50:16.5074274Z       Executed DbCommand (2ms) [Parameters=[], CommandType='Text', CommandTimeout='30']
2026-08-07T23:50:16.5074446Z       SELECT OBJECT_ID(N'[__EFMigrationsHistory]');
2026-08-07T23:50:16.5090017Z info: Microsoft.EntityFrameworkCore.Database.Command[20101]
2026-08-07T23:50:16.5090444Z       Executed DbCommand (2ms) [Parameters=[], CommandType='Text', CommandTimeout='30']
2026-08-07T23:50:16.5090519Z       SELECT [MigrationId], [ProductVersion]
2026-08-07T23:50:16.5090564Z       FROM [__EFMigrationsHistory]
2026-08-07T23:50:16.5090633Z       ORDER BY [MigrationId];
2026-08-07T23:50:16.5104306Z info: Microsoft.EntityFrameworkCore.Database.Command[20101]
2026-08-07T23:50:16.5104657Z       Executed DbCommand (1ms) [Parameters=[], CommandType='Text', CommandTimeout='30']
2026-08-07T23:50:16.5104729Z       SELECT TOP(1) [b].[BankAccountNumber]
2026-08-07T23:50:16.5104766Z       FROM [Beneficiaries] AS [b]
2026-08-07T23:50:16.5104849Z       ORDER BY [b].[Id]
2026-08-07T23:50:21.0322052Z info: Microsoft.EntityFrameworkCore.Database.Command[20101]
2026-08-07T23:50:21.0322920Z       Executed DbCommand (2ms) [Parameters=[], CommandType='Text', CommandTimeout='30']
2026-08-07T23:50:21.0323058Z       SELECT 1
2026-08-07T23:50:21.0339670Z info: Microsoft.EntityFrameworkCore.Database.Command[20101]
2026-08-07T23:50:21.0341441Z       Executed DbCommand (2ms) [Parameters=[], CommandType='Text', CommandTimeout='30']
2026-08-07T23:50:21.0341577Z       SELECT OBJECT_ID(N'[__EFMigrationsHistory]');
2026-08-07T23:50:21.0369773Z info: Microsoft.EntityFrameworkCore.Database.Command[20101]
2026-08-07T23:50:21.0370204Z       Executed DbCommand (1ms) [Parameters=[], CommandType='Text', CommandTimeout='30']
2026-08-07T23:50:21.0370283Z       SELECT [MigrationId], [ProductVersion]
2026-08-07T23:50:21.0370327Z       FROM [__EFMigrationsHistory]
2026-08-07T23:50:21.0370371Z       ORDER BY [MigrationId];
2026-08-07T23:50:21.0383034Z info: Microsoft.EntityFrameworkCore.Database.Command[20101]
2026-08-07T23:50:21.0383440Z       Executed DbCommand (1ms) [Parameters=[], CommandType='Text', CommandTimeout='30']
2026-08-07T23:50:21.0383509Z       SELECT TOP(1) [b].[BankAccountNumber]
2026-08-07T23:50:21.0383549Z       FROM [Beneficiaries] AS [b]
2026-08-07T23:50:21.0383588Z       ORDER BY [b].[Id]
2026-08-07T23:50:22.5857277Z info: Microsoft.EntityFrameworkCore.Database.Command[20101]
2026-08-07T23:50:22.5858163Z       Executed DbCommand (2ms) [Parameters=[], CommandType='Text', CommandTimeout='30']
2026-08-07T23:50:22.5858283Z       SELECT 1
2026-08-07T23:50:22.5887693Z info: Microsoft.EntityFrameworkCore.Database.Command[20101]
2026-08-07T23:50:22.5888462Z       Executed DbCommand (2ms) [Parameters=[], CommandType='Text', CommandTimeout='30']
2026-08-07T23:50:22.5888661Z       SELECT OBJECT_ID(N'[__EFMigrationsHistory]');
2026-08-07T23:50:22.5908330Z info: Microsoft.EntityFrameworkCore.Database.Command[20101]
2026-08-07T23:50:22.5908807Z       Executed DbCommand (2ms) [Parameters=[], CommandType='Text', CommandTimeout='30']
2026-08-07T23:50:22.5908895Z       SELECT [MigrationId], [ProductVersion]
2026-08-07T23:50:22.5909000Z       FROM [__EFMigrationsHistory]
2026-08-07T23:50:22.5917336Z       ORDER BY [MigrationId];
2026-08-07T23:50:22.5928717Z info: Microsoft.EntityFrameworkCore.Database.Command[20101]
2026-08-07T23:50:22.5929083Z       Executed DbCommand (1ms) [Parameters=[], CommandType='Text', CommandTimeout='30']
2026-08-07T23:50:22.5929193Z       SELECT TOP(1) [b].[BankAccountNumber]
2026-08-07T23:50:22.5929323Z       FROM [Beneficiaries] AS [b]
2026-08-07T23:50:22.5929361Z       ORDER BY [b].[Id]
2026-08-07T23:50:23.2721424Z info: Microsoft.EntityFrameworkCore.Database.Command[20101]
2026-08-07T23:50:23.2722135Z       Executed DbCommand (2ms) [Parameters=[], CommandType='Text', CommandTimeout='30']
2026-08-07T23:50:23.2722296Z       SELECT 1
2026-08-07T23:50:23.2737197Z info: Microsoft.EntityFrameworkCore.Database.Command[20101]
2026-08-07T23:50:23.2737605Z       Executed DbCommand (1ms) [Parameters=[], CommandType='Text', CommandTimeout='30']
2026-08-07T23:50:23.2737690Z       SELECT OBJECT_ID(N'[__EFMigrationsHistory]');
2026-08-07T23:50:23.2761491Z info: Microsoft.EntityFrameworkCore.Database.Command[20101]
2026-08-07T23:50:23.2761858Z       Executed DbCommand (1ms) [Parameters=[], CommandType='Text', CommandTimeout='30']
2026-08-07T23:50:23.2761942Z       SELECT [MigrationId], [ProductVersion]
2026-08-07T23:50:23.2761992Z       FROM [__EFMigrationsHistory]
2026-08-07T23:50:23.2762040Z       ORDER BY [MigrationId];
2026-08-07T23:50:23.2783823Z info: Microsoft.EntityFrameworkCore.Database.Command[20101]
2026-08-07T23:50:23.2784139Z       Executed DbCommand (1ms) [Parameters=[], CommandType='Text', CommandTimeout='30']
2026-08-07T23:50:23.2784206Z       SELECT TOP(1) [b].[BankAccountNumber]
2026-08-07T23:50:23.2784246Z       FROM [Beneficiaries] AS [b]
2026-08-07T23:50:23.2784283Z       ORDER BY [b].[Id]
2026-08-07T23:50:28.1376629Z info: Microsoft.EntityFrameworkCore.Database.Command[20101]
2026-08-07T23:50:28.1377659Z       Executed DbCommand (3ms) [Parameters=[], CommandType='Text', CommandTimeout='30']
2026-08-07T23:50:28.1377763Z       SELECT 1
2026-08-07T23:50:28.1393955Z info: Microsoft.EntityFrameworkCore.Database.Command[20101]
2026-08-07T23:50:28.1394564Z       Executed DbCommand (2ms) [Parameters=[], CommandType='Text', CommandTimeout='30']
2026-08-07T23:50:28.1394719Z       SELECT OBJECT_ID(N'[__EFMigrationsHistory]');
2026-08-07T23:50:28.1423497Z info: Microsoft.EntityFrameworkCore.Database.Command[20101]
2026-08-07T23:50:28.1423868Z       Executed DbCommand (1ms) [Parameters=[], CommandType='Text', CommandTimeout='30']
2026-08-07T23:50:28.1423952Z       SELECT [MigrationId], [ProductVersion]
2026-08-07T23:50:28.1424044Z       FROM [__EFMigrationsHistory]
2026-08-07T23:50:28.1430116Z       ORDER BY [MigrationId];
2026-08-07T23:50:28.1442766Z info: Microsoft.EntityFrameworkCore.Database.Command[20101]
2026-08-07T23:50:28.1443088Z       Executed DbCommand (1ms) [Parameters=[], CommandType='Text', CommandTimeout='30']
2026-08-07T23:50:28.1443204Z       SELECT TOP(1) [b].[BankAccountNumber]
2026-08-07T23:50:28.1443249Z       FROM [Beneficiaries] AS [b]
2026-08-07T23:50:28.1443290Z       ORDER BY [b].[Id]
2026-08-07T23:50:29.8632654Z info: Microsoft.EntityFrameworkCore.Database.Command[20101]
2026-08-07T23:50:29.8633650Z       Executed DbCommand (2ms) [Parameters=[], CommandType='Text', CommandTimeout='30']
2026-08-07T23:50:29.8633868Z       SELECT 1
2026-08-07T23:50:29.8648991Z info: Microsoft.EntityFrameworkCore.Database.Command[20101]
2026-08-07T23:50:29.8649611Z       Executed DbCommand (2ms) [Parameters=[], CommandType='Text', CommandTimeout='30']
2026-08-07T23:50:29.8649718Z       SELECT OBJECT_ID(N'[__EFMigrationsHistory]');
2026-08-07T23:50:29.8677685Z info: Microsoft.EntityFrameworkCore.Database.Command[20101]
2026-08-07T23:50:29.8678121Z       Executed DbCommand (1ms) [Parameters=[], CommandType='Text', CommandTimeout='30']
2026-08-07T23:50:29.8678213Z       SELECT [MigrationId], [ProductVersion]
2026-08-07T23:50:29.8678272Z       FROM [__EFMigrationsHistory]
2026-08-07T23:50:29.8678325Z       ORDER BY [MigrationId];
2026-08-07T23:50:29.8694697Z info: Microsoft.EntityFrameworkCore.Database.Command[20101]
2026-08-07T23:50:29.8695058Z       Executed DbCommand (1ms) [Parameters=[], CommandType='Text', CommandTimeout='30']
2026-08-07T23:50:29.8695241Z       SELECT TOP(1) [b].[BankAccountNumber]
2026-08-07T23:50:29.8695305Z       FROM [Beneficiaries] AS [b]
2026-08-07T23:50:29.8695352Z       ORDER BY [b].[Id]
2026-08-07T23:50:29.9208933Z info: Microsoft.EntityFrameworkCore.Database.Command[20101]
2026-08-07T23:50:29.9209805Z       Executed DbCommand (2ms) [Parameters=[], CommandType='Text', CommandTimeout='30']
2026-08-07T23:50:29.9209921Z       SELECT 1
2026-08-07T23:50:29.9235285Z info: Microsoft.EntityFrameworkCore.Database.Command[20101]
2026-08-07T23:50:29.9238833Z       Executed DbCommand (2ms) [Parameters=[], CommandType='Text', CommandTimeout='30']
2026-08-07T23:50:29.9241530Z       SELECT OBJECT_ID(N'[__EFMigrationsHistory]');
2026-08-07T23:50:29.9249038Z info: Microsoft.EntityFrameworkCore.Database.Command[20101]
2026-08-07T23:50:29.9249407Z       Executed DbCommand (1ms) [Parameters=[], CommandType='Text', CommandTimeout='30']
2026-08-07T23:50:29.9249636Z       SELECT [MigrationId], [ProductVersion]
2026-08-07T23:50:29.9249679Z       FROM [__EFMigrationsHistory]
2026-08-07T23:50:29.9255662Z       ORDER BY [MigrationId];
2026-08-07T23:50:29.9267973Z info: Microsoft.EntityFrameworkCore.Database.Command[20101]
2026-08-07T23:50:29.9268292Z       Executed DbCommand (2ms) [Parameters=[], CommandType='Text', CommandTimeout='30']
2026-08-07T23:50:29.9268395Z       SELECT TOP(1) [b].[BankAccountNumber]
2026-08-07T23:50:29.9268434Z       FROM [Beneficiaries] AS [b]
2026-08-07T23:50:29.9268474Z       ORDER BY [b].[Id]
2026-08-07T23:50:32.5702830Z info: Microsoft.EntityFrameworkCore.Database.Command[20101]
2026-08-07T23:50:32.5703730Z       Executed DbCommand (2ms) [Parameters=[], CommandType='Text', CommandTimeout='30']
2026-08-07T23:50:32.5703846Z       SELECT 1
2026-08-07T23:50:32.5728184Z info: Microsoft.EntityFrameworkCore.Database.Command[20101]
2026-08-07T23:50:32.5728707Z       Executed DbCommand (1ms) [Parameters=[], CommandType='Text', CommandTimeout='30']
2026-08-07T23:50:32.5728809Z       SELECT OBJECT_ID(N'[__EFMigrationsHistory]');
2026-08-07T23:50:32.5746400Z info: Microsoft.EntityFrameworkCore.Database.Command[20101]
2026-08-07T23:50:32.5746780Z       Executed DbCommand (1ms) [Parameters=[], CommandType='Text', CommandTimeout='30']
2026-08-07T23:50:32.5746870Z       SELECT [MigrationId], [ProductVersion]
2026-08-07T23:50:32.5746912Z       FROM [__EFMigrationsHistory]
2026-08-07T23:50:32.5746951Z       ORDER BY [MigrationId];
2026-08-07T23:50:32.5765510Z info: Microsoft.EntityFrameworkCore.Database.Command[20101]
2026-08-07T23:50:32.5765814Z       Executed DbCommand (1ms) [Parameters=[], CommandType='Text', CommandTimeout='30']
2026-08-07T23:50:32.5765891Z       SELECT TOP(1) [b].[BankAccountNumber]
2026-08-07T23:50:32.5765935Z       FROM [Beneficiaries] AS [b]
2026-08-07T23:50:32.5766013Z       ORDER BY [b].[Id]
2026-08-07T23:50:37.5283064Z info: Microsoft.EntityFrameworkCore.Database.Command[20101]
2026-08-07T23:50:37.5284039Z       Executed DbCommand (2ms) [Parameters=[], CommandType='Text', CommandTimeout='30']
2026-08-07T23:50:37.5284165Z       SELECT 1
2026-08-07T23:50:37.5310265Z info: Microsoft.EntityFrameworkCore.Database.Command[20101]
2026-08-07T23:50:37.5310858Z       Executed DbCommand (2ms) [Parameters=[], CommandType='Text', CommandTimeout='30']
2026-08-07T23:50:37.5310948Z       SELECT OBJECT_ID(N'[__EFMigrationsHistory]');
2026-08-07T23:50:37.5325390Z info: Microsoft.EntityFrameworkCore.Database.Command[20101]
2026-08-07T23:50:37.5325729Z       Executed DbCommand (2ms) [Parameters=[], CommandType='Text', CommandTimeout='30']
2026-08-07T23:50:37.5325857Z       SELECT [MigrationId], [ProductVersion]
2026-08-07T23:50:37.5325896Z       FROM [__EFMigrationsHistory]
2026-08-07T23:50:37.5325933Z       ORDER BY [MigrationId];
2026-08-07T23:50:37.5357156Z info: Microsoft.EntityFrameworkCore.Database.Command[20101]
2026-08-07T23:50:37.5357619Z       Executed DbCommand (3ms) [Parameters=[], CommandType='Text', CommandTimeout='30']
2026-08-07T23:50:37.5357752Z       SELECT TOP(1) [b].[BankAccountNumber]
2026-08-07T23:50:37.5357792Z       FROM [Beneficiaries] AS [b]
2026-08-07T23:50:37.5357830Z       ORDER BY [b].[Id]
2026-08-07T23:50:41.9642304Z info: Microsoft.EntityFrameworkCore.Database.Command[20101]
2026-08-07T23:50:41.9643203Z       Executed DbCommand (2ms) [Parameters=[], CommandType='Text', CommandTimeout='30']
2026-08-07T23:50:41.9643329Z       SELECT 1
2026-08-07T23:50:41.9660524Z info: Microsoft.EntityFrameworkCore.Database.Command[20101]
2026-08-07T23:50:41.9661074Z       Executed DbCommand (2ms) [Parameters=[], CommandType='Text', CommandTimeout='30']
2026-08-07T23:50:41.9661164Z       SELECT OBJECT_ID(N'[__EFMigrationsHistory]');
2026-08-07T23:50:41.9689615Z info: Microsoft.EntityFrameworkCore.Database.Command[20101]
2026-08-07T23:50:41.9690014Z       Executed DbCommand (1ms) [Parameters=[], CommandType='Text', CommandTimeout='30']
2026-08-07T23:50:41.9692609Z       SELECT [MigrationId], [ProductVersion]
2026-08-07T23:50:41.9692711Z       FROM [__EFMigrationsHistory]
2026-08-07T23:50:41.9692797Z       ORDER BY [MigrationId];
2026-08-07T23:50:41.9707754Z info: Microsoft.EntityFrameworkCore.Database.Command[20101]
2026-08-07T23:50:41.9708091Z       Executed DbCommand (1ms) [Parameters=[], CommandType='Text', CommandTimeout='30']
2026-08-07T23:50:41.9708177Z       SELECT TOP(1) [b].[BankAccountNumber]
2026-08-07T23:50:41.9708233Z       FROM [Beneficiaries] AS [b]
2026-08-07T23:50:41.9713167Z       ORDER BY [b].[Id]
2026-08-07T23:50:47.0645257Z info: Microsoft.EntityFrameworkCore.Database.Command[20101]
2026-08-07T23:50:47.0646078Z       Executed DbCommand (2ms) [Parameters=[], CommandType='Text', CommandTimeout='30']
2026-08-07T23:50:47.0646213Z       SELECT 1
2026-08-07T23:50:47.0677281Z info: Microsoft.EntityFrameworkCore.Database.Command[20101]
2026-08-07T23:50:47.0677797Z       Executed DbCommand (2ms) [Parameters=[], CommandType='Text', CommandTimeout='30']
2026-08-07T23:50:47.0677886Z       SELECT OBJECT_ID(N'[__EFMigrationsHistory]');
2026-08-07T23:50:47.0700396Z info: Microsoft.EntityFrameworkCore.Database.Command[20101]
2026-08-07T23:50:47.0700788Z       Executed DbCommand (2ms) [Parameters=[], CommandType='Text', CommandTimeout='30']
2026-08-07T23:50:47.0700916Z       SELECT [MigrationId], [ProductVersion]
2026-08-07T23:50:47.0700959Z       FROM [__EFMigrationsHistory]
2026-08-07T23:50:47.0701005Z       ORDER BY [MigrationId];
2026-08-07T23:50:47.0724131Z info: Microsoft.EntityFrameworkCore.Database.Command[20101]
2026-08-07T23:50:47.0724385Z       Executed DbCommand (2ms) [Parameters=[], CommandType='Text', CommandTimeout='30']
2026-08-07T23:50:47.0724595Z       SELECT TOP(1) [b].[BankAccountNumber]
2026-08-07T23:50:47.0724645Z       FROM [Beneficiaries] AS [b]
2026-08-07T23:50:47.0724685Z       ORDER BY [b].[Id]
2026-08-07T23:50:47.7794337Z info: Microsoft.EntityFrameworkCore.Database.Command[20101]
2026-08-07T23:50:47.7795240Z       Executed DbCommand (2ms) [Parameters=[], CommandType='Text', CommandTimeout='30']
2026-08-07T23:50:47.7795335Z       SELECT 1
2026-08-07T23:50:47.7807606Z info: Microsoft.EntityFrameworkCore.Database.Command[20101]
2026-08-07T23:50:47.7807970Z       Executed DbCommand (1ms) [Parameters=[], CommandType='Text', CommandTimeout='30']
2026-08-07T23:50:47.7808041Z       SELECT OBJECT_ID(N'[__EFMigrationsHistory]');
2026-08-07T23:50:47.7836120Z info: Microsoft.EntityFrameworkCore.Database.Command[20101]
2026-08-07T23:50:47.7836428Z       Executed DbCommand (1ms) [Parameters=[], CommandType='Text', CommandTimeout='30']
2026-08-07T23:50:47.7836496Z       SELECT [MigrationId], [ProductVersion]
2026-08-07T23:50:47.7836538Z       FROM [__EFMigrationsHistory]
2026-08-07T23:50:47.7842274Z       ORDER BY [MigrationId];
2026-08-07T23:50:47.7855249Z info: Microsoft.EntityFrameworkCore.Database.Command[20101]
2026-08-07T23:50:47.7855543Z       Executed DbCommand (1ms) [Parameters=[], CommandType='Text', CommandTimeout='30']
2026-08-07T23:50:47.7855610Z       SELECT TOP(1) [b].[BankAccountNumber]
2026-08-07T23:50:47.7855649Z       FROM [Beneficiaries] AS [b]
2026-08-07T23:50:47.7855727Z       ORDER BY [b].[Id]
2026-08-07T23:50:52.1671587Z info: Microsoft.EntityFrameworkCore.Database.Command[20101]
2026-08-07T23:50:52.1672362Z       Executed DbCommand (2ms) [Parameters=[], CommandType='Text', CommandTimeout='30']
2026-08-07T23:50:52.1672480Z       SELECT 1
2026-08-07T23:50:52.1689736Z info: Microsoft.EntityFrameworkCore.Database.Command[20101]
2026-08-07T23:50:52.1690237Z       Executed DbCommand (2ms) [Parameters=[], CommandType='Text', CommandTimeout='30']
2026-08-07T23:50:52.1690349Z       SELECT OBJECT_ID(N'[__EFMigrationsHistory]');
2026-08-07T23:50:52.1718158Z info: Microsoft.EntityFrameworkCore.Database.Command[20101]
2026-08-07T23:50:52.1718520Z       Executed DbCommand (2ms) [Parameters=[], CommandType='Text', CommandTimeout='30']
2026-08-07T23:50:52.1718640Z       SELECT [MigrationId], [ProductVersion]
2026-08-07T23:50:52.1718682Z       FROM [__EFMigrationsHistory]
2026-08-07T23:50:52.1718723Z       ORDER BY [MigrationId];
2026-08-07T23:50:52.1740054Z info: Microsoft.EntityFrameworkCore.Database.Command[20101]
2026-08-07T23:50:52.1740373Z       Executed DbCommand (1ms) [Parameters=[], CommandType='Text', CommandTimeout='30']
2026-08-07T23:50:52.1740436Z       SELECT TOP(1) [b].[BankAccountNumber]
2026-08-07T23:50:52.1740478Z       FROM [Beneficiaries] AS [b]
2026-08-07T23:50:52.1740524Z       ORDER BY [b].[Id]
2026-08-07T23:50:52.6268045Z info: Microsoft.EntityFrameworkCore.Database.Command[20101]
2026-08-07T23:50:52.6268830Z       Executed DbCommand (2ms) [Parameters=[], CommandType='Text', CommandTimeout='30']
2026-08-07T23:50:52.6268928Z       SELECT 1
2026-08-07T23:50:52.6289058Z info: Microsoft.EntityFrameworkCore.Database.Command[20101]
2026-08-07T23:50:52.6289539Z       Executed DbCommand (2ms) [Parameters=[], CommandType='Text', CommandTimeout='30']
2026-08-07T23:50:52.6289692Z       SELECT OBJECT_ID(N'[__EFMigrationsHistory]');
2026-08-07T23:50:52.6315179Z info: Microsoft.EntityFrameworkCore.Database.Command[20101]
2026-08-07T23:50:52.6315591Z       Executed DbCommand (2ms) [Parameters=[], CommandType='Text', CommandTimeout='30']
2026-08-07T23:50:52.6315673Z       SELECT [MigrationId], [ProductVersion]
2026-08-07T23:50:52.6315722Z       FROM [__EFMigrationsHistory]
2026-08-07T23:50:52.6315816Z       ORDER BY [MigrationId];
2026-08-07T23:50:52.6330145Z info: Microsoft.EntityFrameworkCore.Database.Command[20101]
2026-08-07T23:50:52.6330492Z       Executed DbCommand (2ms) [Parameters=[], CommandType='Text', CommandTimeout='30']
2026-08-07T23:50:52.6330572Z       SELECT TOP(1) [b].[BankAccountNumber]
2026-08-07T23:50:52.6330613Z       FROM [Beneficiaries] AS [b]
2026-08-07T23:50:52.6333886Z       ORDER BY [b].[Id]
2026-08-07T23:50:59.5501090Z info: Microsoft.EntityFrameworkCore.Database.Command[20101]
2026-08-07T23:50:59.5502254Z       Executed DbCommand (2ms) [Parameters=[], CommandType='Text', CommandTimeout='30']
2026-08-07T23:50:59.5502388Z       SELECT 1
2026-08-07T23:50:59.5518835Z info: Microsoft.EntityFrameworkCore.Database.Command[20101]
2026-08-07T23:50:59.5519421Z       Executed DbCommand (2ms) [Parameters=[], CommandType='Text', CommandTimeout='30']
2026-08-07T23:50:59.5519523Z       SELECT OBJECT_ID(N'[__EFMigrationsHistory]');
2026-08-07T23:50:59.5550845Z info: Microsoft.EntityFrameworkCore.Database.Command[20101]
2026-08-07T23:50:59.5551381Z       Executed DbCommand (1ms) [Parameters=[], CommandType='Text', CommandTimeout='30']
2026-08-07T23:50:59.5552733Z       SELECT [MigrationId], [ProductVersion]
2026-08-07T23:50:59.5552830Z       FROM [__EFMigrationsHistory]
2026-08-07T23:50:59.5552878Z       ORDER BY [MigrationId];
2026-08-07T23:50:59.5565392Z info: Microsoft.EntityFrameworkCore.Database.Command[20101]
2026-08-07T23:50:59.5565774Z       Executed DbCommand (1ms) [Parameters=[], CommandType='Text', CommandTimeout='30']
2026-08-07T23:50:59.5565838Z       SELECT TOP(1) [b].[BankAccountNumber]
2026-08-07T23:50:59.5565876Z       FROM [Beneficiaries] AS [b]
2026-08-07T23:50:59.5565912Z       ORDER BY [b].[Id]
2026-08-07T23:51:01.4705313Z info: Microsoft.EntityFrameworkCore.Database.Command[20101]
2026-08-07T23:51:01.4706421Z       Executed DbCommand (2ms) [Parameters=[], CommandType='Text', CommandTimeout='30']
2026-08-07T23:51:01.4706540Z       SELECT 1
2026-08-07T23:51:01.4735360Z info: Microsoft.EntityFrameworkCore.Database.Command[20101]
2026-08-07T23:51:01.4735898Z       Executed DbCommand (2ms) [Parameters=[], CommandType='Text', CommandTimeout='30']
2026-08-07T23:51:01.4736051Z       SELECT OBJECT_ID(N'[__EFMigrationsHistory]');
2026-08-07T23:51:01.4777858Z info: Microsoft.EntityFrameworkCore.Database.Command[20101]
2026-08-07T23:51:01.4778519Z       Executed DbCommand (4ms) [Parameters=[], CommandType='Text', CommandTimeout='30']
2026-08-07T23:51:01.4778615Z       SELECT [MigrationId], [ProductVersion]
2026-08-07T23:51:01.4778742Z       FROM [__EFMigrationsHistory]
2026-08-07T23:51:01.4783858Z       ORDER BY [MigrationId];
2026-08-07T23:51:01.4797860Z info: Microsoft.EntityFrameworkCore.Database.Command[20101]
2026-08-07T23:51:01.4798216Z       Executed DbCommand (2ms) [Parameters=[], CommandType='Text', CommandTimeout='30']
2026-08-07T23:51:01.4798452Z       SELECT TOP(1) [b].[BankAccountNumber]
2026-08-07T23:51:01.4798503Z       FROM [Beneficiaries] AS [b]
2026-08-07T23:51:01.4798542Z       ORDER BY [b].[Id]
2026-08-07T23:51:07.9879251Z info: Microsoft.EntityFrameworkCore.Database.Command[20101]
2026-08-07T23:51:07.9879981Z       Executed DbCommand (2ms) [Parameters=[], CommandType='Text', CommandTimeout='30']
2026-08-07T23:51:07.9880159Z       SELECT 1
2026-08-07T23:51:07.9904487Z info: Microsoft.EntityFrameworkCore.Database.Command[20101]
2026-08-07T23:51:07.9904934Z       Executed DbCommand (2ms) [Parameters=[], CommandType='Text', CommandTimeout='30']
2026-08-07T23:51:07.9905016Z       SELECT OBJECT_ID(N'[__EFMigrationsHistory]');
2026-08-07T23:51:07.9919322Z info: Microsoft.EntityFrameworkCore.Database.Command[20101]
2026-08-07T23:51:07.9919683Z       Executed DbCommand (2ms) [Parameters=[], CommandType='Text', CommandTimeout='30']
2026-08-07T23:51:07.9919752Z       SELECT [MigrationId], [ProductVersion]
2026-08-07T23:51:07.9919792Z       FROM [__EFMigrationsHistory]
2026-08-07T23:51:07.9925709Z       ORDER BY [MigrationId];
2026-08-07T23:51:07.9938712Z info: Microsoft.EntityFrameworkCore.Database.Command[20101]
2026-08-07T23:51:07.9939093Z       Executed DbCommand (2ms) [Parameters=[], CommandType='Text', CommandTimeout='30']
2026-08-07T23:51:07.9939161Z       SELECT TOP(1) [b].[BankAccountNumber]
2026-08-07T23:51:07.9939203Z       FROM [Beneficiaries] AS [b]
2026-08-07T23:51:07.9939282Z       ORDER BY [b].[Id]
2026-08-07T23:51:09.7209286Z info: Microsoft.EntityFrameworkCore.Database.Command[20101]
2026-08-07T23:51:09.7210282Z       Executed DbCommand (2ms) [Parameters=[], CommandType='Text', CommandTimeout='30']
2026-08-07T23:51:09.7210420Z       SELECT 1
2026-08-07T23:51:09.7241292Z info: Microsoft.EntityFrameworkCore.Database.Command[20101]
2026-08-07T23:51:09.7242136Z       Executed DbCommand (2ms) [Parameters=[], CommandType='Text', CommandTimeout='30']
2026-08-07T23:51:09.7242221Z       SELECT OBJECT_ID(N'[__EFMigrationsHistory]');
2026-08-07T23:51:09.7283657Z info: Microsoft.EntityFrameworkCore.Database.Command[20101]
2026-08-07T23:51:09.7284222Z       Executed DbCommand (4ms) [Parameters=[], CommandType='Text', CommandTimeout='30']
2026-08-07T23:51:09.7284373Z       SELECT [MigrationId], [ProductVersion]
2026-08-07T23:51:09.7284417Z       FROM [__EFMigrationsHistory]
2026-08-07T23:51:09.7285118Z       ORDER BY [MigrationId];
2026-08-07T23:51:09.7306641Z info: Microsoft.EntityFrameworkCore.Database.Command[20101]
2026-08-07T23:51:09.7307042Z       Executed DbCommand (2ms) [Parameters=[], CommandType='Text', CommandTimeout='30']
2026-08-07T23:51:09.7307122Z       SELECT TOP(1) [b].[BankAccountNumber]
2026-08-07T23:51:09.7307265Z       FROM [Beneficiaries] AS [b]
2026-08-07T23:51:09.7307311Z       ORDER BY [b].[Id]
2026-08-07T23:51:11.6546782Z info: Microsoft.EntityFrameworkCore.Database.Command[20101]
2026-08-07T23:51:11.6547738Z       Executed DbCommand (2ms) [Parameters=[], CommandType='Text', CommandTimeout='30']
2026-08-07T23:51:11.6547844Z       SELECT 1
2026-08-07T23:51:11.6569253Z info: Microsoft.EntityFrameworkCore.Database.Command[20101]
2026-08-07T23:51:11.6569800Z       Executed DbCommand (2ms) [Parameters=[], CommandType='Text', CommandTimeout='30']
2026-08-07T23:51:11.6569938Z       SELECT OBJECT_ID(N'[__EFMigrationsHistory]');
2026-08-07T23:51:11.6592913Z info: Microsoft.EntityFrameworkCore.Database.Command[20101]
2026-08-07T23:51:11.6593381Z       Executed DbCommand (2ms) [Parameters=[], CommandType='Text', CommandTimeout='30']
2026-08-07T23:51:11.6593466Z       SELECT [MigrationId], [ProductVersion]
2026-08-07T23:51:11.6593516Z       FROM [__EFMigrationsHistory]
2026-08-07T23:51:11.6594860Z       ORDER BY [MigrationId];
2026-08-07T23:51:11.6606258Z info: Microsoft.EntityFrameworkCore.Database.Command[20101]
2026-08-07T23:51:11.6606560Z       Executed DbCommand (1ms) [Parameters=[], CommandType='Text', CommandTimeout='30']
2026-08-07T23:51:11.6606633Z       SELECT TOP(1) [b].[BankAccountNumber]
2026-08-07T23:51:11.6611448Z       FROM [Beneficiaries] AS [b]
2026-08-07T23:51:11.6612088Z       ORDER BY [b].[Id]
2026-08-07T23:51:14.1981299Z info: Microsoft.EntityFrameworkCore.Database.Command[20101]
2026-08-07T23:51:14.1982260Z       Executed DbCommand (2ms) [Parameters=[], CommandType='Text', CommandTimeout='30']
2026-08-07T23:51:14.1982389Z       SELECT 1
2026-08-07T23:51:14.2001659Z info: Microsoft.EntityFrameworkCore.Database.Command[20101]
2026-08-07T23:51:14.2002149Z       Executed DbCommand (2ms) [Parameters=[], CommandType='Text', CommandTimeout='30']
2026-08-07T23:51:14.2002222Z       SELECT OBJECT_ID(N'[__EFMigrationsHistory]');
2026-08-07T23:51:14.2035043Z info: Microsoft.EntityFrameworkCore.Database.Command[20101]
2026-08-07T23:51:14.2036449Z       Executed DbCommand (2ms) [Parameters=[], CommandType='Text', CommandTimeout='30']
2026-08-07T23:51:14.2036567Z       SELECT [MigrationId], [ProductVersion]
2026-08-07T23:51:14.2036614Z       FROM [__EFMigrationsHistory]
2026-08-07T23:51:14.2036663Z       ORDER BY [MigrationId];
2026-08-07T23:51:14.2048545Z info: Microsoft.EntityFrameworkCore.Database.Command[20101]
2026-08-07T23:51:14.2048879Z       Executed DbCommand (1ms) [Parameters=[], CommandType='Text', CommandTimeout='30']
2026-08-07T23:51:14.2048940Z       SELECT TOP(1) [b].[BankAccountNumber]
2026-08-07T23:51:14.2048976Z       FROM [Beneficiaries] AS [b]
2026-08-07T23:51:14.2049014Z       ORDER BY [b].[Id]
2026-08-07T23:51:18.1029268Z info: Microsoft.EntityFrameworkCore.Database.Command[20101]
2026-08-07T23:51:18.1030348Z       Executed DbCommand (2ms) [Parameters=[], CommandType='Text', CommandTimeout='30']
2026-08-07T23:51:18.1030481Z       SELECT 1
2026-08-07T23:51:18.1047285Z info: Microsoft.EntityFrameworkCore.Database.Command[20101]
2026-08-07T23:51:18.1047893Z       Executed DbCommand (2ms) [Parameters=[], CommandType='Text', CommandTimeout='30']
2026-08-07T23:51:18.1048032Z       SELECT OBJECT_ID(N'[__EFMigrationsHistory]');
2026-08-07T23:51:18.1078768Z info: Microsoft.EntityFrameworkCore.Database.Command[20101]
2026-08-07T23:51:18.1079184Z       Executed DbCommand (1ms) [Parameters=[], CommandType='Text', CommandTimeout='30']
2026-08-07T23:51:18.1079250Z       SELECT [MigrationId], [ProductVersion]
2026-08-07T23:51:18.1079329Z       FROM [__EFMigrationsHistory]
2026-08-07T23:51:18.1079364Z       ORDER BY [MigrationId];
2026-08-07T23:51:18.1093593Z info: Microsoft.EntityFrameworkCore.Database.Command[20101]
2026-08-07T23:51:18.1093939Z       Executed DbCommand (1ms) [Parameters=[], CommandType='Text', CommandTimeout='30']
2026-08-07T23:51:18.1094004Z       SELECT TOP(1) [b].[BankAccountNumber]
2026-08-07T23:51:18.1094198Z       FROM [Beneficiaries] AS [b]
2026-08-07T23:51:18.1094241Z       ORDER BY [b].[Id]
2026-08-07T23:51:19.0172910Z info: Microsoft.EntityFrameworkCore.Database.Command[20101]
2026-08-07T23:51:19.0173797Z       Executed DbCommand (7ms) [Parameters=[], CommandType='Text', CommandTimeout='30']
2026-08-07T23:51:19.0173989Z       SELECT 1
2026-08-07T23:51:19.0203756Z info: Microsoft.EntityFrameworkCore.Database.Command[20101]
2026-08-07T23:51:19.0204497Z       Executed DbCommand (2ms) [Parameters=[], CommandType='Text', CommandTimeout='30']
2026-08-07T23:51:19.0204602Z       SELECT OBJECT_ID(N'[__EFMigrationsHistory]');
2026-08-07T23:51:19.0222214Z info: Microsoft.EntityFrameworkCore.Database.Command[20101]
2026-08-07T23:51:19.0224403Z       Executed DbCommand (1ms) [Parameters=[], CommandType='Text', CommandTimeout='30']
2026-08-07T23:51:19.0224519Z       SELECT [MigrationId], [ProductVersion]
2026-08-07T23:51:19.0224567Z       FROM [__EFMigrationsHistory]
2026-08-07T23:51:19.0224617Z       ORDER BY [MigrationId];
2026-08-07T23:51:19.0237050Z info: Microsoft.EntityFrameworkCore.Database.Command[20101]
2026-08-07T23:51:19.0237322Z       Executed DbCommand (1ms) [Parameters=[], CommandType='Text', CommandTimeout='30']
2026-08-07T23:51:19.0237404Z       SELECT TOP(1) [b].[BankAccountNumber]
2026-08-07T23:51:19.0237452Z       FROM [Beneficiaries] AS [b]
2026-08-07T23:51:19.0237499Z       ORDER BY [b].[Id]
2026-08-07T23:51:21.3165726Z info: Microsoft.EntityFrameworkCore.Database.Command[20101]
2026-08-07T23:51:21.3166911Z       Executed DbCommand (2ms) [Parameters=[], CommandType='Text', CommandTimeout='30']
2026-08-07T23:51:21.3167058Z       SELECT 1
2026-08-07T23:51:21.3181031Z info: Microsoft.EntityFrameworkCore.Database.Command[20101]
2026-08-07T23:51:21.3181710Z       Executed DbCommand (2ms) [Parameters=[], CommandType='Text', CommandTimeout='30']
2026-08-07T23:51:21.3181790Z       SELECT OBJECT_ID(N'[__EFMigrationsHistory]');
2026-08-07T23:51:21.3210488Z info: Microsoft.EntityFrameworkCore.Database.Command[20101]
2026-08-07T23:51:21.3210853Z       Executed DbCommand (1ms) [Parameters=[], CommandType='Text', CommandTimeout='30']
2026-08-07T23:51:21.3210969Z       SELECT [MigrationId], [ProductVersion]
2026-08-07T23:51:21.3211001Z       FROM [__EFMigrationsHistory]
2026-08-07T23:51:21.3211029Z       ORDER BY [MigrationId];
2026-08-07T23:51:21.3224868Z info: Microsoft.EntityFrameworkCore.Database.Command[20101]
2026-08-07T23:51:21.3225182Z       Executed DbCommand (1ms) [Parameters=[], CommandType='Text', CommandTimeout='30']
2026-08-07T23:51:21.3225285Z       SELECT TOP(1) [b].[BankAccountNumber]
2026-08-07T23:51:21.3225324Z       FROM [Beneficiaries] AS [b]
2026-08-07T23:51:21.3225445Z       ORDER BY [b].[Id]
2026-08-07T23:51:21.5943966Z info: Microsoft.EntityFrameworkCore.Database.Command[20101]
2026-08-07T23:51:21.5944966Z       Executed DbCommand (2ms) [Parameters=[], CommandType='Text', CommandTimeout='30']
2026-08-07T23:51:21.5945089Z       SELECT 1
2026-08-07T23:51:21.5970943Z info: Microsoft.EntityFrameworkCore.Database.Command[20101]
2026-08-07T23:51:21.5971465Z       Executed DbCommand (2ms) [Parameters=[], CommandType='Text', CommandTimeout='30']
2026-08-07T23:51:21.5972978Z       SELECT OBJECT_ID(N'[__EFMigrationsHistory]');
2026-08-07T23:51:21.5988013Z info: Microsoft.EntityFrameworkCore.Database.Command[20101]
2026-08-07T23:51:21.5988379Z       Executed DbCommand (1ms) [Parameters=[], CommandType='Text', CommandTimeout='30']
2026-08-07T23:51:21.5989836Z       SELECT [MigrationId], [ProductVersion]
2026-08-07T23:51:21.5989955Z       FROM [__EFMigrationsHistory]
2026-08-07T23:51:21.5990027Z       ORDER BY [MigrationId];
2026-08-07T23:51:21.6003234Z info: Microsoft.EntityFrameworkCore.Database.Command[20101]
2026-08-07T23:51:21.6003540Z       Executed DbCommand (2ms) [Parameters=[], CommandType='Text', CommandTimeout='30']
2026-08-07T23:51:21.6003607Z       SELECT TOP(1) [b].[BankAccountNumber]
2026-08-07T23:51:21.6003647Z       FROM [Beneficiaries] AS [b]
2026-08-07T23:51:21.6003727Z       ORDER BY [b].[Id]
2026-08-07T23:51:23.1597244Z info: Microsoft.EntityFrameworkCore.Database.Command[20101]
2026-08-07T23:51:23.1598168Z       Executed DbCommand (2ms) [Parameters=[], CommandType='Text', CommandTimeout='30']
2026-08-07T23:51:23.1598283Z       SELECT 1
2026-08-07T23:51:23.1625240Z info: Microsoft.EntityFrameworkCore.Database.Command[20101]
2026-08-07T23:51:23.1625830Z       Executed DbCommand (2ms) [Parameters=[], CommandType='Text', CommandTimeout='30']
2026-08-07T23:51:23.1628008Z       SELECT OBJECT_ID(N'[__EFMigrationsHistory]');
2026-08-07T23:51:23.1642677Z info: Microsoft.EntityFrameworkCore.Database.Command[20101]
2026-08-07T23:51:23.1643121Z       Executed DbCommand (1ms) [Parameters=[], CommandType='Text', CommandTimeout='30']
2026-08-07T23:51:23.1643262Z       SELECT [MigrationId], [ProductVersion]
2026-08-07T23:51:23.1643325Z       FROM [__EFMigrationsHistory]
2026-08-07T23:51:23.1643384Z       ORDER BY [MigrationId];
2026-08-07T23:51:23.1661108Z info: Microsoft.EntityFrameworkCore.Database.Command[20101]
2026-08-07T23:51:23.1661423Z       Executed DbCommand (1ms) [Parameters=[], CommandType='Text', CommandTimeout='30']
2026-08-07T23:51:23.1661534Z       SELECT TOP(1) [b].[BankAccountNumber]
2026-08-07T23:51:23.1666522Z       FROM [Beneficiaries] AS [b]
2026-08-07T23:51:23.1666582Z       ORDER BY [b].[Id]
2026-08-07T23:51:26.8408396Z info: Microsoft.EntityFrameworkCore.Database.Command[20101]
2026-08-07T23:51:26.8409320Z       Executed DbCommand (2ms) [Parameters=[], CommandType='Text', CommandTimeout='30']
2026-08-07T23:51:26.8409447Z       SELECT 1
2026-08-07T23:51:26.8428945Z info: Microsoft.EntityFrameworkCore.Database.Command[20101]
2026-08-07T23:51:26.8429485Z       Executed DbCommand (2ms) [Parameters=[], CommandType='Text', CommandTimeout='30']
2026-08-07T23:51:26.8429587Z       SELECT OBJECT_ID(N'[__EFMigrationsHistory]');
2026-08-07T23:51:26.8458280Z info: Microsoft.EntityFrameworkCore.Database.Command[20101]
2026-08-07T23:51:26.8458737Z       Executed DbCommand (2ms) [Parameters=[], CommandType='Text', CommandTimeout='30']
2026-08-07T23:51:26.8458843Z       SELECT [MigrationId], [ProductVersion]
2026-08-07T23:51:26.8458901Z       FROM [__EFMigrationsHistory]
2026-08-07T23:51:26.8459005Z       ORDER BY [MigrationId];
2026-08-07T23:51:26.8471430Z info: Microsoft.EntityFrameworkCore.Database.Command[20101]
2026-08-07T23:51:26.8471741Z       Executed DbCommand (1ms) [Parameters=[], CommandType='Text', CommandTimeout='30']
2026-08-07T23:51:26.8471808Z       SELECT TOP(1) [b].[BankAccountNumber]
2026-08-07T23:51:26.8471846Z       FROM [Beneficiaries] AS [b]
2026-08-07T23:51:26.8476500Z       ORDER BY [b].[Id]
2026-08-07T23:51:45.5346368Z info: Microsoft.EntityFrameworkCore.Database.Command[20101]
2026-08-07T23:51:45.5347208Z       Executed DbCommand (2ms) [Parameters=[], CommandType='Text', CommandTimeout='30']
2026-08-07T23:51:45.5347345Z       SELECT 1
2026-08-07T23:51:45.5375948Z info: Microsoft.EntityFrameworkCore.Database.Command[20101]
2026-08-07T23:51:45.5376553Z       Executed DbCommand (2ms) [Parameters=[], CommandType='Text', CommandTimeout='30']
2026-08-07T23:51:45.5376652Z       SELECT OBJECT_ID(N'[__EFMigrationsHistory]');
2026-08-07T23:51:45.5389692Z info: Microsoft.EntityFrameworkCore.Database.Command[20101]
2026-08-07T23:51:45.5390147Z       Executed DbCommand (1ms) [Parameters=[], CommandType='Text', CommandTimeout='30']
2026-08-07T23:51:45.5390302Z       SELECT [MigrationId], [ProductVersion]
2026-08-07T23:51:45.5390362Z       FROM [__EFMigrationsHistory]
2026-08-07T23:51:45.5397306Z       ORDER BY [MigrationId];
2026-08-07T23:51:45.5411011Z info: Microsoft.EntityFrameworkCore.Database.Command[20101]
2026-08-07T23:51:45.5411348Z       Executed DbCommand (1ms) [Parameters=[], CommandType='Text', CommandTimeout='30']
2026-08-07T23:51:45.5411421Z       SELECT TOP(1) [b].[BankAccountNumber]
2026-08-07T23:51:45.5411458Z       FROM [Beneficiaries] AS [b]
2026-08-07T23:51:45.5411495Z       ORDER BY [b].[Id]
2026-08-07T23:51:46.7986246Z info: Microsoft.EntityFrameworkCore.Database.Command[20101]
2026-08-07T23:51:46.7987109Z       Executed DbCommand (2ms) [Parameters=[], CommandType='Text', CommandTimeout='30']
2026-08-07T23:51:46.7987216Z       SELECT 1
2026-08-07T23:51:46.8008054Z info: Microsoft.EntityFrameworkCore.Database.Command[20101]
2026-08-07T23:51:46.8008716Z       Executed DbCommand (2ms) [Parameters=[], CommandType='Text', CommandTimeout='30']
2026-08-07T23:51:46.8008878Z       SELECT OBJECT_ID(N'[__EFMigrationsHistory]');
2026-08-07T23:51:46.8032728Z info: Microsoft.EntityFrameworkCore.Database.Command[20101]
2026-08-07T23:51:46.8033066Z       Executed DbCommand (1ms) [Parameters=[], CommandType='Text', CommandTimeout='30']
2026-08-07T23:51:46.8033133Z       SELECT [MigrationId], [ProductVersion]
2026-08-07T23:51:46.8033176Z       FROM [__EFMigrationsHistory]
2026-08-07T23:51:46.8038784Z       ORDER BY [MigrationId];
2026-08-07T23:51:46.8053304Z info: Microsoft.EntityFrameworkCore.Database.Command[20101]
2026-08-07T23:51:46.8053588Z       Executed DbCommand (1ms) [Parameters=[], CommandType='Text', CommandTimeout='30']
2026-08-07T23:51:46.8053662Z       SELECT TOP(1) [b].[BankAccountNumber]
2026-08-07T23:51:46.8053752Z       FROM [Beneficiaries] AS [b]
2026-08-07T23:51:46.8053800Z       ORDER BY [b].[Id]
2026-08-07T23:51:47.3116494Z info: Microsoft.EntityFrameworkCore.Database.Command[20101]
2026-08-07T23:51:47.3117345Z       Executed DbCommand (6ms) [Parameters=[], CommandType='Text', CommandTimeout='30']
2026-08-07T23:51:47.3117483Z       SELECT 1
2026-08-07T23:51:47.3143989Z info: Microsoft.EntityFrameworkCore.Database.Command[20101]
2026-08-07T23:51:47.3144517Z       Executed DbCommand (2ms) [Parameters=[], CommandType='Text', CommandTimeout='30']
2026-08-07T23:51:47.3144608Z       SELECT OBJECT_ID(N'[__EFMigrationsHistory]');
2026-08-07T23:51:47.3161561Z info: Microsoft.EntityFrameworkCore.Database.Command[20101]
2026-08-07T23:51:47.3161988Z       Executed DbCommand (1ms) [Parameters=[], CommandType='Text', CommandTimeout='30']
2026-08-07T23:51:47.3162065Z       SELECT [MigrationId], [ProductVersion]
2026-08-07T23:51:47.3162111Z       FROM [__EFMigrationsHistory]
2026-08-07T23:51:47.3162152Z       ORDER BY [MigrationId];
2026-08-07T23:51:47.3177408Z info: Microsoft.EntityFrameworkCore.Database.Command[20101]
2026-08-07T23:51:47.3177980Z       Executed DbCommand (1ms) [Parameters=[], CommandType='Text', CommandTimeout='30']
2026-08-07T23:51:47.3178056Z       SELECT TOP(1) [b].[BankAccountNumber]
2026-08-07T23:51:47.3178093Z       FROM [Beneficiaries] AS [b]
2026-08-07T23:51:47.3178129Z       ORDER BY [b].[Id]
2026-08-07T23:51:47.3228453Z info: Microsoft.EntityFrameworkCore.Database.Command[20101]
2026-08-07T23:51:47.3228800Z       Executed DbCommand (1ms) [Parameters=[], CommandType='Text', CommandTimeout='30']
2026-08-07T23:51:47.3228881Z       SELECT 1
2026-08-07T23:51:47.3243129Z info: Microsoft.EntityFrameworkCore.Database.Command[20101]
2026-08-07T23:51:47.3243423Z       Executed DbCommand (1ms) [Parameters=[], CommandType='Text', CommandTimeout='30']
2026-08-07T23:51:47.3243529Z       SELECT OBJECT_ID(N'[__EFMigrationsHistory]');
2026-08-07T23:51:47.3268213Z info: Microsoft.EntityFrameworkCore.Database.Command[20101]
2026-08-07T23:51:47.3268517Z       Executed DbCommand (1ms) [Parameters=[], CommandType='Text', CommandTimeout='30']
2026-08-07T23:51:47.3268583Z       SELECT [MigrationId], [ProductVersion]
2026-08-07T23:51:47.3268670Z       FROM [__EFMigrationsHistory]
2026-08-07T23:51:47.3273582Z       ORDER BY [MigrationId];
2026-08-07T23:51:47.3285425Z info: Microsoft.EntityFrameworkCore.Database.Command[20101]
2026-08-07T23:51:47.3285720Z       Executed DbCommand (1ms) [Parameters=[], CommandType='Text', CommandTimeout='30']
2026-08-07T23:51:47.3285828Z       SELECT TOP(1) [b].[BankAccountNumber]
2026-08-07T23:51:47.3285867Z       FROM [Beneficiaries] AS [b]
2026-08-07T23:51:47.3285905Z       ORDER BY [b].[Id]
2026-08-07T23:51:48.8133426Z info: Microsoft.EntityFrameworkCore.Database.Command[20101]
2026-08-07T23:51:48.8134287Z       Executed DbCommand (2ms) [Parameters=[], CommandType='Text', CommandTimeout='30']
2026-08-07T23:51:48.8134588Z       SELECT 1
2026-08-07T23:51:48.8163580Z info: Microsoft.EntityFrameworkCore.Database.Command[20101]
2026-08-07T23:51:48.8164209Z       Executed DbCommand (2ms) [Parameters=[], CommandType='Text', CommandTimeout='30']
2026-08-07T23:51:48.8164309Z       SELECT OBJECT_ID(N'[__EFMigrationsHistory]');
2026-08-07T23:51:48.8178161Z info: Microsoft.EntityFrameworkCore.Database.Command[20101]
2026-08-07T23:51:48.8178557Z       Executed DbCommand (2ms) [Parameters=[], CommandType='Text', CommandTimeout='30']
2026-08-07T23:51:48.8183767Z       SELECT [MigrationId], [ProductVersion]
2026-08-07T23:51:48.8183898Z       FROM [__EFMigrationsHistory]
2026-08-07T23:51:48.8184161Z       ORDER BY [MigrationId];
2026-08-07T23:51:48.8195689Z info: Microsoft.EntityFrameworkCore.Database.Command[20101]
2026-08-07T23:51:48.8195986Z       Executed DbCommand (1ms) [Parameters=[], CommandType='Text', CommandTimeout='30']
2026-08-07T23:51:48.8196055Z       SELECT TOP(1) [b].[BankAccountNumber]
2026-08-07T23:51:48.8196095Z       FROM [Beneficiaries] AS [b]
2026-08-07T23:51:48.8196184Z       ORDER BY [b].[Id]
2026-08-07T23:51:52.1728622Z info: Microsoft.EntityFrameworkCore.Database.Command[20101]
2026-08-07T23:51:52.1729387Z       Executed DbCommand (2ms) [Parameters=[], CommandType='Text', CommandTimeout='30']
2026-08-07T23:51:52.1729513Z       SELECT 1
2026-08-07T23:51:52.1743407Z info: Microsoft.EntityFrameworkCore.Database.Command[20101]
2026-08-07T23:51:52.1743860Z       Executed DbCommand (1ms) [Parameters=[], CommandType='Text', CommandTimeout='30']
2026-08-07T23:51:52.1743940Z       SELECT OBJECT_ID(N'[__EFMigrationsHistory]');
2026-08-07T23:51:52.1777320Z info: Microsoft.EntityFrameworkCore.Database.Command[20101]
2026-08-07T23:51:52.1777749Z       Executed DbCommand (1ms) [Parameters=[], CommandType='Text', CommandTimeout='30']
2026-08-07T23:51:52.1777863Z       SELECT [MigrationId], [ProductVersion]
2026-08-07T23:51:52.1777922Z       FROM [__EFMigrationsHistory]
2026-08-07T23:51:52.1777964Z       ORDER BY [MigrationId];
2026-08-07T23:51:52.1787440Z info: Microsoft.EntityFrameworkCore.Database.Command[20101]
2026-08-07T23:51:52.1787754Z       Executed DbCommand (1ms) [Parameters=[], CommandType='Text', CommandTimeout='30']
2026-08-07T23:51:52.1787864Z       SELECT TOP(1) [b].[BankAccountNumber]
2026-08-07T23:51:52.1787910Z       FROM [Beneficiaries] AS [b]
2026-08-07T23:51:52.1787954Z       ORDER BY [b].[Id]
2026-08-07T23:51:56.2335255Z info: Microsoft.EntityFrameworkCore.Database.Command[20101]
2026-08-07T23:51:56.2336174Z       Executed DbCommand (2ms) [Parameters=[], CommandType='Text', CommandTimeout='30']
2026-08-07T23:51:56.2336320Z       SELECT 1
2026-08-07T23:51:56.2352142Z info: Microsoft.EntityFrameworkCore.Database.Command[20101]
2026-08-07T23:51:56.2352717Z       Executed DbCommand (2ms) [Parameters=[], CommandType='Text', CommandTimeout='30']
2026-08-07T23:51:56.2352797Z       SELECT OBJECT_ID(N'[__EFMigrationsHistory]');
2026-08-07T23:51:56.2386425Z info: Microsoft.EntityFrameworkCore.Database.Command[20101]
2026-08-07T23:51:56.2386768Z       Executed DbCommand (2ms) [Parameters=[], CommandType='Text', CommandTimeout='30']
2026-08-07T23:51:56.2386847Z       SELECT [MigrationId], [ProductVersion]
2026-08-07T23:51:56.2386898Z       FROM [__EFMigrationsHistory]
2026-08-07T23:51:56.2386988Z       ORDER BY [MigrationId];
2026-08-07T23:51:56.2402045Z info: Microsoft.EntityFrameworkCore.Database.Command[20101]
2026-08-07T23:51:56.2402431Z       Executed DbCommand (1ms) [Parameters=[], CommandType='Text', CommandTimeout='30']
2026-08-07T23:51:56.2402498Z       SELECT TOP(1) [b].[BankAccountNumber]
2026-08-07T23:51:56.2402544Z       FROM [Beneficiaries] AS [b]
2026-08-07T23:51:56.2402633Z       ORDER BY [b].[Id]
2026-08-07T23:51:57.0537522Z info: Microsoft.EntityFrameworkCore.Database.Command[20101]
2026-08-07T23:51:57.0538628Z       Executed DbCommand (2ms) [Parameters=[], CommandType='Text', CommandTimeout='30']
2026-08-07T23:51:57.0538812Z       SELECT 1
2026-08-07T23:51:57.0554593Z info: Microsoft.EntityFrameworkCore.Database.Command[20101]
2026-08-07T23:51:57.0555129Z       Executed DbCommand (2ms) [Parameters=[], CommandType='Text', CommandTimeout='30']
2026-08-07T23:51:57.0555220Z       SELECT OBJECT_ID(N'[__EFMigrationsHistory]');
2026-08-07T23:51:57.0582224Z info: Microsoft.EntityFrameworkCore.Database.Command[20101]
2026-08-07T23:51:57.0582708Z       Executed DbCommand (2ms) [Parameters=[], CommandType='Text', CommandTimeout='30']
2026-08-07T23:51:57.0582851Z       SELECT [MigrationId], [ProductVersion]
2026-08-07T23:51:57.0582895Z       FROM [__EFMigrationsHistory]
2026-08-07T23:51:57.0582943Z       ORDER BY [MigrationId];
2026-08-07T23:51:57.0606098Z info: Microsoft.EntityFrameworkCore.Database.Command[20101]
2026-08-07T23:51:57.0610455Z       Executed DbCommand (1ms) [Parameters=[], CommandType='Text', CommandTimeout='30']
2026-08-07T23:51:57.0610592Z       SELECT TOP(1) [b].[BankAccountNumber]
2026-08-07T23:51:57.0610638Z       FROM [Beneficiaries] AS [b]
2026-08-07T23:51:57.0610682Z       ORDER BY [b].[Id]
2026-08-07T23:51:58.3981713Z info: Microsoft.EntityFrameworkCore.Database.Command[20101]
2026-08-07T23:51:58.3982643Z       Executed DbCommand (2ms) [Parameters=[], CommandType='Text', CommandTimeout='30']
2026-08-07T23:51:58.3982783Z       SELECT 1
2026-08-07T23:51:58.4007510Z info: Microsoft.EntityFrameworkCore.Database.Command[20101]
2026-08-07T23:51:58.4008134Z       Executed DbCommand (2ms) [Parameters=[], CommandType='Text', CommandTimeout='30']
2026-08-07T23:51:58.4008241Z       SELECT OBJECT_ID(N'[__EFMigrationsHistory]');
2026-08-07T23:51:58.4030832Z info: Microsoft.EntityFrameworkCore.Database.Command[20101]
2026-08-07T23:51:58.4031212Z       Executed DbCommand (2ms) [Parameters=[], CommandType='Text', CommandTimeout='30']
2026-08-07T23:51:58.4031293Z       SELECT [MigrationId], [ProductVersion]
2026-08-07T23:51:58.4031333Z       FROM [__EFMigrationsHistory]
2026-08-07T23:51:58.4031421Z       ORDER BY [MigrationId];
2026-08-07T23:51:58.4048327Z info: Microsoft.EntityFrameworkCore.Database.Command[20101]
2026-08-07T23:51:58.4048664Z       Executed DbCommand (1ms) [Parameters=[], CommandType='Text', CommandTimeout='30']
2026-08-07T23:51:58.4048736Z       SELECT TOP(1) [b].[BankAccountNumber]
2026-08-07T23:51:58.4048782Z       FROM [Beneficiaries] AS [b]
2026-08-07T23:51:58.4048865Z       ORDER BY [b].[Id]
2026-08-07T23:52:02.4269322Z info: Microsoft.EntityFrameworkCore.Database.Command[20101]
2026-08-07T23:52:02.4270238Z       Executed DbCommand (2ms) [Parameters=[], CommandType='Text', CommandTimeout='30']
2026-08-07T23:52:02.4270346Z       SELECT 1
2026-08-07T23:52:02.4289017Z info: Microsoft.EntityFrameworkCore.Database.Command[20101]
2026-08-07T23:52:02.4289537Z       Executed DbCommand (2ms) [Parameters=[], CommandType='Text', CommandTimeout='30']
2026-08-07T23:52:02.4289627Z       SELECT OBJECT_ID(N'[__EFMigrationsHistory]');
2026-08-07T23:52:02.4319979Z info: Microsoft.EntityFrameworkCore.Database.Command[20101]
2026-08-07T23:52:02.4320461Z       Executed DbCommand (2ms) [Parameters=[], CommandType='Text', CommandTimeout='30']
2026-08-07T23:52:02.4320584Z       SELECT [MigrationId], [ProductVersion]
2026-08-07T23:52:02.4320628Z       FROM [__EFMigrationsHistory]
2026-08-07T23:52:02.4320668Z       ORDER BY [MigrationId];
2026-08-07T23:52:02.4332065Z info: Microsoft.EntityFrameworkCore.Database.Command[20101]
2026-08-07T23:52:02.4332404Z       Executed DbCommand (1ms) [Parameters=[], CommandType='Text', CommandTimeout='30']
2026-08-07T23:52:02.4332522Z       SELECT TOP(1) [b].[BankAccountNumber]
2026-08-07T23:52:02.4332676Z       FROM [Beneficiaries] AS [b]
2026-08-07T23:52:02.4332724Z       ORDER BY [b].[Id]
2026-08-07T23:52:04.0996026Z info: Microsoft.EntityFrameworkCore.Database.Command[20101]
2026-08-07T23:52:04.0996915Z       Executed DbCommand (2ms) [Parameters=[], CommandType='Text', CommandTimeout='30']
2026-08-07T23:52:04.0997019Z       SELECT 1
2026-08-07T23:52:04.1015554Z info: Microsoft.EntityFrameworkCore.Database.Command[20101]
2026-08-07T23:52:04.1015886Z       Executed DbCommand (2ms) [Parameters=[], CommandType='Text', CommandTimeout='30']
2026-08-07T23:52:04.1016058Z       SELECT OBJECT_ID(N'[__EFMigrationsHistory]');
2026-08-07T23:52:04.1043931Z info: Microsoft.EntityFrameworkCore.Database.Command[20101]
2026-08-07T23:52:04.1044369Z       Executed DbCommand (2ms) [Parameters=[], CommandType='Text', CommandTimeout='30']
2026-08-07T23:52:04.1044444Z       SELECT [MigrationId], [ProductVersion]
2026-08-07T23:52:04.1044484Z       FROM [__EFMigrationsHistory]
2026-08-07T23:52:04.1044565Z       ORDER BY [MigrationId];
2026-08-07T23:52:04.1066033Z info: Microsoft.EntityFrameworkCore.Database.Command[20101]
2026-08-07T23:52:04.1066410Z       Executed DbCommand (1ms) [Parameters=[], CommandType='Text', CommandTimeout='30']
2026-08-07T23:52:04.1066489Z       SELECT TOP(1) [b].[BankAccountNumber]
2026-08-07T23:52:04.1066534Z       FROM [Beneficiaries] AS [b]
2026-08-07T23:52:04.1066623Z       ORDER BY [b].[Id]
2026-08-07T23:52:06.9174150Z info: Microsoft.EntityFrameworkCore.Database.Command[20101]
2026-08-07T23:52:06.9175221Z       Executed DbCommand (2ms) [Parameters=[], CommandType='Text', CommandTimeout='30']
2026-08-07T23:52:06.9175335Z       SELECT 1
2026-08-07T23:52:06.9202344Z info: Microsoft.EntityFrameworkCore.Database.Command[20101]
2026-08-07T23:52:06.9202889Z       Executed DbCommand (2ms) [Parameters=[], CommandType='Text', CommandTimeout='30']
2026-08-07T23:52:06.9203046Z       SELECT OBJECT_ID(N'[__EFMigrationsHistory]');
2026-08-07T23:52:06.9219353Z info: Microsoft.EntityFrameworkCore.Database.Command[20101]
2026-08-07T23:52:06.9219743Z       Executed DbCommand (2ms) [Parameters=[], CommandType='Text', CommandTimeout='30']
2026-08-07T23:52:06.9219813Z       SELECT [MigrationId], [ProductVersion]
2026-08-07T23:52:06.9219895Z       FROM [__EFMigrationsHistory]
2026-08-07T23:52:06.9219935Z       ORDER BY [MigrationId];
2026-08-07T23:52:06.9232234Z info: Microsoft.EntityFrameworkCore.Database.Command[20101]
2026-08-07T23:52:06.9232550Z       Executed DbCommand (1ms) [Parameters=[], CommandType='Text', CommandTimeout='30']
2026-08-07T23:52:06.9232615Z       SELECT TOP(1) [b].[BankAccountNumber]
2026-08-07T23:52:06.9232693Z       FROM [Beneficiaries] AS [b]
2026-08-07T23:52:06.9232730Z       ORDER BY [b].[Id]
2026-08-07T23:52:09.2784664Z info: Microsoft.EntityFrameworkCore.Database.Command[20101]
2026-08-07T23:52:09.2785573Z       Executed DbCommand (2ms) [Parameters=[], CommandType='Text', CommandTimeout='30']
2026-08-07T23:52:09.2785861Z       SELECT 1
2026-08-07T23:52:09.3029047Z info: Microsoft.EntityFrameworkCore.Database.Command[20101]
2026-08-07T23:52:09.3029734Z       Executed DbCommand (2ms) [Parameters=[], CommandType='Text', CommandTimeout='30']
2026-08-07T23:52:09.3029840Z       SELECT OBJECT_ID(N'[__EFMigrationsHistory]');
2026-08-07T23:52:09.3030115Z info: Microsoft.EntityFrameworkCore.Database.Command[20101]
2026-08-07T23:52:09.3030176Z       Executed DbCommand (2ms) [Parameters=[], CommandType='Text', CommandTimeout='30']
2026-08-07T23:52:09.3030225Z       SELECT [MigrationId], [ProductVersion]
2026-08-07T23:52:09.3030264Z       FROM [__EFMigrationsHistory]
2026-08-07T23:52:09.3030308Z       ORDER BY [MigrationId];
2026-08-07T23:52:09.3030377Z info: Microsoft.EntityFrameworkCore.Database.Command[20101]
2026-08-07T23:52:09.3030425Z       Executed DbCommand (1ms) [Parameters=[], CommandType='Text', CommandTimeout='30']
2026-08-07T23:52:09.3030470Z       SELECT TOP(1) [b].[BankAccountNumber]
2026-08-07T23:52:09.3030512Z       FROM [Beneficiaries] AS [b]
2026-08-07T23:52:09.3030555Z       ORDER BY [b].[Id]
2026-08-07T23:52:09.4411736Z info: Microsoft.EntityFrameworkCore.Database.Command[20101]
2026-08-07T23:52:09.4412519Z       Executed DbCommand (2ms) [Parameters=[], CommandType='Text', CommandTimeout='30']
2026-08-07T23:52:09.4412617Z       SELECT 1
2026-08-07T23:52:09.4435334Z info: Microsoft.EntityFrameworkCore.Database.Command[20101]
2026-08-07T23:52:09.4435678Z       Executed DbCommand (2ms) [Parameters=[], CommandType='Text', CommandTimeout='30']
2026-08-07T23:52:09.4435756Z       SELECT OBJECT_ID(N'[__EFMigrationsHistory]');
2026-08-07T23:52:09.4462311Z info: Microsoft.EntityFrameworkCore.Database.Command[20101]
2026-08-07T23:52:09.4462713Z       Executed DbCommand (3ms) [Parameters=[], CommandType='Text', CommandTimeout='30']
2026-08-07T23:52:09.4462795Z       SELECT [MigrationId], [ProductVersion]
2026-08-07T23:52:09.4462900Z       FROM [__EFMigrationsHistory]
2026-08-07T23:52:09.4462946Z       ORDER BY [MigrationId];
2026-08-07T23:52:09.4489187Z info: Microsoft.EntityFrameworkCore.Database.Command[20101]
2026-08-07T23:52:09.4489574Z       Executed DbCommand (1ms) [Parameters=[], CommandType='Text', CommandTimeout='30']
2026-08-07T23:52:09.4489699Z       SELECT TOP(1) [b].[BankAccountNumber]
2026-08-07T23:52:09.4489746Z       FROM [Beneficiaries] AS [b]
2026-08-07T23:52:09.4489787Z       ORDER BY [b].[Id]
2026-08-07T23:52:10.3458213Z info: Microsoft.EntityFrameworkCore.Database.Command[20101]
2026-08-07T23:52:10.3458935Z       Executed DbCommand (2ms) [Parameters=[], CommandType='Text', CommandTimeout='30']
2026-08-07T23:52:10.3459097Z       SELECT 1
2026-08-07T23:52:10.3473443Z info: Microsoft.EntityFrameworkCore.Database.Command[20101]
2026-08-07T23:52:10.3473966Z       Executed DbCommand (2ms) [Parameters=[], CommandType='Text', CommandTimeout='30']
2026-08-07T23:52:10.3474053Z       SELECT OBJECT_ID(N'[__EFMigrationsHistory]');
2026-08-07T23:52:10.3501684Z info: Microsoft.EntityFrameworkCore.Database.Command[20101]
2026-08-07T23:52:10.3502210Z       Executed DbCommand (1ms) [Parameters=[], CommandType='Text', CommandTimeout='30']
2026-08-07T23:52:10.3502290Z       SELECT [MigrationId], [ProductVersion]
2026-08-07T23:52:10.3502332Z       FROM [__EFMigrationsHistory]
2026-08-07T23:52:10.3502376Z       ORDER BY [MigrationId];
2026-08-07T23:52:10.3524803Z info: Microsoft.EntityFrameworkCore.Database.Command[20101]
2026-08-07T23:52:10.3525338Z       Executed DbCommand (1ms) [Parameters=[], CommandType='Text', CommandTimeout='30']
2026-08-07T23:52:10.3525425Z       SELECT TOP(1) [b].[BankAccountNumber]
2026-08-07T23:52:10.3525474Z       FROM [Beneficiaries] AS [b]
2026-08-07T23:52:10.3525513Z       ORDER BY [b].[Id]
2026-08-07T23:52:13.7460227Z info: Microsoft.EntityFrameworkCore.Database.Command[20101]
2026-08-07T23:52:13.7461260Z       Executed DbCommand (2ms) [Parameters=[], CommandType='Text', CommandTimeout='30']
2026-08-07T23:52:13.7461367Z       SELECT 1
2026-08-07T23:52:13.7477113Z info: Microsoft.EntityFrameworkCore.Database.Command[20101]
2026-08-07T23:52:13.7477722Z       Executed DbCommand (2ms) [Parameters=[], CommandType='Text', CommandTimeout='30']
2026-08-07T23:52:13.7477801Z       SELECT OBJECT_ID(N'[__EFMigrationsHistory]');
2026-08-07T23:52:13.7507229Z info: Microsoft.EntityFrameworkCore.Database.Command[20101]
2026-08-07T23:52:13.7507591Z       Executed DbCommand (2ms) [Parameters=[], CommandType='Text', CommandTimeout='30']
2026-08-07T23:52:13.7507728Z       SELECT [MigrationId], [ProductVersion]
2026-08-07T23:52:13.7507773Z       FROM [__EFMigrationsHistory]
2026-08-07T23:52:13.7508519Z       ORDER BY [MigrationId];
2026-08-07T23:52:13.7523289Z info: Microsoft.EntityFrameworkCore.Database.Command[20101]
2026-08-07T23:52:13.7523666Z       Executed DbCommand (1ms) [Parameters=[], CommandType='Text', CommandTimeout='30']
2026-08-07T23:52:13.7523740Z       SELECT TOP(1) [b].[BankAccountNumber]
2026-08-07T23:52:13.7525534Z       FROM [Beneficiaries] AS [b]
2026-08-07T23:52:13.7525627Z       ORDER BY [b].[Id]
2026-08-07T23:52:14.5502168Z info: Microsoft.EntityFrameworkCore.Database.Command[20101]
2026-08-07T23:52:14.5503259Z       Executed DbCommand (2ms) [Parameters=[], CommandType='Text', CommandTimeout='30']
2026-08-07T23:52:14.5503357Z       SELECT 1
2026-08-07T23:52:14.5528172Z info: Microsoft.EntityFrameworkCore.Database.Command[20101]
2026-08-07T23:52:14.5528862Z       Executed DbCommand (2ms) [Parameters=[], CommandType='Text', CommandTimeout='30']
2026-08-07T23:52:14.5529026Z       SELECT OBJECT_ID(N'[__EFMigrationsHistory]');
2026-08-07T23:52:14.5545288Z info: Microsoft.EntityFrameworkCore.Database.Command[20101]
2026-08-07T23:52:14.5547341Z       Executed DbCommand (1ms) [Parameters=[], CommandType='Text', CommandTimeout='30']
2026-08-07T23:52:14.5547432Z       SELECT [MigrationId], [ProductVersion]
2026-08-07T23:52:14.5547470Z       FROM [__EFMigrationsHistory]
2026-08-07T23:52:14.5547716Z       ORDER BY [MigrationId];
2026-08-07T23:52:14.5564007Z info: Microsoft.EntityFrameworkCore.Database.Command[20101]
2026-08-07T23:52:14.5564369Z       Executed DbCommand (1ms) [Parameters=[], CommandType='Text', CommandTimeout='30']
2026-08-07T23:52:14.5564443Z       SELECT TOP(1) [b].[BankAccountNumber]
2026-08-07T23:52:14.5571665Z       FROM [Beneficiaries] AS [b]
2026-08-07T23:52:14.5572096Z       ORDER BY [b].[Id]
2026-08-07T23:52:23.6191744Z info: Microsoft.EntityFrameworkCore.Database.Command[20101]
2026-08-07T23:52:23.6192569Z       Executed DbCommand (2ms) [Parameters=[], CommandType='Text', CommandTimeout='30']
2026-08-07T23:52:23.6192687Z       SELECT 1
2026-08-07T23:52:23.6220385Z info: Microsoft.EntityFrameworkCore.Database.Command[20101]
2026-08-07T23:52:23.6220958Z       Executed DbCommand (2ms) [Parameters=[], CommandType='Text', CommandTimeout='30']
2026-08-07T23:52:23.6221041Z       SELECT OBJECT_ID(N'[__EFMigrationsHistory]');
2026-08-07T23:52:23.6236701Z info: Microsoft.EntityFrameworkCore.Database.Command[20101]
2026-08-07T23:52:23.6237134Z       Executed DbCommand (1ms) [Parameters=[], CommandType='Text', CommandTimeout='30']
2026-08-07T23:52:23.6237208Z       SELECT [MigrationId], [ProductVersion]
2026-08-07T23:52:23.6237248Z       FROM [__EFMigrationsHistory]
2026-08-07T23:52:23.6237288Z       ORDER BY [MigrationId];
2026-08-07T23:52:23.6249081Z info: Microsoft.EntityFrameworkCore.Database.Command[20101]
2026-08-07T23:52:23.6249457Z       Executed DbCommand (1ms) [Parameters=[], CommandType='Text', CommandTimeout='30']
2026-08-07T23:52:23.6249525Z       SELECT TOP(1) [b].[BankAccountNumber]
2026-08-07T23:52:23.6249568Z       FROM [Beneficiaries] AS [b]
2026-08-07T23:52:23.6249611Z       ORDER BY [b].[Id]
2026-08-07T23:52:23.6930335Z info: Microsoft.EntityFrameworkCore.Database.Command[20101]
2026-08-07T23:52:23.6932582Z       Executed DbCommand (2ms) [Parameters=[], CommandType='Text', CommandTimeout='30']
2026-08-07T23:52:23.6932720Z       SELECT 1
2026-08-07T23:52:23.6955545Z info: Microsoft.EntityFrameworkCore.Database.Command[20101]
2026-08-07T23:52:23.6956027Z       Executed DbCommand (2ms) [Parameters=[], CommandType='Text', CommandTimeout='30']
2026-08-07T23:52:23.6956180Z       SELECT OBJECT_ID(N'[__EFMigrationsHistory]');
2026-08-07T23:52:23.6985027Z info: Microsoft.EntityFrameworkCore.Database.Command[20101]
2026-08-07T23:52:23.6985508Z       Executed DbCommand (1ms) [Parameters=[], CommandType='Text', CommandTimeout='30']
2026-08-07T23:52:23.6985608Z       SELECT [MigrationId], [ProductVersion]
2026-08-07T23:52:23.6985706Z       FROM [__EFMigrationsHistory]
2026-08-07T23:52:23.6986132Z       ORDER BY [MigrationId];
2026-08-07T23:52:23.7019769Z info: Microsoft.EntityFrameworkCore.Database.Command[20101]
2026-08-07T23:52:23.7020146Z       Executed DbCommand (1ms) [Parameters=[], CommandType='Text', CommandTimeout='30']
2026-08-07T23:52:23.7020271Z       SELECT TOP(1) [b].[BankAccountNumber]
2026-08-07T23:52:23.7020313Z       FROM [Beneficiaries] AS [b]
2026-08-07T23:52:23.7020353Z       ORDER BY [b].[Id]
2026-08-07T23:52:25.2800685Z info: Microsoft.EntityFrameworkCore.Database.Command[20101]
2026-08-07T23:52:25.2801439Z       Executed DbCommand (2ms) [Parameters=[], CommandType='Text', CommandTimeout='30']
2026-08-07T23:52:25.2801622Z       SELECT 1
2026-08-07T23:52:25.2815388Z info: Microsoft.EntityFrameworkCore.Database.Command[20101]
2026-08-07T23:52:25.2815814Z       Executed DbCommand (2ms) [Parameters=[], CommandType='Text', CommandTimeout='30']
2026-08-07T23:52:25.2815887Z       SELECT OBJECT_ID(N'[__EFMigrationsHistory]');
2026-08-07T23:52:25.2901308Z info: Microsoft.EntityFrameworkCore.Database.Command[20101]
2026-08-07T23:52:25.2902033Z       Executed DbCommand (7ms) [Parameters=[], CommandType='Text', CommandTimeout='30']
2026-08-07T23:52:25.2902131Z       SELECT [MigrationId], [ProductVersion]
2026-08-07T23:52:25.2902198Z       FROM [__EFMigrationsHistory]
2026-08-07T23:52:25.2902251Z       ORDER BY [MigrationId];
2026-08-07T23:52:25.2914149Z info: Microsoft.EntityFrameworkCore.Database.Command[20101]
2026-08-07T23:52:25.2914556Z       Executed DbCommand (1ms) [Parameters=[], CommandType='Text', CommandTimeout='30']
2026-08-07T23:52:25.2914635Z       SELECT TOP(1) [b].[BankAccountNumber]
2026-08-07T23:52:25.2914678Z       FROM [Beneficiaries] AS [b]
2026-08-07T23:52:25.2914715Z       ORDER BY [b].[Id]
2026-08-07T23:52:33.4943672Z info: Microsoft.EntityFrameworkCore.Database.Command[20101]
2026-08-07T23:52:33.4944508Z       Executed DbCommand (2ms) [Parameters=[], CommandType='Text', CommandTimeout='30']
2026-08-07T23:52:33.4944634Z       SELECT 1
2026-08-07T23:52:33.4962396Z info: Microsoft.EntityFrameworkCore.Database.Command[20101]
2026-08-07T23:52:33.4962927Z       Executed DbCommand (2ms) [Parameters=[], CommandType='Text', CommandTimeout='30']
2026-08-07T23:52:33.4963022Z       SELECT OBJECT_ID(N'[__EFMigrationsHistory]');
2026-08-07T23:52:33.4993504Z info: Microsoft.EntityFrameworkCore.Database.Command[20101]
2026-08-07T23:52:33.4993958Z       Executed DbCommand (1ms) [Parameters=[], CommandType='Text', CommandTimeout='30']
2026-08-07T23:52:33.4994106Z       SELECT [MigrationId], [ProductVersion]
2026-08-07T23:52:33.4994162Z       FROM [__EFMigrationsHistory]
2026-08-07T23:52:33.4994213Z       ORDER BY [MigrationId];
2026-08-07T23:52:33.5015578Z info: Microsoft.EntityFrameworkCore.Database.Command[20101]
2026-08-07T23:52:33.5015807Z       Executed DbCommand (1ms) [Parameters=[], CommandType='Text', CommandTimeout='30']
2026-08-07T23:52:33.5015918Z       SELECT TOP(1) [b].[BankAccountNumber]
2026-08-07T23:52:33.5015964Z       FROM [Beneficiaries] AS [b]
2026-08-07T23:52:33.5016002Z       ORDER BY [b].[Id]
2026-08-07T23:52:36.9146137Z info: Microsoft.EntityFrameworkCore.Database.Command[20101]
2026-08-07T23:52:36.9147161Z       Executed DbCommand (2ms) [Parameters=[], CommandType='Text', CommandTimeout='30']
2026-08-07T23:52:36.9147261Z       SELECT 1
2026-08-07T23:52:36.9168032Z info: Microsoft.EntityFrameworkCore.Database.Command[20101]
2026-08-07T23:52:36.9168617Z       Executed DbCommand (2ms) [Parameters=[], CommandType='Text', CommandTimeout='30']
2026-08-07T23:52:36.9168706Z       SELECT OBJECT_ID(N'[__EFMigrationsHistory]');
2026-08-07T23:52:36.9197287Z info: Microsoft.EntityFrameworkCore.Database.Command[20101]
2026-08-07T23:52:36.9197710Z       Executed DbCommand (1ms) [Parameters=[], CommandType='Text', CommandTimeout='30']
2026-08-07T23:52:36.9197790Z       SELECT [MigrationId], [ProductVersion]
2026-08-07T23:52:36.9197837Z       FROM [__EFMigrationsHistory]
2026-08-07T23:52:36.9197926Z       ORDER BY [MigrationId];
2026-08-07T23:52:36.9212067Z info: Microsoft.EntityFrameworkCore.Database.Command[20101]
2026-08-07T23:52:36.9212389Z       Executed DbCommand (2ms) [Parameters=[], CommandType='Text', CommandTimeout='30']
2026-08-07T23:52:36.9212449Z       SELECT TOP(1) [b].[BankAccountNumber]
2026-08-07T23:52:36.9212488Z       FROM [Beneficiaries] AS [b]
2026-08-07T23:52:36.9214935Z       ORDER BY [b].[Id]
2026-08-07T23:52:39.5185525Z info: Microsoft.EntityFrameworkCore.Database.Command[20101]
2026-08-07T23:52:39.5186280Z       Executed DbCommand (2ms) [Parameters=[], CommandType='Text', CommandTimeout='30']
2026-08-07T23:52:39.5186397Z       SELECT 1
2026-08-07T23:52:39.5230436Z info: Microsoft.EntityFrameworkCore.Database.Command[20101]
2026-08-07T23:52:39.5231354Z       Executed DbCommand (2ms) [Parameters=[], CommandType='Text', CommandTimeout='30']
2026-08-07T23:52:39.5231449Z       SELECT OBJECT_ID(N'[__EFMigrationsHistory]');
2026-08-07T23:52:39.5247852Z info: Microsoft.EntityFrameworkCore.Database.Command[20101]
2026-08-07T23:52:39.5248236Z       Executed DbCommand (1ms) [Parameters=[], CommandType='Text', CommandTimeout='30']
2026-08-07T23:52:39.5248362Z       SELECT [MigrationId], [ProductVersion]
2026-08-07T23:52:39.5248412Z       FROM [__EFMigrationsHistory]
2026-08-07T23:52:39.5254370Z       ORDER BY [MigrationId];
2026-08-07T23:52:39.5264994Z info: Microsoft.EntityFrameworkCore.Database.Command[20101]
2026-08-07T23:52:39.5265327Z       Executed DbCommand (2ms) [Parameters=[], CommandType='Text', CommandTimeout='30']
2026-08-07T23:52:39.5265400Z       SELECT TOP(1) [b].[BankAccountNumber]
2026-08-07T23:52:39.5265445Z       FROM [Beneficiaries] AS [b]
2026-08-07T23:52:39.5265496Z       ORDER BY [b].[Id]
2026-08-07T23:52:41.0106269Z info: Microsoft.EntityFrameworkCore.Database.Command[20101]
2026-08-07T23:52:41.0107079Z       Executed DbCommand (2ms) [Parameters=[], CommandType='Text', CommandTimeout='30']
2026-08-07T23:52:41.0107193Z       SELECT 1
2026-08-07T23:52:41.0126163Z info: Microsoft.EntityFrameworkCore.Database.Command[20101]
2026-08-07T23:52:41.0126586Z       Executed DbCommand (2ms) [Parameters=[], CommandType='Text', CommandTimeout='30']
2026-08-07T23:52:41.0126979Z       SELECT OBJECT_ID(N'[__EFMigrationsHistory]');
2026-08-07T23:52:41.0156772Z info: Microsoft.EntityFrameworkCore.Database.Command[20101]
2026-08-07T23:52:41.0157131Z       Executed DbCommand (2ms) [Parameters=[], CommandType='Text', CommandTimeout='30']
2026-08-07T23:52:41.0157207Z       SELECT [MigrationId], [ProductVersion]
2026-08-07T23:52:41.0157261Z       FROM [__EFMigrationsHistory]
2026-08-07T23:52:41.0157348Z       ORDER BY [MigrationId];
2026-08-07T23:52:41.0170187Z info: Microsoft.EntityFrameworkCore.Database.Command[20101]
2026-08-07T23:52:41.0170498Z       Executed DbCommand (1ms) [Parameters=[], CommandType='Text', CommandTimeout='30']
2026-08-07T23:52:41.0170573Z       SELECT TOP(1) [b].[BankAccountNumber]
2026-08-07T23:52:41.0170614Z       FROM [Beneficiaries] AS [b]
2026-08-07T23:52:41.0170694Z       ORDER BY [b].[Id]
2026-08-07T23:52:43.2014804Z info: Microsoft.EntityFrameworkCore.Database.Command[20101]
2026-08-07T23:52:43.2015734Z       Executed DbCommand (2ms) [Parameters=[], CommandType='Text', CommandTimeout='30']
2026-08-07T23:52:43.2015859Z       SELECT 1
2026-08-07T23:52:43.2034138Z info: Microsoft.EntityFrameworkCore.Database.Command[20101]
2026-08-07T23:52:43.2034783Z       Executed DbCommand (2ms) [Parameters=[], CommandType='Text', CommandTimeout='30']
2026-08-07T23:52:43.2034880Z       SELECT OBJECT_ID(N'[__EFMigrationsHistory]');
2026-08-07T23:52:43.2061212Z info: Microsoft.EntityFrameworkCore.Database.Command[20101]
2026-08-07T23:52:43.2061959Z       Executed DbCommand (1ms) [Parameters=[], CommandType='Text', CommandTimeout='30']
2026-08-07T23:52:43.2062053Z       SELECT [MigrationId], [ProductVersion]
2026-08-07T23:52:43.2062104Z       FROM [__EFMigrationsHistory]
2026-08-07T23:52:43.2062152Z       ORDER BY [MigrationId];
2026-08-07T23:52:43.2079770Z info: Microsoft.EntityFrameworkCore.Database.Command[20101]
2026-08-07T23:52:43.2080146Z       Executed DbCommand (1ms) [Parameters=[], CommandType='Text', CommandTimeout='30']
2026-08-07T23:52:43.2080222Z       SELECT TOP(1) [b].[BankAccountNumber]
2026-08-07T23:52:43.2080269Z       FROM [Beneficiaries] AS [b]
2026-08-07T23:52:43.2080312Z       ORDER BY [b].[Id]
2026-08-07T23:52:45.9708452Z info: Microsoft.EntityFrameworkCore.Database.Command[20101]
2026-08-07T23:52:45.9709414Z       Executed DbCommand (2ms) [Parameters=[], CommandType='Text', CommandTimeout='30']
2026-08-07T23:52:45.9709529Z       SELECT 1
2026-08-07T23:52:45.9725849Z info: Microsoft.EntityFrameworkCore.Database.Command[20101]
2026-08-07T23:52:45.9726369Z       Executed DbCommand (2ms) [Parameters=[], CommandType='Text', CommandTimeout='30']
2026-08-07T23:52:45.9726542Z       SELECT OBJECT_ID(N'[__EFMigrationsHistory]');
2026-08-07T23:52:45.9757931Z info: Microsoft.EntityFrameworkCore.Database.Command[20101]
2026-08-07T23:52:45.9758294Z       Executed DbCommand (2ms) [Parameters=[], CommandType='Text', CommandTimeout='30']
2026-08-07T23:52:45.9758371Z       SELECT [MigrationId], [ProductVersion]
2026-08-07T23:52:45.9758468Z       FROM [__EFMigrationsHistory]
2026-08-07T23:52:45.9758520Z       ORDER BY [MigrationId];
2026-08-07T23:52:45.9771350Z info: Microsoft.EntityFrameworkCore.Database.Command[20101]
2026-08-07T23:52:45.9771680Z       Executed DbCommand (1ms) [Parameters=[], CommandType='Text', CommandTimeout='30']
2026-08-07T23:52:45.9771759Z       SELECT TOP(1) [b].[BankAccountNumber]
2026-08-07T23:52:45.9771844Z       FROM [Beneficiaries] AS [b]
2026-08-07T23:52:45.9771882Z       ORDER BY [b].[Id]
2026-08-07T23:52:46.4286011Z info: Microsoft.EntityFrameworkCore.Database.Command[20101]
2026-08-07T23:52:46.4287094Z       Executed DbCommand (2ms) [Parameters=[], CommandType='Text', CommandTimeout='30']
2026-08-07T23:52:46.4287296Z       SELECT 1
2026-08-07T23:52:46.4325925Z info: Microsoft.EntityFrameworkCore.Database.Command[20101]
2026-08-07T23:52:46.4326873Z       Executed DbCommand (3ms) [Parameters=[], CommandType='Text', CommandTimeout='30']
2026-08-07T23:52:46.4326999Z       SELECT OBJECT_ID(N'[__EFMigrationsHistory]');
2026-08-07T23:52:46.4339957Z info: Microsoft.EntityFrameworkCore.Database.Command[20101]
2026-08-07T23:52:46.4342818Z       Executed DbCommand (2ms) [Parameters=[], CommandType='Text', CommandTimeout='30']
2026-08-07T23:52:46.4342998Z       SELECT [MigrationId], [ProductVersion]
2026-08-07T23:52:46.4343050Z       FROM [__EFMigrationsHistory]
2026-08-07T23:52:46.4343284Z       ORDER BY [MigrationId];
2026-08-07T23:52:46.4358074Z info: Microsoft.EntityFrameworkCore.Database.Command[20101]
2026-08-07T23:52:46.4358469Z       Executed DbCommand (1ms) [Parameters=[], CommandType='Text', CommandTimeout='30']
2026-08-07T23:52:46.4358547Z       SELECT TOP(1) [b].[BankAccountNumber]
2026-08-07T23:52:46.4360727Z       FROM [Beneficiaries] AS [b]
2026-08-07T23:52:46.4360832Z       ORDER BY [b].[Id]
2026-08-07T23:52:48.1050976Z info: Microsoft.EntityFrameworkCore.Database.Command[20101]
2026-08-07T23:52:48.1051821Z       Executed DbCommand (2ms) [Parameters=[], CommandType='Text', CommandTimeout='30']
2026-08-07T23:52:48.1051975Z       SELECT 1
2026-08-07T23:52:48.1077651Z info: Microsoft.EntityFrameworkCore.Database.Command[20101]
2026-08-07T23:52:48.1078388Z       Executed DbCommand (2ms) [Parameters=[], CommandType='Text', CommandTimeout='30']
2026-08-07T23:52:48.1078475Z       SELECT OBJECT_ID(N'[__EFMigrationsHistory]');
2026-08-07T23:52:48.1090327Z info: Microsoft.EntityFrameworkCore.Database.Command[20101]
2026-08-07T23:52:48.1090748Z       Executed DbCommand (1ms) [Parameters=[], CommandType='Text', CommandTimeout='30']
2026-08-07T23:52:48.1090886Z       SELECT [MigrationId], [ProductVersion]
2026-08-07T23:52:48.1090933Z       FROM [__EFMigrationsHistory]
2026-08-07T23:52:48.1090973Z       ORDER BY [MigrationId];
2026-08-07T23:52:48.1109212Z info: Microsoft.EntityFrameworkCore.Database.Command[20101]
2026-08-07T23:52:48.1109582Z       Executed DbCommand (1ms) [Parameters=[], CommandType='Text', CommandTimeout='30']
2026-08-07T23:52:48.1116449Z       SELECT TOP(1) [b].[BankAccountNumber]
2026-08-07T23:52:48.1116546Z       FROM [Beneficiaries] AS [b]
2026-08-07T23:52:48.1116589Z       ORDER BY [b].[Id]
2026-08-07T23:52:52.1702068Z info: Microsoft.EntityFrameworkCore.Database.Command[20101]
2026-08-07T23:52:52.1702973Z       Executed DbCommand (2ms) [Parameters=[], CommandType='Text', CommandTimeout='30']
2026-08-07T23:52:52.1703130Z       SELECT 1
2026-08-07T23:52:52.1729153Z info: Microsoft.EntityFrameworkCore.Database.Command[20101]
2026-08-07T23:52:52.1729612Z       Executed DbCommand (2ms) [Parameters=[], CommandType='Text', CommandTimeout='30']
2026-08-07T23:52:52.1729694Z       SELECT OBJECT_ID(N'[__EFMigrationsHistory]');
2026-08-07T23:52:52.1746986Z info: Microsoft.EntityFrameworkCore.Database.Command[20101]
2026-08-07T23:52:52.1747320Z       Executed DbCommand (1ms) [Parameters=[], CommandType='Text', CommandTimeout='30']
2026-08-07T23:52:52.1747432Z       SELECT [MigrationId], [ProductVersion]
2026-08-07T23:52:52.1750067Z       FROM [__EFMigrationsHistory]
2026-08-07T23:52:52.1750350Z       ORDER BY [MigrationId];
2026-08-07T23:52:52.1761847Z info: Microsoft.EntityFrameworkCore.Database.Command[20101]
2026-08-07T23:52:52.1762151Z       Executed DbCommand (1ms) [Parameters=[], CommandType='Text', CommandTimeout='30']
2026-08-07T23:52:52.1762216Z       SELECT TOP(1) [b].[BankAccountNumber]
2026-08-07T23:52:52.1762261Z       FROM [Beneficiaries] AS [b]
2026-08-07T23:52:52.1762348Z       ORDER BY [b].[Id]
2026-08-07T23:52:52.5945649Z info: Microsoft.EntityFrameworkCore.Database.Command[20101]
2026-08-07T23:52:52.5946603Z       Executed DbCommand (2ms) [Parameters=[], CommandType='Text', CommandTimeout='30']
2026-08-07T23:52:52.5946704Z       SELECT 1
2026-08-07T23:52:52.5961227Z info: Microsoft.EntityFrameworkCore.Database.Command[20101]
2026-08-07T23:52:52.5961707Z       Executed DbCommand (2ms) [Parameters=[], CommandType='Text', CommandTimeout='30']
2026-08-07T23:52:52.5961782Z       SELECT OBJECT_ID(N'[__EFMigrationsHistory]');
2026-08-07T23:52:52.5991238Z info: Microsoft.EntityFrameworkCore.Database.Command[20101]
2026-08-07T23:52:52.5991663Z       Executed DbCommand (2ms) [Parameters=[], CommandType='Text', CommandTimeout='30']
2026-08-07T23:52:52.5991793Z       SELECT [MigrationId], [ProductVersion]
2026-08-07T23:52:52.5991837Z       FROM [__EFMigrationsHistory]
2026-08-07T23:52:52.5997693Z       ORDER BY [MigrationId];
2026-08-07T23:52:52.6008829Z info: Microsoft.EntityFrameworkCore.Database.Command[20101]
2026-08-07T23:52:52.6009177Z       Executed DbCommand (1ms) [Parameters=[], CommandType='Text', CommandTimeout='30']
2026-08-07T23:52:52.6009241Z       SELECT TOP(1) [b].[BankAccountNumber]
2026-08-07T23:52:52.6009280Z       FROM [Beneficiaries] AS [b]
2026-08-07T23:52:52.6009320Z       ORDER BY [b].[Id]
2026-08-07T23:53:04.2438576Z info: Microsoft.EntityFrameworkCore.Database.Command[20101]
2026-08-07T23:53:04.2439371Z       Executed DbCommand (3ms) [Parameters=[], CommandType='Text', CommandTimeout='30']
2026-08-07T23:53:04.2443313Z       SELECT 1
2026-08-07T23:53:04.2468746Z info: Microsoft.EntityFrameworkCore.Database.Command[20101]
2026-08-07T23:53:04.2469361Z       Executed DbCommand (2ms) [Parameters=[], CommandType='Text', CommandTimeout='30']
2026-08-07T23:53:04.2469560Z       SELECT OBJECT_ID(N'[__EFMigrationsHistory]');
2026-08-07T23:53:04.2485086Z info: Microsoft.EntityFrameworkCore.Database.Command[20101]
2026-08-07T23:53:04.2485433Z       Executed DbCommand (1ms) [Parameters=[], CommandType='Text', CommandTimeout='30']
2026-08-07T23:53:04.2485509Z       SELECT [MigrationId], [ProductVersion]
2026-08-07T23:53:04.2485599Z       FROM [__EFMigrationsHistory]
2026-08-07T23:53:04.2485645Z       ORDER BY [MigrationId];
2026-08-07T23:53:04.2499550Z info: Microsoft.EntityFrameworkCore.Database.Command[20101]
2026-08-07T23:53:04.2499840Z       Executed DbCommand (2ms) [Parameters=[], CommandType='Text', CommandTimeout='30']
2026-08-07T23:53:04.2499908Z       SELECT TOP(1) [b].[BankAccountNumber]
2026-08-07T23:53:04.2499993Z       FROM [Beneficiaries] AS [b]
2026-08-07T23:53:04.2500033Z       ORDER BY [b].[Id]
2026-08-07T23:53:08.3584957Z info: Microsoft.EntityFrameworkCore.Database.Command[20101]
2026-08-07T23:53:08.3585689Z       Executed DbCommand (9ms) [Parameters=[], CommandType='Text', CommandTimeout='30']
2026-08-07T23:53:08.3585797Z       SELECT 1
2026-08-07T23:53:08.3609194Z info: Microsoft.EntityFrameworkCore.Database.Command[20101]
2026-08-07T23:53:08.3609724Z       Executed DbCommand (2ms) [Parameters=[], CommandType='Text', CommandTimeout='30']
2026-08-07T23:53:08.3609812Z       SELECT OBJECT_ID(N'[__EFMigrationsHistory]');
2026-08-07T23:53:08.3634409Z info: Microsoft.EntityFrameworkCore.Database.Command[20101]
2026-08-07T23:53:08.3634824Z       Executed DbCommand (2ms) [Parameters=[], CommandType='Text', CommandTimeout='30']
2026-08-07T23:53:08.3634891Z       SELECT [MigrationId], [ProductVersion]
2026-08-07T23:53:08.3634933Z       FROM [__EFMigrationsHistory]
2026-08-07T23:53:08.3635606Z       ORDER BY [MigrationId];
2026-08-07T23:53:08.3652887Z info: Microsoft.EntityFrameworkCore.Database.Command[20101]
2026-08-07T23:53:08.3653213Z       Executed DbCommand (1ms) [Parameters=[], CommandType='Text', CommandTimeout='30']
2026-08-07T23:53:08.3653282Z       SELECT TOP(1) [b].[BankAccountNumber]
2026-08-07T23:53:08.3653318Z       FROM [Beneficiaries] AS [b]
2026-08-07T23:53:08.3653355Z       ORDER BY [b].[Id]
2026-08-07T23:53:08.6903218Z info: Microsoft.EntityFrameworkCore.Database.Command[20101]
2026-08-07T23:53:08.6904011Z       Executed DbCommand (2ms) [Parameters=[], CommandType='Text', CommandTimeout='30']
2026-08-07T23:53:08.6904113Z       SELECT 1
2026-08-07T23:53:08.6920455Z info: Microsoft.EntityFrameworkCore.Database.Command[20101]
2026-08-07T23:53:08.6921109Z       Executed DbCommand (2ms) [Parameters=[], CommandType='Text', CommandTimeout='30']
2026-08-07T23:53:08.6921192Z       SELECT OBJECT_ID(N'[__EFMigrationsHistory]');
2026-08-07T23:53:08.6950277Z info: Microsoft.EntityFrameworkCore.Database.Command[20101]
2026-08-07T23:53:08.6950661Z       Executed DbCommand (1ms) [Parameters=[], CommandType='Text', CommandTimeout='30']
2026-08-07T23:53:08.6950733Z       SELECT [MigrationId], [ProductVersion]
2026-08-07T23:53:08.6950908Z       FROM [__EFMigrationsHistory]
2026-08-07T23:53:08.6951077Z       ORDER BY [MigrationId];
2026-08-07T23:53:08.6970373Z info: Microsoft.EntityFrameworkCore.Database.Command[20101]
2026-08-07T23:53:08.6970674Z       Executed DbCommand (1ms) [Parameters=[], CommandType='Text', CommandTimeout='30']
2026-08-07T23:53:08.6970778Z       SELECT TOP(1) [b].[BankAccountNumber]
2026-08-07T23:53:08.6970822Z       FROM [Beneficiaries] AS [b]
2026-08-07T23:53:08.6970860Z       ORDER BY [b].[Id]
2026-08-07T23:53:09.2397706Z info: Microsoft.EntityFrameworkCore.Database.Command[20101]
2026-08-07T23:53:09.2398493Z       Executed DbCommand (3ms) [Parameters=[], CommandType='Text', CommandTimeout='30']
2026-08-07T23:53:09.2398690Z       SELECT 1
2026-08-07T23:53:09.2412598Z info: Microsoft.EntityFrameworkCore.Database.Command[20101]
2026-08-07T23:53:09.2413102Z       Executed DbCommand (2ms) [Parameters=[], CommandType='Text', CommandTimeout='30']
2026-08-07T23:53:09.2413184Z       SELECT OBJECT_ID(N'[__EFMigrationsHistory]');
2026-08-07T23:53:09.2441267Z info: Microsoft.EntityFrameworkCore.Database.Command[20101]
2026-08-07T23:53:09.2441609Z       Executed DbCommand (2ms) [Parameters=[], CommandType='Text', CommandTimeout='30']
2026-08-07T23:53:09.2441677Z       SELECT [MigrationId], [ProductVersion]
2026-08-07T23:53:09.2441722Z       FROM [__EFMigrationsHistory]
2026-08-07T23:53:09.2441865Z       ORDER BY [MigrationId];
2026-08-07T23:53:09.2461574Z info: Microsoft.EntityFrameworkCore.Database.Command[20101]
2026-08-07T23:53:09.2461974Z       Executed DbCommand (1ms) [Parameters=[], CommandType='Text', CommandTimeout='30']
2026-08-07T23:53:09.2462143Z       SELECT TOP(1) [b].[BankAccountNumber]
2026-08-07T23:53:09.2462191Z       FROM [Beneficiaries] AS [b]
2026-08-07T23:53:09.2462269Z       ORDER BY [b].[Id]
2026-08-07T23:53:12.7388177Z info: Microsoft.EntityFrameworkCore.Database.Command[20101]
2026-08-07T23:53:12.7389064Z       Executed DbCommand (2ms) [Parameters=[], CommandType='Text', CommandTimeout='30']
2026-08-07T23:53:12.7389168Z       SELECT 1
2026-08-07T23:53:12.7414769Z info: Microsoft.EntityFrameworkCore.Database.Command[20101]
2026-08-07T23:53:12.7415427Z       Executed DbCommand (2ms) [Parameters=[], CommandType='Text', CommandTimeout='30']
2026-08-07T23:53:12.7415520Z       SELECT OBJECT_ID(N'[__EFMigrationsHistory]');
2026-08-07T23:53:12.7434458Z info: Microsoft.EntityFrameworkCore.Database.Command[20101]
2026-08-07T23:53:12.7434870Z       Executed DbCommand (2ms) [Parameters=[], CommandType='Text', CommandTimeout='30']
2026-08-07T23:53:12.7434970Z       SELECT [MigrationId], [ProductVersion]
2026-08-07T23:53:12.7435000Z       FROM [__EFMigrationsHistory]
2026-08-07T23:53:12.7435028Z       ORDER BY [MigrationId];
2026-08-07T23:53:12.7449479Z info: Microsoft.EntityFrameworkCore.Database.Command[20101]
2026-08-07T23:53:12.7449853Z       Executed DbCommand (2ms) [Parameters=[], CommandType='Text', CommandTimeout='30']
2026-08-07T23:53:12.7450056Z       SELECT TOP(1) [b].[BankAccountNumber]
2026-08-07T23:53:12.7450107Z       FROM [Beneficiaries] AS [b]
2026-08-07T23:53:12.7450145Z       ORDER BY [b].[Id]
2026-08-07T23:53:13.4043428Z info: Microsoft.EntityFrameworkCore.Database.Command[20101]
2026-08-07T23:53:13.4045545Z       Executed DbCommand (2ms) [Parameters=[], CommandType='Text', CommandTimeout='30']
2026-08-07T23:53:13.4045633Z       SELECT 1
2026-08-07T23:53:13.4078345Z info: Microsoft.EntityFrameworkCore.Database.Command[20101]
2026-08-07T23:53:13.4078813Z       Executed DbCommand (2ms) [Parameters=[], CommandType='Text', CommandTimeout='30']
2026-08-07T23:53:13.4078878Z       SELECT OBJECT_ID(N'[__EFMigrationsHistory]');
2026-08-07T23:53:13.4091515Z info: Microsoft.EntityFrameworkCore.Database.Command[20101]
2026-08-07T23:53:13.4091872Z       Executed DbCommand (1ms) [Parameters=[], CommandType='Text', CommandTimeout='30']
2026-08-07T23:53:13.4091947Z       SELECT [MigrationId], [ProductVersion]
2026-08-07T23:53:13.4091986Z       FROM [__EFMigrationsHistory]
2026-08-07T23:53:13.4092065Z       ORDER BY [MigrationId];
2026-08-07T23:53:13.4108067Z info: Microsoft.EntityFrameworkCore.Database.Command[20101]
2026-08-07T23:53:13.4108378Z       Executed DbCommand (1ms) [Parameters=[], CommandType='Text', CommandTimeout='30']
2026-08-07T23:53:13.4108454Z       SELECT TOP(1) [b].[BankAccountNumber]
2026-08-07T23:53:13.4108500Z       FROM [Beneficiaries] AS [b]
2026-08-07T23:53:13.4108575Z       ORDER BY [b].[Id]
2026-08-07T23:53:14.6734276Z info: Microsoft.EntityFrameworkCore.Database.Command[20101]
2026-08-07T23:53:14.6735391Z       Executed DbCommand (2ms) [Parameters=[], CommandType='Text', CommandTimeout='30']
2026-08-07T23:53:14.6735531Z       SELECT 1
2026-08-07T23:53:14.6748237Z info: Microsoft.EntityFrameworkCore.Database.Command[20101]
2026-08-07T23:53:14.6748864Z       Executed DbCommand (1ms) [Parameters=[], CommandType='Text', CommandTimeout='30']
2026-08-07T23:53:14.6748961Z       SELECT OBJECT_ID(N'[__EFMigrationsHistory]');
2026-08-07T23:53:14.6775429Z info: Microsoft.EntityFrameworkCore.Database.Command[20101]
2026-08-07T23:53:14.6775752Z       Executed DbCommand (1ms) [Parameters=[], CommandType='Text', CommandTimeout='30']
2026-08-07T23:53:14.6775862Z       SELECT [MigrationId], [ProductVersion]
2026-08-07T23:53:14.6775906Z       FROM [__EFMigrationsHistory]
2026-08-07T23:53:14.6782783Z       ORDER BY [MigrationId];
2026-08-07T23:53:14.6798104Z info: Microsoft.EntityFrameworkCore.Database.Command[20101]
2026-08-07T23:53:14.6798485Z       Executed DbCommand (1ms) [Parameters=[], CommandType='Text', CommandTimeout='30']
2026-08-07T23:53:14.6798559Z       SELECT TOP(1) [b].[BankAccountNumber]
2026-08-07T23:53:14.6798601Z       FROM [Beneficiaries] AS [b]
2026-08-07T23:53:14.6798645Z       ORDER BY [b].[Id]
2026-08-07T23:53:20.9564232Z info: Microsoft.EntityFrameworkCore.Database.Command[20101]
2026-08-07T23:53:20.9565191Z       Executed DbCommand (2ms) [Parameters=[], CommandType='Text', CommandTimeout='30']
2026-08-07T23:53:20.9565294Z       SELECT 1
2026-08-07T23:53:20.9585455Z info: Microsoft.EntityFrameworkCore.Database.Command[20101]
2026-08-07T23:53:20.9585971Z       Executed DbCommand (2ms) [Parameters=[], CommandType='Text', CommandTimeout='30']
2026-08-07T23:53:20.9586110Z       SELECT OBJECT_ID(N'[__EFMigrationsHistory]');
2026-08-07T23:53:20.9617905Z info: Microsoft.EntityFrameworkCore.Database.Command[20101]
2026-08-07T23:53:20.9618326Z       Executed DbCommand (2ms) [Parameters=[], CommandType='Text', CommandTimeout='30']
2026-08-07T23:53:20.9618400Z       SELECT [MigrationId], [ProductVersion]
2026-08-07T23:53:20.9618493Z       FROM [__EFMigrationsHistory]
2026-08-07T23:53:20.9619111Z       ORDER BY [MigrationId];
2026-08-07T23:53:20.9640174Z info: Microsoft.EntityFrameworkCore.Database.Command[20101]
2026-08-07T23:53:20.9640496Z       Executed DbCommand (2ms) [Parameters=[], CommandType='Text', CommandTimeout='30']
2026-08-07T23:53:20.9640604Z       SELECT TOP(1) [b].[BankAccountNumber]
2026-08-07T23:53:20.9640658Z       FROM [Beneficiaries] AS [b]
2026-08-07T23:53:20.9640705Z       ORDER BY [b].[Id]
2026-08-07T23:53:23.4933412Z info: Microsoft.EntityFrameworkCore.Database.Command[20101]
2026-08-07T23:53:23.4934226Z       Executed DbCommand (2ms) [Parameters=[], CommandType='Text', CommandTimeout='30']
2026-08-07T23:53:23.4934432Z       SELECT 1
2026-08-07T23:53:23.4950513Z info: Microsoft.EntityFrameworkCore.Database.Command[20101]
2026-08-07T23:53:23.4951145Z       Executed DbCommand (2ms) [Parameters=[], CommandType='Text', CommandTimeout='30']
2026-08-07T23:53:23.4951245Z       SELECT OBJECT_ID(N'[__EFMigrationsHistory]');
2026-08-07T23:53:23.4983773Z info: Microsoft.EntityFrameworkCore.Database.Command[20101]
2026-08-07T23:53:23.4984104Z       Executed DbCommand (1ms) [Parameters=[], CommandType='Text', CommandTimeout='30']
2026-08-07T23:53:23.4984177Z       SELECT [MigrationId], [ProductVersion]
2026-08-07T23:53:23.4984329Z       FROM [__EFMigrationsHistory]
2026-08-07T23:53:23.4984376Z       ORDER BY [MigrationId];
2026-08-07T23:53:23.4999324Z info: Microsoft.EntityFrameworkCore.Database.Command[20101]
2026-08-07T23:53:23.4999632Z       Executed DbCommand (1ms) [Parameters=[], CommandType='Text', CommandTimeout='30']
2026-08-07T23:53:23.4999698Z       SELECT TOP(1) [b].[BankAccountNumber]
2026-08-07T23:53:23.4999740Z       FROM [Beneficiaries] AS [b]
2026-08-07T23:53:23.4999779Z       ORDER BY [b].[Id]
2026-08-07T23:53:24.8067171Z info: Microsoft.EntityFrameworkCore.Database.Command[20101]
2026-08-07T23:53:24.8068139Z       Executed DbCommand (2ms) [Parameters=[], CommandType='Text', CommandTimeout='30']
2026-08-07T23:53:24.8068269Z       SELECT 1
2026-08-07T23:53:24.8086148Z info: Microsoft.EntityFrameworkCore.Database.Command[20101]
2026-08-07T23:53:24.8087376Z       Executed DbCommand (2ms) [Parameters=[], CommandType='Text', CommandTimeout='30']
2026-08-07T23:53:24.8087492Z       SELECT OBJECT_ID(N'[__EFMigrationsHistory]');
2026-08-07T23:53:24.8124522Z info: Microsoft.EntityFrameworkCore.Database.Command[20101]
2026-08-07T23:53:24.8124875Z       Executed DbCommand (2ms) [Parameters=[], CommandType='Text', CommandTimeout='30']
2026-08-07T23:53:24.8125008Z       SELECT [MigrationId], [ProductVersion]
2026-08-07T23:53:24.8125057Z       FROM [__EFMigrationsHistory]
2026-08-07T23:53:24.8125097Z       ORDER BY [MigrationId];
2026-08-07T23:53:24.8141128Z info: Microsoft.EntityFrameworkCore.Database.Command[20101]
2026-08-07T23:53:24.8141434Z       Executed DbCommand (2ms) [Parameters=[], CommandType='Text', CommandTimeout='30']
2026-08-07T23:53:24.8141557Z       SELECT TOP(1) [b].[BankAccountNumber]
2026-08-07T23:53:24.8141605Z       FROM [Beneficiaries] AS [b]
2026-08-07T23:53:24.8143211Z       ORDER BY [b].[Id]
2026-08-07T23:53:26.3840851Z info: Microsoft.EntityFrameworkCore.Database.Command[20101]
2026-08-07T23:53:26.3841743Z       Executed DbCommand (2ms) [Parameters=[], CommandType='Text', CommandTimeout='30']
2026-08-07T23:53:26.3841843Z       SELECT 1
2026-08-07T23:53:26.3868246Z info: Microsoft.EntityFrameworkCore.Database.Command[20101]
2026-08-07T23:53:26.3868856Z       Executed DbCommand (2ms) [Parameters=[], CommandType='Text', CommandTimeout='30']
2026-08-07T23:53:26.3868940Z       SELECT OBJECT_ID(N'[__EFMigrationsHistory]');
2026-08-07T23:53:26.3884874Z info: Microsoft.EntityFrameworkCore.Database.Command[20101]
2026-08-07T23:53:26.3885234Z       Executed DbCommand (2ms) [Parameters=[], CommandType='Text', CommandTimeout='30']
2026-08-07T23:53:26.3885318Z       SELECT [MigrationId], [ProductVersion]
2026-08-07T23:53:26.3887834Z       FROM [__EFMigrationsHistory]
2026-08-07T23:53:26.3892713Z       ORDER BY [MigrationId];
2026-08-07T23:53:26.3976957Z info: Microsoft.EntityFrameworkCore.Database.Command[20101]
2026-08-07T23:53:26.3977354Z       Executed DbCommand (8ms) [Parameters=[], CommandType='Text', CommandTimeout='30']
2026-08-07T23:53:26.3977522Z       SELECT TOP(1) [b].[BankAccountNumber]
2026-08-07T23:53:26.3977573Z       FROM [Beneficiaries] AS [b]
2026-08-07T23:53:26.3977661Z       ORDER BY [b].[Id]
2026-08-07T23:53:31.5378967Z info: Microsoft.EntityFrameworkCore.Database.Command[20101]
2026-08-07T23:53:31.5379854Z       Executed DbCommand (2ms) [Parameters=[], CommandType='Text', CommandTimeout='30']
2026-08-07T23:53:31.5379980Z       SELECT 1
2026-08-07T23:53:31.5407548Z info: Microsoft.EntityFrameworkCore.Database.Command[20101]
2026-08-07T23:53:31.5408049Z       Executed DbCommand (2ms) [Parameters=[], CommandType='Text', CommandTimeout='30']
2026-08-07T23:53:31.5408206Z       SELECT OBJECT_ID(N'[__EFMigrationsHistory]');
2026-08-07T23:53:31.5421590Z info: Microsoft.EntityFrameworkCore.Database.Command[20101]
2026-08-07T23:53:31.5421979Z       Executed DbCommand (2ms) [Parameters=[], CommandType='Text', CommandTimeout='30']
2026-08-07T23:53:31.5422193Z       SELECT [MigrationId], [ProductVersion]
2026-08-07T23:53:31.5422236Z       FROM [__EFMigrationsHistory]
2026-08-07T23:53:31.5422273Z       ORDER BY [MigrationId];
2026-08-07T23:53:31.5438941Z info: Microsoft.EntityFrameworkCore.Database.Command[20101]
2026-08-07T23:53:31.5439271Z       Executed DbCommand (1ms) [Parameters=[], CommandType='Text', CommandTimeout='30']
2026-08-07T23:53:31.5439335Z       SELECT TOP(1) [b].[BankAccountNumber]
2026-08-07T23:53:31.5439373Z       FROM [Beneficiaries] AS [b]
2026-08-07T23:53:31.5439409Z       ORDER BY [b].[Id]
2026-08-07T23:53:33.3309436Z info: Microsoft.EntityFrameworkCore.Database.Command[20101]
2026-08-07T23:53:33.3310407Z       Executed DbCommand (2ms) [Parameters=[], CommandType='Text', CommandTimeout='30']
2026-08-07T23:53:33.3310534Z       SELECT 1
2026-08-07T23:53:33.3326494Z info: Microsoft.EntityFrameworkCore.Database.Command[20101]
2026-08-07T23:53:33.3327524Z       Executed DbCommand (2ms) [Parameters=[], CommandType='Text', CommandTimeout='30']
2026-08-07T23:53:33.3327671Z       SELECT OBJECT_ID(N'[__EFMigrationsHistory]');
2026-08-07T23:53:33.3358244Z info: Microsoft.EntityFrameworkCore.Database.Command[20101]
2026-08-07T23:53:33.3358606Z       Executed DbCommand (1ms) [Parameters=[], CommandType='Text', CommandTimeout='30']
2026-08-07T23:53:33.3358681Z       SELECT [MigrationId], [ProductVersion]
2026-08-07T23:53:33.3358878Z       FROM [__EFMigrationsHistory]
2026-08-07T23:53:33.3358970Z       ORDER BY [MigrationId];
2026-08-07T23:53:33.3371848Z info: Microsoft.EntityFrameworkCore.Database.Command[20101]
2026-08-07T23:53:33.3372171Z       Executed DbCommand (1ms) [Parameters=[], CommandType='Text', CommandTimeout='30']
2026-08-07T23:53:33.3372234Z       SELECT TOP(1) [b].[BankAccountNumber]
2026-08-07T23:53:33.3372275Z       FROM [Beneficiaries] AS [b]
2026-08-07T23:53:33.3372455Z       ORDER BY [b].[Id]
2026-08-07T23:53:34.2741893Z info: Microsoft.EntityFrameworkCore.Database.Command[20101]
2026-08-07T23:53:34.2742649Z       Executed DbCommand (2ms) [Parameters=[], CommandType='Text', CommandTimeout='30']
2026-08-07T23:53:34.2742767Z       SELECT 1
2026-08-07T23:53:34.2767956Z info: Microsoft.EntityFrameworkCore.Database.Command[20101]
2026-08-07T23:53:34.2770096Z       Executed DbCommand (2ms) [Parameters=[], CommandType='Text', CommandTimeout='30']
2026-08-07T23:53:34.2770188Z       SELECT OBJECT_ID(N'[__EFMigrationsHistory]');
2026-08-07T23:53:34.2782617Z info: Microsoft.EntityFrameworkCore.Database.Command[20101]
2026-08-07T23:53:34.2783034Z       Executed DbCommand (2ms) [Parameters=[], CommandType='Text', CommandTimeout='30']
2026-08-07T23:53:34.2783153Z       SELECT [MigrationId], [ProductVersion]
2026-08-07T23:53:34.2783200Z       FROM [__EFMigrationsHistory]
2026-08-07T23:53:34.2783239Z       ORDER BY [MigrationId];
2026-08-07T23:53:34.2802706Z info: Microsoft.EntityFrameworkCore.Database.Command[20101]
2026-08-07T23:53:34.2803028Z       Executed DbCommand (2ms) [Parameters=[], CommandType='Text', CommandTimeout='30']
2026-08-07T23:53:34.2803091Z       SELECT TOP(1) [b].[BankAccountNumber]
2026-08-07T23:53:34.2803135Z       FROM [Beneficiaries] AS [b]
2026-08-07T23:53:34.2803275Z       ORDER BY [b].[Id]
2026-08-07T23:53:38.3884034Z info: Microsoft.EntityFrameworkCore.Database.Command[20101]
2026-08-07T23:53:38.3884873Z       Executed DbCommand (2ms) [Parameters=[], CommandType='Text', CommandTimeout='30']
2026-08-07T23:53:38.3884980Z       SELECT 1
2026-08-07T23:53:38.3900152Z info: Microsoft.EntityFrameworkCore.Database.Command[20101]
2026-08-07T23:53:38.3900730Z       Executed DbCommand (2ms) [Parameters=[], CommandType='Text', CommandTimeout='30']
2026-08-07T23:53:38.3900838Z       SELECT OBJECT_ID(N'[__EFMigrationsHistory]');
2026-08-07T23:53:38.3930857Z info: Microsoft.EntityFrameworkCore.Database.Command[20101]
2026-08-07T23:53:38.3931212Z       Executed DbCommand (2ms) [Parameters=[], CommandType='Text', CommandTimeout='30']
2026-08-07T23:53:38.3931278Z       SELECT [MigrationId], [ProductVersion]
2026-08-07T23:53:38.3931321Z       FROM [__EFMigrationsHistory]
2026-08-07T23:53:38.3931416Z       ORDER BY [MigrationId];
2026-08-07T23:53:38.3948435Z info: Microsoft.EntityFrameworkCore.Database.Command[20101]
2026-08-07T23:53:38.3948768Z       Executed DbCommand (2ms) [Parameters=[], CommandType='Text', CommandTimeout='30']
2026-08-07T23:53:38.3948835Z       SELECT TOP(1) [b].[BankAccountNumber]
2026-08-07T23:53:38.3948875Z       FROM [Beneficiaries] AS [b]
2026-08-07T23:53:38.3948957Z       ORDER BY [b].[Id]
2026-08-07T23:53:38.5412229Z info: Microsoft.EntityFrameworkCore.Database.Command[20101]
2026-08-07T23:53:38.5412993Z       Executed DbCommand (2ms) [Parameters=[], CommandType='Text', CommandTimeout='30']
2026-08-07T23:53:38.5413124Z       SELECT 1
2026-08-07T23:53:38.5427322Z info: Microsoft.EntityFrameworkCore.Database.Command[20101]
2026-08-07T23:53:38.5427847Z       Executed DbCommand (2ms) [Parameters=[], CommandType='Text', CommandTimeout='30']
2026-08-07T23:53:38.5427929Z       SELECT OBJECT_ID(N'[__EFMigrationsHistory]');
2026-08-07T23:53:38.5457251Z info: Microsoft.EntityFrameworkCore.Database.Command[20101]
2026-08-07T23:53:38.5457670Z       Executed DbCommand (2ms) [Parameters=[], CommandType='Text', CommandTimeout='30']
2026-08-07T23:53:38.5457735Z       SELECT [MigrationId], [ProductVersion]
2026-08-07T23:53:38.5457766Z       FROM [__EFMigrationsHistory]
2026-08-07T23:53:38.5457795Z       ORDER BY [MigrationId];
2026-08-07T23:53:38.5470077Z info: Microsoft.EntityFrameworkCore.Database.Command[20101]
2026-08-07T23:53:38.5470461Z       Executed DbCommand (1ms) [Parameters=[], CommandType='Text', CommandTimeout='30']
2026-08-07T23:53:38.5470525Z       SELECT TOP(1) [b].[BankAccountNumber]
2026-08-07T23:53:38.5470563Z       FROM [Beneficiaries] AS [b]
2026-08-07T23:53:38.5470599Z       ORDER BY [b].[Id]
2026-08-07T23:53:47.4437514Z info: Microsoft.EntityFrameworkCore.Database.Command[20101]
2026-08-07T23:53:47.4438417Z       Executed DbCommand (2ms) [Parameters=[], CommandType='Text', CommandTimeout='30']
2026-08-07T23:53:47.4438546Z       SELECT 1
2026-08-07T23:53:47.4455990Z info: Microsoft.EntityFrameworkCore.Database.Command[20101]
2026-08-07T23:53:47.4456573Z       Executed DbCommand (2ms) [Parameters=[], CommandType='Text', CommandTimeout='30']
2026-08-07T23:53:47.4456743Z       SELECT OBJECT_ID(N'[__EFMigrationsHistory]');
2026-08-07T23:53:47.4489912Z info: Microsoft.EntityFrameworkCore.Database.Command[20101]
2026-08-07T23:53:47.4492062Z       Executed DbCommand (2ms) [Parameters=[], CommandType='Text', CommandTimeout='30']
2026-08-07T23:53:47.4492205Z       SELECT [MigrationId], [ProductVersion]
2026-08-07T23:53:47.4492279Z       FROM [__EFMigrationsHistory]
2026-08-07T23:53:47.4496137Z       ORDER BY [MigrationId];
2026-08-07T23:53:47.4507400Z info: Microsoft.EntityFrameworkCore.Database.Command[20101]
2026-08-07T23:53:47.4507998Z       Executed DbCommand (2ms) [Parameters=[], CommandType='Text', CommandTimeout='30']
2026-08-07T23:53:47.4508117Z       SELECT TOP(1) [b].[BankAccountNumber]
2026-08-07T23:53:47.4508159Z       FROM [Beneficiaries] AS [b]
2026-08-07T23:53:47.4508197Z       ORDER BY [b].[Id]
2026-08-07T23:53:51.7499408Z info: Microsoft.EntityFrameworkCore.Database.Command[20101]
2026-08-07T23:53:51.7500432Z       Executed DbCommand (2ms) [Parameters=[], CommandType='Text', CommandTimeout='30']
2026-08-07T23:53:51.7500672Z       SELECT 1
2026-08-07T23:53:51.7516822Z info: Microsoft.EntityFrameworkCore.Database.Command[20101]
2026-08-07T23:53:51.7517321Z       Executed DbCommand (2ms) [Parameters=[], CommandType='Text', CommandTimeout='30']
2026-08-07T23:53:51.7517406Z       SELECT OBJECT_ID(N'[__EFMigrationsHistory]');
2026-08-07T23:53:51.7543963Z info: Microsoft.EntityFrameworkCore.Database.Command[20101]
2026-08-07T23:53:51.7544249Z       Executed DbCommand (2ms) [Parameters=[], CommandType='Text', CommandTimeout='30']
2026-08-07T23:53:51.7544319Z       SELECT [MigrationId], [ProductVersion]
2026-08-07T23:53:51.7544358Z       FROM [__EFMigrationsHistory]
2026-08-07T23:53:51.7544396Z       ORDER BY [MigrationId];
2026-08-07T23:53:51.7586088Z info: Microsoft.EntityFrameworkCore.Database.Command[20101]
2026-08-07T23:53:51.7586514Z       Executed DbCommand (4ms) [Parameters=[], CommandType='Text', CommandTimeout='30']
2026-08-07T23:53:51.7586585Z       SELECT TOP(1) [b].[BankAccountNumber]
2026-08-07T23:53:51.7586625Z       FROM [Beneficiaries] AS [b]
2026-08-07T23:53:51.7586666Z       ORDER BY [b].[Id]
2026-08-07T23:53:52.1705678Z info: Microsoft.EntityFrameworkCore.Database.Command[20101]
2026-08-07T23:53:52.1706520Z       Executed DbCommand (2ms) [Parameters=[], CommandType='Text', CommandTimeout='30']
2026-08-07T23:53:52.1706621Z       SELECT 1
2026-08-07T23:53:52.1722230Z info: Microsoft.EntityFrameworkCore.Database.Command[20101]
2026-08-07T23:53:52.1722659Z       Executed DbCommand (2ms) [Parameters=[], CommandType='Text', CommandTimeout='30']
2026-08-07T23:53:52.1722834Z       SELECT OBJECT_ID(N'[__EFMigrationsHistory]');
2026-08-07T23:53:52.1749564Z info: Microsoft.EntityFrameworkCore.Database.Command[20101]
2026-08-07T23:53:52.1750039Z       Executed DbCommand (1ms) [Parameters=[], CommandType='Text', CommandTimeout='30']
2026-08-07T23:53:52.1750166Z       SELECT [MigrationId], [ProductVersion]
2026-08-07T23:53:52.1750209Z       FROM [__EFMigrationsHistory]
2026-08-07T23:53:52.1750247Z       ORDER BY [MigrationId];
2026-08-07T23:53:52.1771874Z info: Microsoft.EntityFrameworkCore.Database.Command[20101]
2026-08-07T23:53:52.1772187Z       Executed DbCommand (1ms) [Parameters=[], CommandType='Text', CommandTimeout='30']
2026-08-07T23:53:52.1772312Z       SELECT TOP(1) [b].[BankAccountNumber]
2026-08-07T23:53:52.1772360Z       FROM [Beneficiaries] AS [b]
2026-08-07T23:53:52.1772408Z       ORDER BY [b].[Id]
2026-08-07T23:53:56.7447421Z info: Microsoft.EntityFrameworkCore.Database.Command[20101]
2026-08-07T23:53:56.7448256Z       Executed DbCommand (2ms) [Parameters=[], CommandType='Text', CommandTimeout='30']
2026-08-07T23:53:56.7448359Z       SELECT 1
2026-08-07T23:53:56.7465158Z info: Microsoft.EntityFrameworkCore.Database.Command[20101]
2026-08-07T23:53:56.7465740Z       Executed DbCommand (2ms) [Parameters=[], CommandType='Text', CommandTimeout='30']
2026-08-07T23:53:56.7465821Z       SELECT OBJECT_ID(N'[__EFMigrationsHistory]');
2026-08-07T23:53:56.7496956Z info: Microsoft.EntityFrameworkCore.Database.Command[20101]
2026-08-07T23:53:56.7497354Z       Executed DbCommand (1ms) [Parameters=[], CommandType='Text', CommandTimeout='30']
2026-08-07T23:53:56.7497434Z       SELECT [MigrationId], [ProductVersion]
2026-08-07T23:53:56.7497478Z       FROM [__EFMigrationsHistory]
2026-08-07T23:53:56.7497572Z       ORDER BY [MigrationId];
2026-08-07T23:53:56.7513107Z info: Microsoft.EntityFrameworkCore.Database.Command[20101]
2026-08-07T23:53:56.7513436Z       Executed DbCommand (1ms) [Parameters=[], CommandType='Text', CommandTimeout='30']
2026-08-07T23:53:56.7513501Z       SELECT TOP(1) [b].[BankAccountNumber]
2026-08-07T23:53:56.7513539Z       FROM [Beneficiaries] AS [b]
2026-08-07T23:53:56.7513728Z       ORDER BY [b].[Id]
2026-08-07T23:53:57.0848726Z info: Microsoft.EntityFrameworkCore.Database.Command[20101]
2026-08-07T23:53:57.0849488Z       Executed DbCommand (2ms) [Parameters=[], CommandType='Text', CommandTimeout='30']
2026-08-07T23:53:57.0849585Z       SELECT 1
2026-08-07T23:53:57.0867716Z info: Microsoft.EntityFrameworkCore.Database.Command[20101]
2026-08-07T23:53:57.0869754Z       Executed DbCommand (2ms) [Parameters=[], CommandType='Text', CommandTimeout='30']
2026-08-07T23:53:57.0869889Z       SELECT OBJECT_ID(N'[__EFMigrationsHistory]');
2026-08-07T23:53:57.0897395Z info: Microsoft.EntityFrameworkCore.Database.Command[20101]
2026-08-07T23:53:57.0897760Z       Executed DbCommand (1ms) [Parameters=[], CommandType='Text', CommandTimeout='30']
2026-08-07T23:53:57.0897870Z       SELECT [MigrationId], [ProductVersion]
2026-08-07T23:53:57.0897933Z       FROM [__EFMigrationsHistory]
2026-08-07T23:53:57.0898025Z       ORDER BY [MigrationId];
2026-08-07T23:53:57.0921074Z info: Microsoft.EntityFrameworkCore.Database.Command[20101]
2026-08-07T23:53:57.0921385Z       Executed DbCommand (2ms) [Parameters=[], CommandType='Text', CommandTimeout='30']
2026-08-07T23:53:57.0921503Z       SELECT TOP(1) [b].[BankAccountNumber]
2026-08-07T23:53:57.0921551Z       FROM [Beneficiaries] AS [b]
2026-08-07T23:53:57.0925370Z       ORDER BY [b].[Id]
2026-08-07T23:53:58.6462350Z info: Microsoft.EntityFrameworkCore.Database.Command[20101]
2026-08-07T23:53:58.6463145Z       Executed DbCommand (2ms) [Parameters=[], CommandType='Text', CommandTimeout='30']
2026-08-07T23:53:58.6463226Z       SELECT 1
2026-08-07T23:53:58.6489372Z info: Microsoft.EntityFrameworkCore.Database.Command[20101]
2026-08-07T23:53:58.6489918Z       Executed DbCommand (2ms) [Parameters=[], CommandType='Text', CommandTimeout='30']
2026-08-07T23:53:58.6490000Z       SELECT OBJECT_ID(N'[__EFMigrationsHistory]');
2026-08-07T23:53:58.6507543Z info: Microsoft.EntityFrameworkCore.Database.Command[20101]
2026-08-07T23:53:58.6507910Z       Executed DbCommand (2ms) [Parameters=[], CommandType='Text', CommandTimeout='30']
2026-08-07T23:53:58.6507985Z       SELECT [MigrationId], [ProductVersion]
2026-08-07T23:53:58.6508033Z       FROM [__EFMigrationsHistory]
2026-08-07T23:53:58.6508129Z       ORDER BY [MigrationId];
2026-08-07T23:53:58.6526261Z info: Microsoft.EntityFrameworkCore.Database.Command[20101]
2026-08-07T23:53:58.6526628Z       Executed DbCommand (2ms) [Parameters=[], CommandType='Text', CommandTimeout='30']
2026-08-07T23:53:58.6527104Z       SELECT TOP(1) [b].[BankAccountNumber]
2026-08-07T23:53:58.6527697Z       FROM [Beneficiaries] AS [b]
2026-08-07T23:53:58.6527783Z       ORDER BY [b].[Id]
2026-08-07T23:54:02.2679644Z info: Microsoft.EntityFrameworkCore.Database.Command[20101]
2026-08-07T23:54:02.2680435Z       Executed DbCommand (2ms) [Parameters=[], CommandType='Text', CommandTimeout='30']
2026-08-07T23:54:02.2680533Z       SELECT 1
2026-08-07T23:54:02.2708617Z info: Microsoft.EntityFrameworkCore.Database.Command[20101]
2026-08-07T23:54:02.2709217Z       Executed DbCommand (2ms) [Parameters=[], CommandType='Text', CommandTimeout='30']
2026-08-07T23:54:02.2709314Z       SELECT OBJECT_ID(N'[__EFMigrationsHistory]');
2026-08-07T23:54:02.2724726Z info: Microsoft.EntityFrameworkCore.Database.Command[20101]
2026-08-07T23:54:02.2725155Z       Executed DbCommand (2ms) [Parameters=[], CommandType='Text', CommandTimeout='30']
2026-08-07T23:54:02.2725271Z       SELECT [MigrationId], [ProductVersion]
2026-08-07T23:54:02.2725316Z       FROM [__EFMigrationsHistory]
2026-08-07T23:54:02.2734053Z       ORDER BY [MigrationId];
2026-08-07T23:54:02.2750735Z info: Microsoft.EntityFrameworkCore.Database.Command[20101]
2026-08-07T23:54:02.2777688Z       Executed DbCommand (2ms) [Parameters=[], CommandType='Text', CommandTimeout='30']
2026-08-07T23:54:02.2777920Z       SELECT TOP(1) [b].[BankAccountNumber]
2026-08-07T23:54:02.2777968Z       FROM [Beneficiaries] AS [b]
2026-08-07T23:54:02.2778008Z       ORDER BY [b].[Id]
2026-08-07T23:54:04.3900500Z info: Microsoft.EntityFrameworkCore.Database.Command[20101]
2026-08-07T23:54:04.3901350Z       Executed DbCommand (2ms) [Parameters=[], CommandType='Text', CommandTimeout='30']
2026-08-07T23:54:04.3901473Z       SELECT 1
2026-08-07T23:54:04.3928156Z info: Microsoft.EntityFrameworkCore.Database.Command[20101]
2026-08-07T23:54:04.3928673Z       Executed DbCommand (2ms) [Parameters=[], CommandType='Text', CommandTimeout='30']
2026-08-07T23:54:04.3928821Z       SELECT OBJECT_ID(N'[__EFMigrationsHistory]');
2026-08-07T23:54:04.3949153Z info: Microsoft.EntityFrameworkCore.Database.Command[20101]
2026-08-07T23:54:04.3949542Z       Executed DbCommand (2ms) [Parameters=[], CommandType='Text', CommandTimeout='30']
2026-08-07T23:54:04.3949625Z       SELECT [MigrationId], [ProductVersion]
2026-08-07T23:54:04.3949671Z       FROM [__EFMigrationsHistory]
2026-08-07T23:54:04.3949765Z       ORDER BY [MigrationId];
2026-08-07T23:54:04.3965643Z info: Microsoft.EntityFrameworkCore.Database.Command[20101]
2026-08-07T23:54:04.3965961Z       Executed DbCommand (1ms) [Parameters=[], CommandType='Text', CommandTimeout='30']
2026-08-07T23:54:04.3966032Z       SELECT TOP(1) [b].[BankAccountNumber]
2026-08-07T23:54:04.3966081Z       FROM [Beneficiaries] AS [b]
2026-08-07T23:54:04.3966168Z       ORDER BY [b].[Id]
2026-08-07T23:54:12.4933028Z info: Microsoft.EntityFrameworkCore.Database.Command[20101]
2026-08-07T23:54:12.4933941Z       Executed DbCommand (2ms) [Parameters=[], CommandType='Text', CommandTimeout='30']
2026-08-07T23:54:12.4934080Z       SELECT 1
2026-08-07T23:54:12.4964870Z info: Microsoft.EntityFrameworkCore.Database.Command[20101]
2026-08-07T23:54:12.4965468Z       Executed DbCommand (2ms) [Parameters=[], CommandType='Text', CommandTimeout='30']
2026-08-07T23:54:12.4965579Z       SELECT OBJECT_ID(N'[__EFMigrationsHistory]');
2026-08-07T23:54:12.4984926Z info: Microsoft.EntityFrameworkCore.Database.Command[20101]
2026-08-07T23:54:12.4985401Z       Executed DbCommand (2ms) [Parameters=[], CommandType='Text', CommandTimeout='30']
2026-08-07T23:54:12.4985499Z       SELECT [MigrationId], [ProductVersion]
2026-08-07T23:54:12.4985561Z       FROM [__EFMigrationsHistory]
2026-08-07T23:54:12.4985621Z       ORDER BY [MigrationId];
2026-08-07T23:54:12.4998361Z info: Microsoft.EntityFrameworkCore.Database.Command[20101]
2026-08-07T23:54:12.4998726Z       Executed DbCommand (1ms) [Parameters=[], CommandType='Text', CommandTimeout='30']
2026-08-07T23:54:12.4998797Z       SELECT TOP(1) [b].[BankAccountNumber]
2026-08-07T23:54:12.4998839Z       FROM [Beneficiaries] AS [b]
2026-08-07T23:54:12.4998980Z       ORDER BY [b].[Id]
2026-08-07T23:54:22.0607649Z info: Microsoft.EntityFrameworkCore.Database.Command[20101]
2026-08-07T23:54:22.0608408Z       Executed DbCommand (2ms) [Parameters=[], CommandType='Text', CommandTimeout='30']
2026-08-07T23:54:22.0608495Z       SELECT 1
2026-08-07T23:54:22.0624432Z info: Microsoft.EntityFrameworkCore.Database.Command[20101]
2026-08-07T23:54:22.0625075Z       Executed DbCommand (2ms) [Parameters=[], CommandType='Text', CommandTimeout='30']
2026-08-07T23:54:22.0625236Z       SELECT OBJECT_ID(N'[__EFMigrationsHistory]');
2026-08-07T23:54:22.0654795Z info: Microsoft.EntityFrameworkCore.Database.Command[20101]
2026-08-07T23:54:22.0655306Z       Executed DbCommand (2ms) [Parameters=[], CommandType='Text', CommandTimeout='30']
2026-08-07T23:54:22.0655384Z       SELECT [MigrationId], [ProductVersion]
2026-08-07T23:54:22.0655484Z       FROM [__EFMigrationsHistory]
2026-08-07T23:54:22.0655525Z       ORDER BY [MigrationId];
2026-08-07T23:54:22.0672149Z info: Microsoft.EntityFrameworkCore.Database.Command[20101]
2026-08-07T23:54:22.0672518Z       Executed DbCommand (1ms) [Parameters=[], CommandType='Text', CommandTimeout='30']
2026-08-07T23:54:22.0672584Z       SELECT TOP(1) [b].[BankAccountNumber]
2026-08-07T23:54:22.0672668Z       FROM [Beneficiaries] AS [b]
2026-08-07T23:54:22.0672708Z       ORDER BY [b].[Id]
2026-08-07T23:54:22.9703345Z info: Microsoft.EntityFrameworkCore.Database.Command[20101]
2026-08-07T23:54:22.9706330Z       Executed DbCommand (2ms) [Parameters=[], CommandType='Text', CommandTimeout='30']
2026-08-07T23:54:22.9706518Z       SELECT 1
2026-08-07T23:54:22.9718506Z info: Microsoft.EntityFrameworkCore.Database.Command[20101]
2026-08-07T23:54:22.9718957Z       Executed DbCommand (2ms) [Parameters=[], CommandType='Text', CommandTimeout='30']
2026-08-07T23:54:22.9719037Z       SELECT OBJECT_ID(N'[__EFMigrationsHistory]');
2026-08-07T23:54:22.9748087Z info: Microsoft.EntityFrameworkCore.Database.Command[20101]
2026-08-07T23:54:22.9748484Z       Executed DbCommand (2ms) [Parameters=[], CommandType='Text', CommandTimeout='30']
2026-08-07T23:54:22.9748573Z       SELECT [MigrationId], [ProductVersion]
2026-08-07T23:54:22.9748612Z       FROM [__EFMigrationsHistory]
2026-08-07T23:54:22.9748656Z       ORDER BY [MigrationId];
2026-08-07T23:54:22.9765540Z info: Microsoft.EntityFrameworkCore.Database.Command[20101]
2026-08-07T23:54:22.9765848Z       Executed DbCommand (1ms) [Parameters=[], CommandType='Text', CommandTimeout='30']
2026-08-07T23:54:22.9765917Z       SELECT TOP(1) [b].[BankAccountNumber]
2026-08-07T23:54:22.9765955Z       FROM [Beneficiaries] AS [b]
2026-08-07T23:54:22.9765994Z       ORDER BY [b].[Id]
2026-08-07T23:54:24.1777547Z info: Microsoft.EntityFrameworkCore.Database.Command[20101]
2026-08-07T23:54:24.1778307Z       Executed DbCommand (2ms) [Parameters=[], CommandType='Text', CommandTimeout='30']
2026-08-07T23:54:24.1778414Z       SELECT 1
2026-08-07T23:54:24.1797219Z info: Microsoft.EntityFrameworkCore.Database.Command[20101]
2026-08-07T23:54:24.1797753Z       Executed DbCommand (2ms) [Parameters=[], CommandType='Text', CommandTimeout='30']
2026-08-07T23:54:24.1797834Z       SELECT OBJECT_ID(N'[__EFMigrationsHistory]');
2026-08-07T23:54:24.1823303Z info: Microsoft.EntityFrameworkCore.Database.Command[20101]
2026-08-07T23:54:24.1823680Z       Executed DbCommand (1ms) [Parameters=[], CommandType='Text', CommandTimeout='30']
2026-08-07T23:54:24.1823798Z       SELECT [MigrationId], [ProductVersion]
2026-08-07T23:54:24.1823841Z       FROM [__EFMigrationsHistory]
2026-08-07T23:54:24.1823880Z       ORDER BY [MigrationId];
2026-08-07T23:54:24.1841355Z info: Microsoft.EntityFrameworkCore.Database.Command[20101]
2026-08-07T23:54:24.1841686Z       Executed DbCommand (1ms) [Parameters=[], CommandType='Text', CommandTimeout='30']
2026-08-07T23:54:24.1841798Z       SELECT TOP(1) [b].[BankAccountNumber]
2026-08-07T23:54:24.1841835Z       FROM [Beneficiaries] AS [b]
2026-08-07T23:54:24.1841875Z       ORDER BY [b].[Id]
2026-08-07T23:54:29.6907825Z info: Microsoft.EntityFrameworkCore.Database.Command[20101]
2026-08-07T23:54:29.6908661Z       Executed DbCommand (2ms) [Parameters=[], CommandType='Text', CommandTimeout='30']
2026-08-07T23:54:29.6908806Z       SELECT 1
2026-08-07T23:54:29.6928102Z info: Microsoft.EntityFrameworkCore.Database.Command[20101]
2026-08-07T23:54:29.6928588Z       Executed DbCommand (2ms) [Parameters=[], CommandType='Text', CommandTimeout='30']
2026-08-07T23:54:29.6928668Z       SELECT OBJECT_ID(N'[__EFMigrationsHistory]');
2026-08-07T23:54:29.6954053Z info: Microsoft.EntityFrameworkCore.Database.Command[20101]
2026-08-07T23:54:29.6954422Z       Executed DbCommand (1ms) [Parameters=[], CommandType='Text', CommandTimeout='30']
2026-08-07T23:54:29.6954499Z       SELECT [MigrationId], [ProductVersion]
2026-08-07T23:54:29.6954545Z       FROM [__EFMigrationsHistory]
2026-08-07T23:54:29.6954629Z       ORDER BY [MigrationId];
2026-08-07T23:54:29.6980642Z info: Microsoft.EntityFrameworkCore.Database.Command[20101]
2026-08-07T23:54:29.6980951Z       Executed DbCommand (2ms) [Parameters=[], CommandType='Text', CommandTimeout='30']
2026-08-07T23:54:29.6981016Z       SELECT TOP(1) [b].[BankAccountNumber]
2026-08-07T23:54:29.6981054Z       FROM [Beneficiaries] AS [b]
2026-08-07T23:54:29.6981132Z       ORDER BY [b].[Id]
2026-08-07T23:54:30.7474340Z info: Microsoft.EntityFrameworkCore.Database.Command[20101]
2026-08-07T23:54:30.7475172Z       Executed DbCommand (2ms) [Parameters=[], CommandType='Text', CommandTimeout='30']
2026-08-07T23:54:30.7475299Z       SELECT 1
2026-08-07T23:54:30.7507843Z info: Microsoft.EntityFrameworkCore.Database.Command[20101]
2026-08-07T23:54:30.7508452Z       Executed DbCommand (2ms) [Parameters=[], CommandType='Text', CommandTimeout='30']
2026-08-07T23:54:30.7508563Z       SELECT OBJECT_ID(N'[__EFMigrationsHistory]');
2026-08-07T23:54:30.7525428Z info: Microsoft.EntityFrameworkCore.Database.Command[20101]
2026-08-07T23:54:30.7525785Z       Executed DbCommand (1ms) [Parameters=[], CommandType='Text', CommandTimeout='30']
2026-08-07T23:54:30.7525910Z       SELECT [MigrationId], [ProductVersion]
2026-08-07T23:54:30.7525959Z       FROM [__EFMigrationsHistory]
2026-08-07T23:54:30.7526006Z       ORDER BY [MigrationId];
2026-08-07T23:54:30.7539509Z info: Microsoft.EntityFrameworkCore.Database.Command[20101]
2026-08-07T23:54:30.7539877Z       Executed DbCommand (1ms) [Parameters=[], CommandType='Text', CommandTimeout='30']
2026-08-07T23:54:30.7539995Z       SELECT TOP(1) [b].[BankAccountNumber]
2026-08-07T23:54:30.7540036Z       FROM [Beneficiaries] AS [b]
2026-08-07T23:54:30.7540071Z       ORDER BY [b].[Id]
2026-08-07T23:54:36.0114565Z info: Microsoft.EntityFrameworkCore.Database.Command[20101]
2026-08-07T23:54:36.0115570Z       Executed DbCommand (2ms) [Parameters=[], CommandType='Text', CommandTimeout='30']
2026-08-07T23:54:36.0115706Z       SELECT 1
2026-08-07T23:54:36.0133708Z info: Microsoft.EntityFrameworkCore.Database.Command[20101]
2026-08-07T23:54:36.0134146Z       Executed DbCommand (2ms) [Parameters=[], CommandType='Text', CommandTimeout='30']
2026-08-07T23:54:36.0134232Z       SELECT OBJECT_ID(N'[__EFMigrationsHistory]');
2026-08-07T23:54:36.0167780Z info: Microsoft.EntityFrameworkCore.Database.Command[20101]
2026-08-07T23:54:36.0168214Z       Executed DbCommand (2ms) [Parameters=[], CommandType='Text', CommandTimeout='30']
2026-08-07T23:54:36.0168300Z       SELECT [MigrationId], [ProductVersion]
2026-08-07T23:54:36.0168345Z       FROM [__EFMigrationsHistory]
2026-08-07T23:54:36.0168427Z       ORDER BY [MigrationId];
2026-08-07T23:54:36.0182175Z info: Microsoft.EntityFrameworkCore.Database.Command[20101]
2026-08-07T23:54:36.0182478Z       Executed DbCommand (2ms) [Parameters=[], CommandType='Text', CommandTimeout='30']
2026-08-07T23:54:36.0182554Z       SELECT TOP(1) [b].[BankAccountNumber]
2026-08-07T23:54:36.0182599Z       FROM [Beneficiaries] AS [b]
2026-08-07T23:54:36.0182786Z       ORDER BY [b].[Id]
2026-08-07T23:54:38.0813115Z info: Microsoft.EntityFrameworkCore.Database.Command[20101]
2026-08-07T23:54:38.0813969Z       Executed DbCommand (2ms) [Parameters=[], CommandType='Text', CommandTimeout='30']
2026-08-07T23:54:38.0814112Z       SELECT 1
2026-08-07T23:54:38.0839798Z info: Microsoft.EntityFrameworkCore.Database.Command[20101]
2026-08-07T23:54:38.0840313Z       Executed DbCommand (2ms) [Parameters=[], CommandType='Text', CommandTimeout='30']
2026-08-07T23:54:38.0840452Z       SELECT OBJECT_ID(N'[__EFMigrationsHistory]');
2026-08-07T23:54:38.0863126Z info: Microsoft.EntityFrameworkCore.Database.Command[20101]
2026-08-07T23:54:38.0863495Z       Executed DbCommand (2ms) [Parameters=[], CommandType='Text', CommandTimeout='30']
2026-08-07T23:54:38.0863622Z       SELECT [MigrationId], [ProductVersion]
2026-08-07T23:54:38.0863669Z       FROM [__EFMigrationsHistory]
2026-08-07T23:54:38.0863707Z       ORDER BY [MigrationId];
2026-08-07T23:54:38.0880494Z info: Microsoft.EntityFrameworkCore.Database.Command[20101]
2026-08-07T23:54:38.0880810Z       Executed DbCommand (1ms) [Parameters=[], CommandType='Text', CommandTimeout='30']
2026-08-07T23:54:38.0880920Z       SELECT TOP(1) [b].[BankAccountNumber]
2026-08-07T23:54:38.0880965Z       FROM [Beneficiaries] AS [b]
2026-08-07T23:54:38.0881010Z       ORDER BY [b].[Id]
2026-08-07T23:54:38.9905731Z info: Microsoft.EntityFrameworkCore.Database.Command[20101]
2026-08-07T23:54:38.9906707Z       Executed DbCommand (3ms) [Parameters=[], CommandType='Text', CommandTimeout='30']
2026-08-07T23:54:38.9906869Z       SELECT 1
2026-08-07T23:54:38.9923791Z info: Microsoft.EntityFrameworkCore.Database.Command[20101]
2026-08-07T23:54:38.9924317Z       Executed DbCommand (2ms) [Parameters=[], CommandType='Text', CommandTimeout='30']
2026-08-07T23:54:38.9924387Z       SELECT OBJECT_ID(N'[__EFMigrationsHistory]');
2026-08-07T23:54:38.9959174Z info: Microsoft.EntityFrameworkCore.Database.Command[20101]
2026-08-07T23:54:38.9959713Z       Executed DbCommand (1ms) [Parameters=[], CommandType='Text', CommandTimeout='30']
2026-08-07T23:54:38.9959806Z       SELECT [MigrationId], [ProductVersion]
2026-08-07T23:54:38.9959851Z       FROM [__EFMigrationsHistory]
2026-08-07T23:54:38.9960019Z       ORDER BY [MigrationId];
2026-08-07T23:54:38.9969414Z info: Microsoft.EntityFrameworkCore.Database.Command[20101]
2026-08-07T23:54:38.9969726Z       Executed DbCommand (1ms) [Parameters=[], CommandType='Text', CommandTimeout='30']
2026-08-07T23:54:38.9969798Z       SELECT TOP(1) [b].[BankAccountNumber]
2026-08-07T23:54:38.9969844Z       FROM [Beneficiaries] AS [b]
2026-08-07T23:54:38.9969927Z       ORDER BY [b].[Id]
2026-08-07T23:54:41.7222639Z info: Microsoft.EntityFrameworkCore.Database.Command[20101]
2026-08-07T23:54:41.7223371Z       Executed DbCommand (2ms) [Parameters=[], CommandType='Text', CommandTimeout='30']
2026-08-07T23:54:41.7223465Z       SELECT 1
2026-08-07T23:54:41.7237697Z info: Microsoft.EntityFrameworkCore.Database.Command[20101]
2026-08-07T23:54:41.7238206Z       Executed DbCommand (2ms) [Parameters=[], CommandType='Text', CommandTimeout='30']
2026-08-07T23:54:41.7238295Z       SELECT OBJECT_ID(N'[__EFMigrationsHistory]');
2026-08-07T23:54:41.7269192Z info: Microsoft.EntityFrameworkCore.Database.Command[20101]
2026-08-07T23:54:41.7269441Z       Executed DbCommand (1ms) [Parameters=[], CommandType='Text', CommandTimeout='30']
2026-08-07T23:54:41.7269547Z       SELECT [MigrationId], [ProductVersion]
2026-08-07T23:54:41.7269594Z       FROM [__EFMigrationsHistory]
2026-08-07T23:54:41.7275158Z       ORDER BY [MigrationId];
2026-08-07T23:54:41.7284939Z info: Microsoft.EntityFrameworkCore.Database.Command[20101]
2026-08-07T23:54:41.7285273Z       Executed DbCommand (1ms) [Parameters=[], CommandType='Text', CommandTimeout='30']
2026-08-07T23:54:41.7285351Z       SELECT TOP(1) [b].[BankAccountNumber]
2026-08-07T23:54:41.7285395Z       FROM [Beneficiaries] AS [b]
2026-08-07T23:54:41.7285438Z       ORDER BY [b].[Id]
2026-08-07T23:54:44.5712277Z info: Microsoft.EntityFrameworkCore.Database.Command[20101]
2026-08-07T23:54:44.5713238Z       Executed DbCommand (2ms) [Parameters=[], CommandType='Text', CommandTimeout='30']
2026-08-07T23:54:44.5713354Z       SELECT 1
2026-08-07T23:54:44.5746680Z info: Microsoft.EntityFrameworkCore.Database.Command[20101]
2026-08-07T23:54:44.5747253Z       Executed DbCommand (2ms) [Parameters=[], CommandType='Text', CommandTimeout='30']
2026-08-07T23:54:44.5747462Z       SELECT OBJECT_ID(N'[__EFMigrationsHistory]');
2026-08-07T23:54:44.5759796Z info: Microsoft.EntityFrameworkCore.Database.Command[20101]
2026-08-07T23:54:44.5760177Z       Executed DbCommand (2ms) [Parameters=[], CommandType='Text', CommandTimeout='30']
2026-08-07T23:54:44.5760250Z       SELECT [MigrationId], [ProductVersion]
2026-08-07T23:54:44.5760294Z       FROM [__EFMigrationsHistory]
2026-08-07T23:54:44.5760380Z       ORDER BY [MigrationId];
2026-08-07T23:54:44.5785986Z info: Microsoft.EntityFrameworkCore.Database.Command[20101]
2026-08-07T23:54:44.5786329Z       Executed DbCommand (2ms) [Parameters=[], CommandType='Text', CommandTimeout='30']
2026-08-07T23:54:44.5786411Z       SELECT TOP(1) [b].[BankAccountNumber]
2026-08-07T23:54:44.5786461Z       FROM [Beneficiaries] AS [b]
2026-08-07T23:54:44.5786555Z       ORDER BY [b].[Id]
2026-08-07T23:54:45.9066479Z info: Microsoft.EntityFrameworkCore.Database.Command[20101]
2026-08-07T23:54:45.9067311Z       Executed DbCommand (2ms) [Parameters=[], CommandType='Text', CommandTimeout='30']
2026-08-07T23:54:45.9067523Z       SELECT 1
2026-08-07T23:54:45.9087211Z info: Microsoft.EntityFrameworkCore.Database.Command[20101]
2026-08-07T23:54:45.9087801Z       Executed DbCommand (2ms) [Parameters=[], CommandType='Text', CommandTimeout='30']
2026-08-07T23:54:45.9087926Z       SELECT OBJECT_ID(N'[__EFMigrationsHistory]');
2026-08-07T23:54:45.9116730Z info: Microsoft.EntityFrameworkCore.Database.Command[20101]
2026-08-07T23:54:45.9117160Z       Executed DbCommand (1ms) [Parameters=[], CommandType='Text', CommandTimeout='30']
2026-08-07T23:54:45.9117333Z       SELECT [MigrationId], [ProductVersion]
2026-08-07T23:54:45.9117382Z       FROM [__EFMigrationsHistory]
2026-08-07T23:54:45.9117421Z       ORDER BY [MigrationId];
2026-08-07T23:54:45.9130696Z info: Microsoft.EntityFrameworkCore.Database.Command[20101]
2026-08-07T23:54:45.9131088Z       Executed DbCommand (1ms) [Parameters=[], CommandType='Text', CommandTimeout='30']
2026-08-07T23:54:45.9131154Z       SELECT TOP(1) [b].[BankAccountNumber]
2026-08-07T23:54:45.9131373Z       FROM [Beneficiaries] AS [b]
2026-08-07T23:54:45.9131414Z       ORDER BY [b].[Id]
2026-08-07T23:54:52.1668798Z info: Microsoft.EntityFrameworkCore.Database.Command[20101]
2026-08-07T23:54:52.1669611Z       Executed DbCommand (2ms) [Parameters=[], CommandType='Text', CommandTimeout='30']
2026-08-07T23:54:52.1669748Z       SELECT 1
2026-08-07T23:54:52.1687914Z info: Microsoft.EntityFrameworkCore.Database.Command[20101]
2026-08-07T23:54:52.1688445Z       Executed DbCommand (2ms) [Parameters=[], CommandType='Text', CommandTimeout='30']
2026-08-07T23:54:52.1688634Z       SELECT OBJECT_ID(N'[__EFMigrationsHistory]');
2026-08-07T23:54:52.1724092Z info: Microsoft.EntityFrameworkCore.Database.Command[20101]
2026-08-07T23:54:52.1724515Z       Executed DbCommand (2ms) [Parameters=[], CommandType='Text', CommandTimeout='30']
2026-08-07T23:54:52.1724608Z       SELECT [MigrationId], [ProductVersion]
2026-08-07T23:54:52.1724700Z       FROM [__EFMigrationsHistory]
2026-08-07T23:54:52.1724746Z       ORDER BY [MigrationId];
2026-08-07T23:54:52.1736844Z info: Microsoft.EntityFrameworkCore.Database.Command[20101]
2026-08-07T23:54:52.1737176Z       Executed DbCommand (1ms) [Parameters=[], CommandType='Text', CommandTimeout='30']
2026-08-07T23:54:52.1737242Z       SELECT TOP(1) [b].[BankAccountNumber]
2026-08-07T23:54:52.1737329Z       FROM [Beneficiaries] AS [b]
2026-08-07T23:54:52.1737366Z       ORDER BY [b].[Id]
2026-08-07T23:54:53.3568238Z info: Microsoft.EntityFrameworkCore.Database.Command[20101]
2026-08-07T23:54:53.3569042Z       Executed DbCommand (2ms) [Parameters=[], CommandType='Text', CommandTimeout='30']
2026-08-07T23:54:53.3569230Z       SELECT 1
2026-08-07T23:54:53.3585725Z info: Microsoft.EntityFrameworkCore.Database.Command[20101]
2026-08-07T23:54:53.3586241Z       Executed DbCommand (2ms) [Parameters=[], CommandType='Text', CommandTimeout='30']
2026-08-07T23:54:53.3586328Z       SELECT OBJECT_ID(N'[__EFMigrationsHistory]');
2026-08-07T23:54:53.3609731Z info: Microsoft.EntityFrameworkCore.Database.Command[20101]
2026-08-07T23:54:53.3610116Z       Executed DbCommand (1ms) [Parameters=[], CommandType='Text', CommandTimeout='30']
2026-08-07T23:54:53.3610191Z       SELECT [MigrationId], [ProductVersion]
2026-08-07T23:54:53.3610234Z       FROM [__EFMigrationsHistory]
2026-08-07T23:54:53.3618352Z       ORDER BY [MigrationId];
2026-08-07T23:54:53.3627813Z info: Microsoft.EntityFrameworkCore.Database.Command[20101]
2026-08-07T23:54:53.3628125Z       Executed DbCommand (1ms) [Parameters=[], CommandType='Text', CommandTimeout='30']
2026-08-07T23:54:53.3628195Z       SELECT TOP(1) [b].[BankAccountNumber]
2026-08-07T23:54:53.3628240Z       FROM [Beneficiaries] AS [b]
2026-08-07T23:54:53.3628278Z       ORDER BY [b].[Id]
2026-08-07T23:54:55.4274912Z info: Microsoft.EntityFrameworkCore.Database.Command[20101]
2026-08-07T23:54:55.4275854Z       Executed DbCommand (3ms) [Parameters=[], CommandType='Text', CommandTimeout='30']
2026-08-07T23:54:55.4275981Z       SELECT 1
2026-08-07T23:54:55.4369268Z info: Microsoft.EntityFrameworkCore.Database.Command[20101]
2026-08-07T23:54:55.4370149Z       Executed DbCommand (8ms) [Parameters=[], CommandType='Text', CommandTimeout='30']
2026-08-07T23:54:55.4370272Z       SELECT OBJECT_ID(N'[__EFMigrationsHistory]');
2026-08-07T23:54:55.4382802Z info: Microsoft.EntityFrameworkCore.Database.Command[20101]
2026-08-07T23:54:55.4383352Z       Executed DbCommand (1ms) [Parameters=[], CommandType='Text', CommandTimeout='30']
2026-08-07T23:54:55.4383497Z       SELECT [MigrationId], [ProductVersion]
2026-08-07T23:54:55.4383541Z       FROM [__EFMigrationsHistory]
2026-08-07T23:54:55.4383579Z       ORDER BY [MigrationId];
2026-08-07T23:54:55.4400129Z info: Microsoft.EntityFrameworkCore.Database.Command[20101]
2026-08-07T23:54:55.4400510Z       Executed DbCommand (1ms) [Parameters=[], CommandType='Text', CommandTimeout='30']
2026-08-07T23:54:55.4400623Z       SELECT TOP(1) [b].[BankAccountNumber]
2026-08-07T23:54:55.4400663Z       FROM [Beneficiaries] AS [b]
2026-08-07T23:54:55.4400699Z       ORDER BY [b].[Id]
2026-08-07T23:54:55.7641995Z info: Microsoft.EntityFrameworkCore.Database.Command[20101]
2026-08-07T23:54:55.7642802Z       Executed DbCommand (2ms) [Parameters=[], CommandType='Text', CommandTimeout='30']
2026-08-07T23:54:55.7642907Z       SELECT 1
2026-08-07T23:54:55.7656818Z info: Microsoft.EntityFrameworkCore.Database.Command[20101]
2026-08-07T23:54:55.7657326Z       Executed DbCommand (2ms) [Parameters=[], CommandType='Text', CommandTimeout='30']
2026-08-07T23:54:55.7657406Z       SELECT OBJECT_ID(N'[__EFMigrationsHistory]');
2026-08-07T23:54:55.7684623Z info: Microsoft.EntityFrameworkCore.Database.Command[20101]
2026-08-07T23:54:55.7684984Z       Executed DbCommand (1ms) [Parameters=[], CommandType='Text', CommandTimeout='30']
2026-08-07T23:54:55.7685066Z       SELECT [MigrationId], [ProductVersion]
2026-08-07T23:54:55.7685215Z       FROM [__EFMigrationsHistory]
2026-08-07T23:54:55.7685414Z       ORDER BY [MigrationId];
2026-08-07T23:54:55.7713743Z info: Microsoft.EntityFrameworkCore.Database.Command[20101]
2026-08-07T23:54:55.7714193Z       Executed DbCommand (2ms) [Parameters=[], CommandType='Text', CommandTimeout='30']
2026-08-07T23:54:55.7714269Z       SELECT TOP(1) [b].[BankAccountNumber]
2026-08-07T23:54:55.7714311Z       FROM [Beneficiaries] AS [b]
2026-08-07T23:54:55.7714396Z       ORDER BY [b].[Id]
2026-08-07T23:54:59.5919392Z info: Microsoft.EntityFrameworkCore.Database.Command[20101]
2026-08-07T23:54:59.5920291Z       Executed DbCommand (2ms) [Parameters=[], CommandType='Text', CommandTimeout='30']
2026-08-07T23:54:59.5920434Z       SELECT 1
2026-08-07T23:54:59.5956310Z info: Microsoft.EntityFrameworkCore.Database.Command[20101]
2026-08-07T23:54:59.5956794Z       Executed DbCommand (2ms) [Parameters=[], CommandType='Text', CommandTimeout='30']
2026-08-07T23:54:59.5956876Z       SELECT OBJECT_ID(N'[__EFMigrationsHistory]');
2026-08-07T23:54:59.5966932Z info: Microsoft.EntityFrameworkCore.Database.Command[20101]
2026-08-07T23:54:59.5967300Z       Executed DbCommand (2ms) [Parameters=[], CommandType='Text', CommandTimeout='30']
2026-08-07T23:54:59.5967413Z       SELECT [MigrationId], [ProductVersion]
2026-08-07T23:54:59.5967461Z       FROM [__EFMigrationsHistory]
2026-08-07T23:54:59.5974694Z       ORDER BY [MigrationId];
2026-08-07T23:54:59.5983909Z info: Microsoft.EntityFrameworkCore.Database.Command[20101]
2026-08-07T23:54:59.5984260Z       Executed DbCommand (1ms) [Parameters=[], CommandType='Text', CommandTimeout='30']
2026-08-07T23:54:59.5984323Z       SELECT TOP(1) [b].[BankAccountNumber]
2026-08-07T23:54:59.5984362Z       FROM [Beneficiaries] AS [b]
2026-08-07T23:54:59.5998793Z       ORDER BY [b].[Id]
2026-08-07T23:55:01.4236441Z info: Microsoft.EntityFrameworkCore.Database.Command[20101]
2026-08-07T23:55:01.4237377Z       Executed DbCommand (2ms) [Parameters=[], CommandType='Text', CommandTimeout='30']
2026-08-07T23:55:01.4237499Z       SELECT 1
2026-08-07T23:55:01.4254931Z info: Microsoft.EntityFrameworkCore.Database.Command[20101]
2026-08-07T23:55:01.4255531Z       Executed DbCommand (2ms) [Parameters=[], CommandType='Text', CommandTimeout='30']
2026-08-07T23:55:01.4255664Z       SELECT OBJECT_ID(N'[__EFMigrationsHistory]');
2026-08-07T23:55:01.4280938Z info: Microsoft.EntityFrameworkCore.Database.Command[20101]
2026-08-07T23:55:01.4281319Z       Executed DbCommand (2ms) [Parameters=[], CommandType='Text', CommandTimeout='30']
2026-08-07T23:55:01.4281392Z       SELECT [MigrationId], [ProductVersion]
2026-08-07T23:55:01.4281630Z       FROM [__EFMigrationsHistory]
2026-08-07T23:55:01.4287103Z       ORDER BY [MigrationId];
2026-08-07T23:55:01.4300232Z info: Microsoft.EntityFrameworkCore.Database.Command[20101]
2026-08-07T23:55:01.4300544Z       Executed DbCommand (2ms) [Parameters=[], CommandType='Text', CommandTimeout='30']
2026-08-07T23:55:01.4300617Z       SELECT TOP(1) [b].[BankAccountNumber]
2026-08-07T23:55:01.4300700Z       FROM [Beneficiaries] AS [b]
2026-08-07T23:55:01.4300740Z       ORDER BY [b].[Id]
2026-08-07T23:55:03.0723090Z info: Microsoft.EntityFrameworkCore.Database.Command[20101]
2026-08-07T23:55:03.0723890Z       Executed DbCommand (2ms) [Parameters=[], CommandType='Text', CommandTimeout='30']
2026-08-07T23:55:03.0724007Z       SELECT 1
2026-08-07T23:55:03.0753391Z info: Microsoft.EntityFrameworkCore.Database.Command[20101]
2026-08-07T23:55:03.0753904Z       Executed DbCommand (2ms) [Parameters=[], CommandType='Text', CommandTimeout='30']
2026-08-07T23:55:03.0753990Z       SELECT OBJECT_ID(N'[__EFMigrationsHistory]');
2026-08-07T23:55:03.0767429Z info: Microsoft.EntityFrameworkCore.Database.Command[20101]
2026-08-07T23:55:03.0767866Z       Executed DbCommand (1ms) [Parameters=[], CommandType='Text', CommandTimeout='30']
2026-08-07T23:55:03.0767936Z       SELECT [MigrationId], [ProductVersion]
2026-08-07T23:55:03.0767976Z       FROM [__EFMigrationsHistory]
2026-08-07T23:55:03.0768015Z       ORDER BY [MigrationId];
2026-08-07T23:55:03.0784912Z info: Microsoft.EntityFrameworkCore.Database.Command[20101]
2026-08-07T23:55:03.0785266Z       Executed DbCommand (1ms) [Parameters=[], CommandType='Text', CommandTimeout='30']
2026-08-07T23:55:03.0785342Z       SELECT TOP(1) [b].[BankAccountNumber]
2026-08-07T23:55:03.0785386Z       FROM [Beneficiaries] AS [b]
2026-08-07T23:55:03.0785431Z       ORDER BY [b].[Id]
2026-08-07T23:55:19.9498733Z info: Microsoft.EntityFrameworkCore.Database.Command[20101]
2026-08-07T23:55:19.9499528Z       Executed DbCommand (2ms) [Parameters=[], CommandType='Text', CommandTimeout='30']
2026-08-07T23:55:19.9499631Z       SELECT 1
2026-08-07T23:55:19.9517366Z info: Microsoft.EntityFrameworkCore.Database.Command[20101]
2026-08-07T23:55:19.9517999Z       Executed DbCommand (2ms) [Parameters=[], CommandType='Text', CommandTimeout='30']
2026-08-07T23:55:19.9518163Z       SELECT OBJECT_ID(N'[__EFMigrationsHistory]');
2026-08-07T23:55:19.9548128Z info: Microsoft.EntityFrameworkCore.Database.Command[20101]
2026-08-07T23:55:19.9548573Z       Executed DbCommand (2ms) [Parameters=[], CommandType='Text', CommandTimeout='30']
2026-08-07T23:55:19.9548656Z       SELECT [MigrationId], [ProductVersion]
2026-08-07T23:55:19.9548750Z       FROM [__EFMigrationsHistory]
2026-08-07T23:55:19.9548791Z       ORDER BY [MigrationId];
2026-08-07T23:55:19.9566173Z info: Microsoft.EntityFrameworkCore.Database.Command[20101]
2026-08-07T23:55:19.9566521Z       Executed DbCommand (1ms) [Parameters=[], CommandType='Text', CommandTimeout='30']
2026-08-07T23:55:19.9566593Z       SELECT TOP(1) [b].[BankAccountNumber]
2026-08-07T23:55:19.9566981Z       FROM [Beneficiaries] AS [b]
2026-08-07T23:55:19.9567030Z       ORDER BY [b].[Id]
2026-08-07T23:55:24.1790169Z info: Microsoft.EntityFrameworkCore.Database.Command[20101]
2026-08-07T23:55:24.1791077Z       Executed DbCommand (2ms) [Parameters=[], CommandType='Text', CommandTimeout='30']
2026-08-07T23:55:24.1791325Z       SELECT 1
2026-08-07T23:55:24.1824891Z info: Microsoft.EntityFrameworkCore.Database.Command[20101]
2026-08-07T23:55:24.1825774Z       Executed DbCommand (2ms) [Parameters=[], CommandType='Text', CommandTimeout='30']
2026-08-07T23:55:24.1825891Z       SELECT OBJECT_ID(N'[__EFMigrationsHistory]');
2026-08-07T23:55:24.1840649Z info: Microsoft.EntityFrameworkCore.Database.Command[20101]
2026-08-07T23:55:24.1841363Z       Executed DbCommand (1ms) [Parameters=[], CommandType='Text', CommandTimeout='30']
2026-08-07T23:55:24.1841471Z       SELECT [MigrationId], [ProductVersion]
2026-08-07T23:55:24.1841521Z       FROM [__EFMigrationsHistory]
2026-08-07T23:55:24.1841574Z       ORDER BY [MigrationId];
2026-08-07T23:55:24.1861700Z info: Microsoft.EntityFrameworkCore.Database.Command[20101]
2026-08-07T23:55:24.1862116Z       Executed DbCommand (1ms) [Parameters=[], CommandType='Text', CommandTimeout='30']
2026-08-07T23:55:24.1862205Z       SELECT TOP(1) [b].[BankAccountNumber]
2026-08-07T23:55:24.1862253Z       FROM [Beneficiaries] AS [b]
2026-08-07T23:55:24.1862302Z       ORDER BY [b].[Id]
2026-08-07T23:55:25.0797533Z info: Microsoft.EntityFrameworkCore.Database.Command[20101]
2026-08-07T23:55:25.0798458Z       Executed DbCommand (2ms) [Parameters=[], CommandType='Text', CommandTimeout='30']
2026-08-07T23:55:25.0798598Z       SELECT 1
2026-08-07T23:55:25.0825905Z info: Microsoft.EntityFrameworkCore.Database.Command[20101]
2026-08-07T23:55:25.0826694Z       Executed DbCommand (2ms) [Parameters=[], CommandType='Text', CommandTimeout='30']
2026-08-07T23:55:25.0826790Z       SELECT OBJECT_ID(N'[__EFMigrationsHistory]');
2026-08-07T23:55:25.0839637Z info: Microsoft.EntityFrameworkCore.Database.Command[20101]
2026-08-07T23:55:25.0840099Z       Executed DbCommand (1ms) [Parameters=[], CommandType='Text', CommandTimeout='30']
2026-08-07T23:55:25.0840238Z       SELECT [MigrationId], [ProductVersion]
2026-08-07T23:55:25.0840286Z       FROM [__EFMigrationsHistory]
2026-08-07T23:55:25.0844956Z       ORDER BY [MigrationId];
2026-08-07T23:55:25.0858254Z info: Microsoft.EntityFrameworkCore.Database.Command[20101]
2026-08-07T23:55:25.0858655Z       Executed DbCommand (1ms) [Parameters=[], CommandType='Text', CommandTimeout='30']
2026-08-07T23:55:25.0862419Z       SELECT TOP(1) [b].[BankAccountNumber]
2026-08-07T23:55:25.0862575Z       FROM [Beneficiaries] AS [b]
2026-08-07T23:55:25.0862627Z       ORDER BY [b].[Id]
2026-08-07T23:55:25.7764875Z info: Microsoft.EntityFrameworkCore.Database.Command[20101]
2026-08-07T23:55:25.7765944Z       Executed DbCommand (2ms) [Parameters=[], CommandType='Text', CommandTimeout='30']
2026-08-07T23:55:25.7766095Z       SELECT 1
2026-08-07T23:55:25.7784725Z info: Microsoft.EntityFrameworkCore.Database.Command[20101]
2026-08-07T23:55:25.7785250Z       Executed DbCommand (2ms) [Parameters=[], CommandType='Text', CommandTimeout='30']
2026-08-07T23:55:25.7785395Z       SELECT OBJECT_ID(N'[__EFMigrationsHistory]');
2026-08-07T23:55:25.7813128Z info: Microsoft.EntityFrameworkCore.Database.Command[20101]
2026-08-07T23:55:25.7818498Z       Executed DbCommand (2ms) [Parameters=[], CommandType='Text', CommandTimeout='30']
2026-08-07T23:55:25.7818862Z       SELECT [MigrationId], [ProductVersion]
2026-08-07T23:55:25.7818931Z       FROM [__EFMigrationsHistory]
2026-08-07T23:55:25.7819308Z       ORDER BY [MigrationId];
2026-08-07T23:55:25.7833765Z info: Microsoft.EntityFrameworkCore.Database.Command[20101]
2026-08-07T23:55:25.7834066Z       Executed DbCommand (2ms) [Parameters=[], CommandType='Text', CommandTimeout='30']
2026-08-07T23:55:25.7834147Z       SELECT TOP(1) [b].[BankAccountNumber]
2026-08-07T23:55:25.7834237Z       FROM [Beneficiaries] AS [b]
2026-08-07T23:55:25.7834284Z       ORDER BY [b].[Id]
2026-08-07T23:55:26.3865393Z info: Microsoft.EntityFrameworkCore.Database.Command[20101]
2026-08-07T23:55:26.3866200Z       Executed DbCommand (2ms) [Parameters=[], CommandType='Text', CommandTimeout='30']
2026-08-07T23:55:26.3866313Z       SELECT 1
2026-08-07T23:55:26.3884201Z info: Microsoft.EntityFrameworkCore.Database.Command[20101]
2026-08-07T23:55:26.3884710Z       Executed DbCommand (2ms) [Parameters=[], CommandType='Text', CommandTimeout='30']
2026-08-07T23:55:26.3884792Z       SELECT OBJECT_ID(N'[__EFMigrationsHistory]');
2026-08-07T23:55:26.3913103Z info: Microsoft.EntityFrameworkCore.Database.Command[20101]
2026-08-07T23:55:26.3913570Z       Executed DbCommand (2ms) [Parameters=[], CommandType='Text', CommandTimeout='30']
2026-08-07T23:55:26.3913646Z       SELECT [MigrationId], [ProductVersion]
2026-08-07T23:55:26.3913687Z       FROM [__EFMigrationsHistory]
2026-08-07T23:55:26.3913736Z       ORDER BY [MigrationId];
2026-08-07T23:55:26.3936789Z info: Microsoft.EntityFrameworkCore.Database.Command[20101]
2026-08-07T23:55:26.3937195Z       Executed DbCommand (1ms) [Parameters=[], CommandType='Text', CommandTimeout='30']
2026-08-07T23:55:26.3937267Z       SELECT TOP(1) [b].[BankAccountNumber]
2026-08-07T23:55:26.3937307Z       FROM [Beneficiaries] AS [b]
2026-08-07T23:55:26.3937346Z       ORDER BY [b].[Id]
2026-08-07T23:55:26.8798468Z info: Microsoft.EntityFrameworkCore.Database.Command[20101]
2026-08-07T23:55:26.8799381Z       Executed DbCommand (2ms) [Parameters=[], CommandType='Text', CommandTimeout='30']
2026-08-07T23:55:26.8799481Z       SELECT 1
2026-08-07T23:55:26.8815604Z info: Microsoft.EntityFrameworkCore.Database.Command[20101]
2026-08-07T23:55:26.8816209Z       Executed DbCommand (2ms) [Parameters=[], CommandType='Text', CommandTimeout='30']
2026-08-07T23:55:26.8816365Z       SELECT OBJECT_ID(N'[__EFMigrationsHistory]');
2026-08-07T23:55:26.8843146Z info: Microsoft.EntityFrameworkCore.Database.Command[20101]
2026-08-07T23:55:26.8843710Z       Executed DbCommand (1ms) [Parameters=[], CommandType='Text', CommandTimeout='30']
2026-08-07T23:55:26.8843807Z       SELECT [MigrationId], [ProductVersion]
2026-08-07T23:55:26.8843915Z       FROM [__EFMigrationsHistory]
2026-08-07T23:55:26.8846052Z       ORDER BY [MigrationId];
2026-08-07T23:55:26.8864522Z info: Microsoft.EntityFrameworkCore.Database.Command[20101]
2026-08-07T23:55:26.8864899Z       Executed DbCommand (1ms) [Parameters=[], CommandType='Text', CommandTimeout='30']
2026-08-07T23:55:26.8867412Z       SELECT TOP(1) [b].[BankAccountNumber]
2026-08-07T23:55:26.8867646Z       FROM [Beneficiaries] AS [b]
2026-08-07T23:55:26.8867694Z       ORDER BY [b].[Id]
2026-08-07T23:55:27.4639450Z info: Microsoft.EntityFrameworkCore.Database.Command[20101]
2026-08-07T23:55:27.4640016Z       Executed DbCommand (3ms) [Parameters=[], CommandType='Text', CommandTimeout='30']
2026-08-07T23:55:27.4640162Z       SELECT 1
2026-08-07T23:55:27.4655282Z info: Microsoft.EntityFrameworkCore.Database.Command[20101]
2026-08-07T23:55:27.4655631Z       Executed DbCommand (2ms) [Parameters=[], CommandType='Text', CommandTimeout='30']
2026-08-07T23:55:27.4655810Z       SELECT OBJECT_ID(N'[__EFMigrationsHistory]');
2026-08-07T23:55:27.4685086Z info: Microsoft.EntityFrameworkCore.Database.Command[20101]
2026-08-07T23:55:27.4685414Z       Executed DbCommand (1ms) [Parameters=[], CommandType='Text', CommandTimeout='30']
2026-08-07T23:55:27.4685486Z       SELECT [MigrationId], [ProductVersion]
2026-08-07T23:55:27.4685706Z       FROM [__EFMigrationsHistory]
2026-08-07T23:55:27.4686352Z       ORDER BY [MigrationId];
2026-08-07T23:55:27.4861887Z info: Microsoft.EntityFrameworkCore.Database.Command[20101]
2026-08-07T23:55:27.4862697Z       Executed DbCommand (1ms) [Parameters=[], CommandType='Text', CommandTimeout='30']
2026-08-07T23:55:27.4862806Z       SELECT TOP(1) [b].[BankAccountNumber]
2026-08-07T23:55:27.4862855Z       FROM [Beneficiaries] AS [b]
2026-08-07T23:55:27.4862897Z       ORDER BY [b].[Id]
2026-08-07T23:55:28.4969252Z info: Microsoft.EntityFrameworkCore.Database.Command[20101]
2026-08-07T23:55:28.4970426Z       Executed DbCommand (2ms) [Parameters=[], CommandType='Text', CommandTimeout='30']
2026-08-07T23:55:28.4970550Z       SELECT 1
2026-08-07T23:55:28.4997476Z info: Microsoft.EntityFrameworkCore.Database.Command[20101]
2026-08-07T23:55:28.5007344Z       Executed DbCommand (2ms) [Parameters=[], CommandType='Text', CommandTimeout='30']
2026-08-07T23:55:28.5007640Z       SELECT OBJECT_ID(N'[__EFMigrationsHistory]');
2026-08-07T23:55:28.5028314Z info: Microsoft.EntityFrameworkCore.Database.Command[20101]
2026-08-07T23:55:28.5028639Z       Executed DbCommand (1ms) [Parameters=[], CommandType='Text', CommandTimeout='30']
2026-08-07T23:55:28.5028710Z       SELECT [MigrationId], [ProductVersion]
2026-08-07T23:55:28.5036246Z       FROM [__EFMigrationsHistory]
2026-08-07T23:55:28.5036599Z       ORDER BY [MigrationId];
2026-08-07T23:55:28.5068804Z info: Microsoft.EntityFrameworkCore.Database.Command[20101]
2026-08-07T23:55:28.5069127Z       Executed DbCommand (1ms) [Parameters=[], CommandType='Text', CommandTimeout='30']
2026-08-07T23:55:28.5069252Z       SELECT TOP(1) [b].[BankAccountNumber]
2026-08-07T23:55:28.5069302Z       FROM [Beneficiaries] AS [b]
2026-08-07T23:55:28.5069352Z       ORDER BY [b].[Id]
2026-08-07T23:55:33.3998932Z info: Microsoft.EntityFrameworkCore.Database.Command[20101]
2026-08-07T23:55:33.3999829Z       Executed DbCommand (5ms) [Parameters=[], CommandType='Text', CommandTimeout='30']
2026-08-07T23:55:33.4000122Z       SELECT 1
2026-08-07T23:55:33.4085613Z info: Microsoft.EntityFrameworkCore.Database.Command[20101]
2026-08-07T23:55:33.4086394Z       Executed DbCommand (9ms) [Parameters=[], CommandType='Text', CommandTimeout='30']
2026-08-07T23:55:33.4086497Z       SELECT OBJECT_ID(N'[__EFMigrationsHistory]');
2026-08-07T23:55:33.4122425Z info: Microsoft.EntityFrameworkCore.Database.Command[20101]
2026-08-07T23:55:33.4123131Z       Executed DbCommand (2ms) [Parameters=[], CommandType='Text', CommandTimeout='30']
2026-08-07T23:55:33.4123215Z       SELECT [MigrationId], [ProductVersion]
2026-08-07T23:55:33.4123261Z       FROM [__EFMigrationsHistory]
2026-08-07T23:55:33.4123308Z       ORDER BY [MigrationId];
2026-08-07T23:55:33.4135759Z info: Microsoft.EntityFrameworkCore.Database.Command[20101]
2026-08-07T23:55:33.4136318Z       Executed DbCommand (1ms) [Parameters=[], CommandType='Text', CommandTimeout='30']
2026-08-07T23:55:33.4136408Z       SELECT TOP(1) [b].[BankAccountNumber]
2026-08-07T23:55:33.4136446Z       FROM [Beneficiaries] AS [b]
2026-08-07T23:55:33.4136482Z       ORDER BY [b].[Id]
2026-08-07T23:55:33.6723163Z info: Microsoft.EntityFrameworkCore.Database.Command[20101]
2026-08-07T23:55:33.6724067Z       Executed DbCommand (2ms) [Parameters=[], CommandType='Text', CommandTimeout='30']
2026-08-07T23:55:33.6724179Z       SELECT 1
2026-08-07T23:55:33.6741414Z info: Microsoft.EntityFrameworkCore.Database.Command[20101]
2026-08-07T23:55:33.6745379Z       Executed DbCommand (2ms) [Parameters=[], CommandType='Text', CommandTimeout='30']
2026-08-07T23:55:33.6745493Z       SELECT OBJECT_ID(N'[__EFMigrationsHistory]');
2026-08-07T23:55:33.6775892Z info: Microsoft.EntityFrameworkCore.Database.Command[20101]
2026-08-07T23:55:33.6776422Z       Executed DbCommand (2ms) [Parameters=[], CommandType='Text', CommandTimeout='30']
2026-08-07T23:55:33.6776551Z       SELECT [MigrationId], [ProductVersion]
2026-08-07T23:55:33.6776596Z       FROM [__EFMigrationsHistory]
2026-08-07T23:55:33.6776639Z       ORDER BY [MigrationId];
2026-08-07T23:55:33.6790518Z info: Microsoft.EntityFrameworkCore.Database.Command[20101]
2026-08-07T23:55:33.6790893Z       Executed DbCommand (1ms) [Parameters=[], CommandType='Text', CommandTimeout='30']
2026-08-07T23:55:33.6791119Z       SELECT TOP(1) [b].[BankAccountNumber]
2026-08-07T23:55:33.6791160Z       FROM [Beneficiaries] AS [b]
2026-08-07T23:55:33.6791197Z       ORDER BY [b].[Id]
2026-08-07T23:55:34.3358480Z info: Microsoft.EntityFrameworkCore.Database.Command[20101]
2026-08-07T23:55:34.3361863Z       Executed DbCommand (2ms) [Parameters=[], CommandType='Text', CommandTimeout='30']
2026-08-07T23:55:34.3362037Z       SELECT 1
2026-08-07T23:55:34.3376884Z info: Microsoft.EntityFrameworkCore.Database.Command[20101]
2026-08-07T23:55:34.3377403Z       Executed DbCommand (2ms) [Parameters=[], CommandType='Text', CommandTimeout='30']
2026-08-07T23:55:34.3377481Z       SELECT OBJECT_ID(N'[__EFMigrationsHistory]');
2026-08-07T23:55:34.3405450Z info: Microsoft.EntityFrameworkCore.Database.Command[20101]
2026-08-07T23:55:34.3405863Z       Executed DbCommand (1ms) [Parameters=[], CommandType='Text', CommandTimeout='30']
2026-08-07T23:55:34.3405995Z       SELECT [MigrationId], [ProductVersion]
2026-08-07T23:55:34.3406044Z       FROM [__EFMigrationsHistory]
2026-08-07T23:55:34.3406195Z       ORDER BY [MigrationId];
2026-08-07T23:55:34.3418818Z info: Microsoft.EntityFrameworkCore.Database.Command[20101]
2026-08-07T23:55:34.3419169Z       Executed DbCommand (1ms) [Parameters=[], CommandType='Text', CommandTimeout='30']
2026-08-07T23:55:34.3419245Z       SELECT TOP(1) [b].[BankAccountNumber]
2026-08-07T23:55:34.3419288Z       FROM [Beneficiaries] AS [b]
2026-08-07T23:55:34.3419378Z       ORDER BY [b].[Id]
2026-08-07T23:55:39.6375707Z info: Microsoft.EntityFrameworkCore.Database.Command[20101]
2026-08-07T23:55:39.6376604Z       Executed DbCommand (2ms) [Parameters=[], CommandType='Text', CommandTimeout='30']
2026-08-07T23:55:39.6376710Z       SELECT 1
2026-08-07T23:55:39.6396592Z info: Microsoft.EntityFrameworkCore.Database.Command[20101]
2026-08-07T23:55:39.6397107Z       Executed DbCommand (2ms) [Parameters=[], CommandType='Text', CommandTimeout='30']
2026-08-07T23:55:39.6397179Z       SELECT OBJECT_ID(N'[__EFMigrationsHistory]');
2026-08-07T23:55:39.6431894Z info: Microsoft.EntityFrameworkCore.Database.Command[20101]
2026-08-07T23:55:39.6432370Z       Executed DbCommand (2ms) [Parameters=[], CommandType='Text', CommandTimeout='30']
2026-08-07T23:55:39.6432518Z       SELECT [MigrationId], [ProductVersion]
2026-08-07T23:55:39.6432559Z       FROM [__EFMigrationsHistory]
2026-08-07T23:55:39.6433334Z       ORDER BY [MigrationId];
2026-08-07T23:55:39.6453441Z info: Microsoft.EntityFrameworkCore.Database.Command[20101]
2026-08-07T23:55:39.6453871Z       Executed DbCommand (2ms) [Parameters=[], CommandType='Text', CommandTimeout='30']
2026-08-07T23:55:39.6460303Z       SELECT TOP(1) [b].[BankAccountNumber]
2026-08-07T23:55:39.6460419Z       FROM [Beneficiaries] AS [b]
2026-08-07T23:55:39.6460462Z       ORDER BY [b].[Id]
2026-08-07T23:55:43.6218064Z info: Microsoft.EntityFrameworkCore.Database.Command[20101]
2026-08-07T23:55:43.6218962Z       Executed DbCommand (2ms) [Parameters=[], CommandType='Text', CommandTimeout='30']
2026-08-07T23:55:43.6219065Z       SELECT 1
2026-08-07T23:55:43.6234510Z info: Microsoft.EntityFrameworkCore.Database.Command[20101]
2026-08-07T23:55:43.6235096Z       Executed DbCommand (2ms) [Parameters=[], CommandType='Text', CommandTimeout='30']
2026-08-07T23:55:43.6235252Z       SELECT OBJECT_ID(N'[__EFMigrationsHistory]');
2026-08-07T23:55:43.6267546Z info: Microsoft.EntityFrameworkCore.Database.Command[20101]
2026-08-07T23:55:43.6268032Z       Executed DbCommand (2ms) [Parameters=[], CommandType='Text', CommandTimeout='30']
2026-08-07T23:55:43.6268116Z       SELECT [MigrationId], [ProductVersion]
2026-08-07T23:55:43.6268158Z       FROM [__EFMigrationsHistory]
2026-08-07T23:55:43.6273792Z       ORDER BY [MigrationId];
2026-08-07T23:55:43.6286635Z info: Microsoft.EntityFrameworkCore.Database.Command[20101]
2026-08-07T23:55:43.6287217Z       Executed DbCommand (1ms) [Parameters=[], CommandType='Text', CommandTimeout='30']
2026-08-07T23:55:43.6287297Z       SELECT TOP(1) [b].[BankAccountNumber]
2026-08-07T23:55:43.6287385Z       FROM [Beneficiaries] AS [b]
2026-08-07T23:55:43.6287431Z       ORDER BY [b].[Id]
2026-08-07T23:55:45.8834903Z info: Microsoft.EntityFrameworkCore.Database.Command[20101]
2026-08-07T23:55:45.8835775Z       Executed DbCommand (2ms) [Parameters=[], CommandType='Text', CommandTimeout='30']
2026-08-07T23:55:45.8835905Z       SELECT 1
2026-08-07T23:55:45.8856124Z info: Microsoft.EntityFrameworkCore.Database.Command[20101]
2026-08-07T23:55:45.8857339Z       Executed DbCommand (2ms) [Parameters=[], CommandType='Text', CommandTimeout='30']
2026-08-07T23:55:45.8857466Z       SELECT OBJECT_ID(N'[__EFMigrationsHistory]');
2026-08-07T23:55:45.8883992Z info: Microsoft.EntityFrameworkCore.Database.Command[20101]
2026-08-07T23:55:45.8884546Z       Executed DbCommand (1ms) [Parameters=[], CommandType='Text', CommandTimeout='30']
2026-08-07T23:55:45.8884632Z       SELECT [MigrationId], [ProductVersion]
2026-08-07T23:55:45.8884676Z       FROM [__EFMigrationsHistory]
2026-08-07T23:55:45.8884711Z       ORDER BY [MigrationId];
2026-08-07T23:55:45.8914067Z info: Microsoft.EntityFrameworkCore.Database.Command[20101]
2026-08-07T23:55:45.8914486Z       Executed DbCommand (3ms) [Parameters=[], CommandType='Text', CommandTimeout='30']
2026-08-07T23:55:45.8916382Z       SELECT TOP(1) [b].[BankAccountNumber]
2026-08-07T23:55:45.8917543Z       FROM [Beneficiaries] AS [b]
2026-08-07T23:55:45.8917604Z       ORDER BY [b].[Id]
2026-08-07T23:55:49.1623072Z info: Microsoft.EntityFrameworkCore.Database.Command[20101]
2026-08-07T23:55:49.1624052Z       Executed DbCommand (2ms) [Parameters=[], CommandType='Text', CommandTimeout='30']
2026-08-07T23:55:49.1624194Z       SELECT 1
2026-08-07T23:55:49.1647697Z info: Microsoft.EntityFrameworkCore.Database.Command[20101]
2026-08-07T23:55:49.1648111Z       Executed DbCommand (2ms) [Parameters=[], CommandType='Text', CommandTimeout='30']
2026-08-07T23:55:49.1648252Z       SELECT OBJECT_ID(N'[__EFMigrationsHistory]');
2026-08-07T23:55:49.1674681Z info: Microsoft.EntityFrameworkCore.Database.Command[20101]
2026-08-07T23:55:49.1674993Z       Executed DbCommand (1ms) [Parameters=[], CommandType='Text', CommandTimeout='30']
2026-08-07T23:55:49.1675064Z       SELECT [MigrationId], [ProductVersion]
2026-08-07T23:55:49.1675156Z       FROM [__EFMigrationsHistory]
2026-08-07T23:55:49.1675643Z       ORDER BY [MigrationId];
2026-08-07T23:55:49.1694356Z info: Microsoft.EntityFrameworkCore.Database.Command[20101]
2026-08-07T23:55:49.1694655Z       Executed DbCommand (1ms) [Parameters=[], CommandType='Text', CommandTimeout='30']
2026-08-07T23:55:49.1694762Z       SELECT TOP(1) [b].[BankAccountNumber]
2026-08-07T23:55:49.1694807Z       FROM [Beneficiaries] AS [b]
2026-08-07T23:55:49.1694851Z       ORDER BY [b].[Id]
2026-08-07T23:55:52.1743916Z info: Microsoft.EntityFrameworkCore.Database.Command[20101]
2026-08-07T23:55:52.1744647Z       Executed DbCommand (6ms) [Parameters=[], CommandType='Text', CommandTimeout='30']
2026-08-07T23:55:52.1744821Z       SELECT 1
2026-08-07T23:55:52.1773740Z info: Microsoft.EntityFrameworkCore.Database.Command[20101]
2026-08-07T23:55:52.1774173Z       Executed DbCommand (2ms) [Parameters=[], CommandType='Text', CommandTimeout='30']
2026-08-07T23:55:52.1774259Z       SELECT OBJECT_ID(N'[__EFMigrationsHistory]');
2026-08-07T23:55:52.1787619Z info: Microsoft.EntityFrameworkCore.Database.Command[20101]
2026-08-07T23:55:52.1787940Z       Executed DbCommand (1ms) [Parameters=[], CommandType='Text', CommandTimeout='30']
2026-08-07T23:55:52.1788041Z       SELECT [MigrationId], [ProductVersion]
2026-08-07T23:55:52.1788087Z       FROM [__EFMigrationsHistory]
2026-08-07T23:55:52.1788128Z       ORDER BY [MigrationId];
2026-08-07T23:55:52.1805653Z info: Microsoft.EntityFrameworkCore.Database.Command[20101]
2026-08-07T23:55:52.1805950Z       Executed DbCommand (1ms) [Parameters=[], CommandType='Text', CommandTimeout='30']
2026-08-07T23:55:52.1806010Z       SELECT TOP(1) [b].[BankAccountNumber]
2026-08-07T23:55:52.1806052Z       FROM [Beneficiaries] AS [b]
2026-08-07T23:55:52.1806094Z       ORDER BY [b].[Id]
2026-08-07T23:55:59.6340378Z info: Microsoft.EntityFrameworkCore.Database.Command[20101]
2026-08-07T23:55:59.6341126Z       Executed DbCommand (2ms) [Parameters=[], CommandType='Text', CommandTimeout='30']
2026-08-07T23:55:59.6341222Z       SELECT 1
2026-08-07T23:55:59.6366440Z info: Microsoft.EntityFrameworkCore.Database.Command[20101]
2026-08-07T23:55:59.6367308Z       Executed DbCommand (2ms) [Parameters=[], CommandType='Text', CommandTimeout='30']
2026-08-07T23:55:59.6367399Z       SELECT OBJECT_ID(N'[__EFMigrationsHistory]');
2026-08-07T23:55:59.6394651Z info: Microsoft.EntityFrameworkCore.Database.Command[20101]
2026-08-07T23:55:59.6395045Z       Executed DbCommand (1ms) [Parameters=[], CommandType='Text', CommandTimeout='30']
2026-08-07T23:55:59.6395267Z       SELECT [MigrationId], [ProductVersion]
2026-08-07T23:55:59.6395330Z       FROM [__EFMigrationsHistory]
2026-08-07T23:55:59.6401483Z       ORDER BY [MigrationId];
2026-08-07T23:55:59.6423154Z info: Microsoft.EntityFrameworkCore.Database.Command[20101]
2026-08-07T23:55:59.6423457Z       Executed DbCommand (1ms) [Parameters=[], CommandType='Text', CommandTimeout='30']
2026-08-07T23:55:59.6423573Z       SELECT TOP(1) [b].[BankAccountNumber]
2026-08-07T23:55:59.6423613Z       FROM [Beneficiaries] AS [b]
2026-08-07T23:55:59.6433464Z       ORDER BY [b].[Id]
2026-08-07T23:56:01.6642597Z info: Microsoft.EntityFrameworkCore.Database.Command[20101]
2026-08-07T23:56:01.6643424Z       Executed DbCommand (2ms) [Parameters=[], CommandType='Text', CommandTimeout='30']
2026-08-07T23:56:01.6643646Z       SELECT 1
2026-08-07T23:56:01.6663570Z info: Microsoft.EntityFrameworkCore.Database.Command[20101]
2026-08-07T23:56:01.6664096Z       Executed DbCommand (2ms) [Parameters=[], CommandType='Text', CommandTimeout='30']
2026-08-07T23:56:01.6664197Z       SELECT OBJECT_ID(N'[__EFMigrationsHistory]');
2026-08-07T23:56:01.6696406Z info: Microsoft.EntityFrameworkCore.Database.Command[20101]
2026-08-07T23:56:01.6696860Z       Executed DbCommand (1ms) [Parameters=[], CommandType='Text', CommandTimeout='30']
2026-08-07T23:56:01.6696963Z       SELECT [MigrationId], [ProductVersion]
2026-08-07T23:56:01.6697020Z       FROM [__EFMigrationsHistory]
2026-08-07T23:56:01.6697080Z       ORDER BY [MigrationId];
2026-08-07T23:56:01.6716124Z info: Microsoft.EntityFrameworkCore.Database.Command[20101]
2026-08-07T23:56:01.6722949Z       Executed DbCommand (2ms) [Parameters=[], CommandType='Text', CommandTimeout='30']
2026-08-07T23:56:01.6723108Z       SELECT TOP(1) [b].[BankAccountNumber]
2026-08-07T23:56:01.6723146Z       FROM [Beneficiaries] AS [b]
2026-08-07T23:56:01.6723216Z       ORDER BY [b].[Id]
2026-08-07T23:56:01.7643112Z info: Microsoft.EntityFrameworkCore.Database.Command[20101]
2026-08-07T23:56:01.7643969Z       Executed DbCommand (2ms) [Parameters=[], CommandType='Text', CommandTimeout='30']
2026-08-07T23:56:01.7644087Z       SELECT 1
2026-08-07T23:56:01.7674277Z info: Microsoft.EntityFrameworkCore.Database.Command[20101]
2026-08-07T23:56:01.7677192Z       Executed DbCommand (2ms) [Parameters=[], CommandType='Text', CommandTimeout='30']
2026-08-07T23:56:01.7677350Z       SELECT OBJECT_ID(N'[__EFMigrationsHistory]');
2026-08-07T23:56:01.7687037Z info: Microsoft.EntityFrameworkCore.Database.Command[20101]
2026-08-07T23:56:01.7690199Z       Executed DbCommand (1ms) [Parameters=[], CommandType='Text', CommandTimeout='30']
2026-08-07T23:56:01.7690408Z       SELECT [MigrationId], [ProductVersion]
2026-08-07T23:56:01.7690464Z       FROM [__EFMigrationsHistory]
2026-08-07T23:56:01.7690656Z       ORDER BY [MigrationId];
2026-08-07T23:56:01.7709466Z info: Microsoft.EntityFrameworkCore.Database.Command[20101]
2026-08-07T23:56:01.7709780Z       Executed DbCommand (1ms) [Parameters=[], CommandType='Text', CommandTimeout='30']
2026-08-07T23:56:01.7709850Z       SELECT TOP(1) [b].[BankAccountNumber]
2026-08-07T23:56:01.7709897Z       FROM [Beneficiaries] AS [b]
2026-08-07T23:56:01.7709942Z       ORDER BY [b].[Id]
2026-08-07T23:56:03.0477949Z info: Microsoft.EntityFrameworkCore.Database.Command[20101]
2026-08-07T23:56:03.0478761Z       Executed DbCommand (2ms) [Parameters=[], CommandType='Text', CommandTimeout='30']
2026-08-07T23:56:03.0478876Z       SELECT 1
2026-08-07T23:56:03.0497192Z info: Microsoft.EntityFrameworkCore.Database.Command[20101]
2026-08-07T23:56:03.0497636Z       Executed DbCommand (2ms) [Parameters=[], CommandType='Text', CommandTimeout='30']
2026-08-07T23:56:03.0497773Z       SELECT OBJECT_ID(N'[__EFMigrationsHistory]');
2026-08-07T23:56:03.0525097Z info: Microsoft.EntityFrameworkCore.Database.Command[20101]
2026-08-07T23:56:03.0525433Z       Executed DbCommand (2ms) [Parameters=[], CommandType='Text', CommandTimeout='30']
2026-08-07T23:56:03.0525509Z       SELECT [MigrationId], [ProductVersion]
2026-08-07T23:56:03.0525565Z       FROM [__EFMigrationsHistory]
2026-08-07T23:56:03.0529373Z       ORDER BY [MigrationId];
2026-08-07T23:56:03.0549515Z info: Microsoft.EntityFrameworkCore.Database.Command[20101]
2026-08-07T23:56:03.0549851Z       Executed DbCommand (1ms) [Parameters=[], CommandType='Text', CommandTimeout='30']
2026-08-07T23:56:03.0549921Z       SELECT TOP(1) [b].[BankAccountNumber]
2026-08-07T23:56:03.0550109Z       FROM [Beneficiaries] AS [b]
2026-08-07T23:56:03.0550165Z       ORDER BY [b].[Id]
2026-08-07T23:56:05.4030701Z info: Microsoft.EntityFrameworkCore.Database.Command[20101]
2026-08-07T23:56:05.4031427Z       Executed DbCommand (2ms) [Parameters=[], CommandType='Text', CommandTimeout='30']
2026-08-07T23:56:05.4031535Z       SELECT 1
2026-08-07T23:56:05.4060098Z info: Microsoft.EntityFrameworkCore.Database.Command[20101]
2026-08-07T23:56:05.4061683Z       Executed DbCommand (2ms) [Parameters=[], CommandType='Text', CommandTimeout='30']
2026-08-07T23:56:05.4061812Z       SELECT OBJECT_ID(N'[__EFMigrationsHistory]');
2026-08-07T23:56:05.4084871Z info: Microsoft.EntityFrameworkCore.Database.Command[20101]
2026-08-07T23:56:05.4085325Z       Executed DbCommand (2ms) [Parameters=[], CommandType='Text', CommandTimeout='30']
2026-08-07T23:56:05.4085415Z       SELECT [MigrationId], [ProductVersion]
2026-08-07T23:56:05.4085506Z       FROM [__EFMigrationsHistory]
2026-08-07T23:56:05.4085549Z       ORDER BY [MigrationId];
2026-08-07T23:56:05.4102523Z info: Microsoft.EntityFrameworkCore.Database.Command[20101]
2026-08-07T23:56:05.4102885Z       Executed DbCommand (2ms) [Parameters=[], CommandType='Text', CommandTimeout='30']
2026-08-07T23:56:05.4102952Z       SELECT TOP(1) [b].[BankAccountNumber]
2026-08-07T23:56:05.4102991Z       FROM [Beneficiaries] AS [b]
2026-08-07T23:56:05.4103029Z       ORDER BY [b].[Id]
2026-08-07T23:56:08.5552174Z info: Microsoft.EntityFrameworkCore.Database.Command[20101]
2026-08-07T23:56:08.5552919Z       Executed DbCommand (2ms) [Parameters=[], CommandType='Text', CommandTimeout='30']
2026-08-07T23:56:08.5553087Z       SELECT 1
2026-08-07T23:56:08.5569776Z info: Microsoft.EntityFrameworkCore.Database.Command[20101]
2026-08-07T23:56:08.5570333Z       Executed DbCommand (2ms) [Parameters=[], CommandType='Text', CommandTimeout='30']
2026-08-07T23:56:08.5570489Z       SELECT OBJECT_ID(N'[__EFMigrationsHistory]');
2026-08-07T23:56:08.5598902Z info: Microsoft.EntityFrameworkCore.Database.Command[20101]
2026-08-07T23:56:08.5599293Z       Executed DbCommand (2ms) [Parameters=[], CommandType='Text', CommandTimeout='30']
2026-08-07T23:56:08.5599367Z       SELECT [MigrationId], [ProductVersion]
2026-08-07T23:56:08.5599457Z       FROM [__EFMigrationsHistory]
2026-08-07T23:56:08.5599996Z       ORDER BY [MigrationId];
2026-08-07T23:56:08.5617807Z info: Microsoft.EntityFrameworkCore.Database.Command[20101]
2026-08-07T23:56:08.5618157Z       Executed DbCommand (2ms) [Parameters=[], CommandType='Text', CommandTimeout='30']
2026-08-07T23:56:08.5618267Z       SELECT TOP(1) [b].[BankAccountNumber]
2026-08-07T23:56:08.5618312Z       FROM [Beneficiaries] AS [b]
2026-08-07T23:56:08.5618350Z       ORDER BY [b].[Id]
2026-08-07T23:56:12.3479688Z info: Microsoft.EntityFrameworkCore.Database.Command[20101]
2026-08-07T23:56:12.3480666Z       Executed DbCommand (2ms) [Parameters=[], CommandType='Text', CommandTimeout='30']
2026-08-07T23:56:12.3480964Z       SELECT 1
2026-08-07T23:56:12.3498421Z info: Microsoft.EntityFrameworkCore.Database.Command[20101]
2026-08-07T23:56:12.3500631Z       Executed DbCommand (2ms) [Parameters=[], CommandType='Text', CommandTimeout='30']
2026-08-07T23:56:12.3500757Z       SELECT OBJECT_ID(N'[__EFMigrationsHistory]');
2026-08-07T23:56:12.3534002Z info: Microsoft.EntityFrameworkCore.Database.Command[20101]
2026-08-07T23:56:12.3535505Z       Executed DbCommand (2ms) [Parameters=[], CommandType='Text', CommandTimeout='30']
2026-08-07T23:56:12.3535763Z       SELECT [MigrationId], [ProductVersion]
2026-08-07T23:56:12.3535814Z       FROM [__EFMigrationsHistory]
2026-08-07T23:56:12.3535863Z       ORDER BY [MigrationId];
2026-08-07T23:56:12.3549604Z info: Microsoft.EntityFrameworkCore.Database.Command[20101]
2026-08-07T23:56:12.3549952Z       Executed DbCommand (2ms) [Parameters=[], CommandType='Text', CommandTimeout='30']
2026-08-07T23:56:12.3550019Z       SELECT TOP(1) [b].[BankAccountNumber]
2026-08-07T23:56:12.3550058Z       FROM [Beneficiaries] AS [b]
2026-08-07T23:56:12.3550099Z       ORDER BY [b].[Id]
2026-08-07T23:56:15.6741641Z info: Microsoft.EntityFrameworkCore.Database.Command[20101]
2026-08-07T23:56:15.6742434Z       Executed DbCommand (2ms) [Parameters=[], CommandType='Text', CommandTimeout='30']
2026-08-07T23:56:15.6742543Z       SELECT 1
2026-08-07T23:56:15.6759059Z info: Microsoft.EntityFrameworkCore.Database.Command[20101]
2026-08-07T23:56:15.6759655Z       Executed DbCommand (2ms) [Parameters=[], CommandType='Text', CommandTimeout='30']
2026-08-07T23:56:15.6759745Z       SELECT OBJECT_ID(N'[__EFMigrationsHistory]');
2026-08-07T23:56:15.6791544Z info: Microsoft.EntityFrameworkCore.Database.Command[20101]
2026-08-07T23:56:15.6792005Z       Executed DbCommand (2ms) [Parameters=[], CommandType='Text', CommandTimeout='30']
2026-08-07T23:56:15.6792140Z       SELECT [MigrationId], [ProductVersion]
2026-08-07T23:56:15.6792184Z       FROM [__EFMigrationsHistory]
2026-08-07T23:56:15.6792223Z       ORDER BY [MigrationId];
2026-08-07T23:56:15.6810678Z info: Microsoft.EntityFrameworkCore.Database.Command[20101]
2026-08-07T23:56:15.6811036Z       Executed DbCommand (1ms) [Parameters=[], CommandType='Text', CommandTimeout='30']
2026-08-07T23:56:15.6811149Z       SELECT TOP(1) [b].[BankAccountNumber]
2026-08-07T23:56:15.6811191Z       FROM [Beneficiaries] AS [b]
2026-08-07T23:56:15.6811228Z       ORDER BY [b].[Id]
2026-08-07T23:56:19.3881515Z info: Microsoft.EntityFrameworkCore.Database.Command[20101]
2026-08-07T23:56:19.3882501Z       Executed DbCommand (2ms) [Parameters=[], CommandType='Text', CommandTimeout='30']
2026-08-07T23:56:19.3882660Z       SELECT 1
2026-08-07T23:56:19.3909149Z info: Microsoft.EntityFrameworkCore.Database.Command[20101]
2026-08-07T23:56:19.3909745Z       Executed DbCommand (2ms) [Parameters=[], CommandType='Text', CommandTimeout='30']
2026-08-07T23:56:19.3909836Z       SELECT OBJECT_ID(N'[__EFMigrationsHistory]');
2026-08-07T23:56:19.3925554Z info: Microsoft.EntityFrameworkCore.Database.Command[20101]
2026-08-07T23:56:19.3927673Z       Executed DbCommand (2ms) [Parameters=[], CommandType='Text', CommandTimeout='30']
2026-08-07T23:56:19.3927884Z       SELECT [MigrationId], [ProductVersion]
2026-08-07T23:56:19.3927933Z       FROM [__EFMigrationsHistory]
2026-08-07T23:56:19.3931765Z       ORDER BY [MigrationId];
2026-08-07T23:56:19.3942369Z info: Microsoft.EntityFrameworkCore.Database.Command[20101]
2026-08-07T23:56:19.3942688Z       Executed DbCommand (1ms) [Parameters=[], CommandType='Text', CommandTimeout='30']
2026-08-07T23:56:19.3942754Z       SELECT TOP(1) [b].[BankAccountNumber]
2026-08-07T23:56:19.3942794Z       FROM [Beneficiaries] AS [b]
2026-08-07T23:56:19.3954189Z       ORDER BY [b].[Id]
2026-08-07T23:56:19.5027745Z info: Microsoft.EntityFrameworkCore.Database.Command[20101]
2026-08-07T23:56:19.5028654Z       Executed DbCommand (2ms) [Parameters=[], CommandType='Text', CommandTimeout='30']
2026-08-07T23:56:19.5028764Z       SELECT 1
2026-08-07T23:56:19.5044764Z info: Microsoft.EntityFrameworkCore.Database.Command[20101]
2026-08-07T23:56:19.5045323Z       Executed DbCommand (2ms) [Parameters=[], CommandType='Text', CommandTimeout='30']
2026-08-07T23:56:19.5045410Z       SELECT OBJECT_ID(N'[__EFMigrationsHistory]');
2026-08-07T23:56:19.5077748Z info: Microsoft.EntityFrameworkCore.Database.Command[20101]
2026-08-07T23:56:19.5078264Z       Executed DbCommand (1ms) [Parameters=[], CommandType='Text', CommandTimeout='30']
2026-08-07T23:56:19.5078386Z       SELECT [MigrationId], [ProductVersion]
2026-08-07T23:56:19.5078428Z       FROM [__EFMigrationsHistory]
2026-08-07T23:56:19.5078467Z       ORDER BY [MigrationId];
2026-08-07T23:56:19.5091167Z info: Microsoft.EntityFrameworkCore.Database.Command[20101]
2026-08-07T23:56:19.5091555Z       Executed DbCommand (1ms) [Parameters=[], CommandType='Text', CommandTimeout='30']
2026-08-07T23:56:19.5091637Z       SELECT TOP(1) [b].[BankAccountNumber]
2026-08-07T23:56:19.5091681Z       FROM [Beneficiaries] AS [b]
2026-08-07T23:56:19.5091733Z       ORDER BY [b].[Id]
2026-08-07T23:56:24.5378162Z info: Microsoft.EntityFrameworkCore.Database.Command[20101]
2026-08-07T23:56:24.5379266Z       Executed DbCommand (2ms) [Parameters=[], CommandType='Text', CommandTimeout='30']
2026-08-07T23:56:24.5379394Z       SELECT 1
2026-08-07T23:56:24.5395007Z info: Microsoft.EntityFrameworkCore.Database.Command[20101]
2026-08-07T23:56:24.5395564Z       Executed DbCommand (2ms) [Parameters=[], CommandType='Text', CommandTimeout='30']
2026-08-07T23:56:24.5395717Z       SELECT OBJECT_ID(N'[__EFMigrationsHistory]');
2026-08-07T23:56:24.5428528Z info: Microsoft.EntityFrameworkCore.Database.Command[20101]
2026-08-07T23:56:24.5428900Z       Executed DbCommand (1ms) [Parameters=[], CommandType='Text', CommandTimeout='30']
2026-08-07T23:56:24.5428968Z       SELECT [MigrationId], [ProductVersion]
2026-08-07T23:56:24.5429011Z       FROM [__EFMigrationsHistory]
2026-08-07T23:56:24.5429092Z       ORDER BY [MigrationId];
2026-08-07T23:56:24.5442947Z info: Microsoft.EntityFrameworkCore.Database.Command[20101]
2026-08-07T23:56:24.5443260Z       Executed DbCommand (2ms) [Parameters=[], CommandType='Text', CommandTimeout='30']
2026-08-07T23:56:24.5443323Z       SELECT TOP(1) [b].[BankAccountNumber]
2026-08-07T23:56:24.5443361Z       FROM [Beneficiaries] AS [b]
2026-08-07T23:56:24.5443440Z       ORDER BY [b].[Id]
2026-08-07T23:56:29.3285752Z info: Microsoft.EntityFrameworkCore.Database.Command[20101]
2026-08-07T23:56:29.3287089Z       Executed DbCommand (2ms) [Parameters=[], CommandType='Text', CommandTimeout='30']
2026-08-07T23:56:29.3287205Z       SELECT 1
2026-08-07T23:56:29.3313768Z info: Microsoft.EntityFrameworkCore.Database.Command[20101]
2026-08-07T23:56:29.3314422Z       Executed DbCommand (2ms) [Parameters=[], CommandType='Text', CommandTimeout='30']
2026-08-07T23:56:29.3314564Z       SELECT OBJECT_ID(N'[__EFMigrationsHistory]');
2026-08-07T23:56:29.3330674Z info: Microsoft.EntityFrameworkCore.Database.Command[20101]
2026-08-07T23:56:29.3331041Z       Executed DbCommand (1ms) [Parameters=[], CommandType='Text', CommandTimeout='30']
2026-08-07T23:56:29.3331119Z       SELECT [MigrationId], [ProductVersion]
2026-08-07T23:56:29.3331205Z       FROM [__EFMigrationsHistory]
2026-08-07T23:56:29.3331250Z       ORDER BY [MigrationId];
2026-08-07T23:56:29.3407288Z info: Microsoft.EntityFrameworkCore.Database.Command[20101]
2026-08-07T23:56:29.3407950Z       Executed DbCommand (8ms) [Parameters=[], CommandType='Text', CommandTimeout='30']
2026-08-07T23:56:29.3408049Z       SELECT TOP(1) [b].[BankAccountNumber]
2026-08-07T23:56:29.3408164Z       FROM [Beneficiaries] AS [b]
2026-08-07T23:56:29.3408202Z       ORDER BY [b].[Id]
2026-08-07T23:56:33.6761895Z info: Microsoft.EntityFrameworkCore.Database.Command[20101]
2026-08-07T23:56:33.6762700Z       Executed DbCommand (2ms) [Parameters=[], CommandType='Text', CommandTimeout='30']
2026-08-07T23:56:33.6762864Z       SELECT 1
2026-08-07T23:56:33.6776915Z info: Microsoft.EntityFrameworkCore.Database.Command[20101]
2026-08-07T23:56:33.6779915Z       Executed DbCommand (1ms) [Parameters=[], CommandType='Text', CommandTimeout='30']
2026-08-07T23:56:33.6780099Z       SELECT OBJECT_ID(N'[__EFMigrationsHistory]');
2026-08-07T23:56:33.6806254Z info: Microsoft.EntityFrameworkCore.Database.Command[20101]
2026-08-07T23:56:33.6806561Z       Executed DbCommand (2ms) [Parameters=[], CommandType='Text', CommandTimeout='30']
2026-08-07T23:56:33.6806635Z       SELECT [MigrationId], [ProductVersion]
2026-08-07T23:56:33.6811768Z       FROM [__EFMigrationsHistory]
2026-08-07T23:56:33.6812007Z       ORDER BY [MigrationId];
2026-08-07T23:56:33.6825543Z info: Microsoft.EntityFrameworkCore.Database.Command[20101]
2026-08-07T23:56:33.6825820Z       Executed DbCommand (1ms) [Parameters=[], CommandType='Text', CommandTimeout='30']
2026-08-07T23:56:33.6825891Z       SELECT TOP(1) [b].[BankAccountNumber]
2026-08-07T23:56:33.6825941Z       FROM [Beneficiaries] AS [b]
2026-08-07T23:56:33.6826022Z       ORDER BY [b].[Id]
2026-08-07T23:56:35.8267484Z info: Microsoft.EntityFrameworkCore.Database.Command[20101]
2026-08-07T23:56:35.8268433Z       Executed DbCommand (2ms) [Parameters=[], CommandType='Text', CommandTimeout='30']
2026-08-07T23:56:35.8268579Z       SELECT 1
2026-08-07T23:56:35.8288107Z info: Microsoft.EntityFrameworkCore.Database.Command[20101]
2026-08-07T23:56:35.8288699Z       Executed DbCommand (2ms) [Parameters=[], CommandType='Text', CommandTimeout='30']
2026-08-07T23:56:35.8288782Z       SELECT OBJECT_ID(N'[__EFMigrationsHistory]');
2026-08-07T23:56:35.8315965Z info: Microsoft.EntityFrameworkCore.Database.Command[20101]
2026-08-07T23:56:35.8316297Z       Executed DbCommand (2ms) [Parameters=[], CommandType='Text', CommandTimeout='30']
2026-08-07T23:56:35.8316420Z       SELECT [MigrationId], [ProductVersion]
2026-08-07T23:56:35.8316469Z       FROM [__EFMigrationsHistory]
2026-08-07T23:56:35.8316512Z       ORDER BY [MigrationId];
2026-08-07T23:56:35.8328975Z info: Microsoft.EntityFrameworkCore.Database.Command[20101]
2026-08-07T23:56:35.8329272Z       Executed DbCommand (1ms) [Parameters=[], CommandType='Text', CommandTimeout='30']
2026-08-07T23:56:35.8329394Z       SELECT TOP(1) [b].[BankAccountNumber]
2026-08-07T23:56:35.8329441Z       FROM [Beneficiaries] AS [b]
2026-08-07T23:56:35.8329483Z       ORDER BY [b].[Id]
2026-08-07T23:56:35.8858791Z info: Microsoft.EntityFrameworkCore.Database.Command[20101]
2026-08-07T23:56:35.8859607Z       Executed DbCommand (2ms) [Parameters=[], CommandType='Text', CommandTimeout='30']
2026-08-07T23:56:35.8859728Z       SELECT 1
2026-08-07T23:56:35.8876783Z info: Microsoft.EntityFrameworkCore.Database.Command[20101]
2026-08-07T23:56:35.8880631Z       Executed DbCommand (2ms) [Parameters=[], CommandType='Text', CommandTimeout='30']
2026-08-07T23:56:35.8880844Z       SELECT OBJECT_ID(N'[__EFMigrationsHistory]');
2026-08-07T23:56:35.8908363Z info: Microsoft.EntityFrameworkCore.Database.Command[20101]
2026-08-07T23:56:35.8909962Z       Executed DbCommand (1ms) [Parameters=[], CommandType='Text', CommandTimeout='30']
2026-08-07T23:56:35.8910119Z       SELECT [MigrationId], [ProductVersion]
2026-08-07T23:56:35.8910173Z       FROM [__EFMigrationsHistory]
2026-08-07T23:56:35.8910251Z       ORDER BY [MigrationId];
2026-08-07T23:56:35.8921606Z info: Microsoft.EntityFrameworkCore.Database.Command[20101]
2026-08-07T23:56:35.8921906Z       Executed DbCommand (1ms) [Parameters=[], CommandType='Text', CommandTimeout='30']
2026-08-07T23:56:35.8921970Z       SELECT TOP(1) [b].[BankAccountNumber]
2026-08-07T23:56:35.8922008Z       FROM [Beneficiaries] AS [b]
2026-08-07T23:56:35.8922087Z       ORDER BY [b].[Id]
2026-08-07T23:56:44.8175819Z info: Microsoft.EntityFrameworkCore.Database.Command[20101]
2026-08-07T23:56:44.8176688Z       Executed DbCommand (2ms) [Parameters=[], CommandType='Text', CommandTimeout='30']
2026-08-07T23:56:44.8176801Z       SELECT 1
2026-08-07T23:56:44.8204945Z info: Microsoft.EntityFrameworkCore.Database.Command[20101]
2026-08-07T23:56:44.8205636Z       Executed DbCommand (2ms) [Parameters=[], CommandType='Text', CommandTimeout='30']
2026-08-07T23:56:44.8205727Z       SELECT OBJECT_ID(N'[__EFMigrationsHistory]');
2026-08-07T23:56:44.8222424Z info: Microsoft.EntityFrameworkCore.Database.Command[20101]
2026-08-07T23:56:44.8222891Z       Executed DbCommand (1ms) [Parameters=[], CommandType='Text', CommandTimeout='30']
2026-08-07T23:56:44.8223028Z       SELECT [MigrationId], [ProductVersion]
2026-08-07T23:56:44.8223077Z       FROM [__EFMigrationsHistory]
2026-08-07T23:56:44.8223122Z       ORDER BY [MigrationId];
2026-08-07T23:56:44.8237900Z info: Microsoft.EntityFrameworkCore.Database.Command[20101]
2026-08-07T23:56:44.8238277Z       Executed DbCommand (1ms) [Parameters=[], CommandType='Text', CommandTimeout='30']
2026-08-07T23:56:44.8238397Z       SELECT TOP(1) [b].[BankAccountNumber]
2026-08-07T23:56:44.8238443Z       FROM [Beneficiaries] AS [b]
2026-08-07T23:56:44.8238481Z       ORDER BY [b].[Id]
2026-08-07T23:56:45.9678740Z info: Microsoft.EntityFrameworkCore.Database.Command[20101]
2026-08-07T23:56:45.9679579Z       Executed DbCommand (2ms) [Parameters=[], CommandType='Text', CommandTimeout='30']
2026-08-07T23:56:45.9679701Z       SELECT 1
2026-08-07T23:56:45.9700684Z info: Microsoft.EntityFrameworkCore.Database.Command[20101]
2026-08-07T23:56:45.9701084Z       Executed DbCommand (2ms) [Parameters=[], CommandType='Text', CommandTimeout='30']
2026-08-07T23:56:45.9701159Z       SELECT OBJECT_ID(N'[__EFMigrationsHistory]');
2026-08-07T23:56:45.9730783Z info: Microsoft.EntityFrameworkCore.Database.Command[20101]
2026-08-07T23:56:45.9731121Z       Executed DbCommand (2ms) [Parameters=[], CommandType='Text', CommandTimeout='30']
2026-08-07T23:56:45.9731199Z       SELECT [MigrationId], [ProductVersion]
2026-08-07T23:56:45.9731249Z       FROM [__EFMigrationsHistory]
2026-08-07T23:56:45.9731752Z       ORDER BY [MigrationId];
2026-08-07T23:56:45.9753700Z info: Microsoft.EntityFrameworkCore.Database.Command[20101]
2026-08-07T23:56:45.9754020Z       Executed DbCommand (2ms) [Parameters=[], CommandType='Text', CommandTimeout='30']
2026-08-07T23:56:45.9754103Z       SELECT TOP(1) [b].[BankAccountNumber]
2026-08-07T23:56:45.9754150Z       FROM [Beneficiaries] AS [b]
2026-08-07T23:56:45.9754234Z       ORDER BY [b].[Id]
2026-08-07T23:56:49.5041666Z info: Microsoft.EntityFrameworkCore.Database.Command[20101]
2026-08-07T23:56:49.5042533Z       Executed DbCommand (2ms) [Parameters=[], CommandType='Text', CommandTimeout='30']
2026-08-07T23:56:49.5042655Z       SELECT 1
2026-08-07T23:56:49.5059391Z info: Microsoft.EntityFrameworkCore.Database.Command[20101]
2026-08-07T23:56:49.5059896Z       Executed DbCommand (2ms) [Parameters=[], CommandType='Text', CommandTimeout='30']
2026-08-07T23:56:49.5059991Z       SELECT OBJECT_ID(N'[__EFMigrationsHistory]');
2026-08-07T23:56:49.5093003Z info: Microsoft.EntityFrameworkCore.Database.Command[20101]
2026-08-07T23:56:49.5093511Z       Executed DbCommand (2ms) [Parameters=[], CommandType='Text', CommandTimeout='30']
2026-08-07T23:56:49.5093640Z       SELECT [MigrationId], [ProductVersion]
2026-08-07T23:56:49.5093681Z       FROM [__EFMigrationsHistory]
2026-08-07T23:56:49.5093723Z       ORDER BY [MigrationId];
2026-08-07T23:56:49.5105257Z info: Microsoft.EntityFrameworkCore.Database.Command[20101]
2026-08-07T23:56:49.5105655Z       Executed DbCommand (1ms) [Parameters=[], CommandType='Text', CommandTimeout='30']
2026-08-07T23:56:49.5105734Z       SELECT TOP(1) [b].[BankAccountNumber]
2026-08-07T23:56:49.5105775Z       FROM [Beneficiaries] AS [b]
2026-08-07T23:56:49.5105818Z       ORDER BY [b].[Id]
2026-08-07T23:56:50.3705474Z info: Microsoft.EntityFrameworkCore.Database.Command[20101]
2026-08-07T23:56:50.3706400Z       Executed DbCommand (2ms) [Parameters=[], CommandType='Text', CommandTimeout='30']
2026-08-07T23:56:50.3706517Z       SELECT 1
2026-08-07T23:56:50.3722005Z info: Microsoft.EntityFrameworkCore.Database.Command[20101]
2026-08-07T23:56:50.3722500Z       Executed DbCommand (2ms) [Parameters=[], CommandType='Text', CommandTimeout='30']
2026-08-07T23:56:50.3722652Z       SELECT OBJECT_ID(N'[__EFMigrationsHistory]');
2026-08-07T23:56:50.3757500Z info: Microsoft.EntityFrameworkCore.Database.Command[20101]
2026-08-07T23:56:50.3758156Z       Executed DbCommand (2ms) [Parameters=[], CommandType='Text', CommandTimeout='30']
2026-08-07T23:56:50.3758259Z       SELECT [MigrationId], [ProductVersion]
2026-08-07T23:56:50.3758318Z       FROM [__EFMigrationsHistory]
2026-08-07T23:56:50.3758611Z       ORDER BY [MigrationId];
2026-08-07T23:56:50.3778143Z info: Microsoft.EntityFrameworkCore.Database.Command[20101]
2026-08-07T23:56:50.3778530Z       Executed DbCommand (2ms) [Parameters=[], CommandType='Text', CommandTimeout='30']
2026-08-07T23:56:50.3789801Z       SELECT TOP(1) [b].[BankAccountNumber]
2026-08-07T23:56:50.3790097Z       FROM [Beneficiaries] AS [b]
2026-08-07T23:56:50.3790141Z       ORDER BY [b].[Id]
2026-08-07T23:56:52.1694652Z info: Microsoft.EntityFrameworkCore.Database.Command[20101]
2026-08-07T23:56:52.1695404Z       Executed DbCommand (2ms) [Parameters=[], CommandType='Text', CommandTimeout='30']
2026-08-07T23:56:52.1695508Z       SELECT 1
2026-08-07T23:56:52.1728768Z info: Microsoft.EntityFrameworkCore.Database.Command[20101]
2026-08-07T23:56:52.1729482Z       Executed DbCommand (2ms) [Parameters=[], CommandType='Text', CommandTimeout='30']
2026-08-07T23:56:52.1729597Z       SELECT OBJECT_ID(N'[__EFMigrationsHistory]');
2026-08-07T23:56:52.1748487Z info: Microsoft.EntityFrameworkCore.Database.Command[20101]
2026-08-07T23:56:52.1749120Z       Executed DbCommand (2ms) [Parameters=[], CommandType='Text', CommandTimeout='30']
2026-08-07T23:56:52.1749211Z       SELECT [MigrationId], [ProductVersion]
2026-08-07T23:56:52.1749317Z       FROM [__EFMigrationsHistory]
2026-08-07T23:56:52.1749365Z       ORDER BY [MigrationId];
2026-08-07T23:56:52.1765845Z info: Microsoft.EntityFrameworkCore.Database.Command[20101]
2026-08-07T23:56:52.1767858Z       Executed DbCommand (1ms) [Parameters=[], CommandType='Text', CommandTimeout='30']
2026-08-07T23:56:52.1767968Z       SELECT TOP(1) [b].[BankAccountNumber]
2026-08-07T23:56:52.1768006Z       FROM [Beneficiaries] AS [b]
2026-08-07T23:56:52.1768044Z       ORDER BY [b].[Id]
2026-08-07T23:56:54.9078829Z info: Microsoft.EntityFrameworkCore.Database.Command[20101]
2026-08-07T23:56:54.9079678Z       Executed DbCommand (2ms) [Parameters=[], CommandType='Text', CommandTimeout='30']
2026-08-07T23:56:54.9079826Z       SELECT 1
2026-08-07T23:56:54.9106347Z info: Microsoft.EntityFrameworkCore.Database.Command[20101]
2026-08-07T23:56:54.9106921Z       Executed DbCommand (2ms) [Parameters=[], CommandType='Text', CommandTimeout='30']
2026-08-07T23:56:54.9107072Z       SELECT OBJECT_ID(N'[__EFMigrationsHistory]');
2026-08-07T23:56:54.9122347Z info: Microsoft.EntityFrameworkCore.Database.Command[20101]
2026-08-07T23:56:54.9122727Z       Executed DbCommand (2ms) [Parameters=[], CommandType='Text', CommandTimeout='30']
2026-08-07T23:56:54.9122800Z       SELECT [MigrationId], [ProductVersion]
2026-08-07T23:56:54.9122891Z       FROM [__EFMigrationsHistory]
2026-08-07T23:56:54.9122931Z       ORDER BY [MigrationId];
2026-08-07T23:56:54.9140009Z info: Microsoft.EntityFrameworkCore.Database.Command[20101]
2026-08-07T23:56:54.9140305Z       Executed DbCommand (1ms) [Parameters=[], CommandType='Text', CommandTimeout='30']
2026-08-07T23:56:54.9140377Z       SELECT TOP(1) [b].[BankAccountNumber]
2026-08-07T23:56:54.9140463Z       FROM [Beneficiaries] AS [b]
2026-08-07T23:56:54.9140509Z       ORDER BY [b].[Id]
2026-08-07T23:56:58.1448128Z info: Microsoft.EntityFrameworkCore.Database.Command[20101]
2026-08-07T23:56:58.1448980Z       Executed DbCommand (2ms) [Parameters=[], CommandType='Text', CommandTimeout='30']
2026-08-07T23:56:58.1449126Z       SELECT 1
2026-08-07T23:56:58.1463400Z info: Microsoft.EntityFrameworkCore.Database.Command[20101]
2026-08-07T23:56:58.1463948Z       Executed DbCommand (2ms) [Parameters=[], CommandType='Text', CommandTimeout='30']
2026-08-07T23:56:58.1464032Z       SELECT OBJECT_ID(N'[__EFMigrationsHistory]');
2026-08-07T23:56:58.1495680Z info: Microsoft.EntityFrameworkCore.Database.Command[20101]
2026-08-07T23:56:58.1496060Z       Executed DbCommand (2ms) [Parameters=[], CommandType='Text', CommandTimeout='30']
2026-08-07T23:56:58.1496131Z       SELECT [MigrationId], [ProductVersion]
2026-08-07T23:56:58.1496272Z       FROM [__EFMigrationsHistory]
2026-08-07T23:56:58.1496312Z       ORDER BY [MigrationId];
2026-08-07T23:56:58.1508334Z info: Microsoft.EntityFrameworkCore.Database.Command[20101]
2026-08-07T23:56:58.1508640Z       Executed DbCommand (1ms) [Parameters=[], CommandType='Text', CommandTimeout='30']
2026-08-07T23:56:58.1508704Z       SELECT TOP(1) [b].[BankAccountNumber]
2026-08-07T23:56:58.1508743Z       FROM [Beneficiaries] AS [b]
2026-08-07T23:56:58.1508784Z       ORDER BY [b].[Id]
2026-08-07T23:56:59.1076340Z info: Microsoft.EntityFrameworkCore.Database.Command[20101]
2026-08-07T23:56:59.1077128Z       Executed DbCommand (9ms) [Parameters=[], CommandType='Text', CommandTimeout='30']
2026-08-07T23:56:59.1077233Z       SELECT 1
2026-08-07T23:56:59.1092434Z info: Microsoft.EntityFrameworkCore.Database.Command[20101]
2026-08-07T23:56:59.1097191Z       Executed DbCommand (2ms) [Parameters=[], CommandType='Text', CommandTimeout='30']
2026-08-07T23:56:59.1097327Z       SELECT OBJECT_ID(N'[__EFMigrationsHistory]');
2026-08-07T23:56:59.1123111Z info: Microsoft.EntityFrameworkCore.Database.Command[20101]
2026-08-07T23:56:59.1123530Z       Executed DbCommand (1ms) [Parameters=[], CommandType='Text', CommandTimeout='30']
2026-08-07T23:56:59.1123651Z       SELECT [MigrationId], [ProductVersion]
2026-08-07T23:56:59.1123694Z       FROM [__EFMigrationsHistory]
2026-08-07T23:56:59.1123734Z       ORDER BY [MigrationId];
2026-08-07T23:56:59.1137956Z info: Microsoft.EntityFrameworkCore.Database.Command[20101]
2026-08-07T23:56:59.1138317Z       Executed DbCommand (1ms) [Parameters=[], CommandType='Text', CommandTimeout='30']
2026-08-07T23:56:59.1138439Z       SELECT TOP(1) [b].[BankAccountNumber]
2026-08-07T23:56:59.1138476Z       FROM [Beneficiaries] AS [b]
2026-08-07T23:56:59.1138515Z       ORDER BY [b].[Id]
2026-08-07T23:56:59.6542584Z info: Microsoft.EntityFrameworkCore.Database.Command[20101]
2026-08-07T23:56:59.6543591Z       Executed DbCommand (2ms) [Parameters=[], CommandType='Text', CommandTimeout='30']
2026-08-07T23:56:59.6543713Z       SELECT 1
2026-08-07T23:56:59.6569550Z info: Microsoft.EntityFrameworkCore.Database.Command[20101]
2026-08-07T23:56:59.6576053Z       Executed DbCommand (2ms) [Parameters=[], CommandType='Text', CommandTimeout='30']
2026-08-07T23:56:59.6576185Z       SELECT OBJECT_ID(N'[__EFMigrationsHistory]');
2026-08-07T23:56:59.6593523Z info: Microsoft.EntityFrameworkCore.Database.Command[20101]
2026-08-07T23:56:59.6593932Z       Executed DbCommand (1ms) [Parameters=[], CommandType='Text', CommandTimeout='30']
2026-08-07T23:56:59.6594028Z       SELECT [MigrationId], [ProductVersion]
2026-08-07T23:56:59.6594088Z       FROM [__EFMigrationsHistory]
2026-08-07T23:56:59.6594197Z       ORDER BY [MigrationId];
2026-08-07T23:56:59.6606574Z info: Microsoft.EntityFrameworkCore.Database.Command[20101]
2026-08-07T23:56:59.6607396Z       Executed DbCommand (1ms) [Parameters=[], CommandType='Text', CommandTimeout='30']
2026-08-07T23:56:59.6607468Z       SELECT TOP(1) [b].[BankAccountNumber]
2026-08-07T23:56:59.6607506Z       FROM [Beneficiaries] AS [b]
2026-08-07T23:56:59.6607588Z       ORDER BY [b].[Id]
2026-08-07T23:57:00.7113691Z info: Microsoft.EntityFrameworkCore.Database.Command[20101]
2026-08-07T23:57:00.7114587Z       Executed DbCommand (2ms) [Parameters=[], CommandType='Text', CommandTimeout='30']
2026-08-07T23:57:00.7114732Z       SELECT 1
2026-08-07T23:57:00.7160624Z info: Microsoft.EntityFrameworkCore.Database.Command[20101]
2026-08-07T23:57:00.7161202Z       Executed DbCommand (5ms) [Parameters=[], CommandType='Text', CommandTimeout='30']
2026-08-07T23:57:00.7161302Z       SELECT OBJECT_ID(N'[__EFMigrationsHistory]');
2026-08-07T23:57:00.7197254Z info: Microsoft.EntityFrameworkCore.Database.Command[20101]
2026-08-07T23:57:00.7197830Z       Executed DbCommand (2ms) [Parameters=[], CommandType='Text', CommandTimeout='30']
2026-08-07T23:57:00.7197986Z       SELECT [MigrationId], [ProductVersion]
2026-08-07T23:57:00.7198034Z       FROM [__EFMigrationsHistory]
2026-08-07T23:57:00.7198078Z       ORDER BY [MigrationId];
2026-08-07T23:57:00.7210508Z info: Microsoft.EntityFrameworkCore.Database.Command[20101]
2026-08-07T23:57:00.7210832Z       Executed DbCommand (1ms) [Parameters=[], CommandType='Text', CommandTimeout='30']
2026-08-07T23:57:00.7210938Z       SELECT TOP(1) [b].[BankAccountNumber]
2026-08-07T23:57:00.7210979Z       FROM [Beneficiaries] AS [b]
2026-08-07T23:57:00.7211016Z       ORDER BY [b].[Id]
2026-08-07T23:57:08.6123771Z info: Microsoft.EntityFrameworkCore.Database.Command[20101]
2026-08-07T23:57:08.6124851Z       Executed DbCommand (2ms) [Parameters=[], CommandType='Text', CommandTimeout='30']
2026-08-07T23:57:08.6124948Z       SELECT 1
2026-08-07T23:57:08.6151914Z info: Microsoft.EntityFrameworkCore.Database.Command[20101]
2026-08-07T23:57:08.6152529Z       Executed DbCommand (2ms) [Parameters=[], CommandType='Text', CommandTimeout='30']
2026-08-07T23:57:08.6152682Z       SELECT OBJECT_ID(N'[__EFMigrationsHistory]');
2026-08-07T23:57:08.6176389Z info: Microsoft.EntityFrameworkCore.Database.Command[20101]
2026-08-07T23:57:08.6176879Z       Executed DbCommand (2ms) [Parameters=[], CommandType='Text', CommandTimeout='30']
2026-08-07T23:57:08.6176966Z       SELECT [MigrationId], [ProductVersion]
2026-08-07T23:57:08.6177064Z       FROM [__EFMigrationsHistory]
2026-08-07T23:57:08.6177109Z       ORDER BY [MigrationId];
2026-08-07T23:57:08.6201199Z info: Microsoft.EntityFrameworkCore.Database.Command[20101]
2026-08-07T23:57:08.6201711Z       Executed DbCommand (1ms) [Parameters=[], CommandType='Text', CommandTimeout='30']
2026-08-07T23:57:08.6201802Z       SELECT TOP(1) [b].[BankAccountNumber]
2026-08-07T23:57:08.6201898Z       FROM [Beneficiaries] AS [b]
2026-08-07T23:57:08.6201944Z       ORDER BY [b].[Id]
2026-08-07T23:57:09.7349947Z info: Microsoft.EntityFrameworkCore.Database.Command[20101]
2026-08-07T23:57:09.7350895Z       Executed DbCommand (2ms) [Parameters=[], CommandType='Text', CommandTimeout='30']
2026-08-07T23:57:09.7351079Z       SELECT 1
2026-08-07T23:57:09.7372152Z info: Microsoft.EntityFrameworkCore.Database.Command[20101]
2026-08-07T23:57:09.7390736Z       Executed DbCommand (2ms) [Parameters=[], CommandType='Text', CommandTimeout='30']
2026-08-07T23:57:09.7390992Z       SELECT OBJECT_ID(N'[__EFMigrationsHistory]');
2026-08-07T23:57:09.7404666Z info: Microsoft.EntityFrameworkCore.Database.Command[20101]
2026-08-07T23:57:09.7404985Z       Executed DbCommand (2ms) [Parameters=[], CommandType='Text', CommandTimeout='30']
2026-08-07T23:57:09.7405058Z       SELECT [MigrationId], [ProductVersion]
2026-08-07T23:57:09.7405105Z       FROM [__EFMigrationsHistory]
2026-08-07T23:57:09.7415028Z       ORDER BY [MigrationId];
2026-08-07T23:57:09.7428710Z info: Microsoft.EntityFrameworkCore.Database.Command[20101]
2026-08-07T23:57:09.7428931Z       Executed DbCommand (1ms) [Parameters=[], CommandType='Text', CommandTimeout='30']
2026-08-07T23:57:09.7429005Z       SELECT TOP(1) [b].[BankAccountNumber]
2026-08-07T23:57:09.7429051Z       FROM [Beneficiaries] AS [b]
2026-08-07T23:57:09.7429095Z       ORDER BY [b].[Id]
2026-08-07T23:57:12.5499454Z info: Microsoft.EntityFrameworkCore.Database.Command[20101]
2026-08-07T23:57:12.5500314Z       Executed DbCommand (4ms) [Parameters=[], CommandType='Text', CommandTimeout='30']
2026-08-07T23:57:12.5500458Z       SELECT 1
2026-08-07T23:57:12.5517462Z info: Microsoft.EntityFrameworkCore.Database.Command[20101]
2026-08-07T23:57:12.5518105Z       Executed DbCommand (2ms) [Parameters=[], CommandType='Text', CommandTimeout='30']
2026-08-07T23:57:12.5518203Z       SELECT OBJECT_ID(N'[__EFMigrationsHistory]');
2026-08-07T23:57:12.5562431Z info: Microsoft.EntityFrameworkCore.Database.Command[20101]
2026-08-07T23:57:12.5562805Z       Executed DbCommand (3ms) [Parameters=[], CommandType='Text', CommandTimeout='30']
2026-08-07T23:57:12.5562936Z       SELECT [MigrationId], [ProductVersion]
2026-08-07T23:57:12.5562985Z       FROM [__EFMigrationsHistory]
2026-08-07T23:57:12.5563027Z       ORDER BY [MigrationId];
2026-08-07T23:57:12.5585309Z info: Microsoft.EntityFrameworkCore.Database.Command[20101]
2026-08-07T23:57:12.5585682Z       Executed DbCommand (1ms) [Parameters=[], CommandType='Text', CommandTimeout='30']
2026-08-07T23:57:12.5585905Z       SELECT TOP(1) [b].[BankAccountNumber]
2026-08-07T23:57:12.5585947Z       FROM [Beneficiaries] AS [b]
2026-08-07T23:57:12.5585982Z       ORDER BY [b].[Id]
2026-08-07T23:57:13.9479203Z info: Microsoft.EntityFrameworkCore.Database.Command[20101]
2026-08-07T23:57:13.9480076Z       Executed DbCommand (2ms) [Parameters=[], CommandType='Text', CommandTimeout='30']
2026-08-07T23:57:13.9480192Z       SELECT 1
2026-08-07T23:57:13.9498422Z info: Microsoft.EntityFrameworkCore.Database.Command[20101]
2026-08-07T23:57:13.9498902Z       Executed DbCommand (2ms) [Parameters=[], CommandType='Text', CommandTimeout='30']
2026-08-07T23:57:13.9512186Z       SELECT OBJECT_ID(N'[__EFMigrationsHistory]');
2026-08-07T23:57:13.9529242Z info: Microsoft.EntityFrameworkCore.Database.Command[20101]
2026-08-07T23:57:13.9529543Z       Executed DbCommand (2ms) [Parameters=[], CommandType='Text', CommandTimeout='30']
2026-08-07T23:57:13.9529607Z       SELECT [MigrationId], [ProductVersion]
2026-08-07T23:57:13.9529649Z       FROM [__EFMigrationsHistory]
2026-08-07T23:57:13.9535654Z       ORDER BY [MigrationId];
2026-08-07T23:57:13.9547077Z info: Microsoft.EntityFrameworkCore.Database.Command[20101]
2026-08-07T23:57:13.9547372Z       Executed DbCommand (1ms) [Parameters=[], CommandType='Text', CommandTimeout='30']
2026-08-07T23:57:13.9547443Z       SELECT TOP(1) [b].[BankAccountNumber]
2026-08-07T23:57:13.9547494Z       FROM [Beneficiaries] AS [b]
2026-08-07T23:57:13.9547578Z       ORDER BY [b].[Id]
2026-08-07T23:57:15.1971798Z info: Microsoft.EntityFrameworkCore.Database.Command[20101]
2026-08-07T23:57:15.1972548Z       Executed DbCommand (2ms) [Parameters=[], CommandType='Text', CommandTimeout='30']
2026-08-07T23:57:15.1972666Z       SELECT 1
2026-08-07T23:57:15.1990314Z info: Microsoft.EntityFrameworkCore.Database.Command[20101]
2026-08-07T23:57:15.1990842Z       Executed DbCommand (2ms) [Parameters=[], CommandType='Text', CommandTimeout='30']
2026-08-07T23:57:15.1990934Z       SELECT OBJECT_ID(N'[__EFMigrationsHistory]');
2026-08-07T23:57:15.2015902Z info: Microsoft.EntityFrameworkCore.Database.Command[20101]
2026-08-07T23:57:15.2016339Z       Executed DbCommand (1ms) [Parameters=[], CommandType='Text', CommandTimeout='30']
2026-08-07T23:57:15.2017059Z       SELECT [MigrationId], [ProductVersion]
2026-08-07T23:57:15.2017115Z       FROM [__EFMigrationsHistory]
2026-08-07T23:57:15.2017294Z       ORDER BY [MigrationId];
2026-08-07T23:57:15.2041949Z info: Microsoft.EntityFrameworkCore.Database.Command[20101]
2026-08-07T23:57:15.2042313Z       Executed DbCommand (1ms) [Parameters=[], CommandType='Text', CommandTimeout='30']
2026-08-07T23:57:15.2046195Z       SELECT TOP(1) [b].[BankAccountNumber]
2026-08-07T23:57:15.2046328Z       FROM [Beneficiaries] AS [b]
2026-08-07T23:57:15.2046374Z       ORDER BY [b].[Id]
2026-08-07T23:57:18.7405902Z info: Microsoft.EntityFrameworkCore.Database.Command[20101]
2026-08-07T23:57:18.7407054Z       Executed DbCommand (2ms) [Parameters=[], CommandType='Text', CommandTimeout='30']
2026-08-07T23:57:18.7407179Z       SELECT 1
2026-08-07T23:57:18.7425854Z info: Microsoft.EntityFrameworkCore.Database.Command[20101]
2026-08-07T23:57:18.7426350Z       Executed DbCommand (2ms) [Parameters=[], CommandType='Text', CommandTimeout='30']
2026-08-07T23:57:18.7426486Z       SELECT OBJECT_ID(N'[__EFMigrationsHistory]');
2026-08-07T23:57:18.7459901Z info: Microsoft.EntityFrameworkCore.Database.Command[20101]
2026-08-07T23:57:18.7460260Z       Executed DbCommand (2ms) [Parameters=[], CommandType='Text', CommandTimeout='30']
2026-08-07T23:57:18.7460341Z       SELECT [MigrationId], [ProductVersion]
2026-08-07T23:57:18.7460434Z       FROM [__EFMigrationsHistory]
2026-08-07T23:57:18.7460485Z       ORDER BY [MigrationId];
2026-08-07T23:57:18.7473158Z info: Microsoft.EntityFrameworkCore.Database.Command[20101]
2026-08-07T23:57:18.7473481Z       Executed DbCommand (1ms) [Parameters=[], CommandType='Text', CommandTimeout='30']
2026-08-07T23:57:18.7473550Z       SELECT TOP(1) [b].[BankAccountNumber]
2026-08-07T23:57:18.7473638Z       FROM [Beneficiaries] AS [b]
2026-08-07T23:57:18.7473681Z       ORDER BY [b].[Id]
2026-08-07T23:57:19.7409656Z info: Microsoft.EntityFrameworkCore.Database.Command[20101]
2026-08-07T23:57:19.7410643Z       Executed DbCommand (2ms) [Parameters=[], CommandType='Text', CommandTimeout='30']
2026-08-07T23:57:19.7410770Z       SELECT 1
2026-08-07T23:57:19.7425837Z info: Microsoft.EntityFrameworkCore.Database.Command[20101]
2026-08-07T23:57:19.7426420Z       Executed DbCommand (2ms) [Parameters=[], CommandType='Text', CommandTimeout='30']
2026-08-07T23:57:19.7426517Z       SELECT OBJECT_ID(N'[__EFMigrationsHistory]');
2026-08-07T23:57:19.7457061Z info: Microsoft.EntityFrameworkCore.Database.Command[20101]
2026-08-07T23:57:19.7457528Z       Executed DbCommand (1ms) [Parameters=[], CommandType='Text', CommandTimeout='30']
2026-08-07T23:57:19.7457622Z       SELECT [MigrationId], [ProductVersion]
2026-08-07T23:57:19.7457685Z       FROM [__EFMigrationsHistory]
2026-08-07T23:57:19.7457747Z       ORDER BY [MigrationId];
2026-08-07T23:57:19.7469291Z info: Microsoft.EntityFrameworkCore.Database.Command[20101]
2026-08-07T23:57:19.7469612Z       Executed DbCommand (1ms) [Parameters=[], CommandType='Text', CommandTimeout='30']
2026-08-07T23:57:19.7469681Z       SELECT TOP(1) [b].[BankAccountNumber]
2026-08-07T23:57:19.7469727Z       FROM [Beneficiaries] AS [b]
2026-08-07T23:57:19.7469773Z       ORDER BY [b].[Id]
2026-08-07T23:57:22.4244918Z info: Microsoft.EntityFrameworkCore.Database.Command[20101]
2026-08-07T23:57:22.4245728Z       Executed DbCommand (2ms) [Parameters=[], CommandType='Text', CommandTimeout='30']
2026-08-07T23:57:22.4245854Z       SELECT 1
2026-08-07T23:57:22.4275392Z info: Microsoft.EntityFrameworkCore.Database.Command[20101]
2026-08-07T23:57:22.4275871Z       Executed DbCommand (2ms) [Parameters=[], CommandType='Text', CommandTimeout='30']
2026-08-07T23:57:22.4276003Z       SELECT OBJECT_ID(N'[__EFMigrationsHistory]');
2026-08-07T23:57:22.4301295Z info: Microsoft.EntityFrameworkCore.Database.Command[20101]
2026-08-07T23:57:22.4301706Z       Executed DbCommand (1ms) [Parameters=[], CommandType='Text', CommandTimeout='30']
2026-08-07T23:57:22.4301783Z       SELECT [MigrationId], [ProductVersion]
2026-08-07T23:57:22.4301866Z       FROM [__EFMigrationsHistory]
2026-08-07T23:57:22.4301905Z       ORDER BY [MigrationId];
2026-08-07T23:57:22.4318826Z info: Microsoft.EntityFrameworkCore.Database.Command[20101]
2026-08-07T23:57:22.4319140Z       Executed DbCommand (1ms) [Parameters=[], CommandType='Text', CommandTimeout='30']
2026-08-07T23:57:22.4319206Z       SELECT TOP(1) [b].[BankAccountNumber]
2026-08-07T23:57:22.4319434Z       FROM [Beneficiaries] AS [b]
2026-08-07T23:57:22.4319475Z       ORDER BY [b].[Id]
2026-08-07T23:57:34.8620995Z info: Microsoft.EntityFrameworkCore.Database.Command[20101]
2026-08-07T23:57:34.8621839Z       Executed DbCommand (3ms) [Parameters=[], CommandType='Text', CommandTimeout='30']
2026-08-07T23:57:34.8622069Z       SELECT 1
2026-08-07T23:57:34.8640238Z info: Microsoft.EntityFrameworkCore.Database.Command[20101]
2026-08-07T23:57:34.8640820Z       Executed DbCommand (2ms) [Parameters=[], CommandType='Text', CommandTimeout='30']
2026-08-07T23:57:34.8640915Z       SELECT OBJECT_ID(N'[__EFMigrationsHistory]');
2026-08-07T23:57:34.8670582Z info: Microsoft.EntityFrameworkCore.Database.Command[20101]
2026-08-07T23:57:34.8671107Z       Executed DbCommand (1ms) [Parameters=[], CommandType='Text', CommandTimeout='30']
2026-08-07T23:57:34.8671219Z       SELECT [MigrationId], [ProductVersion]
2026-08-07T23:57:34.8671284Z       FROM [__EFMigrationsHistory]
2026-08-07T23:57:34.8676944Z       ORDER BY [MigrationId];
2026-08-07T23:57:34.8688195Z info: Microsoft.EntityFrameworkCore.Database.Command[20101]
2026-08-07T23:57:34.8688504Z       Executed DbCommand (1ms) [Parameters=[], CommandType='Text', CommandTimeout='30']
2026-08-07T23:57:34.8688569Z       SELECT TOP(1) [b].[BankAccountNumber]
2026-08-07T23:57:34.8688613Z       FROM [Beneficiaries] AS [b]
2026-08-07T23:57:34.8688694Z       ORDER BY [b].[Id]
2026-08-07T23:57:37.7036911Z info: Microsoft.EntityFrameworkCore.Database.Command[20101]
2026-08-07T23:57:37.7037712Z       Executed DbCommand (2ms) [Parameters=[], CommandType='Text', CommandTimeout='30']
2026-08-07T23:57:37.7037822Z       SELECT 1
2026-08-07T23:57:37.7063317Z info: Microsoft.EntityFrameworkCore.Database.Command[20101]
2026-08-07T23:57:37.7064207Z       Executed DbCommand (1ms) [Parameters=[], CommandType='Text', CommandTimeout='30']
2026-08-07T23:57:37.7064296Z       SELECT OBJECT_ID(N'[__EFMigrationsHistory]');
2026-08-07T23:57:37.7077385Z info: Microsoft.EntityFrameworkCore.Database.Command[20101]
2026-08-07T23:57:37.7077760Z       Executed DbCommand (1ms) [Parameters=[], CommandType='Text', CommandTimeout='30']
2026-08-07T23:57:37.7077875Z       SELECT [MigrationId], [ProductVersion]
2026-08-07T23:57:37.7077920Z       FROM [__EFMigrationsHistory]
2026-08-07T23:57:37.7077957Z       ORDER BY [MigrationId];
2026-08-07T23:57:37.7095875Z info: Microsoft.EntityFrameworkCore.Database.Command[20101]
2026-08-07T23:57:37.7096197Z       Executed DbCommand (1ms) [Parameters=[], CommandType='Text', CommandTimeout='30']
2026-08-07T23:57:37.7096309Z       SELECT TOP(1) [b].[BankAccountNumber]
2026-08-07T23:57:37.7096465Z       FROM [Beneficiaries] AS [b]
2026-08-07T23:57:37.7096518Z       ORDER BY [b].[Id]
2026-08-07T23:57:42.3130243Z info: Microsoft.EntityFrameworkCore.Database.Command[20101]
2026-08-07T23:57:42.3131328Z       Executed DbCommand (2ms) [Parameters=[], CommandType='Text', CommandTimeout='30']
2026-08-07T23:57:42.3131461Z       SELECT 1
2026-08-07T23:57:42.3158432Z info: Microsoft.EntityFrameworkCore.Database.Command[20101]
2026-08-07T23:57:42.3159068Z       Executed DbCommand (2ms) [Parameters=[], CommandType='Text', CommandTimeout='30']
2026-08-07T23:57:42.3159168Z       SELECT OBJECT_ID(N'[__EFMigrationsHistory]');
2026-08-07T23:57:42.3174630Z info: Microsoft.EntityFrameworkCore.Database.Command[20101]
2026-08-07T23:57:42.3175035Z       Executed DbCommand (2ms) [Parameters=[], CommandType='Text', CommandTimeout='30']
2026-08-07T23:57:42.3175124Z       SELECT [MigrationId], [ProductVersion]
2026-08-07T23:57:42.3175173Z       FROM [__EFMigrationsHistory]
2026-08-07T23:57:42.3175268Z       ORDER BY [MigrationId];
2026-08-07T23:57:42.3191528Z info: Microsoft.EntityFrameworkCore.Database.Command[20101]
2026-08-07T23:57:42.3191817Z       Executed DbCommand (1ms) [Parameters=[], CommandType='Text', CommandTimeout='30']
2026-08-07T23:57:42.3191878Z       SELECT TOP(1) [b].[BankAccountNumber]
2026-08-07T23:57:42.3191915Z       FROM [Beneficiaries] AS [b]
2026-08-07T23:57:42.3191991Z       ORDER BY [b].[Id]
2026-08-07T23:57:42.4020887Z info: Microsoft.EntityFrameworkCore.Database.Command[20101]
2026-08-07T23:57:42.4021794Z       Executed DbCommand (2ms) [Parameters=[], CommandType='Text', CommandTimeout='30']
2026-08-07T23:57:42.4021896Z       SELECT 1
2026-08-07T23:57:42.4036232Z info: Microsoft.EntityFrameworkCore.Database.Command[20101]
2026-08-07T23:57:42.4036787Z       Executed DbCommand (1ms) [Parameters=[], CommandType='Text', CommandTimeout='30']
2026-08-07T23:57:42.4036871Z       SELECT OBJECT_ID(N'[__EFMigrationsHistory]');
2026-08-07T23:57:42.4060840Z info: Microsoft.EntityFrameworkCore.Database.Command[20101]
2026-08-07T23:57:42.4061218Z       Executed DbCommand (1ms) [Parameters=[], CommandType='Text', CommandTimeout='30']
2026-08-07T23:57:42.4061348Z       SELECT [MigrationId], [ProductVersion]
2026-08-07T23:57:42.4061393Z       FROM [__EFMigrationsHistory]
2026-08-07T23:57:42.4064941Z       ORDER BY [MigrationId];
2026-08-07T23:57:42.4078566Z info: Microsoft.EntityFrameworkCore.Database.Command[20101]
2026-08-07T23:57:42.4078940Z       Executed DbCommand (1ms) [Parameters=[], CommandType='Text', CommandTimeout='30']
2026-08-07T23:57:42.4085334Z       SELECT TOP(1) [b].[BankAccountNumber]
2026-08-07T23:57:42.4085393Z       FROM [Beneficiaries] AS [b]
2026-08-07T23:57:42.4085435Z       ORDER BY [b].[Id]
2026-08-07T23:57:44.2980308Z info: Microsoft.EntityFrameworkCore.Database.Command[20101]
2026-08-07T23:57:44.2981196Z       Executed DbCommand (2ms) [Parameters=[], CommandType='Text', CommandTimeout='30']
2026-08-07T23:57:44.2981328Z       SELECT 1
2026-08-07T23:57:44.3007442Z info: Microsoft.EntityFrameworkCore.Database.Command[20101]
2026-08-07T23:57:44.3008009Z       Executed DbCommand (2ms) [Parameters=[], CommandType='Text', CommandTimeout='30']
2026-08-07T23:57:44.3008137Z       SELECT OBJECT_ID(N'[__EFMigrationsHistory]');
2026-08-07T23:57:44.3028383Z info: Microsoft.EntityFrameworkCore.Database.Command[20101]
2026-08-07T23:57:44.3028737Z       Executed DbCommand (2ms) [Parameters=[], CommandType='Text', CommandTimeout='30']
2026-08-07T23:57:44.3028807Z       SELECT [MigrationId], [ProductVersion]
2026-08-07T23:57:44.3028846Z       FROM [__EFMigrationsHistory]
2026-08-07T23:57:44.3028937Z       ORDER BY [MigrationId];
2026-08-07T23:57:44.3052475Z info: Microsoft.EntityFrameworkCore.Database.Command[20101]
2026-08-07T23:57:44.3052810Z       Executed DbCommand (2ms) [Parameters=[], CommandType='Text', CommandTimeout='30']
2026-08-07T23:57:44.3052877Z       SELECT TOP(1) [b].[BankAccountNumber]
2026-08-07T23:57:44.3052920Z       FROM [Beneficiaries] AS [b]
2026-08-07T23:57:44.3053020Z       ORDER BY [b].[Id]
2026-08-07T23:57:47.5157132Z info: Microsoft.EntityFrameworkCore.Database.Command[20101]
2026-08-07T23:57:47.5157945Z       Executed DbCommand (2ms) [Parameters=[], CommandType='Text', CommandTimeout='30']
2026-08-07T23:57:47.5158088Z       SELECT 1
2026-08-07T23:57:47.5186982Z info: Microsoft.EntityFrameworkCore.Database.Command[20101]
2026-08-07T23:57:47.5187584Z       Executed DbCommand (2ms) [Parameters=[], CommandType='Text', CommandTimeout='30']
2026-08-07T23:57:47.5187694Z       SELECT OBJECT_ID(N'[__EFMigrationsHistory]');
2026-08-07T23:57:47.5202797Z info: Microsoft.EntityFrameworkCore.Database.Command[20101]
2026-08-07T23:57:47.5203207Z       Executed DbCommand (2ms) [Parameters=[], CommandType='Text', CommandTimeout='30']
2026-08-07T23:57:47.5203280Z       SELECT [MigrationId], [ProductVersion]
2026-08-07T23:57:47.5203329Z       FROM [__EFMigrationsHistory]
2026-08-07T23:57:47.5203371Z       ORDER BY [MigrationId];
2026-08-07T23:57:47.5222353Z info: Microsoft.EntityFrameworkCore.Database.Command[20101]
2026-08-07T23:57:47.5222714Z       Executed DbCommand (2ms) [Parameters=[], CommandType='Text', CommandTimeout='30']
2026-08-07T23:57:47.5222780Z       SELECT TOP(1) [b].[BankAccountNumber]
2026-08-07T23:57:47.5222818Z       FROM [Beneficiaries] AS [b]
2026-08-07T23:57:47.5222954Z       ORDER BY [b].[Id]
2026-08-07T23:57:48.9603673Z info: Microsoft.EntityFrameworkCore.Database.Command[20101]
2026-08-07T23:57:48.9604950Z       Executed DbCommand (2ms) [Parameters=[], CommandType='Text', CommandTimeout='30']
2026-08-07T23:57:48.9605198Z       SELECT 1
2026-08-07T23:57:48.9631095Z info: Microsoft.EntityFrameworkCore.Database.Command[20101]
2026-08-07T23:57:48.9631755Z       Executed DbCommand (2ms) [Parameters=[], CommandType='Text', CommandTimeout='30']
2026-08-07T23:57:48.9631903Z       SELECT OBJECT_ID(N'[__EFMigrationsHistory]');
2026-08-07T23:57:48.9666229Z info: Microsoft.EntityFrameworkCore.Database.Command[20101]
2026-08-07T23:57:48.9666557Z       Executed DbCommand (2ms) [Parameters=[], CommandType='Text', CommandTimeout='30']
2026-08-07T23:57:48.9666631Z       SELECT [MigrationId], [ProductVersion]
2026-08-07T23:57:48.9667775Z       FROM [__EFMigrationsHistory]
2026-08-07T23:57:48.9673045Z       ORDER BY [MigrationId];
2026-08-07T23:57:48.9690497Z info: Microsoft.EntityFrameworkCore.Database.Command[20101]
2026-08-07T23:57:48.9690809Z       Executed DbCommand (1ms) [Parameters=[], CommandType='Text', CommandTimeout='30']
2026-08-07T23:57:48.9690920Z       SELECT TOP(1) [b].[BankAccountNumber]
2026-08-07T23:57:48.9690961Z       FROM [Beneficiaries] AS [b]
2026-08-07T23:57:48.9694012Z       ORDER BY [b].[Id]
2026-08-07T23:57:50.6395856Z info: Microsoft.EntityFrameworkCore.Database.Command[20101]
2026-08-07T23:57:50.6396597Z       Executed DbCommand (2ms) [Parameters=[], CommandType='Text', CommandTimeout='30']
2026-08-07T23:57:50.6396789Z       SELECT 1
2026-08-07T23:57:50.6411136Z info: Microsoft.EntityFrameworkCore.Database.Command[20101]
2026-08-07T23:57:50.6411656Z       Executed DbCommand (1ms) [Parameters=[], CommandType='Text', CommandTimeout='30']
2026-08-07T23:57:50.6411748Z       SELECT OBJECT_ID(N'[__EFMigrationsHistory]');
2026-08-07T23:57:50.6439782Z info: Microsoft.EntityFrameworkCore.Database.Command[20101]
2026-08-07T23:57:50.6440142Z       Executed DbCommand (2ms) [Parameters=[], CommandType='Text', CommandTimeout='30']
2026-08-07T23:57:50.6440214Z       SELECT [MigrationId], [ProductVersion]
2026-08-07T23:57:50.6440256Z       FROM [__EFMigrationsHistory]
2026-08-07T23:57:50.6444648Z       ORDER BY [MigrationId];
2026-08-07T23:57:50.6461207Z info: Microsoft.EntityFrameworkCore.Database.Command[20101]
2026-08-07T23:57:50.6461519Z       Executed DbCommand (2ms) [Parameters=[], CommandType='Text', CommandTimeout='30']
2026-08-07T23:57:50.6461600Z       SELECT TOP(1) [b].[BankAccountNumber]
2026-08-07T23:57:50.6461650Z       FROM [Beneficiaries] AS [b]
2026-08-07T23:57:50.6461786Z       ORDER BY [b].[Id]
2026-08-07T23:57:52.1720811Z info: Microsoft.EntityFrameworkCore.Database.Command[20101]
2026-08-07T23:57:52.1721498Z       Executed DbCommand (4ms) [Parameters=[], CommandType='Text', CommandTimeout='30']
2026-08-07T23:57:52.1721595Z       SELECT 1
2026-08-07T23:57:52.1748138Z info: Microsoft.EntityFrameworkCore.Database.Command[20101]
2026-08-07T23:57:52.1748753Z       Executed DbCommand (2ms) [Parameters=[], CommandType='Text', CommandTimeout='30']
2026-08-07T23:57:52.1748835Z       SELECT OBJECT_ID(N'[__EFMigrationsHistory]');
2026-08-07T23:57:52.1766173Z info: Microsoft.EntityFrameworkCore.Database.Command[20101]
2026-08-07T23:57:52.1766914Z       Executed DbCommand (2ms) [Parameters=[], CommandType='Text', CommandTimeout='30']
2026-08-07T23:57:52.1767061Z       SELECT [MigrationId], [ProductVersion]
2026-08-07T23:57:52.1767109Z       FROM [__EFMigrationsHistory]
2026-08-07T23:57:52.1767156Z       ORDER BY [MigrationId];
2026-08-07T23:57:52.1778852Z info: Microsoft.EntityFrameworkCore.Database.Command[20101]
2026-08-07T23:57:52.1779161Z       Executed DbCommand (1ms) [Parameters=[], CommandType='Text', CommandTimeout='30']
2026-08-07T23:57:52.1779290Z       SELECT TOP(1) [b].[BankAccountNumber]
2026-08-07T23:57:52.1779328Z       FROM [Beneficiaries] AS [b]
2026-08-07T23:57:52.1779365Z       ORDER BY [b].[Id]
2026-08-07T23:57:56.5214539Z info: Microsoft.EntityFrameworkCore.Database.Command[20101]
2026-08-07T23:57:56.5217035Z       Executed DbCommand (2ms) [Parameters=[], CommandType='Text', CommandTimeout='30']
2026-08-07T23:57:56.5217354Z       SELECT 1
2026-08-07T23:57:56.5232756Z info: Microsoft.EntityFrameworkCore.Database.Command[20101]
2026-08-07T23:57:56.5233291Z       Executed DbCommand (2ms) [Parameters=[], CommandType='Text', CommandTimeout='30']
2026-08-07T23:57:56.5233394Z       SELECT OBJECT_ID(N'[__EFMigrationsHistory]');
2026-08-07T23:57:56.5266399Z info: Microsoft.EntityFrameworkCore.Database.Command[20101]
2026-08-07T23:57:56.5266945Z       Executed DbCommand (2ms) [Parameters=[], CommandType='Text', CommandTimeout='30']
2026-08-07T23:57:56.5267047Z       SELECT [MigrationId], [ProductVersion]
2026-08-07T23:57:56.5267104Z       FROM [__EFMigrationsHistory]
2026-08-07T23:57:56.5267208Z       ORDER BY [MigrationId];
2026-08-07T23:57:56.5280174Z info: Microsoft.EntityFrameworkCore.Database.Command[20101]
2026-08-07T23:57:56.5280505Z       Executed DbCommand (1ms) [Parameters=[], CommandType='Text', CommandTimeout='30']
2026-08-07T23:57:56.5280578Z       SELECT TOP(1) [b].[BankAccountNumber]
2026-08-07T23:57:56.5280623Z       FROM [Beneficiaries] AS [b]
2026-08-07T23:57:56.5280712Z       ORDER BY [b].[Id]
2026-08-07T23:58:00.2667440Z info: Microsoft.EntityFrameworkCore.Database.Command[20101]
2026-08-07T23:58:00.2669636Z       Executed DbCommand (2ms) [Parameters=[], CommandType='Text', CommandTimeout='30']
2026-08-07T23:58:00.2669807Z       SELECT 1
2026-08-07T23:58:00.2694756Z info: Microsoft.EntityFrameworkCore.Database.Command[20101]
2026-08-07T23:58:00.2695515Z       Executed DbCommand (2ms) [Parameters=[], CommandType='Text', CommandTimeout='30']
2026-08-07T23:58:00.2695607Z       SELECT OBJECT_ID(N'[__EFMigrationsHistory]');
2026-08-07T23:58:00.2709058Z info: Microsoft.EntityFrameworkCore.Database.Command[20101]
2026-08-07T23:58:00.2709409Z       Executed DbCommand (1ms) [Parameters=[], CommandType='Text', CommandTimeout='30']
2026-08-07T23:58:00.2709529Z       SELECT [MigrationId], [ProductVersion]
2026-08-07T23:58:00.2709576Z       FROM [__EFMigrationsHistory]
2026-08-07T23:58:00.2710132Z       ORDER BY [MigrationId];
2026-08-07T23:58:00.2729967Z info: Microsoft.EntityFrameworkCore.Database.Command[20101]
2026-08-07T23:58:00.2730432Z       Executed DbCommand (1ms) [Parameters=[], CommandType='Text', CommandTimeout='30']
2026-08-07T23:58:00.2730517Z       SELECT TOP(1) [b].[BankAccountNumber]
2026-08-07T23:58:00.2730566Z       FROM [Beneficiaries] AS [b]
2026-08-07T23:58:00.2730613Z       ORDER BY [b].[Id]
2026-08-07T23:58:01.8881494Z info: Microsoft.EntityFrameworkCore.Database.Command[20101]
2026-08-07T23:58:01.8882439Z       Executed DbCommand (2ms) [Parameters=[], CommandType='Text', CommandTimeout='30']
2026-08-07T23:58:01.8882553Z       SELECT 1
2026-08-07T23:58:01.8946271Z info: Microsoft.EntityFrameworkCore.Database.Command[20101]
2026-08-07T23:58:01.8948888Z       Executed DbCommand (5ms) [Parameters=[], CommandType='Text', CommandTimeout='30']
2026-08-07T23:58:01.8949048Z       SELECT OBJECT_ID(N'[__EFMigrationsHistory]');
2026-08-07T23:58:01.8968699Z info: Microsoft.EntityFrameworkCore.Database.Command[20101]
2026-08-07T23:58:01.8968985Z       Executed DbCommand (2ms) [Parameters=[], CommandType='Text', CommandTimeout='30']
2026-08-07T23:58:01.8969059Z       SELECT [MigrationId], [ProductVersion]
2026-08-07T23:58:01.8969196Z       FROM [__EFMigrationsHistory]
2026-08-07T23:58:01.8969276Z       ORDER BY [MigrationId];
2026-08-07T23:58:01.9000293Z info: Microsoft.EntityFrameworkCore.Database.Command[20101]
2026-08-07T23:58:01.9000696Z       Executed DbCommand (3ms) [Parameters=[], CommandType='Text', CommandTimeout='30']
2026-08-07T23:58:01.9000764Z       SELECT TOP(1) [b].[BankAccountNumber]
2026-08-07T23:58:01.9006150Z       FROM [Beneficiaries] AS [b]
2026-08-07T23:58:01.9006254Z       ORDER BY [b].[Id]
2026-08-07T23:58:05.1273562Z info: Microsoft.EntityFrameworkCore.Database.Command[20101]
2026-08-07T23:58:05.1274291Z       Executed DbCommand (2ms) [Parameters=[], CommandType='Text', CommandTimeout='30']
2026-08-07T23:58:05.1274394Z       SELECT 1
2026-08-07T23:58:05.1295908Z info: Microsoft.EntityFrameworkCore.Database.Command[20101]
2026-08-07T23:58:05.1296852Z       Executed DbCommand (2ms) [Parameters=[], CommandType='Text', CommandTimeout='30']
2026-08-07T23:58:05.1297082Z       SELECT OBJECT_ID(N'[__EFMigrationsHistory]');
2026-08-07T23:58:05.1330042Z info: Microsoft.EntityFrameworkCore.Database.Command[20101]
2026-08-07T23:58:05.1330403Z       Executed DbCommand (2ms) [Parameters=[], CommandType='Text', CommandTimeout='30']
2026-08-07T23:58:05.1330474Z       SELECT [MigrationId], [ProductVersion]
2026-08-07T23:58:05.1330519Z       FROM [__EFMigrationsHistory]
2026-08-07T23:58:05.1333610Z       ORDER BY [MigrationId];
2026-08-07T23:58:05.1351861Z info: Microsoft.EntityFrameworkCore.Database.Command[20101]
2026-08-07T23:58:05.1352169Z       Executed DbCommand (2ms) [Parameters=[], CommandType='Text', CommandTimeout='30']
2026-08-07T23:58:05.1352241Z       SELECT TOP(1) [b].[BankAccountNumber]
2026-08-07T23:58:05.1352287Z       FROM [Beneficiaries] AS [b]
2026-08-07T23:58:05.1361633Z       ORDER BY [b].[Id]
2026-08-07T23:58:07.1162774Z info: Microsoft.EntityFrameworkCore.Database.Command[20101]
2026-08-07T23:58:07.1163597Z       Executed DbCommand (2ms) [Parameters=[], CommandType='Text', CommandTimeout='30']
2026-08-07T23:58:07.1163711Z       SELECT 1
2026-08-07T23:58:07.1183647Z info: Microsoft.EntityFrameworkCore.Database.Command[20101]
2026-08-07T23:58:07.1184181Z       Executed DbCommand (2ms) [Parameters=[], CommandType='Text', CommandTimeout='30']
2026-08-07T23:58:07.1184257Z       SELECT OBJECT_ID(N'[__EFMigrationsHistory]');
2026-08-07T23:58:07.1212454Z info: Microsoft.EntityFrameworkCore.Database.Command[20101]
2026-08-07T23:58:07.1212764Z       Executed DbCommand (1ms) [Parameters=[], CommandType='Text', CommandTimeout='30']
2026-08-07T23:58:07.1212833Z       SELECT [MigrationId], [ProductVersion]
2026-08-07T23:58:07.1212930Z       FROM [__EFMigrationsHistory]
2026-08-07T23:58:07.1213661Z       ORDER BY [MigrationId];
2026-08-07T23:58:07.1228512Z info: Microsoft.EntityFrameworkCore.Database.Command[20101]
2026-08-07T23:58:07.1228811Z       Executed DbCommand (1ms) [Parameters=[], CommandType='Text', CommandTimeout='30']
2026-08-07T23:58:07.1228917Z       SELECT TOP(1) [b].[BankAccountNumber]
2026-08-07T23:58:07.1228957Z       FROM [Beneficiaries] AS [b]
2026-08-07T23:58:07.1228999Z       ORDER BY [b].[Id]
2026-08-07T23:58:08.8998927Z info: Microsoft.EntityFrameworkCore.Database.Command[20101]
2026-08-07T23:58:08.8999684Z       Executed DbCommand (2ms) [Parameters=[], CommandType='Text', CommandTimeout='30']
2026-08-07T23:58:08.9000027Z       SELECT 1
2026-08-07T23:58:08.9015946Z info: Microsoft.EntityFrameworkCore.Database.Command[20101]
2026-08-07T23:58:08.9016421Z       Executed DbCommand (2ms) [Parameters=[], CommandType='Text', CommandTimeout='30']
2026-08-07T23:58:08.9016500Z       SELECT OBJECT_ID(N'[__EFMigrationsHistory]');
2026-08-07T23:58:08.9045451Z info: Microsoft.EntityFrameworkCore.Database.Command[20101]
2026-08-07T23:58:08.9045851Z       Executed DbCommand (1ms) [Parameters=[], CommandType='Text', CommandTimeout='30']
2026-08-07T23:58:08.9045930Z       SELECT [MigrationId], [ProductVersion]
2026-08-07T23:58:08.9045971Z       FROM [__EFMigrationsHistory]
2026-08-07T23:58:08.9046350Z       ORDER BY [MigrationId];
2026-08-07T23:58:08.9073911Z info: Microsoft.EntityFrameworkCore.Database.Command[20101]
2026-08-07T23:58:08.9074249Z       Executed DbCommand (1ms) [Parameters=[], CommandType='Text', CommandTimeout='30']
2026-08-07T23:58:08.9074332Z       SELECT TOP(1) [b].[BankAccountNumber]
2026-08-07T23:58:08.9074369Z       FROM [Beneficiaries] AS [b]
2026-08-07T23:58:08.9074546Z       ORDER BY [b].[Id]
2026-08-07T23:58:09.9492362Z info: Microsoft.EntityFrameworkCore.Database.Command[20101]
2026-08-07T23:58:09.9493183Z       Executed DbCommand (3ms) [Parameters=[], CommandType='Text', CommandTimeout='30']
2026-08-07T23:58:09.9493310Z       SELECT 1
2026-08-07T23:58:09.9524464Z info: Microsoft.EntityFrameworkCore.Database.Command[20101]
2026-08-07T23:58:09.9525138Z       Executed DbCommand (2ms) [Parameters=[], CommandType='Text', CommandTimeout='30']
2026-08-07T23:58:09.9525231Z       SELECT OBJECT_ID(N'[__EFMigrationsHistory]');
2026-08-07T23:58:09.9543177Z info: Microsoft.EntityFrameworkCore.Database.Command[20101]
2026-08-07T23:58:09.9543630Z       Executed DbCommand (2ms) [Parameters=[], CommandType='Text', CommandTimeout='30']
2026-08-07T23:58:09.9543880Z       SELECT [MigrationId], [ProductVersion]
2026-08-07T23:58:09.9543932Z       FROM [__EFMigrationsHistory]
2026-08-07T23:58:09.9543979Z       ORDER BY [MigrationId];
2026-08-07T23:58:09.9555897Z info: Microsoft.EntityFrameworkCore.Database.Command[20101]
2026-08-07T23:58:09.9556524Z       Executed DbCommand (1ms) [Parameters=[], CommandType='Text', CommandTimeout='30']
2026-08-07T23:58:09.9556621Z       SELECT TOP(1) [b].[BankAccountNumber]
2026-08-07T23:58:09.9556659Z       FROM [Beneficiaries] AS [b]
2026-08-07T23:58:09.9556697Z       ORDER BY [b].[Id]
2026-08-07T23:58:10.6645750Z info: Microsoft.EntityFrameworkCore.Database.Command[20101]
2026-08-07T23:58:10.6647302Z       Executed DbCommand (2ms) [Parameters=[], CommandType='Text', CommandTimeout='30']
2026-08-07T23:58:10.6647431Z       SELECT 1
2026-08-07T23:58:10.6663977Z info: Microsoft.EntityFrameworkCore.Database.Command[20101]
2026-08-07T23:58:10.6664458Z       Executed DbCommand (2ms) [Parameters=[], CommandType='Text', CommandTimeout='30']
2026-08-07T23:58:10.6664740Z       SELECT OBJECT_ID(N'[__EFMigrationsHistory]');
2026-08-07T23:58:10.6694419Z info: Microsoft.EntityFrameworkCore.Database.Command[20101]
2026-08-07T23:58:10.6694765Z       Executed DbCommand (1ms) [Parameters=[], CommandType='Text', CommandTimeout='30']
2026-08-07T23:58:10.6694845Z       SELECT [MigrationId], [ProductVersion]
2026-08-07T23:58:10.6694887Z       FROM [__EFMigrationsHistory]
2026-08-07T23:58:10.6695098Z       ORDER BY [MigrationId];
2026-08-07T23:58:10.6713179Z info: Microsoft.EntityFrameworkCore.Database.Command[20101]
2026-08-07T23:58:10.6713482Z       Executed DbCommand (1ms) [Parameters=[], CommandType='Text', CommandTimeout='30']
2026-08-07T23:58:10.6713553Z       SELECT TOP(1) [b].[BankAccountNumber]
2026-08-07T23:58:10.6713597Z       FROM [Beneficiaries] AS [b]
2026-08-07T23:58:10.6720898Z       ORDER BY [b].[Id]
2026-08-07T23:58:20.8326023Z info: Microsoft.EntityFrameworkCore.Database.Command[20101]
2026-08-07T23:58:20.8327199Z       Executed DbCommand (2ms) [Parameters=[], CommandType='Text', CommandTimeout='30']
2026-08-07T23:58:20.8327353Z       SELECT 1
2026-08-07T23:58:20.8343019Z info: Microsoft.EntityFrameworkCore.Database.Command[20101]
2026-08-07T23:58:20.8358347Z       Executed DbCommand (2ms) [Parameters=[], CommandType='Text', CommandTimeout='30']
2026-08-07T23:58:20.8358517Z       SELECT OBJECT_ID(N'[__EFMigrationsHistory]');
2026-08-07T23:58:20.8371016Z info: Microsoft.EntityFrameworkCore.Database.Command[20101]
2026-08-07T23:58:20.8371539Z       Executed DbCommand (1ms) [Parameters=[], CommandType='Text', CommandTimeout='30']
2026-08-07T23:58:20.8371622Z       SELECT [MigrationId], [ProductVersion]
2026-08-07T23:58:20.8371664Z       FROM [__EFMigrationsHistory]
2026-08-07T23:58:20.8378031Z       ORDER BY [MigrationId];
2026-08-07T23:58:20.8389660Z info: Microsoft.EntityFrameworkCore.Database.Command[20101]
2026-08-07T23:58:20.8389973Z       Executed DbCommand (2ms) [Parameters=[], CommandType='Text', CommandTimeout='30']
2026-08-07T23:58:20.8390036Z       SELECT TOP(1) [b].[BankAccountNumber]
2026-08-07T23:58:20.8390084Z       FROM [Beneficiaries] AS [b]
2026-08-07T23:58:20.8390121Z       ORDER BY [b].[Id]
2026-08-07T23:58:23.8022701Z info: Microsoft.EntityFrameworkCore.Database.Command[20101]
2026-08-07T23:58:23.8023633Z       Executed DbCommand (2ms) [Parameters=[], CommandType='Text', CommandTimeout='30']
2026-08-07T23:58:23.8023753Z       SELECT 1
2026-08-07T23:58:23.8040010Z info: Microsoft.EntityFrameworkCore.Database.Command[20101]
2026-08-07T23:58:23.8040697Z       Executed DbCommand (2ms) [Parameters=[], CommandType='Text', CommandTimeout='30']
2026-08-07T23:58:23.8040813Z       SELECT OBJECT_ID(N'[__EFMigrationsHistory]');
2026-08-07T23:58:23.8111260Z info: Microsoft.EntityFrameworkCore.Database.Command[20101]
2026-08-07T23:58:23.8111863Z       Executed DbCommand (5ms) [Parameters=[], CommandType='Text', CommandTimeout='30']
2026-08-07T23:58:23.8111959Z       SELECT [MigrationId], [ProductVersion]
2026-08-07T23:58:23.8112211Z       FROM [__EFMigrationsHistory]
2026-08-07T23:58:23.8112794Z       ORDER BY [MigrationId];
2026-08-07T23:58:23.8129922Z info: Microsoft.EntityFrameworkCore.Database.Command[20101]
2026-08-07T23:58:23.8130301Z       Executed DbCommand (1ms) [Parameters=[], CommandType='Text', CommandTimeout='30']
2026-08-07T23:58:23.8130969Z       SELECT TOP(1) [b].[BankAccountNumber]
2026-08-07T23:58:23.8131022Z       FROM [Beneficiaries] AS [b]
2026-08-07T23:58:23.8131060Z       ORDER BY [b].[Id]
2026-08-07T23:58:25.2383955Z info: Microsoft.EntityFrameworkCore.Database.Command[20101]
2026-08-07T23:58:25.2384731Z       Executed DbCommand (2ms) [Parameters=[], CommandType='Text', CommandTimeout='30']
2026-08-07T23:58:25.2385416Z       SELECT 1
2026-08-07T23:58:25.2401685Z info: Microsoft.EntityFrameworkCore.Database.Command[20101]
2026-08-07T23:58:25.2402090Z       Executed DbCommand (2ms) [Parameters=[], CommandType='Text', CommandTimeout='30']
2026-08-07T23:58:25.2402168Z       SELECT OBJECT_ID(N'[__EFMigrationsHistory]');
2026-08-07T23:58:25.2438426Z info: Microsoft.EntityFrameworkCore.Database.Command[20101]
2026-08-07T23:58:25.2438919Z       Executed DbCommand (2ms) [Parameters=[], CommandType='Text', CommandTimeout='30']
2026-08-07T23:58:25.2441005Z       SELECT [MigrationId], [ProductVersion]
2026-08-07T23:58:25.2441063Z       FROM [__EFMigrationsHistory]
2026-08-07T23:58:25.2441096Z       ORDER BY [MigrationId];
2026-08-07T23:58:25.2451145Z info: Microsoft.EntityFrameworkCore.Database.Command[20101]
2026-08-07T23:58:25.2451434Z       Executed DbCommand (1ms) [Parameters=[], CommandType='Text', CommandTimeout='30']
2026-08-07T23:58:25.2451507Z       SELECT TOP(1) [b].[BankAccountNumber]
2026-08-07T23:58:25.2451555Z       FROM [Beneficiaries] AS [b]
2026-08-07T23:58:25.2451764Z       ORDER BY [b].[Id]
2026-08-07T23:58:32.7868687Z info: Microsoft.EntityFrameworkCore.Database.Command[20101]
2026-08-07T23:58:32.7869642Z       Executed DbCommand (3ms) [Parameters=[], CommandType='Text', CommandTimeout='30']
2026-08-07T23:58:32.7869750Z       SELECT 1
2026-08-07T23:58:32.7897289Z info: Microsoft.EntityFrameworkCore.Database.Command[20101]
2026-08-07T23:58:32.7898104Z       Executed DbCommand (2ms) [Parameters=[], CommandType='Text', CommandTimeout='30']
2026-08-07T23:58:32.7898255Z       SELECT OBJECT_ID(N'[__EFMigrationsHistory]');
2026-08-07T23:58:32.7913269Z info: Microsoft.EntityFrameworkCore.Database.Command[20101]
2026-08-07T23:58:32.7913607Z       Executed DbCommand (2ms) [Parameters=[], CommandType='Text', CommandTimeout='30']
2026-08-07T23:58:32.7913675Z       SELECT [MigrationId], [ProductVersion]
2026-08-07T23:58:32.7913864Z       FROM [__EFMigrationsHistory]
2026-08-07T23:58:32.7915023Z       ORDER BY [MigrationId];
2026-08-07T23:58:32.7932177Z info: Microsoft.EntityFrameworkCore.Database.Command[20101]
2026-08-07T23:58:32.7932466Z       Executed DbCommand (2ms) [Parameters=[], CommandType='Text', CommandTimeout='30']
2026-08-07T23:58:32.7932573Z       SELECT TOP(1) [b].[BankAccountNumber]
2026-08-07T23:58:32.7932622Z       FROM [Beneficiaries] AS [b]
2026-08-07T23:58:32.7932669Z       ORDER BY [b].[Id]
2026-08-07T23:58:33.7634077Z info: Microsoft.EntityFrameworkCore.Database.Command[20101]
2026-08-07T23:58:33.7635205Z       Executed DbCommand (2ms) [Parameters=[], CommandType='Text', CommandTimeout='30']
2026-08-07T23:58:33.7635424Z       SELECT 1
2026-08-07T23:58:33.7652490Z info: Microsoft.EntityFrameworkCore.Database.Command[20101]
2026-08-07T23:58:33.7654824Z       Executed DbCommand (2ms) [Parameters=[], CommandType='Text', CommandTimeout='30']
2026-08-07T23:58:33.7654957Z       SELECT OBJECT_ID(N'[__EFMigrationsHistory]');
2026-08-07T23:58:33.7680755Z info: Microsoft.EntityFrameworkCore.Database.Command[20101]
2026-08-07T23:58:33.7681071Z       Executed DbCommand (1ms) [Parameters=[], CommandType='Text', CommandTimeout='30']
2026-08-07T23:58:33.7681136Z       SELECT [MigrationId], [ProductVersion]
2026-08-07T23:58:33.7681180Z       FROM [__EFMigrationsHistory]
2026-08-07T23:58:33.7687236Z       ORDER BY [MigrationId];
2026-08-07T23:58:33.7698580Z info: Microsoft.EntityFrameworkCore.Database.Command[20101]
2026-08-07T23:58:33.7698914Z       Executed DbCommand (1ms) [Parameters=[], CommandType='Text', CommandTimeout='30']
2026-08-07T23:58:33.7698987Z       SELECT TOP(1) [b].[BankAccountNumber]
2026-08-07T23:58:33.7699036Z       FROM [Beneficiaries] AS [b]
2026-08-07T23:58:33.7699082Z       ORDER BY [b].[Id]
2026-08-07T23:58:36.4322846Z info: Microsoft.EntityFrameworkCore.Database.Command[20101]
2026-08-07T23:58:36.4323823Z       Executed DbCommand (2ms) [Parameters=[], CommandType='Text', CommandTimeout='30']
2026-08-07T23:58:36.4323936Z       SELECT 1
2026-08-07T23:58:36.4350571Z info: Microsoft.EntityFrameworkCore.Database.Command[20101]
2026-08-07T23:58:36.4351017Z       Executed DbCommand (2ms) [Parameters=[], CommandType='Text', CommandTimeout='30']
2026-08-07T23:58:36.4351158Z       SELECT OBJECT_ID(N'[__EFMigrationsHistory]');
2026-08-07T23:58:36.4366100Z info: Microsoft.EntityFrameworkCore.Database.Command[20101]
2026-08-07T23:58:36.4366448Z       Executed DbCommand (2ms) [Parameters=[], CommandType='Text', CommandTimeout='30']
2026-08-07T23:58:36.4366521Z       SELECT [MigrationId], [ProductVersion]
2026-08-07T23:58:36.4366610Z       FROM [__EFMigrationsHistory]
2026-08-07T23:58:36.4366887Z       ORDER BY [MigrationId];
2026-08-07T23:58:36.4389016Z info: Microsoft.EntityFrameworkCore.Database.Command[20101]
2026-08-07T23:58:36.4389315Z       Executed DbCommand (1ms) [Parameters=[], CommandType='Text', CommandTimeout='30']
2026-08-07T23:58:36.4389390Z       SELECT TOP(1) [b].[BankAccountNumber]
2026-08-07T23:58:36.4389474Z       FROM [Beneficiaries] AS [b]
2026-08-07T23:58:36.4389522Z       ORDER BY [b].[Id]
2026-08-07T23:58:37.1736737Z info: Microsoft.EntityFrameworkCore.Database.Command[20101]
2026-08-07T23:58:37.1737677Z       Executed DbCommand (2ms) [Parameters=[], CommandType='Text', CommandTimeout='30']
2026-08-07T23:58:37.1737804Z       SELECT 1
2026-08-07T23:58:37.1752394Z info: Microsoft.EntityFrameworkCore.Database.Command[20101]
2026-08-07T23:58:37.1752856Z       Executed DbCommand (2ms) [Parameters=[], CommandType='Text', CommandTimeout='30']
2026-08-07T23:58:37.1752962Z       SELECT OBJECT_ID(N'[__EFMigrationsHistory]');
2026-08-07T23:58:37.1782813Z info: Microsoft.EntityFrameworkCore.Database.Command[20101]
2026-08-07T23:58:37.1783191Z       Executed DbCommand (1ms) [Parameters=[], CommandType='Text', CommandTimeout='30']
2026-08-07T23:58:37.1783263Z       SELECT [MigrationId], [ProductVersion]
2026-08-07T23:58:37.1783312Z       FROM [__EFMigrationsHistory]
2026-08-07T23:58:37.1783357Z       ORDER BY [MigrationId];
2026-08-07T23:58:37.1796133Z info: Microsoft.EntityFrameworkCore.Database.Command[20101]
2026-08-07T23:58:37.1796515Z       Executed DbCommand (1ms) [Parameters=[], CommandType='Text', CommandTimeout='30']
2026-08-07T23:58:37.1796585Z       SELECT TOP(1) [b].[BankAccountNumber]
2026-08-07T23:58:37.1796728Z       FROM [Beneficiaries] AS [b]
2026-08-07T23:58:37.1796781Z       ORDER BY [b].[Id]
2026-08-07T23:58:38.7446412Z info: Microsoft.EntityFrameworkCore.Database.Command[20101]
2026-08-07T23:58:38.7447580Z       Executed DbCommand (2ms) [Parameters=[], CommandType='Text', CommandTimeout='30']
2026-08-07T23:58:38.7447714Z       SELECT 1
2026-08-07T23:58:38.7476525Z info: Microsoft.EntityFrameworkCore.Database.Command[20101]
2026-08-07T23:58:38.7477062Z       Executed DbCommand (2ms) [Parameters=[], CommandType='Text', CommandTimeout='30']
2026-08-07T23:58:38.7477235Z       SELECT OBJECT_ID(N'[__EFMigrationsHistory]');
2026-08-07T23:58:38.7489864Z info: Microsoft.EntityFrameworkCore.Database.Command[20101]
2026-08-07T23:58:38.7490415Z       Executed DbCommand (1ms) [Parameters=[], CommandType='Text', CommandTimeout='30']
2026-08-07T23:58:38.7490504Z       SELECT [MigrationId], [ProductVersion]
2026-08-07T23:58:38.7490613Z       FROM [__EFMigrationsHistory]
2026-08-07T23:58:38.7496525Z       ORDER BY [MigrationId];
2026-08-07T23:58:38.7509874Z info: Microsoft.EntityFrameworkCore.Database.Command[20101]
2026-08-07T23:58:38.7510197Z       Executed DbCommand (1ms) [Parameters=[], CommandType='Text', CommandTimeout='30']
2026-08-07T23:58:38.7510373Z       SELECT TOP(1) [b].[BankAccountNumber]
2026-08-07T23:58:38.7510414Z       FROM [Beneficiaries] AS [b]
2026-08-07T23:58:38.7510453Z       ORDER BY [b].[Id]
2026-08-07T23:58:42.5625237Z info: Microsoft.EntityFrameworkCore.Database.Command[20101]
2026-08-07T23:58:42.5626114Z       Executed DbCommand (2ms) [Parameters=[], CommandType='Text', CommandTimeout='30']
2026-08-07T23:58:42.5626326Z       SELECT 1
2026-08-07T23:58:42.5641018Z info: Microsoft.EntityFrameworkCore.Database.Command[20101]
2026-08-07T23:58:42.5641561Z       Executed DbCommand (2ms) [Parameters=[], CommandType='Text', CommandTimeout='30']
2026-08-07T23:58:42.5641665Z       SELECT OBJECT_ID(N'[__EFMigrationsHistory]');
2026-08-07T23:58:42.5672726Z info: Microsoft.EntityFrameworkCore.Database.Command[20101]
2026-08-07T23:58:42.5673137Z       Executed DbCommand (1ms) [Parameters=[], CommandType='Text', CommandTimeout='30']
2026-08-07T23:58:42.5673235Z       SELECT [MigrationId], [ProductVersion]
2026-08-07T23:58:42.5673300Z       FROM [__EFMigrationsHistory]
2026-08-07T23:58:42.5673360Z       ORDER BY [MigrationId];
2026-08-07T23:58:42.5686914Z info: Microsoft.EntityFrameworkCore.Database.Command[20101]
2026-08-07T23:58:42.5687256Z       Executed DbCommand (1ms) [Parameters=[], CommandType='Text', CommandTimeout='30']
2026-08-07T23:58:42.5687328Z       SELECT TOP(1) [b].[BankAccountNumber]
2026-08-07T23:58:42.5687370Z       FROM [Beneficiaries] AS [b]
2026-08-07T23:58:42.5687415Z       ORDER BY [b].[Id]
2026-08-07T23:58:44.6954256Z info: Microsoft.EntityFrameworkCore.Database.Command[20101]
2026-08-07T23:58:44.6954863Z       Executed DbCommand (2ms) [Parameters=[], CommandType='Text', CommandTimeout='30']
2026-08-07T23:58:44.6954973Z       SELECT 1
2026-08-07T23:58:44.6969530Z info: Microsoft.EntityFrameworkCore.Database.Command[20101]
2026-08-07T23:58:44.6970071Z       Executed DbCommand (2ms) [Parameters=[], CommandType='Text', CommandTimeout='30']
2026-08-07T23:58:44.6970175Z       SELECT OBJECT_ID(N'[__EFMigrationsHistory]');
2026-08-07T23:58:44.7005454Z info: Microsoft.EntityFrameworkCore.Database.Command[20101]
2026-08-07T23:58:44.7005853Z       Executed DbCommand (2ms) [Parameters=[], CommandType='Text', CommandTimeout='30']
2026-08-07T23:58:44.7005983Z       SELECT [MigrationId], [ProductVersion]
2026-08-07T23:58:44.7006033Z       FROM [__EFMigrationsHistory]
2026-08-07T23:58:44.7006935Z       ORDER BY [MigrationId];
2026-08-07T23:58:44.7132436Z info: Microsoft.EntityFrameworkCore.Database.Command[20101]
2026-08-07T23:58:44.7133150Z       Executed DbCommand (12ms) [Parameters=[], CommandType='Text', CommandTimeout='30']
2026-08-07T23:58:44.7133231Z       SELECT TOP(1) [b].[BankAccountNumber]
2026-08-07T23:58:44.7133276Z       FROM [Beneficiaries] AS [b]
2026-08-07T23:58:44.7133316Z       ORDER BY [b].[Id]
2026-08-07T23:58:52.1680789Z info: Microsoft.EntityFrameworkCore.Database.Command[20101]
2026-08-07T23:58:52.1681791Z       Executed DbCommand (2ms) [Parameters=[], CommandType='Text', CommandTimeout='30']
2026-08-07T23:58:52.1681912Z       SELECT 1
2026-08-07T23:58:52.1698164Z info: Microsoft.EntityFrameworkCore.Database.Command[20101]
2026-08-07T23:58:52.1698742Z       Executed DbCommand (2ms) [Parameters=[], CommandType='Text', CommandTimeout='30']
2026-08-07T23:58:52.1698922Z       SELECT OBJECT_ID(N'[__EFMigrationsHistory]');
2026-08-07T23:58:52.1730795Z info: Microsoft.EntityFrameworkCore.Database.Command[20101]
2026-08-07T23:58:52.1731179Z       Executed DbCommand (1ms) [Parameters=[], CommandType='Text', CommandTimeout='30']
2026-08-07T23:58:52.1731260Z       SELECT [MigrationId], [ProductVersion]
2026-08-07T23:58:52.1731305Z       FROM [__EFMigrationsHistory]
2026-08-07T23:58:52.1731400Z       ORDER BY [MigrationId];
2026-08-07T23:58:52.1757472Z info: Microsoft.EntityFrameworkCore.Database.Command[20101]
2026-08-07T23:58:52.1757864Z       Executed DbCommand (2ms) [Parameters=[], CommandType='Text', CommandTimeout='30']
2026-08-07T23:58:52.1757934Z       SELECT TOP(1) [b].[BankAccountNumber]
2026-08-07T23:58:52.1763282Z       FROM [Beneficiaries] AS [b]
2026-08-07T23:58:52.1763451Z       ORDER BY [b].[Id]
2026-08-07T23:58:52.1790758Z info: Microsoft.EntityFrameworkCore.Database.Command[20101]
2026-08-07T23:58:52.1791042Z       Executed DbCommand (1ms) [Parameters=[], CommandType='Text', CommandTimeout='30']
2026-08-07T23:58:52.1791119Z       SELECT 1
2026-08-07T23:58:52.1839326Z info: Microsoft.EntityFrameworkCore.Database.Command[20101]
2026-08-07T23:58:52.1839861Z       Executed DbCommand (3ms) [Parameters=[], CommandType='Text', CommandTimeout='30']
2026-08-07T23:58:52.1839954Z       SELECT OBJECT_ID(N'[__EFMigrationsHistory]');
2026-08-07T23:58:52.1855598Z info: Microsoft.EntityFrameworkCore.Database.Command[20101]
2026-08-07T23:58:52.1856090Z       Executed DbCommand (1ms) [Parameters=[], CommandType='Text', CommandTimeout='30']
2026-08-07T23:58:52.1856163Z       SELECT [MigrationId], [ProductVersion]
2026-08-07T23:58:52.1856210Z       FROM [__EFMigrationsHistory]
2026-08-07T23:58:52.1856247Z       ORDER BY [MigrationId];
2026-08-07T23:58:52.1872512Z info: Microsoft.EntityFrameworkCore.Database.Command[20101]
2026-08-07T23:58:52.1872927Z       Executed DbCommand (1ms) [Parameters=[], CommandType='Text', CommandTimeout='30']
2026-08-07T23:58:52.1873001Z       SELECT TOP(1) [b].[BankAccountNumber]
2026-08-07T23:58:52.1873038Z       FROM [Beneficiaries] AS [b]
2026-08-07T23:58:52.1873075Z       ORDER BY [b].[Id]
2026-08-07T23:58:55.4079984Z info: Microsoft.EntityFrameworkCore.Database.Command[20101]
2026-08-07T23:58:55.4080822Z       Executed DbCommand (2ms) [Parameters=[], CommandType='Text', CommandTimeout='30']
2026-08-07T23:58:55.4080941Z       SELECT 1
2026-08-07T23:58:55.4097716Z info: Microsoft.EntityFrameworkCore.Database.Command[20101]
2026-08-07T23:58:55.4098287Z       Executed DbCommand (2ms) [Parameters=[], CommandType='Text', CommandTimeout='30']
2026-08-07T23:58:55.4098389Z       SELECT OBJECT_ID(N'[__EFMigrationsHistory]');
2026-08-07T23:58:55.4130383Z info: Microsoft.EntityFrameworkCore.Database.Command[20101]
2026-08-07T23:58:55.4132174Z       Executed DbCommand (1ms) [Parameters=[], CommandType='Text', CommandTimeout='30']
2026-08-07T23:58:55.4132305Z       SELECT [MigrationId], [ProductVersion]
2026-08-07T23:58:55.4132354Z       FROM [__EFMigrationsHistory]
2026-08-07T23:58:55.4132396Z       ORDER BY [MigrationId];
2026-08-07T23:58:55.4145115Z info: Microsoft.EntityFrameworkCore.Database.Command[20101]
2026-08-07T23:58:55.4145457Z       Executed DbCommand (1ms) [Parameters=[], CommandType='Text', CommandTimeout='30']
2026-08-07T23:58:55.4145519Z       SELECT TOP(1) [b].[BankAccountNumber]
2026-08-07T23:58:55.4145556Z       FROM [Beneficiaries] AS [b]
2026-08-07T23:58:55.4145592Z       ORDER BY [b].[Id]
2026-08-07T23:58:55.7962499Z info: Microsoft.EntityFrameworkCore.Database.Command[20101]
2026-08-07T23:58:55.7963325Z       Executed DbCommand (2ms) [Parameters=[], CommandType='Text', CommandTimeout='30']
2026-08-07T23:58:55.7963527Z       SELECT 1
2026-08-07T23:58:55.7979337Z info: Microsoft.EntityFrameworkCore.Database.Command[20101]
2026-08-07T23:58:55.7979755Z       Executed DbCommand (2ms) [Parameters=[], CommandType='Text', CommandTimeout='30']
2026-08-07T23:58:55.7979903Z       SELECT OBJECT_ID(N'[__EFMigrationsHistory]');
2026-08-07T23:58:55.8008461Z info: Microsoft.EntityFrameworkCore.Database.Command[20101]
2026-08-07T23:58:55.8009048Z       Executed DbCommand (1ms) [Parameters=[], CommandType='Text', CommandTimeout='30']
2026-08-07T23:58:55.8009149Z       SELECT [MigrationId], [ProductVersion]
2026-08-07T23:58:55.8009262Z       FROM [__EFMigrationsHistory]
2026-08-07T23:58:55.8009316Z       ORDER BY [MigrationId];
2026-08-07T23:58:55.8025435Z info: Microsoft.EntityFrameworkCore.Database.Command[20101]
2026-08-07T23:58:55.8025822Z       Executed DbCommand (1ms) [Parameters=[], CommandType='Text', CommandTimeout='30']
2026-08-07T23:58:55.8025917Z       SELECT TOP(1) [b].[BankAccountNumber]
2026-08-07T23:58:55.8026023Z       FROM [Beneficiaries] AS [b]
2026-08-07T23:58:55.8026085Z       ORDER BY [b].[Id]
2026-08-07T23:59:02.6664118Z info: Microsoft.EntityFrameworkCore.Database.Command[20101]
2026-08-07T23:59:02.6665153Z       Executed DbCommand (2ms) [Parameters=[], CommandType='Text', CommandTimeout='30']
2026-08-07T23:59:02.6665321Z       SELECT 1
2026-08-07T23:59:02.6680378Z info: Microsoft.EntityFrameworkCore.Database.Command[20101]
2026-08-07T23:59:02.6680898Z       Executed DbCommand (2ms) [Parameters=[], CommandType='Text', CommandTimeout='30']
2026-08-07T23:59:02.6680992Z       SELECT OBJECT_ID(N'[__EFMigrationsHistory]');
2026-08-07T23:59:02.6712206Z info: Microsoft.EntityFrameworkCore.Database.Command[20101]
2026-08-07T23:59:02.6712578Z       Executed DbCommand (1ms) [Parameters=[], CommandType='Text', CommandTimeout='30']
2026-08-07T23:59:02.6712666Z       SELECT [MigrationId], [ProductVersion]
2026-08-07T23:59:02.6712715Z       FROM [__EFMigrationsHistory]
2026-08-07T23:59:02.6712757Z       ORDER BY [MigrationId];
2026-08-07T23:59:02.6724529Z info: Microsoft.EntityFrameworkCore.Database.Command[20101]
2026-08-07T23:59:02.6724855Z       Executed DbCommand (1ms) [Parameters=[], CommandType='Text', CommandTimeout='30']
2026-08-07T23:59:02.6724918Z       SELECT TOP(1) [b].[BankAccountNumber]
2026-08-07T23:59:02.6724956Z       FROM [Beneficiaries] AS [b]
2026-08-07T23:59:02.6724994Z       ORDER BY [b].[Id]
2026-08-07T23:59:08.6483091Z info: Microsoft.EntityFrameworkCore.Database.Command[20101]
2026-08-07T23:59:08.6483931Z       Executed DbCommand (2ms) [Parameters=[], CommandType='Text', CommandTimeout='30']
2026-08-07T23:59:08.6484031Z       SELECT 1
2026-08-07T23:59:08.6509429Z info: Microsoft.EntityFrameworkCore.Database.Command[20101]
2026-08-07T23:59:08.6510106Z       Executed DbCommand (2ms) [Parameters=[], CommandType='Text', CommandTimeout='30']
2026-08-07T23:59:08.6510197Z       SELECT OBJECT_ID(N'[__EFMigrationsHistory]');
2026-08-07T23:59:08.6523662Z info: Microsoft.EntityFrameworkCore.Database.Command[20101]
2026-08-07T23:59:08.6524102Z       Executed DbCommand (1ms) [Parameters=[], CommandType='Text', CommandTimeout='30']
2026-08-07T23:59:08.6524229Z       SELECT [MigrationId], [ProductVersion]
2026-08-07T23:59:08.6524277Z       FROM [__EFMigrationsHistory]
2026-08-07T23:59:08.6525942Z       ORDER BY [MigrationId];
2026-08-07T23:59:08.6559386Z info: Microsoft.EntityFrameworkCore.Database.Command[20101]
2026-08-07T23:59:08.6559898Z       Executed DbCommand (2ms) [Parameters=[], CommandType='Text', CommandTimeout='30']
2026-08-07T23:59:08.6559978Z       SELECT TOP(1) [b].[BankAccountNumber]
2026-08-07T23:59:08.6560021Z       FROM [Beneficiaries] AS [b]
2026-08-07T23:59:08.6560060Z       ORDER BY [b].[Id]
2026-08-07T23:59:10.0909305Z info: Microsoft.EntityFrameworkCore.Database.Command[20101]
2026-08-07T23:59:10.0910155Z       Executed DbCommand (2ms) [Parameters=[], CommandType='Text', CommandTimeout='30']
2026-08-07T23:59:10.0910267Z       SELECT 1
2026-08-07T23:59:10.0924202Z info: Microsoft.EntityFrameworkCore.Database.Command[20101]
2026-08-07T23:59:10.0924732Z       Executed DbCommand (2ms) [Parameters=[], CommandType='Text', CommandTimeout='30']
2026-08-07T23:59:10.0924871Z       SELECT OBJECT_ID(N'[__EFMigrationsHistory]');
2026-08-07T23:59:10.0953387Z info: Microsoft.EntityFrameworkCore.Database.Command[20101]
2026-08-07T23:59:10.0953782Z       Executed DbCommand (2ms) [Parameters=[], CommandType='Text', CommandTimeout='30']
2026-08-07T23:59:10.0953858Z       SELECT [MigrationId], [ProductVersion]
2026-08-07T23:59:10.0953901Z       FROM [__EFMigrationsHistory]
2026-08-07T23:59:10.0957656Z       ORDER BY [MigrationId];
2026-08-07T23:59:10.0977752Z info: Microsoft.EntityFrameworkCore.Database.Command[20101]
2026-08-07T23:59:10.0978092Z       Executed DbCommand (1ms) [Parameters=[], CommandType='Text', CommandTimeout='30']
2026-08-07T23:59:10.0978171Z       SELECT TOP(1) [b].[BankAccountNumber]
2026-08-07T23:59:10.0978262Z       FROM [Beneficiaries] AS [b]
2026-08-07T23:59:10.0978300Z       ORDER BY [b].[Id]
2026-08-07T23:59:10.1851447Z info: Microsoft.EntityFrameworkCore.Database.Command[20101]
2026-08-07T23:59:10.1852240Z       Executed DbCommand (2ms) [Parameters=[], CommandType='Text', CommandTimeout='30']
2026-08-07T23:59:10.1852357Z       SELECT 1
2026-08-07T23:59:10.1881189Z info: Microsoft.EntityFrameworkCore.Database.Command[20101]
2026-08-07T23:59:10.1881752Z       Executed DbCommand (2ms) [Parameters=[], CommandType='Text', CommandTimeout='30']
2026-08-07T23:59:10.1881843Z       SELECT OBJECT_ID(N'[__EFMigrationsHistory]');
2026-08-07T23:59:10.1894557Z info: Microsoft.EntityFrameworkCore.Database.Command[20101]
2026-08-07T23:59:10.1894934Z       Executed DbCommand (2ms) [Parameters=[], CommandType='Text', CommandTimeout='30']
2026-08-07T23:59:10.1895002Z       SELECT [MigrationId], [ProductVersion]
2026-08-07T23:59:10.1895042Z       FROM [__EFMigrationsHistory]
2026-08-07T23:59:10.1895078Z       ORDER BY [MigrationId];
2026-08-07T23:59:10.1917165Z info: Microsoft.EntityFrameworkCore.Database.Command[20101]
2026-08-07T23:59:10.1917446Z       Executed DbCommand (1ms) [Parameters=[], CommandType='Text', CommandTimeout='30']
2026-08-07T23:59:10.1917507Z       SELECT TOP(1) [b].[BankAccountNumber]
2026-08-07T23:59:10.1917549Z       FROM [Beneficiaries] AS [b]
2026-08-07T23:59:10.1917594Z       ORDER BY [b].[Id]
2026-08-07T23:59:13.9558988Z info: Microsoft.EntityFrameworkCore.Database.Command[20101]
2026-08-07T23:59:13.9559851Z       Executed DbCommand (2ms) [Parameters=[], CommandType='Text', CommandTimeout='30']
2026-08-07T23:59:13.9559954Z       SELECT 1
2026-08-07T23:59:13.9574884Z info: Microsoft.EntityFrameworkCore.Database.Command[20101]
2026-08-07T23:59:13.9575391Z       Executed DbCommand (2ms) [Parameters=[], CommandType='Text', CommandTimeout='30']
2026-08-07T23:59:13.9575530Z       SELECT OBJECT_ID(N'[__EFMigrationsHistory]');
2026-08-07T23:59:13.9606219Z info: Microsoft.EntityFrameworkCore.Database.Command[20101]
2026-08-07T23:59:13.9606625Z       Executed DbCommand (2ms) [Parameters=[], CommandType='Text', CommandTimeout='30']
2026-08-07T23:59:13.9607031Z       SELECT [MigrationId], [ProductVersion]
2026-08-07T23:59:13.9607129Z       FROM [__EFMigrationsHistory]
2026-08-07T23:59:13.9607177Z       ORDER BY [MigrationId];
2026-08-07T23:59:13.9619465Z info: Microsoft.EntityFrameworkCore.Database.Command[20101]
2026-08-07T23:59:13.9619794Z       Executed DbCommand (1ms) [Parameters=[], CommandType='Text', CommandTimeout='30']
2026-08-07T23:59:13.9619873Z       SELECT TOP(1) [b].[BankAccountNumber]
2026-08-07T23:59:13.9622338Z       FROM [Beneficiaries] AS [b]
2026-08-07T23:59:13.9622455Z       ORDER BY [b].[Id]
2026-08-07T23:59:16.7630350Z info: Microsoft.EntityFrameworkCore.Database.Command[20101]
2026-08-07T23:59:16.7631222Z       Executed DbCommand (2ms) [Parameters=[], CommandType='Text', CommandTimeout='30']
2026-08-07T23:59:16.7631444Z       SELECT 1
2026-08-07T23:59:16.7647254Z info: Microsoft.EntityFrameworkCore.Database.Command[20101]
2026-08-07T23:59:16.7647788Z       Executed DbCommand (2ms) [Parameters=[], CommandType='Text', CommandTimeout='30']
2026-08-07T23:59:16.7647864Z       SELECT OBJECT_ID(N'[__EFMigrationsHistory]');
2026-08-07T23:59:16.7678441Z info: Microsoft.EntityFrameworkCore.Database.Command[20101]
2026-08-07T23:59:16.7678818Z       Executed DbCommand (2ms) [Parameters=[], CommandType='Text', CommandTimeout='30']
2026-08-07T23:59:16.7678892Z       SELECT [MigrationId], [ProductVersion]
2026-08-07T23:59:16.7681280Z       FROM [__EFMigrationsHistory]
2026-08-07T23:59:16.7684121Z       ORDER BY [MigrationId];
2026-08-07T23:59:16.7698848Z info: Microsoft.EntityFrameworkCore.Database.Command[20101]
2026-08-07T23:59:16.7699152Z       Executed DbCommand (1ms) [Parameters=[], CommandType='Text', CommandTimeout='30']
2026-08-07T23:59:16.7699225Z       SELECT TOP(1) [b].[BankAccountNumber]
2026-08-07T23:59:16.7699269Z       FROM [Beneficiaries] AS [b]
2026-08-07T23:59:16.7699356Z       ORDER BY [b].[Id]
2026-08-07T23:59:23.0346535Z info: Microsoft.EntityFrameworkCore.Database.Command[20101]
2026-08-07T23:59:23.0347401Z       Executed DbCommand (2ms) [Parameters=[], CommandType='Text', CommandTimeout='30']
2026-08-07T23:59:23.0347518Z       SELECT 1
2026-08-07T23:59:23.0365780Z info: Microsoft.EntityFrameworkCore.Database.Command[20101]
2026-08-07T23:59:23.0366502Z       Executed DbCommand (2ms) [Parameters=[], CommandType='Text', CommandTimeout='30']
2026-08-07T23:59:23.0366609Z       SELECT OBJECT_ID(N'[__EFMigrationsHistory]');
2026-08-07T23:59:23.0400278Z info: Microsoft.EntityFrameworkCore.Database.Command[20101]
2026-08-07T23:59:23.0400683Z       Executed DbCommand (2ms) [Parameters=[], CommandType='Text', CommandTimeout='30']
2026-08-07T23:59:23.0400833Z       SELECT [MigrationId], [ProductVersion]
2026-08-07T23:59:23.0400898Z       FROM [__EFMigrationsHistory]
2026-08-07T23:59:23.0400960Z       ORDER BY [MigrationId];
2026-08-07T23:59:23.0413093Z info: Microsoft.EntityFrameworkCore.Database.Command[20101]
2026-08-07T23:59:23.0413411Z       Executed DbCommand (1ms) [Parameters=[], CommandType='Text', CommandTimeout='30']
2026-08-07T23:59:23.0413518Z       SELECT TOP(1) [b].[BankAccountNumber]
2026-08-07T23:59:23.0413567Z       FROM [Beneficiaries] AS [b]
2026-08-07T23:59:23.0413700Z       ORDER BY [b].[Id]
2026-08-07T23:59:32.7118451Z info: Microsoft.EntityFrameworkCore.Database.Command[20101]
2026-08-07T23:59:32.7119228Z       Executed DbCommand (2ms) [Parameters=[], CommandType='Text', CommandTimeout='30']
2026-08-07T23:59:32.7119327Z       SELECT 1
2026-08-07T23:59:32.7135697Z info: Microsoft.EntityFrameworkCore.Database.Command[20101]
2026-08-07T23:59:32.7139542Z       Executed DbCommand (2ms) [Parameters=[], CommandType='Text', CommandTimeout='30']
2026-08-07T23:59:32.7139639Z       SELECT OBJECT_ID(N'[__EFMigrationsHistory]');
2026-08-07T23:59:32.7168156Z info: Microsoft.EntityFrameworkCore.Database.Command[20101]
2026-08-07T23:59:32.7168489Z       Executed DbCommand (2ms) [Parameters=[], CommandType='Text', CommandTimeout='30']
2026-08-07T23:59:32.7168559Z       SELECT [MigrationId], [ProductVersion]
2026-08-07T23:59:32.7168603Z       FROM [__EFMigrationsHistory]
2026-08-07T23:59:32.7171431Z       ORDER BY [MigrationId];
2026-08-07T23:59:32.7191199Z info: Microsoft.EntityFrameworkCore.Database.Command[20101]
2026-08-07T23:59:32.7191510Z       Executed DbCommand (1ms) [Parameters=[], CommandType='Text', CommandTimeout='30']
2026-08-07T23:59:32.7191572Z       SELECT TOP(1) [b].[BankAccountNumber]
2026-08-07T23:59:32.7191610Z       FROM [Beneficiaries] AS [b]
2026-08-07T23:59:32.7191692Z       ORDER BY [b].[Id]
2026-08-07T23:59:34.5234524Z info: Microsoft.EntityFrameworkCore.Database.Command[20101]
2026-08-07T23:59:34.5235451Z       Executed DbCommand (2ms) [Parameters=[], CommandType='Text', CommandTimeout='30']
2026-08-07T23:59:34.5235642Z       SELECT 1
2026-08-07T23:59:34.5252725Z info: Microsoft.EntityFrameworkCore.Database.Command[20101]
2026-08-07T23:59:34.5253196Z       Executed DbCommand (2ms) [Parameters=[], CommandType='Text', CommandTimeout='30']
2026-08-07T23:59:34.5253278Z       SELECT OBJECT_ID(N'[__EFMigrationsHistory]');
2026-08-07T23:59:34.5282925Z info: Microsoft.EntityFrameworkCore.Database.Command[20101]
2026-08-07T23:59:34.5283341Z       Executed DbCommand (1ms) [Parameters=[], CommandType='Text', CommandTimeout='30']
2026-08-07T23:59:34.5283467Z       SELECT [MigrationId], [ProductVersion]
2026-08-07T23:59:34.5283511Z       FROM [__EFMigrationsHistory]
2026-08-07T23:59:34.5283549Z       ORDER BY [MigrationId];
2026-08-07T23:59:34.5298227Z info: Microsoft.EntityFrameworkCore.Database.Command[20101]
2026-08-07T23:59:34.5298554Z       Executed DbCommand (1ms) [Parameters=[], CommandType='Text', CommandTimeout='30']
2026-08-07T23:59:34.5298672Z       SELECT TOP(1) [b].[BankAccountNumber]
2026-08-07T23:59:34.5298718Z       FROM [Beneficiaries] AS [b]
2026-08-07T23:59:34.5298753Z       ORDER BY [b].[Id]
2026-08-07T23:59:35.4119495Z info: Microsoft.EntityFrameworkCore.Database.Command[20101]
2026-08-07T23:59:35.4120341Z       Executed DbCommand (2ms) [Parameters=[], CommandType='Text', CommandTimeout='30']
2026-08-07T23:59:35.4120461Z       SELECT 1
2026-08-07T23:59:35.4136475Z info: Microsoft.EntityFrameworkCore.Database.Command[20101]
2026-08-07T23:59:35.4137075Z       Executed DbCommand (2ms) [Parameters=[], CommandType='Text', CommandTimeout='30']
2026-08-07T23:59:35.4137176Z       SELECT OBJECT_ID(N'[__EFMigrationsHistory]');
2026-08-07T23:59:35.4165519Z info: Microsoft.EntityFrameworkCore.Database.Command[20101]
2026-08-07T23:59:35.4165884Z       Executed DbCommand (1ms) [Parameters=[], CommandType='Text', CommandTimeout='30']
2026-08-07T23:59:35.4165981Z       SELECT [MigrationId], [ProductVersion]
2026-08-07T23:59:35.4166150Z       FROM [__EFMigrationsHistory]
2026-08-07T23:59:35.4173494Z       ORDER BY [MigrationId];
2026-08-07T23:59:35.4185610Z info: Microsoft.EntityFrameworkCore.Database.Command[20101]
2026-08-07T23:59:35.4185907Z       Executed DbCommand (1ms) [Parameters=[], CommandType='Text', CommandTimeout='30']
2026-08-07T23:59:35.4185970Z       SELECT TOP(1) [b].[BankAccountNumber]
2026-08-07T23:59:35.4186007Z       FROM [Beneficiaries] AS [b]
2026-08-07T23:59:35.4186091Z       ORDER BY [b].[Id]
2026-08-07T23:59:38.2955177Z info: Microsoft.EntityFrameworkCore.Database.Command[20101]
2026-08-07T23:59:38.2956261Z       Executed DbCommand (2ms) [Parameters=[], CommandType='Text', CommandTimeout='30']
2026-08-07T23:59:38.2956403Z       SELECT 1
2026-08-07T23:59:38.2979064Z info: Microsoft.EntityFrameworkCore.Database.Command[20101]
2026-08-07T23:59:38.2980735Z       Executed DbCommand (2ms) [Parameters=[], CommandType='Text', CommandTimeout='30']
2026-08-07T23:59:38.2980849Z       SELECT OBJECT_ID(N'[__EFMigrationsHistory]');
2026-08-07T23:59:38.3012420Z info: Microsoft.EntityFrameworkCore.Database.Command[20101]
2026-08-07T23:59:38.3012774Z       Executed DbCommand (2ms) [Parameters=[], CommandType='Text', CommandTimeout='30']
2026-08-07T23:59:38.3012988Z       SELECT [MigrationId], [ProductVersion]
2026-08-07T23:59:38.3013040Z       FROM [__EFMigrationsHistory]
2026-08-07T23:59:38.3013088Z       ORDER BY [MigrationId];
2026-08-07T23:59:38.3084476Z info: Microsoft.EntityFrameworkCore.Database.Command[20101]
2026-08-07T23:59:38.3084902Z       Executed DbCommand (6ms) [Parameters=[], CommandType='Text', CommandTimeout='30']
2026-08-07T23:59:38.3086592Z       SELECT TOP(1) [b].[BankAccountNumber]
2026-08-07T23:59:38.3086886Z       FROM [Beneficiaries] AS [b]
2026-08-07T23:59:38.3086945Z       ORDER BY [b].[Id]
2026-08-07T23:59:39.7988620Z info: Microsoft.EntityFrameworkCore.Database.Command[20101]
2026-08-07T23:59:39.7989805Z       Executed DbCommand (2ms) [Parameters=[], CommandType='Text', CommandTimeout='30']
2026-08-07T23:59:39.7989925Z       SELECT 1
2026-08-07T23:59:39.8015338Z info: Microsoft.EntityFrameworkCore.Database.Command[20101]
2026-08-07T23:59:39.8015848Z       Executed DbCommand (2ms) [Parameters=[], CommandType='Text', CommandTimeout='30']
2026-08-07T23:59:39.8016020Z       SELECT OBJECT_ID(N'[__EFMigrationsHistory]');
2026-08-07T23:59:39.8045987Z info: Microsoft.EntityFrameworkCore.Database.Command[20101]
2026-08-07T23:59:39.8046370Z       Executed DbCommand (1ms) [Parameters=[], CommandType='Text', CommandTimeout='30']
2026-08-07T23:59:39.8046444Z       SELECT [MigrationId], [ProductVersion]
2026-08-07T23:59:39.8046490Z       FROM [__EFMigrationsHistory]
2026-08-07T23:59:39.8050423Z       ORDER BY [MigrationId];
2026-08-07T23:59:39.8060893Z info: Microsoft.EntityFrameworkCore.Database.Command[20101]
2026-08-07T23:59:39.8061210Z       Executed DbCommand (1ms) [Parameters=[], CommandType='Text', CommandTimeout='30']
2026-08-07T23:59:39.8061276Z       SELECT TOP(1) [b].[BankAccountNumber]
2026-08-07T23:59:39.8061358Z       FROM [Beneficiaries] AS [b]
2026-08-07T23:59:39.8061404Z       ORDER BY [b].[Id]
2026-08-07T23:59:42.5334361Z info: Microsoft.EntityFrameworkCore.Database.Command[20101]
2026-08-07T23:59:42.5335310Z       Executed DbCommand (2ms) [Parameters=[], CommandType='Text', CommandTimeout='30']
2026-08-07T23:59:42.5335433Z       SELECT 1
2026-08-07T23:59:42.5363059Z info: Microsoft.EntityFrameworkCore.Database.Command[20101]
2026-08-07T23:59:42.5363637Z       Executed DbCommand (2ms) [Parameters=[], CommandType='Text', CommandTimeout='30']
2026-08-07T23:59:42.5363724Z       SELECT OBJECT_ID(N'[__EFMigrationsHistory]');
2026-08-07T23:59:42.5377537Z info: Microsoft.EntityFrameworkCore.Database.Command[20101]
2026-08-07T23:59:42.5377979Z       Executed DbCommand (2ms) [Parameters=[], CommandType='Text', CommandTimeout='30']
2026-08-07T23:59:42.5378047Z       SELECT [MigrationId], [ProductVersion]
2026-08-07T23:59:42.5378085Z       FROM [__EFMigrationsHistory]
2026-08-07T23:59:42.5378522Z       ORDER BY [MigrationId];
2026-08-07T23:59:42.5394114Z info: Microsoft.EntityFrameworkCore.Database.Command[20101]
2026-08-07T23:59:42.5394445Z       Executed DbCommand (1ms) [Parameters=[], CommandType='Text', CommandTimeout='30']
2026-08-07T23:59:42.5394506Z       SELECT TOP(1) [b].[BankAccountNumber]
2026-08-07T23:59:42.5394553Z       FROM [Beneficiaries] AS [b]
2026-08-07T23:59:42.5394592Z       ORDER BY [b].[Id]
2026-08-07T23:59:43.8210516Z info: Microsoft.EntityFrameworkCore.Database.Command[20101]
2026-08-07T23:59:43.8211520Z       Executed DbCommand (2ms) [Parameters=[], CommandType='Text', CommandTimeout='30']
2026-08-07T23:59:43.8211646Z       SELECT 1
2026-08-07T23:59:43.8229506Z info: Microsoft.EntityFrameworkCore.Database.Command[20101]
2026-08-07T23:59:43.8230136Z       Executed DbCommand (2ms) [Parameters=[], CommandType='Text', CommandTimeout='30']
2026-08-07T23:59:43.8230239Z       SELECT OBJECT_ID(N'[__EFMigrationsHistory]');
2026-08-07T23:59:43.8254179Z info: Microsoft.EntityFrameworkCore.Database.Command[20101]
2026-08-07T23:59:43.8254504Z       Executed DbCommand (2ms) [Parameters=[], CommandType='Text', CommandTimeout='30']
2026-08-07T23:59:43.8254573Z       SELECT [MigrationId], [ProductVersion]
2026-08-07T23:59:43.8254667Z       FROM [__EFMigrationsHistory]
2026-08-07T23:59:43.8260426Z       ORDER BY [MigrationId];
2026-08-07T23:59:43.8272501Z info: Microsoft.EntityFrameworkCore.Database.Command[20101]
2026-08-07T23:59:43.8272800Z       Executed DbCommand (1ms) [Parameters=[], CommandType='Text', CommandTimeout='30']
2026-08-07T23:59:43.8272905Z       SELECT TOP(1) [b].[BankAccountNumber]
2026-08-07T23:59:43.8272950Z       FROM [Beneficiaries] AS [b]
2026-08-07T23:59:43.8272993Z       ORDER BY [b].[Id]
2026-08-07T23:59:47.4630156Z info: Microsoft.EntityFrameworkCore.Database.Command[20101]
2026-08-07T23:59:47.4631075Z       Executed DbCommand (2ms) [Parameters=[], CommandType='Text', CommandTimeout='30']
2026-08-07T23:59:47.4631315Z       SELECT 1
2026-08-07T23:59:47.4647109Z info: Microsoft.EntityFrameworkCore.Database.Command[20101]
2026-08-07T23:59:47.4647617Z       Executed DbCommand (2ms) [Parameters=[], CommandType='Text', CommandTimeout='30']
2026-08-07T23:59:47.4647709Z       SELECT OBJECT_ID(N'[__EFMigrationsHistory]');
2026-08-07T23:59:47.4678832Z info: Microsoft.EntityFrameworkCore.Database.Command[20101]
2026-08-07T23:59:47.4679356Z       Executed DbCommand (1ms) [Parameters=[], CommandType='Text', CommandTimeout='30']
2026-08-07T23:59:47.4679440Z       SELECT [MigrationId], [ProductVersion]
2026-08-07T23:59:47.4679487Z       FROM [__EFMigrationsHistory]
2026-08-07T23:59:47.4679528Z       ORDER BY [MigrationId];
2026-08-07T23:59:47.4691745Z info: Microsoft.EntityFrameworkCore.Database.Command[20101]
2026-08-07T23:59:47.4692041Z       Executed DbCommand (1ms) [Parameters=[], CommandType='Text', CommandTimeout='30']
2026-08-07T23:59:47.4692106Z       SELECT TOP(1) [b].[BankAccountNumber]
2026-08-07T23:59:47.4692144Z       FROM [Beneficiaries] AS [b]
2026-08-07T23:59:47.4692232Z       ORDER BY [b].[Id]
2026-08-07T23:59:52.1724829Z info: Microsoft.EntityFrameworkCore.Database.Command[20101]
2026-08-07T23:59:52.1725706Z       Executed DbCommand (2ms) [Parameters=[], CommandType='Text', CommandTimeout='30']
2026-08-07T23:59:52.1725810Z       SELECT 1
2026-08-07T23:59:52.1740447Z info: Microsoft.EntityFrameworkCore.Database.Command[20101]
2026-08-07T23:59:52.1740879Z       Executed DbCommand (1ms) [Parameters=[], CommandType='Text', CommandTimeout='30']
2026-08-07T23:59:52.1740954Z       SELECT OBJECT_ID(N'[__EFMigrationsHistory]');
2026-08-07T23:59:52.1791984Z info: Microsoft.EntityFrameworkCore.Database.Command[20101]
2026-08-07T23:59:52.1792510Z       Executed DbCommand (3ms) [Parameters=[], CommandType='Text', CommandTimeout='30']
2026-08-07T23:59:52.1792642Z       SELECT [MigrationId], [ProductVersion]
2026-08-07T23:59:52.1792682Z       FROM [__EFMigrationsHistory]
2026-08-07T23:59:52.1792719Z       ORDER BY [MigrationId];
2026-08-07T23:59:52.1809594Z info: Microsoft.EntityFrameworkCore.Database.Command[20101]
2026-08-07T23:59:52.1810027Z       Executed DbCommand (2ms) [Parameters=[], CommandType='Text', CommandTimeout='30']
2026-08-07T23:59:52.1810141Z       SELECT TOP(1) [b].[BankAccountNumber]
2026-08-07T23:59:52.1810181Z       FROM [Beneficiaries] AS [b]
2026-08-07T23:59:52.1810218Z       ORDER BY [b].[Id]
2026-08-07T23:59:53.6525319Z info: Microsoft.EntityFrameworkCore.Database.Command[20101]
2026-08-07T23:59:53.6526130Z       Executed DbCommand (2ms) [Parameters=[], CommandType='Text', CommandTimeout='30']
2026-08-07T23:59:53.6526223Z       SELECT 1
2026-08-07T23:59:53.6551515Z info: Microsoft.EntityFrameworkCore.Database.Command[20101]
2026-08-07T23:59:53.6552193Z       Executed DbCommand (2ms) [Parameters=[], CommandType='Text', CommandTimeout='30']
2026-08-07T23:59:53.6552282Z       SELECT OBJECT_ID(N'[__EFMigrationsHistory]');
2026-08-07T23:59:53.6564956Z info: Microsoft.EntityFrameworkCore.Database.Command[20101]
2026-08-07T23:59:53.6565358Z       Executed DbCommand (1ms) [Parameters=[], CommandType='Text', CommandTimeout='30']
2026-08-07T23:59:53.6565434Z       SELECT [MigrationId], [ProductVersion]
2026-08-07T23:59:53.6565480Z       FROM [__EFMigrationsHistory]
2026-08-07T23:59:53.6565705Z       ORDER BY [MigrationId];
2026-08-07T23:59:53.6585361Z info: Microsoft.EntityFrameworkCore.Database.Command[20101]
2026-08-07T23:59:53.6585703Z       Executed DbCommand (2ms) [Parameters=[], CommandType='Text', CommandTimeout='30']
2026-08-07T23:59:53.6585782Z       SELECT TOP(1) [b].[BankAccountNumber]
2026-08-07T23:59:53.6585831Z       FROM [Beneficiaries] AS [b]
2026-08-07T23:59:53.6585925Z       ORDER BY [b].[Id]
2026-08-07T23:59:56.1862902Z info: Microsoft.EntityFrameworkCore.Database.Command[20101]
2026-08-07T23:59:56.1863893Z       Executed DbCommand (2ms) [Parameters=[], CommandType='Text', CommandTimeout='30']
2026-08-07T23:59:56.1864016Z       SELECT 1
2026-08-07T23:59:56.1894085Z info: Microsoft.EntityFrameworkCore.Database.Command[20101]
2026-08-07T23:59:56.1894711Z       Executed DbCommand (2ms) [Parameters=[], CommandType='Text', CommandTimeout='30']
2026-08-07T23:59:56.1894820Z       SELECT OBJECT_ID(N'[__EFMigrationsHistory]');
2026-08-07T23:59:56.1908168Z info: Microsoft.EntityFrameworkCore.Database.Command[20101]
2026-08-07T23:59:56.1908579Z       Executed DbCommand (1ms) [Parameters=[], CommandType='Text', CommandTimeout='30']
2026-08-07T23:59:56.1908692Z       SELECT [MigrationId], [ProductVersion]
2026-08-07T23:59:56.1908738Z       FROM [__EFMigrationsHistory]
2026-08-07T23:59:56.1909172Z       ORDER BY [MigrationId];
2026-08-07T23:59:56.1924382Z info: Microsoft.EntityFrameworkCore.Database.Command[20101]
2026-08-07T23:59:56.1924783Z       Executed DbCommand (1ms) [Parameters=[], CommandType='Text', CommandTimeout='30']
2026-08-07T23:59:56.1924854Z       SELECT TOP(1) [b].[BankAccountNumber]
2026-08-07T23:59:56.1924896Z       FROM [Beneficiaries] AS [b]
2026-08-07T23:59:56.1924936Z       ORDER BY [b].[Id]
2026-08-07T23:59:56.5430356Z info: Microsoft.EntityFrameworkCore.Database.Command[20101]
2026-08-07T23:59:56.5431225Z       Executed DbCommand (2ms) [Parameters=[], CommandType='Text', CommandTimeout='30']
2026-08-07T23:59:56.5431339Z       SELECT 1
2026-08-07T23:59:56.5459597Z info: Microsoft.EntityFrameworkCore.Database.Command[20101]
2026-08-07T23:59:56.5460203Z       Executed DbCommand (2ms) [Parameters=[], CommandType='Text', CommandTimeout='30']
2026-08-07T23:59:56.5460365Z       SELECT OBJECT_ID(N'[__EFMigrationsHistory]');
2026-08-07T23:59:56.5475657Z info: Microsoft.EntityFrameworkCore.Database.Command[20101]
2026-08-07T23:59:56.5476075Z       Executed DbCommand (1ms) [Parameters=[], CommandType='Text', CommandTimeout='30']
2026-08-07T23:59:56.5476160Z       SELECT [MigrationId], [ProductVersion]
2026-08-07T23:59:56.5476280Z       FROM [__EFMigrationsHistory]
2026-08-07T23:59:56.5476340Z       ORDER BY [MigrationId];
2026-08-07T23:59:56.5492705Z info: Microsoft.EntityFrameworkCore.Database.Command[20101]
2026-08-07T23:59:56.5493017Z       Executed DbCommand (1ms) [Parameters=[], CommandType='Text', CommandTimeout='30']
2026-08-07T23:59:56.5493079Z       SELECT TOP(1) [b].[BankAccountNumber]
2026-08-07T23:59:56.5493264Z       FROM [Beneficiaries] AS [b]
2026-08-07T23:59:56.5493311Z       ORDER BY [b].[Id]
2026-08-07T23:59:57.4825720Z info: Microsoft.EntityFrameworkCore.Database.Command[20101]
2026-08-07T23:59:57.4826572Z       Executed DbCommand (2ms) [Parameters=[], CommandType='Text', CommandTimeout='30']
2026-08-07T23:59:57.4826692Z       SELECT 1
2026-08-07T23:59:57.4855650Z info: Microsoft.EntityFrameworkCore.Database.Command[20101]
2026-08-07T23:59:57.4856233Z       Executed DbCommand (2ms) [Parameters=[], CommandType='Text', CommandTimeout='30']
2026-08-07T23:59:57.4856344Z       SELECT OBJECT_ID(N'[__EFMigrationsHistory]');
2026-08-07T23:59:57.4874477Z info: Microsoft.EntityFrameworkCore.Database.Command[20101]
2026-08-07T23:59:57.4875001Z       Executed DbCommand (2ms) [Parameters=[], CommandType='Text', CommandTimeout='30']
2026-08-07T23:59:57.4875098Z       SELECT [MigrationId], [ProductVersion]
2026-08-07T23:59:57.4875150Z       FROM [__EFMigrationsHistory]
2026-08-07T23:59:57.4875208Z       ORDER BY [MigrationId];
2026-08-07T23:59:57.4891994Z info: Microsoft.EntityFrameworkCore.Database.Command[20101]
2026-08-07T23:59:57.4892365Z       Executed DbCommand (2ms) [Parameters=[], CommandType='Text', CommandTimeout='30']
2026-08-07T23:59:57.4892441Z       SELECT TOP(1) [b].[BankAccountNumber]
2026-08-07T23:59:57.4892483Z       FROM [Beneficiaries] AS [b]
2026-08-07T23:59:57.4892531Z       ORDER BY [b].[Id]
